subset,clase,archivo,participante,mano,toma,frame_original,ruta_original
train,ok,ok_01001.jpg,p1,,gestos_p1_20260914-163555,1,C:\Users\Javier\PIDS_HandPose\kit-grabacion\HAR_mediapipe\data\gestos_p1_20260914-163555\train\ok\ok_00001.jpg
train,ok,ok_01002.jpg,p1,,gestos_p1_20260914-163555,2,C:\Users\Javier\PIDS_HandPose\kit-grabacion\HAR_mediapipe\data\gestos_p1_20260914-163555\train\ok\ok_00002.jpg
train,ok,ok_01003.jpg,p1,,gestos_p1_20260914-163555,3,C:\Users\Javier\PIDS_HandPose\kit-grabacion\HAR_mediapipe\data\gestos_p1_20260914-163555\train\ok\ok_00003.jpg
train,ok,ok_01004.jpg,p1,,gestos_p1_20260914-163555,4,C:\Users\Javier\PIDS_HandPose\kit-grabacion\HAR_mediapipe\data\gestos_p1_20260914-163555\train\ok\ok_00004.jpg
train,ok,ok_01005.jpg,p1,,gestos_p1_20260914-163555,5,C:\Users\Javier\PIDS_HandPose\kit-grabacion\HAR_mediapipe\data\gestos_p1_20260914-163555\train\ok\ok_00005.jpg
train,ok,ok_01006.jpg,p1,,gestos_p1_20260914-163555,6,C:\Users\Javier\PIDS_HandPose\kit-grabacion\HAR_mediapipe\data\gestos_p1_20260914-163555\train\ok\ok_00006.jpg
train,ok,ok_01007.jpg,p1,,gestos_p1_20260914-163555,7,C:\Users\Javier\PIDS_HandPose\kit-grabacion\HAR_mediapipe\data\gestos_p1_20260914-163555\train\ok\ok_00007.jpg
train,ok,ok_01008.jpg,p1,,gestos_p1_20260914-163555,8,C:\Users\Javier\PIDS_HandPose\kit-grabacion\HAR_mediapipe\data\gestos_p1_20260914-163555\train\ok\ok_00008.jpg
train,ok,ok_01009.jpg,p1,,gestos_p1_20260914-163555,9,C:\Users\Javier\PIDS_HandPose\kit-grabacion\HAR_mediapipe\data\gestos_p1_20260914-163555\train\ok\ok_00009.jpg
train,ok,ok_01010.jpg,p1,,gestos_p1_20260914-163555,10,C:\Users\Javier\PIDS_HandPose\kit-grabacion\HAR_mediapipe\data\gestos_p1_20260914-163555\train\ok\ok_00010.jpg
train,ok,ok_01011.jpg,p1,,gestos_p1_20260914-163555,11,C:\Users\Javier\PIDS_HandPose\kit-grabacion\HAR_mediapipe\data\gestos_p1_20260914-163555\train\ok\ok_00011.jpg
train,ok,ok_01012.jpg,p1,,gestos_p1_20260914-163555,12,C:\Users\Javier\PIDS_HandPose\kit-grabacion\HAR_mediapipe\data\gestos_p1_20260914-163555\train\ok\ok_00012.jpg
train,ok,ok_01013.jpg,p1,,gestos_p1_20260914-163555,13,C:\Users\Javier\PIDS_HandPose\kit-grabacion\HAR_mediapipe\data\gestos_p1_20260914-163555\train\ok\ok_00013.jpg
train,ok,ok_01014.jpg,p1,,gestos_p1_20260914-163555,14,C:\Users\Javier\PIDS_HandPose\kit-grabacion\HAR_mediapipe\data\gestos_p1_20260914-163555\train\ok\ok_00014.jpg
train,ok,ok_01015.jpg,p1,,gestos_p1_20260914-163555,15,C:\Users\Javier\PIDS_HandPose\kit-grabacion\HAR_mediapipe\data\gestos_p1_20260914-163555\train\ok\ok_00015.jpg
train,ok,ok_01016.jpg,p1,,gestos_p1_20260914-163555,16,C:\Users\Javier\PIDS_HandPose\kit-grabacion\HAR_mediapipe\data\gestos_p1_20260914-163555\train\ok\ok_00016.jpg
train,ok,ok_01017.jpg,p1,,gestos_p1_20260914-163555,17,C:\Users\Javier\PIDS_HandPose\kit-grabacion\HAR_mediapipe\data\gestos_p1_20260914-163555\train\ok\ok_00017.jpg
train,ok,ok_01018.jpg,p1,,gestos_p1_20260914-163555,18,C:\Users\Javier\PIDS_HandPose\kit-grabacion\HAR_mediapipe\data\gestos_p1_20260914-163555\train\ok\ok_00018.jpg
train,ok,ok_01019.jpg,p1,,gestos_p1_20260914-163555,19,C:\Users\Javier\PIDS_HandPose\kit-grabacion\HAR_mediapipe\data\gestos_p1_20260914-163555\train\ok\ok_00019.jpg
train,ok,ok_01020.jpg,p1,,gestos_p1_20260914-163555,20,C:\Users\Javier\PIDS_HandPose\kit-grabacion\HAR_mediapipe\data\gestos_p1_20260914-163555\train\ok\ok_00020.jpg
train,ok,ok_01021.jpg,p1,,gestos_p1_20260914-163555,21,C:\Users\Javier\PIDS_HandPose\kit-grabacion\HAR_mediapipe\data\gestos_p1_20260914-163555\train\ok\ok_00021.jpg
train,ok,ok_01022.jpg,p1,,gestos_p1_20260914-163555,22,C:\Users\Javier\PIDS_HandPose\kit-grabacion\HAR_mediapipe\data\gestos_p1_20260914-163555\train\ok\ok_00022.jpg
train,ok,ok_01023.jpg,p1,,gestos_p1_20260914-163555,23,C:\Users\Javier\PIDS_HandPose\kit-grabacion\HAR_mediapipe\data\gestos_p1_20260914-163555\train\ok\ok_00023.jpg
train,ok,ok_01024.jpg,p1,,gestos_p1_20260914-163555,24,C:\Users\Javier\PIDS_HandPose\kit-grabacion\HAR_mediapipe\data\gestos_p1_20260914-163555\train\ok\ok_00024.jpg
train,ok,ok_01025.jpg,p1,,gestos_p1_20260914-163555,25,C:\Users\Javier\PIDS_HandPose\kit-grabacion\HAR_mediapipe\data\gestos_p1_20260914-163555\train\ok\ok_00025.jpg
train,ok,ok_01026.jpg,p1,,gestos_p1_20260914-163555,26,C:\Users\Javier\PIDS_HandPose\kit-grabacion\HAR_mediapipe\data\gestos_p1_20260914-163555\train\ok\ok_00026.jpg
train,ok,ok_01027.jpg,p1,,gestos_p1_20260914-163555,27,C:\Users\Javier\PIDS_HandPose\kit-grabacion\HAR_mediapipe\data\gestos_p1_20260914-163555\train\ok\ok_00027.jpg
train,ok,ok_01028.jpg,p1,,gestos_p1_20260914-163555,28,C:\Users\Javier\PIDS_HandPose\kit-grabacion\HAR_mediapipe\data\gestos_p1_20260914-163555\train\ok\ok_00028.jpg
train,ok,ok_01029.jpg,p1,,gestos_p1_20260914-163555,29,C:\Users\Javier\PIDS_HandPose\kit-grabacion\HAR_mediapipe\data\gestos_p1_20260914-163555\train\ok\ok_00029.jpg
train,ok,ok_01030.jpg,p1,,gestos_p1_20260914-163555,30,C:\Users\Javier\PIDS_HandPose\kit-grabacion\HAR_mediapipe\data\gestos_p1_20260914-163555\train\ok\ok_00030.jpg
train,ok,ok_01031.jpg,p1,,gestos_p1_20260914-163555,31,C:\Users\Javier\PIDS_HandPose\kit-grabacion\HAR_mediapipe\data\gestos_p1_20260914-163555\train\ok\ok_00031.jpg
train,ok,ok_01032.jpg,p1,,gestos_p1_20260914-163555,32,C:\Users\Javier\PIDS_HandPose\kit-grabacion\HAR_mediapipe\data\gestos_p1_20260914-163555\train\ok\ok_00032.jpg
train,ok,ok_01033.jpg,p1,,gestos_p1_20260914-163555,33,C:\Users\Javier\PIDS_HandPose\kit-grabacion\HAR_mediapipe\data\gestos_p1_20260914-163555\train\ok\ok_00033.jpg
train,ok,ok_01034.jpg,p1,,gestos_p1_20260914-163555,34,C:\Users\Javier\PIDS_HandPose\kit-grabacion\HAR_mediapipe\data\gestos_p1_20260914-163555\train\ok\ok_00034.jpg
train,ok,ok_01035.jpg,p1,,gestos_p1_20260914-163555,35,C:\Users\Javier\PIDS_HandPose\kit-grabacion\HAR_mediapipe\data\gestos_p1_20260914-163555\train\ok\ok_00035.jpg
train,ok,ok_01036.jpg,p1,,gestos_p1_20260914-163555,36,C:\Users\Javier\PIDS_HandPose\kit-grabacion\HAR_mediapipe\data\gestos_p1_20260914-163555\train\ok\ok_00036.jpg
train,ok,ok_01037.jpg,p1,,gestos_p1_20260914-163555,37,C:\Users\Javier\PIDS_HandPose\kit-grabacion\HAR_mediapipe\data\gestos_p1_20260914-163555\train\ok\ok_00037.jpg
train,ok,ok_01038.jpg,p1,,gestos_p1_20260914-163555,38,C:\Users\Javier\PIDS_HandPose\kit-grabacion\HAR_mediapipe\data\gestos_p1_20260914-163555\train\ok\ok_00038.jpg
train,ok,ok_01039.jpg,p1,,gestos_p1_20260914-163555,39,C:\Users\Javier\PIDS_HandPose\kit-grabacion\HAR_mediapipe\data\gestos_p1_20260914-163555\train\ok\ok_00039.jpg
train,ok,ok_01040.jpg,p1,,gestos_p1_20260914-163555,40,C:\Users\Javier\PIDS_HandPose\kit-grabacion\HAR_mediapipe\data\gestos_p1_20260914-163555\train\ok\ok_00040.jpg
train,ok,ok_01041.jpg,p1,,gestos_p1_20260914-163555,41,C:\Users\Javier\PIDS_HandPose\kit-grabacion\HAR_mediapipe\data\gestos_p1_20260914-163555\train\ok\ok_00041.jpg
train,ok,ok_01042.jpg,p1,,gestos_p1_20260914-163555,42,C:\Users\Javier\PIDS_HandPose\kit-grabacion\HAR_mediapipe\data\gestos_p1_20260914-163555\train\ok\ok_00042.jpg
train,ok,ok_01043.jpg,p1,,gestos_p1_20260914-163555,43,C:\Users\Javier\PIDS_HandPose\kit-grabacion\HAR_mediapipe\data\gestos_p1_20260914-163555\train\ok\ok_00043.jpg
train,ok,ok_01044.jpg,p1,,gestos_p1_20260914-163555,44,C:\Users\Javier\PIDS_HandPose\kit-grabacion\HAR_mediapipe\data\gestos_p1_20260914-163555\train\ok\ok_00044.jpg
train,ok,ok_01045.jpg,p1,,gestos_p1_20260914-163555,45,C:\Users\Javier\PIDS_HandPose\kit-grabacion\HAR_mediapipe\data\gestos_p1_20260914-163555\train\ok\ok_00045.jpg
train,ok,ok_01046.jpg,p1,,gestos_p1_20260914-163555,46,C:\Users\Javier\PIDS_HandPose\kit-grabacion\HAR_mediapipe\data\gestos_p1_20260914-163555\train\ok\ok_00046.jpg
train,ok,ok_01047.jpg,p1,,gestos_p1_20260914-163555,47,C:\Users\Javier\PIDS_HandPose\kit-grabacion\HAR_mediapipe\data\gestos_p1_20260914-163555\train\ok\ok_00047.jpg
train,ok,ok_01048.jpg,p1,,gestos_p1_20260914-163555,48,C:\Users\Javier\PIDS_HandPose\kit-grabacion\HAR_mediapipe\data\gestos_p1_20260914-163555\train\ok\ok_00048.jpg
train,ok,ok_01049.jpg,p1,,gestos_p1_20260914-163555,49,C:\Users\Javier\PIDS_HandPose\kit-grabacion\HAR_mediapipe\data\gestos_p1_20260914-163555\train\ok\ok_00049.jpg
train,ok,ok_01050.jpg,p1,,gestos_p1_20260914-163555,50,C:\Users\Javier\PIDS_HandPose\kit-grabacion\HAR_mediapipe\data\gestos_p1_20260914-163555\train\ok\ok_00050.jpg
train,ok,ok_01051.jpg,p1,,gestos_p1_20260914-163555,51,C:\Users\Javier\PIDS_HandPose\kit-grabacion\HAR_mediapipe\data\gestos_p1_20260914-163555\train\ok\ok_00051.jpg
train,ok,ok_01052.jpg,p1,,gestos_p1_20260914-163555,52,C:\Users\Javier\PIDS_HandPose\kit-grabacion\HAR_mediapipe\data\gestos_p1_20260914-163555\train\ok\ok_00052.jpg
train,ok,ok_01053.jpg,p1,,gestos_p1_20260914-163555,53,C:\Users\Javier\PIDS_HandPose\kit-grabacion\HAR_mediapipe\data\gestos_p1_20260914-163555\train\ok\ok_00053.jpg
train,ok,ok_01054.jpg,p1,,gestos_p1_20260914-163555,54,C:\Users\Javier\PIDS_HandPose\kit-grabacion\HAR_mediapipe\data\gestos_p1_20260914-163555\train\ok\ok_00054.jpg
train,ok,ok_01055.jpg,p1,,gestos_p1_20260914-163555,55,C:\Users\Javier\PIDS_HandPose\kit-grabacion\HAR_mediapipe\data\gestos_p1_20260914-163555\train\ok\ok_00055.jpg
train,ok,ok_01056.jpg,p1,,gestos_p1_20260914-163555,56,C:\Users\Javier\PIDS_HandPose\kit-grabacion\HAR_mediapipe\data\gestos_p1_20260914-163555\train\ok\ok_00056.jpg
train,ok,ok_01057.jpg,p1,,gestos_p1_20260914-163555,57,C:\Users\Javier\PIDS_HandPose\kit-grabacion\HAR_mediapipe\data\gestos_p1_20260914-163555\train\ok\ok_00057.jpg
train,ok,ok_01058.jpg,p1,,gestos_p1_20260914-163555,58,C:\Users\Javier\PIDS_HandPose\kit-grabacion\HAR_mediapipe\data\gestos_p1_20260914-163555\train\ok\ok_00058.jpg
train,ok,ok_01059.jpg,p1,,gestos_p1_20260914-163555,59,C:\Users\Javier\PIDS_HandPose\kit-grabacion\HAR_mediapipe\data\gestos_p1_20260914-163555\train\ok\ok_00059.jpg
train,ok,ok_01060.jpg,p1,,gestos_p1_20260914-163555,60,C:\Users\Javier\PIDS_HandPose\kit-grabacion\HAR_mediapipe\data\gestos_p1_20260914-163555\train\ok\ok_00060.jpg
train,ok,ok_01061.jpg,p1,,gestos_p1_20260914-163555,61,C:\Users\Javier\PIDS_HandPose\kit-grabacion\HAR_mediapipe\data\gestos_p1_20260914-163555\train\ok\ok_00061.jpg
train,ok,ok_01062.jpg,p1,,gestos_p1_20260914-163555,62,C:\Users\Javier\PIDS_HandPose\kit-grabacion\HAR_mediapipe\data\gestos_p1_20260914-163555\train\ok\ok_00062.jpg
train,ok,ok_01063.jpg,p1,,gestos_p1_20260914-163555,63,C:\Users\Javier\PIDS_HandPose\kit-grabacion\HAR_mediapipe\data\gestos_p1_20260914-163555\train\ok\ok_00063.jpg
train,ok,ok_01064.jpg,p1,,gestos_p1_20260914-163555,64,C:\Users\Javier\PIDS_HandPose\kit-grabacion\HAR_mediapipe\data\gestos_p1_20260914-163555\train\ok\ok_00064.jpg
train,ok,ok_01065.jpg,p1,,gestos_p1_20260914-163555,65,C:\Users\Javier\PIDS_HandPose\kit-grabacion\HAR_mediapipe\data\gestos_p1_20260914-163555\train\ok\ok_00065.jpg
train,ok,ok_01066.jpg,p1,,gestos_p1_20260914-163555,66,C:\Users\Javier\PIDS_HandPose\kit-grabacion\HAR_mediapipe\data\gestos_p1_20260914-163555\train\ok\ok_00066.jpg
train,ok,ok_01067.jpg,p1,,gestos_p1_20260914-163555,67,C:\Users\Javier\PIDS_HandPose\kit-grabacion\HAR_mediapipe\data\gestos_p1_20260914-163555\train\ok\ok_00067.jpg
train,ok,ok_01068.jpg,p1,,gestos_p1_20260914-163555,68,C:\Users\Javier\PIDS_HandPose\kit-grabacion\HAR_mediapipe\data\gestos_p1_20260914-163555\train\ok\ok_00068.jpg
train,ok,ok_01069.jpg,p1,,gestos_p1_20260914-163555,69,C:\Users\Javier\PIDS_HandPose\kit-grabacion\HAR_mediapipe\data\gestos_p1_20260914-163555\train\ok\ok_00069.jpg
train,ok,ok_01070.jpg,p1,,gestos_p1_20260914-163555,70,C:\Users\Javier\PIDS_HandPose\kit-grabacion\HAR_mediapipe\data\gestos_p1_20260914-163555\train\ok\ok_00070.jpg
train,paper,paper_01001.jpg,p1,,gestos_p1_20260914-163555,1,C:\Users\Javier\PIDS_HandPose\kit-grabacion\HAR_mediapipe\data\gestos_p1_20260914-163555\train\paper\paper_00001.jpg
train,paper,paper_01002.jpg,p1,,gestos_p1_20260914-163555,2,C:\Users\Javier\PIDS_HandPose\kit-grabacion\HAR_mediapipe\data\gestos_p1_20260914-163555\train\paper\paper_00002.jpg
train,paper,paper_01003.jpg,p1,,gestos_p1_20260914-163555,3,C:\Users\Javier\PIDS_HandPose\kit-grabacion\HAR_mediapipe\data\gestos_p1_20260914-163555\train\paper\paper_00003.jpg
train,paper,paper_01004.jpg,p1,,gestos_p1_20260914-163555,4,C:\Users\Javier\PIDS_HandPose\kit-grabacion\HAR_mediapipe\data\gestos_p1_20260914-163555\train\paper\paper_00004.jpg
train,paper,paper_01005.jpg,p1,,gestos_p1_20260914-163555,5,C:\Users\Javier\PIDS_HandPose\kit-grabacion\HAR_mediapipe\data\gestos_p1_20260914-163555\train\paper\paper_00005.jpg
train,paper,paper_01006.jpg,p1,,gestos_p1_20260914-163555,6,C:\Users\Javier\PIDS_HandPose\kit-grabacion\HAR_mediapipe\data\gestos_p1_20260914-163555\train\paper\paper_00006.jpg
train,paper,paper_01007.jpg,p1,,gestos_p1_20260914-163555,7,C:\Users\Javier\PIDS_HandPose\kit-grabacion\HAR_mediapipe\data\gestos_p1_20260914-163555\train\paper\paper_00007.jpg
train,paper,paper_01008.jpg,p1,,gestos_p1_20260914-163555,8,C:\Users\Javier\PIDS_HandPose\kit-grabacion\HAR_mediapipe\data\gestos_p1_20260914-163555\train\paper\paper_00008.jpg
train,paper,paper_01009.jpg,p1,,gestos_p1_20260914-163555,9,C:\Users\Javier\PIDS_HandPose\kit-grabacion\HAR_mediapipe\data\gestos_p1_20260914-163555\train\paper\paper_00009.jpg
train,paper,paper_01010.jpg,p1,,gestos_p1_20260914-163555,10,C:\Users\Javier\PIDS_HandPose\kit-grabacion\HAR_mediapipe\data\gestos_p1_20260914-163555\train\paper\paper_00010.jpg
train,paper,paper_01011.jpg,p1,,gestos_p1_20260914-163555,11,C:\Users\Javier\PIDS_HandPose\kit-grabacion\HAR_mediapipe\data\gestos_p1_20260914-163555\train\paper\paper_00011.jpg
train,paper,paper_01012.jpg,p1,,gestos_p1_20260914-163555,12,C:\Users\Javier\PIDS_HandPose\kit-grabacion\HAR_mediapipe\data\gestos_p1_20260914-163555\train\paper\paper_00012.jpg
train,paper,paper_01013.jpg,p1,,gestos_p1_20260914-163555,13,C:\Users\Javier\PIDS_HandPose\kit-grabacion\HAR_mediapipe\data\gestos_p1_20260914-163555\train\paper\paper_00013.jpg
train,paper,paper_01014.jpg,p1,,gestos_p1_20260914-163555,14,C:\Users\Javier\PIDS_HandPose\kit-grabacion\HAR_mediapipe\data\gestos_p1_20260914-163555\train\paper\paper_00014.jpg
train,paper,paper_01015.jpg,p1,,gestos_p1_20260914-163555,15,C:\Users\Javier\PIDS_HandPose\kit-grabacion\HAR_mediapipe\data\gestos_p1_20260914-163555\train\paper\paper_00015.jpg
train,paper,paper_01016.jpg,p1,,gestos_p1_20260914-163555,16,C:\Users\Javier\PIDS_HandPose\kit-grabacion\HAR_mediapipe\data\gestos_p1_20260914-163555\train\paper\paper_00016.jpg
train,paper,paper_01017.jpg,p1,,gestos_p1_20260914-163555,17,C:\Users\Javier\PIDS_HandPose\kit-grabacion\HAR_mediapipe\data\gestos_p1_20260914-163555\train\paper\paper_00017.jpg
train,paper,paper_01018.jpg,p1,,gestos_p1_20260914-163555,18,C:\Users\Javier\PIDS_HandPose\kit-grabacion\HAR_mediapipe\data\gestos_p1_20260914-163555\train\paper\paper_00018.jpg
train,paper,paper_01019.jpg,p1,,gestos_p1_20260914-163555,19,C:\Users\Javier\PIDS_HandPose\kit-grabacion\HAR_mediapipe\data\gestos_p1_20260914-163555\train\paper\paper_00019.jpg
train,paper,paper_01020.jpg,p1,,gestos_p1_20260914-163555,20,C:\Users\Javier\PIDS_HandPose\kit-grabacion\HAR_mediapipe\data\gestos_p1_20260914-163555\train\paper\paper_00020.jpg
train,paper,paper_01021.jpg,p1,,gestos_p1_20260914-163555,21,C:\Users\Javier\PIDS_HandPose\kit-grabacion\HAR_mediapipe\data\gestos_p1_20260914-163555\train\paper\paper_00021.jpg
train,paper,paper_01022.jpg,p1,,gestos_p1_20260914-163555,22,C:\Users\Javier\PIDS_HandPose\kit-grabacion\HAR_mediapipe\data\gestos_p1_20260914-163555\train\paper\paper_00022.jpg
train,paper,paper_01023.jpg,p1,,gestos_p1_20260914-163555,23,C:\Users\Javier\PIDS_HandPose\kit-grabacion\HAR_mediapipe\data\gestos_p1_20260914-163555\train\paper\paper_00023.jpg
train,paper,paper_01024.jpg,p1,,gestos_p1_20260914-163555,24,C:\Users\Javier\PIDS_HandPose\kit-grabacion\HAR_mediapipe\data\gestos_p1_20260914-163555\train\paper\paper_00024.jpg
train,paper,paper_01025.jpg,p1,,gestos_p1_20260914-163555,25,C:\Users\Javier\PIDS_HandPose\kit-grabacion\HAR_mediapipe\data\gestos_p1_20260914-163555\train\paper\paper_00025.jpg
train,paper,paper_01026.jpg,p1,,gestos_p1_20260914-163555,26,C:\Users\Javier\PIDS_HandPose\kit-grabacion\HAR_mediapipe\data\gestos_p1_20260914-163555\train\paper\paper_00026.jpg
train,paper,paper_01027.jpg,p1,,gestos_p1_20260914-163555,27,C:\Users\Javier\PIDS_HandPose\kit-grabacion\HAR_mediapipe\data\gestos_p1_20260914-163555\train\paper\paper_00027.jpg
train,paper,paper_01028.jpg,p1,,gestos_p1_20260914-163555,28,C:\Users\Javier\PIDS_HandPose\kit-grabacion\HAR_mediapipe\data\gestos_p1_20260914-163555\train\paper\paper_00028.jpg
train,paper,paper_01029.jpg,p1,,gestos_p1_20260914-163555,29,C:\Users\Javier\PIDS_HandPose\kit-grabacion\HAR_mediapipe\data\gestos_p1_20260914-163555\train\paper\paper_00029.jpg
train,paper,paper_01030.jpg,p1,,gestos_p1_20260914-163555,30,C:\Users\Javier\PIDS_HandPose\kit-grabacion\HAR_mediapipe\data\gestos_p1_20260914-163555\train\paper\paper_00030.jpg
train,paper,paper_01031.jpg,p1,,gestos_p1_20260914-163555,31,C:\Users\Javier\PIDS_HandPose\kit-grabacion\HAR_mediapipe\data\gestos_p1_20260914-163555\train\paper\paper_00031.jpg
train,paper,paper_01032.jpg,p1,,gestos_p1_20260914-163555,32,C:\Users\Javier\PIDS_HandPose\kit-grabacion\HAR_mediapipe\data\gestos_p1_20260914-163555\train\paper\paper_00032.jpg
train,paper,paper_01033.jpg,p1,,gestos_p1_20260914-163555,33,C:\Users\Javier\PIDS_HandPose\kit-grabacion\HAR_mediapipe\data\gestos_p1_20260914-163555\train\paper\paper_00033.jpg
train,paper,paper_01034.jpg,p1,,gestos_p1_20260914-163555,34,C:\Users\Javier\PIDS_HandPose\kit-grabacion\HAR_mediapipe\data\gestos_p1_20260914-163555\train\paper\paper_00034.jpg
train,paper,paper_01035.jpg,p1,,gestos_p1_20260914-163555,35,C:\Users\Javier\PIDS_HandPose\kit-grabacion\HAR_mediapipe\data\gestos_p1_20260914-163555\train\paper\paper_00035.jpg
train,paper,paper_01036.jpg,p1,,gestos_p1_20260914-163555,36,C:\Users\Javier\PIDS_HandPose\kit-grabacion\HAR_mediapipe\data\gestos_p1_20260914-163555\train\paper\paper_00036.jpg
train,paper,paper_01037.jpg,p1,,gestos_p1_20260914-163555,37,C:\Users\Javier\PIDS_HandPose\kit-grabacion\HAR_mediapipe\data\gestos_p1_20260914-163555\train\paper\paper_00037.jpg
train,paper,paper_01038.jpg,p1,,gestos_p1_20260914-163555,38,C:\Users\Javier\PIDS_HandPose\kit-grabacion\HAR_mediapipe\data\gestos_p1_20260914-163555\train\paper\paper_00038.jpg
train,paper,paper_01039.jpg,p1,,gestos_p1_20260914-163555,39,C:\Users\Javier\PIDS_HandPose\kit-grabacion\HAR_mediapipe\data\gestos_p1_20260914-163555\train\paper\paper_00039.jpg
train,paper,paper_01040.jpg,p1,,gestos_p1_20260914-163555,40,C:\Users\Javier\PIDS_HandPose\kit-grabacion\HAR_mediapipe\data\gestos_p1_20260914-163555\train\paper\paper_00040.jpg
train,paper,paper_01041.jpg,p1,,gestos_p1_20260914-163555,41,C:\Users\Javier\PIDS_HandPose\kit-grabacion\HAR_mediapipe\data\gestos_p1_20260914-163555\train\paper\paper_00041.jpg
train,paper,paper_01042.jpg,p1,,gestos_p1_20260914-163555,42,C:\Users\Javier\PIDS_HandPose\kit-grabacion\HAR_mediapipe\data\gestos_p1_20260914-163555\train\paper\paper_00042.jpg
train,paper,paper_01043.jpg,p1,,gestos_p1_20260914-163555,43,C:\Users\Javier\PIDS_HandPose\kit-grabacion\HAR_mediapipe\data\gestos_p1_20260914-163555\train\paper\paper_00043.jpg
train,paper,paper_01044.jpg,p1,,gestos_p1_20260914-163555,44,C:\Users\Javier\PIDS_HandPose\kit-grabacion\HAR_mediapipe\data\gestos_p1_20260914-163555\train\paper\paper_00044.jpg
train,paper,paper_01045.jpg,p1,,gestos_p1_20260914-163555,45,C:\Users\Javier\PIDS_HandPose\kit-grabacion\HAR_mediapipe\data\gestos_p1_20260914-163555\train\paper\paper_00045.jpg
train,paper,paper_01046.jpg,p1,,gestos_p1_20260914-163555,46,C:\Users\Javier\PIDS_HandPose\kit-grabacion\HAR_mediapipe\data\gestos_p1_20260914-163555\train\paper\paper_00046.jpg
train,paper,paper_01047.jpg,p1,,gestos_p1_20260914-163555,47,C:\Users\Javier\PIDS_HandPose\kit-grabacion\HAR_mediapipe\data\gestos_p1_20260914-163555\train\paper\paper_00047.jpg
train,paper,paper_01048.jpg,p1,,gestos_p1_20260914-163555,48,C:\Users\Javier\PIDS_HandPose\kit-grabacion\HAR_mediapipe\data\gestos_p1_20260914-163555\train\paper\paper_00048.jpg
train,paper,paper_01049.jpg,p1,,gestos_p1_20260914-163555,49,C:\Users\Javier\PIDS_HandPose\kit-grabacion\HAR_mediapipe\data\gestos_p1_20260914-163555\train\paper\paper_00049.jpg
train,paper,paper_01050.jpg,p1,,gestos_p1_20260914-163555,50,C:\Users\Javier\PIDS_HandPose\kit-grabacion\HAR_mediapipe\data\gestos_p1_20260914-163555\train\paper\paper_00050.jpg
train,paper,paper_01051.jpg,p1,,gestos_p1_20260914-163555,51,C:\Users\Javier\PIDS_HandPose\kit-grabacion\HAR_mediapipe\data\gestos_p1_20260914-163555\train\paper\paper_00051.jpg
train,paper,paper_01052.jpg,p1,,gestos_p1_20260914-163555,52,C:\Users\Javier\PIDS_HandPose\kit-grabacion\HAR_mediapipe\data\gestos_p1_20260914-163555\train\paper\paper_00052.jpg
train,paper,paper_01053.jpg,p1,,gestos_p1_20260914-163555,53,C:\Users\Javier\PIDS_HandPose\kit-grabacion\HAR_mediapipe\data\gestos_p1_20260914-163555\train\paper\paper_00053.jpg
train,paper,paper_01054.jpg,p1,,gestos_p1_20260914-163555,54,C:\Users\Javier\PIDS_HandPose\kit-grabacion\HAR_mediapipe\data\gestos_p1_20260914-163555\train\paper\paper_00054.jpg
train,paper,paper_01055.jpg,p1,,gestos_p1_20260914-163555,55,C:\Users\Javier\PIDS_HandPose\kit-grabacion\HAR_mediapipe\data\gestos_p1_20260914-163555\train\paper\paper_00055.jpg
train,paper,paper_01056.jpg,p1,,gestos_p1_20260914-163555,56,C:\Users\Javier\PIDS_HandPose\kit-grabacion\HAR_mediapipe\data\gestos_p1_20260914-163555\train\paper\paper_00056.jpg
train,paper,paper_01057.jpg,p1,,gestos_p1_20260914-163555,57,C:\Users\Javier\PIDS_HandPose\kit-grabacion\HAR_mediapipe\data\gestos_p1_20260914-163555\train\paper\paper_00057.jpg
train,paper,paper_01058.jpg,p1,,gestos_p1_20260914-163555,58,C:\Users\Javier\PIDS_HandPose\kit-grabacion\HAR_mediapipe\data\gestos_p1_20260914-163555\train\paper\paper_00058.jpg
train,paper,paper_01059.jpg,p1,,gestos_p1_20260914-163555,59,C:\Users\Javier\PIDS_HandPose\kit-grabacion\HAR_mediapipe\data\gestos_p1_20260914-163555\train\paper\paper_00059.jpg
train,paper,paper_01060.jpg,p1,,gestos_p1_20260914-163555,60,C:\Users\Javier\PIDS_HandPose\kit-grabacion\HAR_mediapipe\data\gestos_p1_20260914-163555\train\paper\paper_00060.jpg
train,paper,paper_01061.jpg,p1,,gestos_p1_20260914-163555,61,C:\Users\Javier\PIDS_HandPose\kit-grabacion\HAR_mediapipe\data\gestos_p1_20260914-163555\train\paper\paper_00061.jpg
train,paper,paper_01062.jpg,p1,,gestos_p1_20260914-163555,62,C:\Users\Javier\PIDS_HandPose\kit-grabacion\HAR_mediapipe\data\gestos_p1_20260914-163555\train\paper\paper_00062.jpg
train,paper,paper_01063.jpg,p1,,gestos_p1_20260914-163555,63,C:\Users\Javier\PIDS_HandPose\kit-grabacion\HAR_mediapipe\data\gestos_p1_20260914-163555\train\paper\paper_00063.jpg
train,paper,paper_01064.jpg,p1,,gestos_p1_20260914-163555,64,C:\Users\Javier\PIDS_HandPose\kit-grabacion\HAR_mediapipe\data\gestos_p1_20260914-163555\train\paper\paper_00064.jpg
train,paper,paper_01065.jpg,p1,,gestos_p1_20260914-163555,65,C:\Users\Javier\PIDS_HandPose\kit-grabacion\HAR_mediapipe\data\gestos_p1_20260914-163555\train\paper\paper_00065.jpg
train,paper,paper_01066.jpg,p1,,gestos_p1_20260914-163555,66,C:\Users\Javier\PIDS_HandPose\kit-grabacion\HAR_mediapipe\data\gestos_p1_20260914-163555\train\paper\paper_00066.jpg
train,paper,paper_01067.jpg,p1,,gestos_p1_20260914-163555,67,C:\Users\Javier\PIDS_HandPose\kit-grabacion\HAR_mediapipe\data\gestos_p1_20260914-163555\train\paper\paper_00067.jpg
train,paper,paper_01068.jpg,p1,,gestos_p1_20260914-163555,68,C:\Users\Javier\PIDS_HandPose\kit-grabacion\HAR_mediapipe\data\gestos_p1_20260914-163555\train\paper\paper_00068.jpg
train,paper,paper_01069.jpg,p1,,gestos_p1_20260914-163555,69,C:\Users\Javier\PIDS_HandPose\kit-grabacion\HAR_mediapipe\data\gestos_p1_20260914-163555\train\paper\paper_00069.jpg
train,paper,paper_01070.jpg,p1,,gestos_p1_20260914-163555,70,C:\Users\Javier\PIDS_HandPose\kit-grabacion\HAR_mediapipe\data\gestos_p1_20260914-163555\train\paper\paper_00070.jpg
train,rock,rock_01001.jpg,p1,,gestos_p1_20260914-163555,1,C:\Users\Javier\PIDS_HandPose\kit-grabacion\HAR_mediapipe\data\gestos_p1_20260914-163555\train\rock\rock_00001.jpg
train,rock,rock_01002.jpg,p1,,gestos_p1_20260914-163555,2,C:\Users\Javier\PIDS_HandPose\kit-grabacion\HAR_mediapipe\data\gestos_p1_20260914-163555\train\rock\rock_00002.jpg
train,rock,rock_01003.jpg,p1,,gestos_p1_20260914-163555,3,C:\Users\Javier\PIDS_HandPose\kit-grabacion\HAR_mediapipe\data\gestos_p1_20260914-163555\train\rock\rock_00003.jpg
train,rock,rock_01004.jpg,p1,,gestos_p1_20260914-163555,4,C:\Users\Javier\PIDS_HandPose\kit-grabacion\HAR_mediapipe\data\gestos_p1_20260914-163555\train\rock\rock_00004.jpg
train,rock,rock_01005.jpg,p1,,gestos_p1_20260914-163555,5,C:\Users\Javier\PIDS_HandPose\kit-grabacion\HAR_mediapipe\data\gestos_p1_20260914-163555\train\rock\rock_00005.jpg
train,rock,rock_01006.jpg,p1,,gestos_p1_20260914-163555,6,C:\Users\Javier\PIDS_HandPose\kit-grabacion\HAR_mediapipe\data\gestos_p1_20260914-163555\train\rock\rock_00006.jpg
train,rock,rock_01007.jpg,p1,,gestos_p1_20260914-163555,7,C:\Users\Javier\PIDS_HandPose\kit-grabacion\HAR_mediapipe\data\gestos_p1_20260914-163555\train\rock\rock_00007.jpg
train,rock,rock_01008.jpg,p1,,gestos_p1_20260914-163555,8,C:\Users\Javier\PIDS_HandPose\kit-grabacion\HAR_mediapipe\data\gestos_p1_20260914-163555\train\rock\rock_00008.jpg
train,rock,rock_01009.jpg,p1,,gestos_p1_20260914-163555,9,C:\Users\Javier\PIDS_HandPose\kit-grabacion\HAR_mediapipe\data\gestos_p1_20260914-163555\train\rock\rock_00009.jpg
train,rock,rock_01010.jpg,p1,,gestos_p1_20260914-163555,10,C:\Users\Javier\PIDS_HandPose\kit-grabacion\HAR_mediapipe\data\gestos_p1_20260914-163555\train\rock\rock_00010.jpg
train,rock,rock_01011.jpg,p1,,gestos_p1_20260914-163555,11,C:\Users\Javier\PIDS_HandPose\kit-grabacion\HAR_mediapipe\data\gestos_p1_20260914-163555\train\rock\rock_00011.jpg
train,rock,rock_01012.jpg,p1,,gestos_p1_20260914-163555,12,C:\Users\Javier\PIDS_HandPose\kit-grabacion\HAR_mediapipe\data\gestos_p1_20260914-163555\train\rock\rock_00012.jpg
train,rock,rock_01013.jpg,p1,,gestos_p1_20260914-163555,13,C:\Users\Javier\PIDS_HandPose\kit-grabacion\HAR_mediapipe\data\gestos_p1_20260914-163555\train\rock\rock_00013.jpg
train,rock,rock_01014.jpg,p1,,gestos_p1_20260914-163555,14,C:\Users\Javier\PIDS_HandPose\kit-grabacion\HAR_mediapipe\data\gestos_p1_20260914-163555\train\rock\rock_00014.jpg
train,rock,rock_01015.jpg,p1,,gestos_p1_20260914-163555,15,C:\Users\Javier\PIDS_HandPose\kit-grabacion\HAR_mediapipe\data\gestos_p1_20260914-163555\train\rock\rock_00015.jpg
train,rock,rock_01016.jpg,p1,,gestos_p1_20260914-163555,16,C:\Users\Javier\PIDS_HandPose\kit-grabacion\HAR_mediapipe\data\gestos_p1_20260914-163555\train\rock\rock_00016.jpg
train,rock,rock_01017.jpg,p1,,gestos_p1_20260914-163555,17,C:\Users\Javier\PIDS_HandPose\kit-grabacion\HAR_mediapipe\data\gestos_p1_20260914-163555\train\rock\rock_00017.jpg
train,rock,rock_01018.jpg,p1,,gestos_p1_20260914-163555,18,C:\Users\Javier\PIDS_HandPose\kit-grabacion\HAR_mediapipe\data\gestos_p1_20260914-163555\train\rock\rock_00018.jpg
train,rock,rock_01019.jpg,p1,,gestos_p1_20260914-163555,19,C:\Users\Javier\PIDS_HandPose\kit-grabacion\HAR_mediapipe\data\gestos_p1_20260914-163555\train\rock\rock_00019.jpg
train,rock,rock_01020.jpg,p1,,gestos_p1_20260914-163555,20,C:\Users\Javier\PIDS_HandPose\kit-grabacion\HAR_mediapipe\data\gestos_p1_20260914-163555\train\rock\rock_00020.jpg
train,rock,rock_01021.jpg,p1,,gestos_p1_20260914-163555,21,C:\Users\Javier\PIDS_HandPose\kit-grabacion\HAR_mediapipe\data\gestos_p1_20260914-163555\train\rock\rock_00021.jpg
train,rock,rock_01022.jpg,p1,,gestos_p1_20260914-163555,22,C:\Users\Javier\PIDS_HandPose\kit-grabacion\HAR_mediapipe\data\gestos_p1_20260914-163555\train\rock\rock_00022.jpg
train,rock,rock_01023.jpg,p1,,gestos_p1_20260914-163555,23,C:\Users\Javier\PIDS_HandPose\kit-grabacion\HAR_mediapipe\data\gestos_p1_20260914-163555\train\rock\rock_00023.jpg
train,rock,rock_01024.jpg,p1,,gestos_p1_20260914-163555,24,C:\Users\Javier\PIDS_HandPose\kit-grabacion\HAR_mediapipe\data\gestos_p1_20260914-163555\train\rock\rock_00024.jpg
train,rock,rock_01025.jpg,p1,,gestos_p1_20260914-163555,25,C:\Users\Javier\PIDS_HandPose\kit-grabacion\HAR_mediapipe\data\gestos_p1_20260914-163555\train\rock\rock_00025.jpg
train,rock,rock_01026.jpg,p1,,gestos_p1_20260914-163555,26,C:\Users\Javier\PIDS_HandPose\kit-grabacion\HAR_mediapipe\data\gestos_p1_20260914-163555\train\rock\rock_00026.jpg
train,rock,rock_01027.jpg,p1,,gestos_p1_20260914-163555,27,C:\Users\Javier\PIDS_HandPose\kit-grabacion\HAR_mediapipe\data\gestos_p1_20260914-163555\train\rock\rock_00027.jpg
train,rock,rock_01028.jpg,p1,,gestos_p1_20260914-163555,28,C:\Users\Javier\PIDS_HandPose\kit-grabacion\HAR_mediapipe\data\gestos_p1_20260914-163555\train\rock\rock_00028.jpg
train,rock,rock_01029.jpg,p1,,gestos_p1_20260914-163555,29,C:\Users\Javier\PIDS_HandPose\kit-grabacion\HAR_mediapipe\data\gestos_p1_20260914-163555\train\rock\rock_00029.jpg
train,rock,rock_01030.jpg,p1,,gestos_p1_20260914-163555,30,C:\Users\Javier\PIDS_HandPose\kit-grabacion\HAR_mediapipe\data\gestos_p1_20260914-163555\train\rock\rock_00030.jpg
train,rock,rock_01031.jpg,p1,,gestos_p1_20260914-163555,31,C:\Users\Javier\PIDS_HandPose\kit-grabacion\HAR_mediapipe\data\gestos_p1_20260914-163555\train\rock\rock_00031.jpg
train,rock,rock_01032.jpg,p1,,gestos_p1_20260914-163555,32,C:\Users\Javier\PIDS_HandPose\kit-grabacion\HAR_mediapipe\data\gestos_p1_20260914-163555\train\rock\rock_00032.jpg
train,rock,rock_01033.jpg,p1,,gestos_p1_20260914-163555,33,C:\Users\Javier\PIDS_HandPose\kit-grabacion\HAR_mediapipe\data\gestos_p1_20260914-163555\train\rock\rock_00033.jpg
train,rock,rock_01034.jpg,p1,,gestos_p1_20260914-163555,34,C:\Users\Javier\PIDS_HandPose\kit-grabacion\HAR_mediapipe\data\gestos_p1_20260914-163555\train\rock\rock_00034.jpg
train,rock,rock_01035.jpg,p1,,gestos_p1_20260914-163555,35,C:\Users\Javier\PIDS_HandPose\kit-grabacion\HAR_mediapipe\data\gestos_p1_20260914-163555\train\rock\rock_00035.jpg
train,rock,rock_01036.jpg,p1,,gestos_p1_20260914-163555,36,C:\Users\Javier\PIDS_HandPose\kit-grabacion\HAR_mediapipe\data\gestos_p1_20260914-163555\train\rock\rock_00036.jpg
train,rock,rock_01037.jpg,p1,,gestos_p1_20260914-163555,37,C:\Users\Javier\PIDS_HandPose\kit-grabacion\HAR_mediapipe\data\gestos_p1_20260914-163555\train\rock\rock_00037.jpg
train,rock,rock_01038.jpg,p1,,gestos_p1_20260914-163555,38,C:\Users\Javier\PIDS_HandPose\kit-grabacion\HAR_mediapipe\data\gestos_p1_20260914-163555\train\rock\rock_00038.jpg
train,rock,rock_01039.jpg,p1,,gestos_p1_20260914-163555,39,C:\Users\Javier\PIDS_HandPose\kit-grabacion\HAR_mediapipe\data\gestos_p1_20260914-163555\train\rock\rock_00039.jpg
train,rock,rock_01040.jpg,p1,,gestos_p1_20260914-163555,40,C:\Users\Javier\PIDS_HandPose\kit-grabacion\HAR_mediapipe\data\gestos_p1_20260914-163555\train\rock\rock_00040.jpg
train,rock,rock_01041.jpg,p1,,gestos_p1_20260914-163555,41,C:\Users\Javier\PIDS_HandPose\kit-grabacion\HAR_mediapipe\data\gestos_p1_20260914-163555\train\rock\rock_00041.jpg
train,rock,rock_01042.jpg,p1,,gestos_p1_20260914-163555,42,C:\Users\Javier\PIDS_HandPose\kit-grabacion\HAR_mediapipe\data\gestos_p1_20260914-163555\train\rock\rock_00042.jpg
train,rock,rock_01043.jpg,p1,,gestos_p1_20260914-163555,43,C:\Users\Javier\PIDS_HandPose\kit-grabacion\HAR_mediapipe\data\gestos_p1_20260914-163555\train\rock\rock_00043.jpg
train,rock,rock_01044.jpg,p1,,gestos_p1_20260914-163555,44,C:\Users\Javier\PIDS_HandPose\kit-grabacion\HAR_mediapipe\data\gestos_p1_20260914-163555\train\rock\rock_00044.jpg
train,rock,rock_01045.jpg,p1,,gestos_p1_20260914-163555,45,C:\Users\Javier\PIDS_HandPose\kit-grabacion\HAR_mediapipe\data\gestos_p1_20260914-163555\train\rock\rock_00045.jpg
train,rock,rock_01046.jpg,p1,,gestos_p1_20260914-163555,46,C:\Users\Javier\PIDS_HandPose\kit-grabacion\HAR_mediapipe\data\gestos_p1_20260914-163555\train\rock\rock_00046.jpg
train,rock,rock_01047.jpg,p1,,gestos_p1_20260914-163555,47,C:\Users\Javier\PIDS_HandPose\kit-grabacion\HAR_mediapipe\data\gestos_p1_20260914-163555\train\rock\rock_00047.jpg
train,rock,rock_01048.jpg,p1,,gestos_p1_20260914-163555,48,C:\Users\Javier\PIDS_HandPose\kit-grabacion\HAR_mediapipe\data\gestos_p1_20260914-163555\train\rock\rock_00048.jpg
train,rock,rock_01049.jpg,p1,,gestos_p1_20260914-163555,49,C:\Users\Javier\PIDS_HandPose\kit-grabacion\HAR_mediapipe\data\gestos_p1_20260914-163555\train\rock\rock_00049.jpg
train,rock,rock_01050.jpg,p1,,gestos_p1_20260914-163555,50,C:\Users\Javier\PIDS_HandPose\kit-grabacion\HAR_mediapipe\data\gestos_p1_20260914-163555\train\rock\rock_00050.jpg
train,rock,rock_01051.jpg,p1,,gestos_p1_20260914-163555,51,C:\Users\Javier\PIDS_HandPose\kit-grabacion\HAR_mediapipe\data\gestos_p1_20260914-163555\train\rock\rock_00051.jpg
train,rock,rock_01052.jpg,p1,,gestos_p1_20260914-163555,52,C:\Users\Javier\PIDS_HandPose\kit-grabacion\HAR_mediapipe\data\gestos_p1_20260914-163555\train\rock\rock_00052.jpg
train,rock,rock_01053.jpg,p1,,gestos_p1_20260914-163555,53,C:\Users\Javier\PIDS_HandPose\kit-grabacion\HAR_mediapipe\data\gestos_p1_20260914-163555\train\rock\rock_00053.jpg
train,rock,rock_01054.jpg,p1,,gestos_p1_20260914-163555,54,C:\Users\Javier\PIDS_HandPose\kit-grabacion\HAR_mediapipe\data\gestos_p1_20260914-163555\train\rock\rock_00054.jpg
train,rock,rock_01055.jpg,p1,,gestos_p1_20260914-163555,55,C:\Users\Javier\PIDS_HandPose\kit-grabacion\HAR_mediapipe\data\gestos_p1_20260914-163555\train\rock\rock_00055.jpg
train,rock,rock_01056.jpg,p1,,gestos_p1_20260914-163555,56,C:\Users\Javier\PIDS_HandPose\kit-grabacion\HAR_mediapipe\data\gestos_p1_20260914-163555\train\rock\rock_00056.jpg
train,rock,rock_01057.jpg,p1,,gestos_p1_20260914-163555,57,C:\Users\Javier\PIDS_HandPose\kit-grabacion\HAR_mediapipe\data\gestos_p1_20260914-163555\train\rock\rock_00057.jpg
train,rock,rock_01058.jpg,p1,,gestos_p1_20260914-163555,58,C:\Users\Javier\PIDS_HandPose\kit-grabacion\HAR_mediapipe\data\gestos_p1_20260914-163555\train\rock\rock_00058.jpg
train,rock,rock_01059.jpg,p1,,gestos_p1_20260914-163555,59,C:\Users\Javier\PIDS_HandPose\kit-grabacion\HAR_mediapipe\data\gestos_p1_20260914-163555\train\rock\rock_00059.jpg
train,rock,rock_01060.jpg,p1,,gestos_p1_20260914-163555,60,C:\Users\Javier\PIDS_HandPose\kit-grabacion\HAR_mediapipe\data\gestos_p1_20260914-163555\train\rock\rock_00060.jpg
train,rock,rock_01061.jpg,p1,,gestos_p1_20260914-163555,61,C:\Users\Javier\PIDS_HandPose\kit-grabacion\HAR_mediapipe\data\gestos_p1_20260914-163555\train\rock\rock_00061.jpg
train,rock,rock_01062.jpg,p1,,gestos_p1_20260914-163555,62,C:\Users\Javier\PIDS_HandPose\kit-grabacion\HAR_mediapipe\data\gestos_p1_20260914-163555\train\rock\rock_00062.jpg
train,rock,rock_01063.jpg,p1,,gestos_p1_20260914-163555,63,C:\Users\Javier\PIDS_HandPose\kit-grabacion\HAR_mediapipe\data\gestos_p1_20260914-163555\train\rock\rock_00063.jpg
train,rock,rock_01064.jpg,p1,,gestos_p1_20260914-163555,64,C:\Users\Javier\PIDS_HandPose\kit-grabacion\HAR_mediapipe\data\gestos_p1_20260914-163555\train\rock\rock_00064.jpg
train,rock,rock_01065.jpg,p1,,gestos_p1_20260914-163555,65,C:\Users\Javier\PIDS_HandPose\kit-grabacion\HAR_mediapipe\data\gestos_p1_20260914-163555\train\rock\rock_00065.jpg
train,rock,rock_01066.jpg,p1,,gestos_p1_20260914-163555,66,C:\Users\Javier\PIDS_HandPose\kit-grabacion\HAR_mediapipe\data\gestos_p1_20260914-163555\train\rock\rock_00066.jpg
train,rock,rock_01067.jpg,p1,,gestos_p1_20260914-163555,67,C:\Users\Javier\PIDS_HandPose\kit-grabacion\HAR_mediapipe\data\gestos_p1_20260914-163555\train\rock\rock_00067.jpg
train,rock,rock_01068.jpg,p1,,gestos_p1_20260914-163555,68,C:\Users\Javier\PIDS_HandPose\kit-grabacion\HAR_mediapipe\data\gestos_p1_20260914-163555\train\rock\rock_00068.jpg
train,rock,rock_01069.jpg,p1,,gestos_p1_20260914-163555,69,C:\Users\Javier\PIDS_HandPose\kit-grabacion\HAR_mediapipe\data\gestos_p1_20260914-163555\train\rock\rock_00069.jpg
train,rock,rock_01070.jpg,p1,,gestos_p1_20260914-163555,70,C:\Users\Javier\PIDS_HandPose\kit-grabacion\HAR_mediapipe\data\gestos_p1_20260914-163555\train\rock\rock_00070.jpg
train,rockandroll,rockandroll_01001.jpg,p1,,gestos_p1_20260914-163555,1,C:\Users\Javier\PIDS_HandPose\kit-grabacion\HAR_mediapipe\data\gestos_p1_20260914-163555\train\rockandroll\rockandroll_00001.jpg
train,rockandroll,rockandroll_01002.jpg,p1,,gestos_p1_20260914-163555,2,C:\Users\Javier\PIDS_HandPose\kit-grabacion\HAR_mediapipe\data\gestos_p1_20260914-163555\train\rockandroll\rockandroll_00002.jpg
train,rockandroll,rockandroll_01003.jpg,p1,,gestos_p1_20260914-163555,3,C:\Users\Javier\PIDS_HandPose\kit-grabacion\HAR_mediapipe\data\gestos_p1_20260914-163555\train\rockandroll\rockandroll_00003.jpg
train,rockandroll,rockandroll_01004.jpg,p1,,gestos_p1_20260914-163555,4,C:\Users\Javier\PIDS_HandPose\kit-grabacion\HAR_mediapipe\data\gestos_p1_20260914-163555\train\rockandroll\rockandroll_00004.jpg
train,rockandroll,rockandroll_01005.jpg,p1,,gestos_p1_20260914-163555,5,C:\Users\Javier\PIDS_HandPose\kit-grabacion\HAR_mediapipe\data\gestos_p1_20260914-163555\train\rockandroll\rockandroll_00005.jpg
train,rockandroll,rockandroll_01006.jpg,p1,,gestos_p1_20260914-163555,6,C:\Users\Javier\PIDS_HandPose\kit-grabacion\HAR_mediapipe\data\gestos_p1_20260914-163555\train\rockandroll\rockandroll_00006.jpg
train,rockandroll,rockandroll_01007.jpg,p1,,gestos_p1_20260914-163555,7,C:\Users\Javier\PIDS_HandPose\kit-grabacion\HAR_mediapipe\data\gestos_p1_20260914-163555\train\rockandroll\rockandroll_00007.jpg
train,rockandroll,rockandroll_01008.jpg,p1,,gestos_p1_20260914-163555,8,C:\Users\Javier\PIDS_HandPose\kit-grabacion\HAR_mediapipe\data\gestos_p1_20260914-163555\train\rockandroll\rockandroll_00008.jpg
train,rockandroll,rockandroll_01009.jpg,p1,,gestos_p1_20260914-163555,9,C:\Users\Javier\PIDS_HandPose\kit-grabacion\HAR_mediapipe\data\gestos_p1_20260914-163555\train\rockandroll\rockandroll_00009.jpg
train,rockandroll,rockandroll_01010.jpg,p1,,gestos_p1_20260914-163555,10,C:\Users\Javier\PIDS_HandPose\kit-grabacion\HAR_mediapipe\data\gestos_p1_20260914-163555\train\rockandroll\rockandroll_00010.jpg
train,rockandroll,rockandroll_01011.jpg,p1,,gestos_p1_20260914-163555,11,C:\Users\Javier\PIDS_HandPose\kit-grabacion\HAR_mediapipe\data\gestos_p1_20260914-163555\train\rockandroll\rockandroll_00011.jpg
train,rockandroll,rockandroll_01012.jpg,p1,,gestos_p1_20260914-163555,12,C:\Users\Javier\PIDS_HandPose\kit-grabacion\HAR_mediapipe\data\gestos_p1_20260914-163555\train\rockandroll\rockandroll_00012.jpg
train,rockandroll,rockandroll_01013.jpg,p1,,gestos_p1_20260914-163555,13,C:\Users\Javier\PIDS_HandPose\kit-grabacion\HAR_mediapipe\data\gestos_p1_20260914-163555\train\rockandroll\rockandroll_00013.jpg
train,rockandroll,rockandroll_01014.jpg,p1,,gestos_p1_20260914-163555,14,C:\Users\Javier\PIDS_HandPose\kit-grabacion\HAR_mediapipe\data\gestos_p1_20260914-163555\train\rockandroll\rockandroll_00014.jpg
train,rockandroll,rockandroll_01015.jpg,p1,,gestos_p1_20260914-163555,15,C:\Users\Javier\PIDS_HandPose\kit-grabacion\HAR_mediapipe\data\gestos_p1_20260914-163555\train\rockandroll\rockandroll_00015.jpg
train,rockandroll,rockandroll_01016.jpg,p1,,gestos_p1_20260914-163555,16,C:\Users\Javier\PIDS_HandPose\kit-grabacion\HAR_mediapipe\data\gestos_p1_20260914-163555\train\rockandroll\rockandroll_00016.jpg
train,rockandroll,rockandroll_01017.jpg,p1,,gestos_p1_20260914-163555,17,C:\Users\Javier\PIDS_HandPose\kit-grabacion\HAR_mediapipe\data\gestos_p1_20260914-163555\train\rockandroll\rockandroll_00017.jpg
train,rockandroll,rockandroll_01018.jpg,p1,,gestos_p1_20260914-163555,18,C:\Users\Javier\PIDS_HandPose\kit-grabacion\HAR_mediapipe\data\gestos_p1_20260914-163555\train\rockandroll\rockandroll_00018.jpg
train,rockandroll,rockandroll_01019.jpg,p1,,gestos_p1_20260914-163555,19,C:\Users\Javier\PIDS_HandPose\kit-grabacion\HAR_mediapipe\data\gestos_p1_20260914-163555\train\rockandroll\rockandroll_00019.jpg
train,rockandroll,rockandroll_01020.jpg,p1,,gestos_p1_20260914-163555,20,C:\Users\Javier\PIDS_HandPose\kit-grabacion\HAR_mediapipe\data\gestos_p1_20260914-163555\train\rockandroll\rockandroll_00020.jpg
train,rockandroll,rockandroll_01021.jpg,p1,,gestos_p1_20260914-163555,21,C:\Users\Javier\PIDS_HandPose\kit-grabacion\HAR_mediapipe\data\gestos_p1_20260914-163555\train\rockandroll\rockandroll_00021.jpg
train,rockandroll,rockandroll_01022.jpg,p1,,gestos_p1_20260914-163555,22,C:\Users\Javier\PIDS_HandPose\kit-grabacion\HAR_mediapipe\data\gestos_p1_20260914-163555\train\rockandroll\rockandroll_00022.jpg
train,rockandroll,rockandroll_01023.jpg,p1,,gestos_p1_20260914-163555,23,C:\Users\Javier\PIDS_HandPose\kit-grabacion\HAR_mediapipe\data\gestos_p1_20260914-163555\train\rockandroll\rockandroll_00023.jpg
train,rockandroll,rockandroll_01024.jpg,p1,,gestos_p1_20260914-163555,24,C:\Users\Javier\PIDS_HandPose\kit-grabacion\HAR_mediapipe\data\gestos_p1_20260914-163555\train\rockandroll\rockandroll_00024.jpg
train,rockandroll,rockandroll_01025.jpg,p1,,gestos_p1_20260914-163555,25,C:\Users\Javier\PIDS_HandPose\kit-grabacion\HAR_mediapipe\data\gestos_p1_20260914-163555\train\rockandroll\rockandroll_00025.jpg
train,rockandroll,rockandroll_01026.jpg,p1,,gestos_p1_20260914-163555,26,C:\Users\Javier\PIDS_HandPose\kit-grabacion\HAR_mediapipe\data\gestos_p1_20260914-163555\train\rockandroll\rockandroll_00026.jpg
train,rockandroll,rockandroll_01027.jpg,p1,,gestos_p1_20260914-163555,27,C:\Users\Javier\PIDS_HandPose\kit-grabacion\HAR_mediapipe\data\gestos_p1_20260914-163555\train\rockandroll\rockandroll_00027.jpg
train,rockandroll,rockandroll_01028.jpg,p1,,gestos_p1_20260914-163555,28,C:\Users\Javier\PIDS_HandPose\kit-grabacion\HAR_mediapipe\data\gestos_p1_20260914-163555\train\rockandroll\rockandroll_00028.jpg
train,rockandroll,rockandroll_01029.jpg,p1,,gestos_p1_20260914-163555,29,C:\Users\Javier\PIDS_HandPose\kit-grabacion\HAR_mediapipe\data\gestos_p1_20260914-163555\train\rockandroll\rockandroll_00029.jpg
train,rockandroll,rockandroll_01030.jpg,p1,,gestos_p1_20260914-163555,30,C:\Users\Javier\PIDS_HandPose\kit-grabacion\HAR_mediapipe\data\gestos_p1_20260914-163555\train\rockandroll\rockandroll_00030.jpg
train,rockandroll,rockandroll_01031.jpg,p1,,gestos_p1_20260914-163555,31,C:\Users\Javier\PIDS_HandPose\kit-grabacion\HAR_mediapipe\data\gestos_p1_20260914-163555\train\rockandroll\rockandroll_00031.jpg
train,rockandroll,rockandroll_01032.jpg,p1,,gestos_p1_20260914-163555,32,C:\Users\Javier\PIDS_HandPose\kit-grabacion\HAR_mediapipe\data\gestos_p1_20260914-163555\train\rockandroll\rockandroll_00032.jpg
train,rockandroll,rockandroll_01033.jpg,p1,,gestos_p1_20260914-163555,33,C:\Users\Javier\PIDS_HandPose\kit-grabacion\HAR_mediapipe\data\gestos_p1_20260914-163555\train\rockandroll\rockandroll_00033.jpg
train,rockandroll,rockandroll_01034.jpg,p1,,gestos_p1_20260914-163555,34,C:\Users\Javier\PIDS_HandPose\kit-grabacion\HAR_mediapipe\data\gestos_p1_20260914-163555\train\rockandroll\rockandroll_00034.jpg
train,rockandroll,rockandroll_01035.jpg,p1,,gestos_p1_20260914-163555,35,C:\Users\Javier\PIDS_HandPose\kit-grabacion\HAR_mediapipe\data\gestos_p1_20260914-163555\train\rockandroll\rockandroll_00035.jpg
train,rockandroll,rockandroll_01036.jpg,p1,,gestos_p1_20260914-163555,36,C:\Users\Javier\PIDS_HandPose\kit-grabacion\HAR_mediapipe\data\gestos_p1_20260914-163555\train\rockandroll\rockandroll_00036.jpg
train,rockandroll,rockandroll_01037.jpg,p1,,gestos_p1_20260914-163555,37,C:\Users\Javier\PIDS_HandPose\kit-grabacion\HAR_mediapipe\data\gestos_p1_20260914-163555\train\rockandroll\rockandroll_00037.jpg
train,rockandroll,rockandroll_01038.jpg,p1,,gestos_p1_20260914-163555,38,C:\Users\Javier\PIDS_HandPose\kit-grabacion\HAR_mediapipe\data\gestos_p1_20260914-163555\train\rockandroll\rockandroll_00038.jpg
train,rockandroll,rockandroll_01039.jpg,p1,,gestos_p1_20260914-163555,39,C:\Users\Javier\PIDS_HandPose\kit-grabacion\HAR_mediapipe\data\gestos_p1_20260914-163555\train\rockandroll\rockandroll_00039.jpg
train,rockandroll,rockandroll_01040.jpg,p1,,gestos_p1_20260914-163555,40,C:\Users\Javier\PIDS_HandPose\kit-grabacion\HAR_mediapipe\data\gestos_p1_20260914-163555\train\rockandroll\rockandroll_00040.jpg
train,rockandroll,rockandroll_01041.jpg,p1,,gestos_p1_20260914-163555,41,C:\Users\Javier\PIDS_HandPose\kit-grabacion\HAR_mediapipe\data\gestos_p1_20260914-163555\train\rockandroll\rockandroll_00041.jpg
train,rockandroll,rockandroll_01042.jpg,p1,,gestos_p1_20260914-163555,42,C:\Users\Javier\PIDS_HandPose\kit-grabacion\HAR_mediapipe\data\gestos_p1_20260914-163555\train\rockandroll\rockandroll_00042.jpg
train,rockandroll,rockandroll_01043.jpg,p1,,gestos_p1_20260914-163555,43,C:\Users\Javier\PIDS_HandPose\kit-grabacion\HAR_mediapipe\data\gestos_p1_20260914-163555\train\rockandroll\rockandroll_00043.jpg
train,rockandroll,rockandroll_01044.jpg,p1,,gestos_p1_20260914-163555,44,C:\Users\Javier\PIDS_HandPose\kit-grabacion\HAR_mediapipe\data\gestos_p1_20260914-163555\train\rockandroll\rockandroll_00044.jpg
train,rockandroll,rockandroll_01045.jpg,p1,,gestos_p1_20260914-163555,45,C:\Users\Javier\PIDS_HandPose\kit-grabacion\HAR_mediapipe\data\gestos_p1_20260914-163555\train\rockandroll\rockandroll_00045.jpg
train,rockandroll,rockandroll_01046.jpg,p1,,gestos_p1_20260914-163555,46,C:\Users\Javier\PIDS_HandPose\kit-grabacion\HAR_mediapipe\data\gestos_p1_20260914-163555\train\rockandroll\rockandroll_00046.jpg
train,rockandroll,rockandroll_01047.jpg,p1,,gestos_p1_20260914-163555,47,C:\Users\Javier\PIDS_HandPose\kit-grabacion\HAR_mediapipe\data\gestos_p1_20260914-163555\train\rockandroll\rockandroll_00047.jpg
train,rockandroll,rockandroll_01048.jpg,p1,,gestos_p1_20260914-163555,48,C:\Users\Javier\PIDS_HandPose\kit-grabacion\HAR_mediapipe\data\gestos_p1_20260914-163555\train\rockandroll\rockandroll_00048.jpg
train,rockandroll,rockandroll_01049.jpg,p1,,gestos_p1_20260914-163555,49,C:\Users\Javier\PIDS_HandPose\kit-grabacion\HAR_mediapipe\data\gestos_p1_20260914-163555\train\rockandroll\rockandroll_00049.jpg
train,rockandroll,rockandroll_01050.jpg,p1,,gestos_p1_20260914-163555,50,C:\Users\Javier\PIDS_HandPose\kit-grabacion\HAR_mediapipe\data\gestos_p1_20260914-163555\train\rockandroll\rockandroll_00050.jpg
train,rockandroll,rockandroll_01051.jpg,p1,,gestos_p1_20260914-163555,51,C:\Users\Javier\PIDS_HandPose\kit-grabacion\HAR_mediapipe\data\gestos_p1_20260914-163555\train\rockandroll\rockandroll_00051.jpg
train,rockandroll,rockandroll_01052.jpg,p1,,gestos_p1_20260914-163555,52,C:\Users\Javier\PIDS_HandPose\kit-grabacion\HAR_mediapipe\data\gestos_p1_20260914-163555\train\rockandroll\rockandroll_00052.jpg
train,rockandroll,rockandroll_01053.jpg,p1,,gestos_p1_20260914-163555,53,C:\Users\Javier\PIDS_HandPose\kit-grabacion\HAR_mediapipe\data\gestos_p1_20260914-163555\train\rockandroll\rockandroll_00053.jpg
train,rockandroll,rockandroll_01054.jpg,p1,,gestos_p1_20260914-163555,54,C:\Users\Javier\PIDS_HandPose\kit-grabacion\HAR_mediapipe\data\gestos_p1_20260914-163555\train\rockandroll\rockandroll_00054.jpg
train,rockandroll,rockandroll_01055.jpg,p1,,gestos_p1_20260914-163555,55,C:\Users\Javier\PIDS_HandPose\kit-grabacion\HAR_mediapipe\data\gestos_p1_20260914-163555\train\rockandroll\rockandroll_00055.jpg
train,rockandroll,rockandroll_01056.jpg,p1,,gestos_p1_20260914-163555,56,C:\Users\Javier\PIDS_HandPose\kit-grabacion\HAR_mediapipe\data\gestos_p1_20260914-163555\train\rockandroll\rockandroll_00056.jpg
train,rockandroll,rockandroll_01057.jpg,p1,,gestos_p1_20260914-163555,57,C:\Users\Javier\PIDS_HandPose\kit-grabacion\HAR_mediapipe\data\gestos_p1_20260914-163555\train\rockandroll\rockandroll_00057.jpg
train,rockandroll,rockandroll_01058.jpg,p1,,gestos_p1_20260914-163555,58,C:\Users\Javier\PIDS_HandPose\kit-grabacion\HAR_mediapipe\data\gestos_p1_20260914-163555\train\rockandroll\rockandroll_00058.jpg
train,rockandroll,rockandroll_01059.jpg,p1,,gestos_p1_20260914-163555,59,C:\Users\Javier\PIDS_HandPose\kit-grabacion\HAR_mediapipe\data\gestos_p1_20260914-163555\train\rockandroll\rockandroll_00059.jpg
train,rockandroll,rockandroll_01060.jpg,p1,,gestos_p1_20260914-163555,60,C:\Users\Javier\PIDS_HandPose\kit-grabacion\HAR_mediapipe\data\gestos_p1_20260914-163555\train\rockandroll\rockandroll_00060.jpg
train,rockandroll,rockandroll_01061.jpg,p1,,gestos_p1_20260914-163555,61,C:\Users\Javier\PIDS_HandPose\kit-grabacion\HAR_mediapipe\data\gestos_p1_20260914-163555\train\rockandroll\rockandroll_00061.jpg
train,rockandroll,rockandroll_01062.jpg,p1,,gestos_p1_20260914-163555,62,C:\Users\Javier\PIDS_HandPose\kit-grabacion\HAR_mediapipe\data\gestos_p1_20260914-163555\train\rockandroll\rockandroll_00062.jpg
train,rockandroll,rockandroll_01063.jpg,p1,,gestos_p1_20260914-163555,63,C:\Users\Javier\PIDS_HandPose\kit-grabacion\HAR_mediapipe\data\gestos_p1_20260914-163555\train\rockandroll\rockandroll_00063.jpg
train,rockandroll,rockandroll_01064.jpg,p1,,gestos_p1_20260914-163555,64,C:\Users\Javier\PIDS_HandPose\kit-grabacion\HAR_mediapipe\data\gestos_p1_20260914-163555\train\rockandroll\rockandroll_00064.jpg
train,rockandroll,rockandroll_01065.jpg,p1,,gestos_p1_20260914-163555,65,C:\Users\Javier\PIDS_HandPose\kit-grabacion\HAR_mediapipe\data\gestos_p1_20260914-163555\train\rockandroll\rockandroll_00065.jpg
train,rockandroll,rockandroll_01066.jpg,p1,,gestos_p1_20260914-163555,66,C:\Users\Javier\PIDS_HandPose\kit-grabacion\HAR_mediapipe\data\gestos_p1_20260914-163555\train\rockandroll\rockandroll_00066.jpg
train,rockandroll,rockandroll_01067.jpg,p1,,gestos_p1_20260914-163555,67,C:\Users\Javier\PIDS_HandPose\kit-grabacion\HAR_mediapipe\data\gestos_p1_20260914-163555\train\rockandroll\rockandroll_00067.jpg
train,rockandroll,rockandroll_01068.jpg,p1,,gestos_p1_20260914-163555,68,C:\Users\Javier\PIDS_HandPose\kit-grabacion\HAR_mediapipe\data\gestos_p1_20260914-163555\train\rockandroll\rockandroll_00068.jpg
train,rockandroll,rockandroll_01069.jpg,p1,,gestos_p1_20260914-163555,69,C:\Users\Javier\PIDS_HandPose\kit-grabacion\HAR_mediapipe\data\gestos_p1_20260914-163555\train\rockandroll\rockandroll_00069.jpg
train,rockandroll,rockandroll_01070.jpg,p1,,gestos_p1_20260914-163555,70,C:\Users\Javier\PIDS_HandPose\kit-grabacion\HAR_mediapipe\data\gestos_p1_20260914-163555\train\rockandroll\rockandroll_00070.jpg
train,scissors,scissors_01001.jpg,p1,,gestos_p1_20260914-163555,1,C:\Users\Javier\PIDS_HandPose\kit-grabacion\HAR_mediapipe\data\gestos_p1_20260914-163555\train\scissors\scissors_00001.jpg
train,scissors,scissors_01002.jpg,p1,,gestos_p1_20260914-163555,2,C:\Users\Javier\PIDS_HandPose\kit-grabacion\HAR_mediapipe\data\gestos_p1_20260914-163555\train\scissors\scissors_00002.jpg
train,scissors,scissors_01003.jpg,p1,,gestos_p1_20260914-163555,3,C:\Users\Javier\PIDS_HandPose\kit-grabacion\HAR_mediapipe\data\gestos_p1_20260914-163555\train\scissors\scissors_00003.jpg
train,scissors,scissors_01004.jpg,p1,,gestos_p1_20260914-163555,4,C:\Users\Javier\PIDS_HandPose\kit-grabacion\HAR_mediapipe\data\gestos_p1_20260914-163555\train\scissors\scissors_00004.jpg
train,scissors,scissors_01005.jpg,p1,,gestos_p1_20260914-163555,5,C:\Users\Javier\PIDS_HandPose\kit-grabacion\HAR_mediapipe\data\gestos_p1_20260914-163555\train\scissors\scissors_00005.jpg
train,scissors,scissors_01006.jpg,p1,,gestos_p1_20260914-163555,6,C:\Users\Javier\PIDS_HandPose\kit-grabacion\HAR_mediapipe\data\gestos_p1_20260914-163555\train\scissors\scissors_00006.jpg
train,scissors,scissors_01007.jpg,p1,,gestos_p1_20260914-163555,7,C:\Users\Javier\PIDS_HandPose\kit-grabacion\HAR_mediapipe\data\gestos_p1_20260914-163555\train\scissors\scissors_00007.jpg
train,scissors,scissors_01008.jpg,p1,,gestos_p1_20260914-163555,8,C:\Users\Javier\PIDS_HandPose\kit-grabacion\HAR_mediapipe\data\gestos_p1_20260914-163555\train\scissors\scissors_00008.jpg
train,scissors,scissors_01009.jpg,p1,,gestos_p1_20260914-163555,9,C:\Users\Javier\PIDS_HandPose\kit-grabacion\HAR_mediapipe\data\gestos_p1_20260914-163555\train\scissors\scissors_00009.jpg
train,scissors,scissors_01010.jpg,p1,,gestos_p1_20260914-163555,10,C:\Users\Javier\PIDS_HandPose\kit-grabacion\HAR_mediapipe\data\gestos_p1_20260914-163555\train\scissors\scissors_00010.jpg
train,scissors,scissors_01011.jpg,p1,,gestos_p1_20260914-163555,11,C:\Users\Javier\PIDS_HandPose\kit-grabacion\HAR_mediapipe\data\gestos_p1_20260914-163555\train\scissors\scissors_00011.jpg
train,scissors,scissors_01012.jpg,p1,,gestos_p1_20260914-163555,12,C:\Users\Javier\PIDS_HandPose\kit-grabacion\HAR_mediapipe\data\gestos_p1_20260914-163555\train\scissors\scissors_00012.jpg
train,scissors,scissors_01013.jpg,p1,,gestos_p1_20260914-163555,13,C:\Users\Javier\PIDS_HandPose\kit-grabacion\HAR_mediapipe\data\gestos_p1_20260914-163555\train\scissors\scissors_00013.jpg
train,scissors,scissors_01014.jpg,p1,,gestos_p1_20260914-163555,14,C:\Users\Javier\PIDS_HandPose\kit-grabacion\HAR_mediapipe\data\gestos_p1_20260914-163555\train\scissors\scissors_00014.jpg
train,scissors,scissors_01015.jpg,p1,,gestos_p1_20260914-163555,15,C:\Users\Javier\PIDS_HandPose\kit-grabacion\HAR_mediapipe\data\gestos_p1_20260914-163555\train\scissors\scissors_00015.jpg
train,scissors,scissors_01016.jpg,p1,,gestos_p1_20260914-163555,16,C:\Users\Javier\PIDS_HandPose\kit-grabacion\HAR_mediapipe\data\gestos_p1_20260914-163555\train\scissors\scissors_00016.jpg
train,scissors,scissors_01017.jpg,p1,,gestos_p1_20260914-163555,17,C:\Users\Javier\PIDS_HandPose\kit-grabacion\HAR_mediapipe\data\gestos_p1_20260914-163555\train\scissors\scissors_00017.jpg
train,scissors,scissors_01018.jpg,p1,,gestos_p1_20260914-163555,18,C:\Users\Javier\PIDS_HandPose\kit-grabacion\HAR_mediapipe\data\gestos_p1_20260914-163555\train\scissors\scissors_00018.jpg
train,scissors,scissors_01019.jpg,p1,,gestos_p1_20260914-163555,19,C:\Users\Javier\PIDS_HandPose\kit-grabacion\HAR_mediapipe\data\gestos_p1_20260914-163555\train\scissors\scissors_00019.jpg
train,scissors,scissors_01020.jpg,p1,,gestos_p1_20260914-163555,20,C:\Users\Javier\PIDS_HandPose\kit-grabacion\HAR_mediapipe\data\gestos_p1_20260914-163555\train\scissors\scissors_00020.jpg
train,scissors,scissors_01021.jpg,p1,,gestos_p1_20260914-163555,21,C:\Users\Javier\PIDS_HandPose\kit-grabacion\HAR_mediapipe\data\gestos_p1_20260914-163555\train\scissors\scissors_00021.jpg
train,scissors,scissors_01022.jpg,p1,,gestos_p1_20260914-163555,22,C:\Users\Javier\PIDS_HandPose\kit-grabacion\HAR_mediapipe\data\gestos_p1_20260914-163555\train\scissors\scissors_00022.jpg
train,scissors,scissors_01023.jpg,p1,,gestos_p1_20260914-163555,23,C:\Users\Javier\PIDS_HandPose\kit-grabacion\HAR_mediapipe\data\gestos_p1_20260914-163555\train\scissors\scissors_00023.jpg
train,scissors,scissors_01024.jpg,p1,,gestos_p1_20260914-163555,24,C:\Users\Javier\PIDS_HandPose\kit-grabacion\HAR_mediapipe\data\gestos_p1_20260914-163555\train\scissors\scissors_00024.jpg
train,scissors,scissors_01025.jpg,p1,,gestos_p1_20260914-163555,25,C:\Users\Javier\PIDS_HandPose\kit-grabacion\HAR_mediapipe\data\gestos_p1_20260914-163555\train\scissors\scissors_00025.jpg
train,scissors,scissors_01026.jpg,p1,,gestos_p1_20260914-163555,26,C:\Users\Javier\PIDS_HandPose\kit-grabacion\HAR_mediapipe\data\gestos_p1_20260914-163555\train\scissors\scissors_00026.jpg
train,scissors,scissors_01027.jpg,p1,,gestos_p1_20260914-163555,27,C:\Users\Javier\PIDS_HandPose\kit-grabacion\HAR_mediapipe\data\gestos_p1_20260914-163555\train\scissors\scissors_00027.jpg
train,scissors,scissors_01028.jpg,p1,,gestos_p1_20260914-163555,28,C:\Users\Javier\PIDS_HandPose\kit-grabacion\HAR_mediapipe\data\gestos_p1_20260914-163555\train\scissors\scissors_00028.jpg
train,scissors,scissors_01029.jpg,p1,,gestos_p1_20260914-163555,29,C:\Users\Javier\PIDS_HandPose\kit-grabacion\HAR_mediapipe\data\gestos_p1_20260914-163555\train\scissors\scissors_00029.jpg
train,scissors,scissors_01030.jpg,p1,,gestos_p1_20260914-163555,30,C:\Users\Javier\PIDS_HandPose\kit-grabacion\HAR_mediapipe\data\gestos_p1_20260914-163555\train\scissors\scissors_00030.jpg
train,scissors,scissors_01031.jpg,p1,,gestos_p1_20260914-163555,31,C:\Users\Javier\PIDS_HandPose\kit-grabacion\HAR_mediapipe\data\gestos_p1_20260914-163555\train\scissors\scissors_00031.jpg
train,scissors,scissors_01032.jpg,p1,,gestos_p1_20260914-163555,32,C:\Users\Javier\PIDS_HandPose\kit-grabacion\HAR_mediapipe\data\gestos_p1_20260914-163555\train\scissors\scissors_00032.jpg
train,scissors,scissors_01033.jpg,p1,,gestos_p1_20260914-163555,33,C:\Users\Javier\PIDS_HandPose\kit-grabacion\HAR_mediapipe\data\gestos_p1_20260914-163555\train\scissors\scissors_00033.jpg
train,scissors,scissors_01034.jpg,p1,,gestos_p1_20260914-163555,34,C:\Users\Javier\PIDS_HandPose\kit-grabacion\HAR_mediapipe\data\gestos_p1_20260914-163555\train\scissors\scissors_00034.jpg
train,scissors,scissors_01035.jpg,p1,,gestos_p1_20260914-163555,35,C:\Users\Javier\PIDS_HandPose\kit-grabacion\HAR_mediapipe\data\gestos_p1_20260914-163555\train\scissors\scissors_00035.jpg
train,scissors,scissors_01036.jpg,p1,,gestos_p1_20260914-163555,36,C:\Users\Javier\PIDS_HandPose\kit-grabacion\HAR_mediapipe\data\gestos_p1_20260914-163555\train\scissors\scissors_00036.jpg
train,scissors,scissors_01037.jpg,p1,,gestos_p1_20260914-163555,37,C:\Users\Javier\PIDS_HandPose\kit-grabacion\HAR_mediapipe\data\gestos_p1_20260914-163555\train\scissors\scissors_00037.jpg
train,scissors,scissors_01038.jpg,p1,,gestos_p1_20260914-163555,38,C:\Users\Javier\PIDS_HandPose\kit-grabacion\HAR_mediapipe\data\gestos_p1_20260914-163555\train\scissors\scissors_00038.jpg
train,scissors,scissors_01039.jpg,p1,,gestos_p1_20260914-163555,39,C:\Users\Javier\PIDS_HandPose\kit-grabacion\HAR_mediapipe\data\gestos_p1_20260914-163555\train\scissors\scissors_00039.jpg
train,scissors,scissors_01040.jpg,p1,,gestos_p1_20260914-163555,40,C:\Users\Javier\PIDS_HandPose\kit-grabacion\HAR_mediapipe\data\gestos_p1_20260914-163555\train\scissors\scissors_00040.jpg
train,scissors,scissors_01041.jpg,p1,,gestos_p1_20260914-163555,41,C:\Users\Javier\PIDS_HandPose\kit-grabacion\HAR_mediapipe\data\gestos_p1_20260914-163555\train\scissors\scissors_00041.jpg
train,scissors,scissors_01042.jpg,p1,,gestos_p1_20260914-163555,42,C:\Users\Javier\PIDS_HandPose\kit-grabacion\HAR_mediapipe\data\gestos_p1_20260914-163555\train\scissors\scissors_00042.jpg
train,scissors,scissors_01043.jpg,p1,,gestos_p1_20260914-163555,43,C:\Users\Javier\PIDS_HandPose\kit-grabacion\HAR_mediapipe\data\gestos_p1_20260914-163555\train\scissors\scissors_00043.jpg
train,scissors,scissors_01044.jpg,p1,,gestos_p1_20260914-163555,44,C:\Users\Javier\PIDS_HandPose\kit-grabacion\HAR_mediapipe\data\gestos_p1_20260914-163555\train\scissors\scissors_00044.jpg
train,scissors,scissors_01045.jpg,p1,,gestos_p1_20260914-163555,45,C:\Users\Javier\PIDS_HandPose\kit-grabacion\HAR_mediapipe\data\gestos_p1_20260914-163555\train\scissors\scissors_00045.jpg
train,scissors,scissors_01046.jpg,p1,,gestos_p1_20260914-163555,46,C:\Users\Javier\PIDS_HandPose\kit-grabacion\HAR_mediapipe\data\gestos_p1_20260914-163555\train\scissors\scissors_00046.jpg
train,scissors,scissors_01047.jpg,p1,,gestos_p1_20260914-163555,47,C:\Users\Javier\PIDS_HandPose\kit-grabacion\HAR_mediapipe\data\gestos_p1_20260914-163555\train\scissors\scissors_00047.jpg
train,scissors,scissors_01048.jpg,p1,,gestos_p1_20260914-163555,48,C:\Users\Javier\PIDS_HandPose\kit-grabacion\HAR_mediapipe\data\gestos_p1_20260914-163555\train\scissors\scissors_00048.jpg
train,scissors,scissors_01049.jpg,p1,,gestos_p1_20260914-163555,49,C:\Users\Javier\PIDS_HandPose\kit-grabacion\HAR_mediapipe\data\gestos_p1_20260914-163555\train\scissors\scissors_00049.jpg
train,scissors,scissors_01050.jpg,p1,,gestos_p1_20260914-163555,50,C:\Users\Javier\PIDS_HandPose\kit-grabacion\HAR_mediapipe\data\gestos_p1_20260914-163555\train\scissors\scissors_00050.jpg
train,scissors,scissors_01051.jpg,p1,,gestos_p1_20260914-163555,51,C:\Users\Javier\PIDS_HandPose\kit-grabacion\HAR_mediapipe\data\gestos_p1_20260914-163555\train\scissors\scissors_00051.jpg
train,scissors,scissors_01052.jpg,p1,,gestos_p1_20260914-163555,52,C:\Users\Javier\PIDS_HandPose\kit-grabacion\HAR_mediapipe\data\gestos_p1_20260914-163555\train\scissors\scissors_00052.jpg
train,scissors,scissors_01053.jpg,p1,,gestos_p1_20260914-163555,53,C:\Users\Javier\PIDS_HandPose\kit-grabacion\HAR_mediapipe\data\gestos_p1_20260914-163555\train\scissors\scissors_00053.jpg
train,scissors,scissors_01054.jpg,p1,,gestos_p1_20260914-163555,54,C:\Users\Javier\PIDS_HandPose\kit-grabacion\HAR_mediapipe\data\gestos_p1_20260914-163555\train\scissors\scissors_00054.jpg
train,scissors,scissors_01055.jpg,p1,,gestos_p1_20260914-163555,55,C:\Users\Javier\PIDS_HandPose\kit-grabacion\HAR_mediapipe\data\gestos_p1_20260914-163555\train\scissors\scissors_00055.jpg
train,scissors,scissors_01056.jpg,p1,,gestos_p1_20260914-163555,56,C:\Users\Javier\PIDS_HandPose\kit-grabacion\HAR_mediapipe\data\gestos_p1_20260914-163555\train\scissors\scissors_00056.jpg
train,scissors,scissors_01057.jpg,p1,,gestos_p1_20260914-163555,57,C:\Users\Javier\PIDS_HandPose\kit-grabacion\HAR_mediapipe\data\gestos_p1_20260914-163555\train\scissors\scissors_00057.jpg
train,scissors,scissors_01058.jpg,p1,,gestos_p1_20260914-163555,58,C:\Users\Javier\PIDS_HandPose\kit-grabacion\HAR_mediapipe\data\gestos_p1_20260914-163555\train\scissors\scissors_00058.jpg
train,scissors,scissors_01059.jpg,p1,,gestos_p1_20260914-163555,59,C:\Users\Javier\PIDS_HandPose\kit-grabacion\HAR_mediapipe\data\gestos_p1_20260914-163555\train\scissors\scissors_00059.jpg
train,scissors,scissors_01060.jpg,p1,,gestos_p1_20260914-163555,60,C:\Users\Javier\PIDS_HandPose\kit-grabacion\HAR_mediapipe\data\gestos_p1_20260914-163555\train\scissors\scissors_00060.jpg
train,scissors,scissors_01061.jpg,p1,,gestos_p1_20260914-163555,61,C:\Users\Javier\PIDS_HandPose\kit-grabacion\HAR_mediapipe\data\gestos_p1_20260914-163555\train\scissors\scissors_00061.jpg
train,scissors,scissors_01062.jpg,p1,,gestos_p1_20260914-163555,62,C:\Users\Javier\PIDS_HandPose\kit-grabacion\HAR_mediapipe\data\gestos_p1_20260914-163555\train\scissors\scissors_00062.jpg
train,scissors,scissors_01063.jpg,p1,,gestos_p1_20260914-163555,63,C:\Users\Javier\PIDS_HandPose\kit-grabacion\HAR_mediapipe\data\gestos_p1_20260914-163555\train\scissors\scissors_00063.jpg
train,scissors,scissors_01064.jpg,p1,,gestos_p1_20260914-163555,64,C:\Users\Javier\PIDS_HandPose\kit-grabacion\HAR_mediapipe\data\gestos_p1_20260914-163555\train\scissors\scissors_00064.jpg
train,scissors,scissors_01065.jpg,p1,,gestos_p1_20260914-163555,65,C:\Users\Javier\PIDS_HandPose\kit-grabacion\HAR_mediapipe\data\gestos_p1_20260914-163555\train\scissors\scissors_00065.jpg
train,scissors,scissors_01066.jpg,p1,,gestos_p1_20260914-163555,66,C:\Users\Javier\PIDS_HandPose\kit-grabacion\HAR_mediapipe\data\gestos_p1_20260914-163555\train\scissors\scissors_00066.jpg
train,scissors,scissors_01067.jpg,p1,,gestos_p1_20260914-163555,67,C:\Users\Javier\PIDS_HandPose\kit-grabacion\HAR_mediapipe\data\gestos_p1_20260914-163555\train\scissors\scissors_00067.jpg
train,scissors,scissors_01068.jpg,p1,,gestos_p1_20260914-163555,68,C:\Users\Javier\PIDS_HandPose\kit-grabacion\HAR_mediapipe\data\gestos_p1_20260914-163555\train\scissors\scissors_00068.jpg
train,scissors,scissors_01069.jpg,p1,,gestos_p1_20260914-163555,69,C:\Users\Javier\PIDS_HandPose\kit-grabacion\HAR_mediapipe\data\gestos_p1_20260914-163555\train\scissors\scissors_00069.jpg
train,scissors,scissors_01070.jpg,p1,,gestos_p1_20260914-163555,70,C:\Users\Javier\PIDS_HandPose\kit-grabacion\HAR_mediapipe\data\gestos_p1_20260914-163555\train\scissors\scissors_00070.jpg
train,thumbsup,thumbsup_01001.jpg,p1,,gestos_p1_20260914-163555,1,C:\Users\Javier\PIDS_HandPose\kit-grabacion\HAR_mediapipe\data\gestos_p1_20260914-163555\train\thumbsup\thumbsup_00001.jpg
train,thumbsup,thumbsup_01002.jpg,p1,,gestos_p1_20260914-163555,2,C:\Users\Javier\PIDS_HandPose\kit-grabacion\HAR_mediapipe\data\gestos_p1_20260914-163555\train\thumbsup\thumbsup_00002.jpg
train,thumbsup,thumbsup_01003.jpg,p1,,gestos_p1_20260914-163555,3,C:\Users\Javier\PIDS_HandPose\kit-grabacion\HAR_mediapipe\data\gestos_p1_20260914-163555\train\thumbsup\thumbsup_00003.jpg
train,thumbsup,thumbsup_01004.jpg,p1,,gestos_p1_20260914-163555,4,C:\Users\Javier\PIDS_HandPose\kit-grabacion\HAR_mediapipe\data\gestos_p1_20260914-163555\train\thumbsup\thumbsup_00004.jpg
train,thumbsup,thumbsup_01005.jpg,p1,,gestos_p1_20260914-163555,5,C:\Users\Javier\PIDS_HandPose\kit-grabacion\HAR_mediapipe\data\gestos_p1_20260914-163555\train\thumbsup\thumbsup_00005.jpg
train,thumbsup,thumbsup_01006.jpg,p1,,gestos_p1_20260914-163555,6,C:\Users\Javier\PIDS_HandPose\kit-grabacion\HAR_mediapipe\data\gestos_p1_20260914-163555\train\thumbsup\thumbsup_00006.jpg
train,thumbsup,thumbsup_01007.jpg,p1,,gestos_p1_20260914-163555,7,C:\Users\Javier\PIDS_HandPose\kit-grabacion\HAR_mediapipe\data\gestos_p1_20260914-163555\train\thumbsup\thumbsup_00007.jpg
train,thumbsup,thumbsup_01008.jpg,p1,,gestos_p1_20260914-163555,8,C:\Users\Javier\PIDS_HandPose\kit-grabacion\HAR_mediapipe\data\gestos_p1_20260914-163555\train\thumbsup\thumbsup_00008.jpg
train,thumbsup,thumbsup_01009.jpg,p1,,gestos_p1_20260914-163555,9,C:\Users\Javier\PIDS_HandPose\kit-grabacion\HAR_mediapipe\data\gestos_p1_20260914-163555\train\thumbsup\thumbsup_00009.jpg
train,thumbsup,thumbsup_01010.jpg,p1,,gestos_p1_20260914-163555,10,C:\Users\Javier\PIDS_HandPose\kit-grabacion\HAR_mediapipe\data\gestos_p1_20260914-163555\train\thumbsup\thumbsup_00010.jpg
train,thumbsup,thumbsup_01011.jpg,p1,,gestos_p1_20260914-163555,11,C:\Users\Javier\PIDS_HandPose\kit-grabacion\HAR_mediapipe\data\gestos_p1_20260914-163555\train\thumbsup\thumbsup_00011.jpg
train,thumbsup,thumbsup_01012.jpg,p1,,gestos_p1_20260914-163555,12,C:\Users\Javier\PIDS_HandPose\kit-grabacion\HAR_mediapipe\data\gestos_p1_20260914-163555\train\thumbsup\thumbsup_00012.jpg
train,thumbsup,thumbsup_01013.jpg,p1,,gestos_p1_20260914-163555,13,C:\Users\Javier\PIDS_HandPose\kit-grabacion\HAR_mediapipe\data\gestos_p1_20260914-163555\train\thumbsup\thumbsup_00013.jpg
train,thumbsup,thumbsup_01014.jpg,p1,,gestos_p1_20260914-163555,14,C:\Users\Javier\PIDS_HandPose\kit-grabacion\HAR_mediapipe\data\gestos_p1_20260914-163555\train\thumbsup\thumbsup_00014.jpg
train,thumbsup,thumbsup_01015.jpg,p1,,gestos_p1_20260914-163555,15,C:\Users\Javier\PIDS_HandPose\kit-grabacion\HAR_mediapipe\data\gestos_p1_20260914-163555\train\thumbsup\thumbsup_00015.jpg
train,thumbsup,thumbsup_01016.jpg,p1,,gestos_p1_20260914-163555,16,C:\Users\Javier\PIDS_HandPose\kit-grabacion\HAR_mediapipe\data\gestos_p1_20260914-163555\train\thumbsup\thumbsup_00016.jpg
train,thumbsup,thumbsup_01017.jpg,p1,,gestos_p1_20260914-163555,17,C:\Users\Javier\PIDS_HandPose\kit-grabacion\HAR_mediapipe\data\gestos_p1_20260914-163555\train\thumbsup\thumbsup_00017.jpg
train,thumbsup,thumbsup_01018.jpg,p1,,gestos_p1_20260914-163555,18,C:\Users\Javier\PIDS_HandPose\kit-grabacion\HAR_mediapipe\data\gestos_p1_20260914-163555\train\thumbsup\thumbsup_00018.jpg
train,thumbsup,thumbsup_01019.jpg,p1,,gestos_p1_20260914-163555,19,C:\Users\Javier\PIDS_HandPose\kit-grabacion\HAR_mediapipe\data\gestos_p1_20260914-163555\train\thumbsup\thumbsup_00019.jpg
train,thumbsup,thumbsup_01020.jpg,p1,,gestos_p1_20260914-163555,20,C:\Users\Javier\PIDS_HandPose\kit-grabacion\HAR_mediapipe\data\gestos_p1_20260914-163555\train\thumbsup\thumbsup_00020.jpg
train,thumbsup,thumbsup_01021.jpg,p1,,gestos_p1_20260914-163555,21,C:\Users\Javier\PIDS_HandPose\kit-grabacion\HAR_mediapipe\data\gestos_p1_20260914-163555\train\thumbsup\thumbsup_00021.jpg
train,thumbsup,thumbsup_01022.jpg,p1,,gestos_p1_20260914-163555,22,C:\Users\Javier\PIDS_HandPose\kit-grabacion\HAR_mediapipe\data\gestos_p1_20260914-163555\train\thumbsup\thumbsup_00022.jpg
train,thumbsup,thumbsup_01023.jpg,p1,,gestos_p1_20260914-163555,23,C:\Users\Javier\PIDS_HandPose\kit-grabacion\HAR_mediapipe\data\gestos_p1_20260914-163555\train\thumbsup\thumbsup_00023.jpg
train,thumbsup,thumbsup_01024.jpg,p1,,gestos_p1_20260914-163555,24,C:\Users\Javier\PIDS_HandPose\kit-grabacion\HAR_mediapipe\data\gestos_p1_20260914-163555\train\thumbsup\thumbsup_00024.jpg
train,thumbsup,thumbsup_01025.jpg,p1,,gestos_p1_20260914-163555,25,C:\Users\Javier\PIDS_HandPose\kit-grabacion\HAR_mediapipe\data\gestos_p1_20260914-163555\train\thumbsup\thumbsup_00025.jpg
train,thumbsup,thumbsup_01026.jpg,p1,,gestos_p1_20260914-163555,26,C:\Users\Javier\PIDS_HandPose\kit-grabacion\HAR_mediapipe\data\gestos_p1_20260914-163555\train\thumbsup\thumbsup_00026.jpg
train,thumbsup,thumbsup_01027.jpg,p1,,gestos_p1_20260914-163555,27,C:\Users\Javier\PIDS_HandPose\kit-grabacion\HAR_mediapipe\data\gestos_p1_20260914-163555\train\thumbsup\thumbsup_00027.jpg
train,thumbsup,thumbsup_01028.jpg,p1,,gestos_p1_20260914-163555,28,C:\Users\Javier\PIDS_HandPose\kit-grabacion\HAR_mediapipe\data\gestos_p1_20260914-163555\train\thumbsup\thumbsup_00028.jpg
train,thumbsup,thumbsup_01029.jpg,p1,,gestos_p1_20260914-163555,29,C:\Users\Javier\PIDS_HandPose\kit-grabacion\HAR_mediapipe\data\gestos_p1_20260914-163555\train\thumbsup\thumbsup_00029.jpg
train,thumbsup,thumbsup_01030.jpg,p1,,gestos_p1_20260914-163555,30,C:\Users\Javier\PIDS_HandPose\kit-grabacion\HAR_mediapipe\data\gestos_p1_20260914-163555\train\thumbsup\thumbsup_00030.jpg
train,thumbsup,thumbsup_01031.jpg,p1,,gestos_p1_20260914-163555,31,C:\Users\Javier\PIDS_HandPose\kit-grabacion\HAR_mediapipe\data\gestos_p1_20260914-163555\train\thumbsup\thumbsup_00031.jpg
train,thumbsup,thumbsup_01032.jpg,p1,,gestos_p1_20260914-163555,32,C:\Users\Javier\PIDS_HandPose\kit-grabacion\HAR_mediapipe\data\gestos_p1_20260914-163555\train\thumbsup\thumbsup_00032.jpg
train,thumbsup,thumbsup_01033.jpg,p1,,gestos_p1_20260914-163555,33,C:\Users\Javier\PIDS_HandPose\kit-grabacion\HAR_mediapipe\data\gestos_p1_20260914-163555\train\thumbsup\thumbsup_00033.jpg
train,thumbsup,thumbsup_01034.jpg,p1,,gestos_p1_20260914-163555,34,C:\Users\Javier\PIDS_HandPose\kit-grabacion\HAR_mediapipe\data\gestos_p1_20260914-163555\train\thumbsup\thumbsup_00034.jpg
train,thumbsup,thumbsup_01035.jpg,p1,,gestos_p1_20260914-163555,35,C:\Users\Javier\PIDS_HandPose\kit-grabacion\HAR_mediapipe\data\gestos_p1_20260914-163555\train\thumbsup\thumbsup_00035.jpg
train,thumbsup,thumbsup_01036.jpg,p1,,gestos_p1_20260914-163555,36,C:\Users\Javier\PIDS_HandPose\kit-grabacion\HAR_mediapipe\data\gestos_p1_20260914-163555\train\thumbsup\thumbsup_00036.jpg
train,thumbsup,thumbsup_01037.jpg,p1,,gestos_p1_20260914-163555,37,C:\Users\Javier\PIDS_HandPose\kit-grabacion\HAR_mediapipe\data\gestos_p1_20260914-163555\train\thumbsup\thumbsup_00037.jpg
train,thumbsup,thumbsup_01038.jpg,p1,,gestos_p1_20260914-163555,38,C:\Users\Javier\PIDS_HandPose\kit-grabacion\HAR_mediapipe\data\gestos_p1_20260914-163555\train\thumbsup\thumbsup_00038.jpg
train,thumbsup,thumbsup_01039.jpg,p1,,gestos_p1_20260914-163555,39,C:\Users\Javier\PIDS_HandPose\kit-grabacion\HAR_mediapipe\data\gestos_p1_20260914-163555\train\thumbsup\thumbsup_00039.jpg
train,thumbsup,thumbsup_01040.jpg,p1,,gestos_p1_20260914-163555,40,C:\Users\Javier\PIDS_HandPose\kit-grabacion\HAR_mediapipe\data\gestos_p1_20260914-163555\train\thumbsup\thumbsup_00040.jpg
train,thumbsup,thumbsup_01041.jpg,p1,,gestos_p1_20260914-163555,41,C:\Users\Javier\PIDS_HandPose\kit-grabacion\HAR_mediapipe\data\gestos_p1_20260914-163555\train\thumbsup\thumbsup_00041.jpg
train,thumbsup,thumbsup_01042.jpg,p1,,gestos_p1_20260914-163555,42,C:\Users\Javier\PIDS_HandPose\kit-grabacion\HAR_mediapipe\data\gestos_p1_20260914-163555\train\thumbsup\thumbsup_00042.jpg
train,thumbsup,thumbsup_01043.jpg,p1,,gestos_p1_20260914-163555,43,C:\Users\Javier\PIDS_HandPose\kit-grabacion\HAR_mediapipe\data\gestos_p1_20260914-163555\train\thumbsup\thumbsup_00043.jpg
train,thumbsup,thumbsup_01044.jpg,p1,,gestos_p1_20260914-163555,44,C:\Users\Javier\PIDS_HandPose\kit-grabacion\HAR_mediapipe\data\gestos_p1_20260914-163555\train\thumbsup\thumbsup_00044.jpg
train,thumbsup,thumbsup_01045.jpg,p1,,gestos_p1_20260914-163555,45,C:\Users\Javier\PIDS_HandPose\kit-grabacion\HAR_mediapipe\data\gestos_p1_20260914-163555\train\thumbsup\thumbsup_00045.jpg
train,thumbsup,thumbsup_01046.jpg,p1,,gestos_p1_20260914-163555,46,C:\Users\Javier\PIDS_HandPose\kit-grabacion\HAR_mediapipe\data\gestos_p1_20260914-163555\train\thumbsup\thumbsup_00046.jpg
train,thumbsup,thumbsup_01047.jpg,p1,,gestos_p1_20260914-163555,47,C:\Users\Javier\PIDS_HandPose\kit-grabacion\HAR_mediapipe\data\gestos_p1_20260914-163555\train\thumbsup\thumbsup_00047.jpg
train,thumbsup,thumbsup_01048.jpg,p1,,gestos_p1_20260914-163555,48,C:\Users\Javier\PIDS_HandPose\kit-grabacion\HAR_mediapipe\data\gestos_p1_20260914-163555\train\thumbsup\thumbsup_00048.jpg
train,thumbsup,thumbsup_01049.jpg,p1,,gestos_p1_20260914-163555,49,C:\Users\Javier\PIDS_HandPose\kit-grabacion\HAR_mediapipe\data\gestos_p1_20260914-163555\train\thumbsup\thumbsup_00049.jpg
train,thumbsup,thumbsup_01050.jpg,p1,,gestos_p1_20260914-163555,50,C:\Users\Javier\PIDS_HandPose\kit-grabacion\HAR_mediapipe\data\gestos_p1_20260914-163555\train\thumbsup\thumbsup_00050.jpg
train,thumbsup,thumbsup_01051.jpg,p1,,gestos_p1_20260914-163555,51,C:\Users\Javier\PIDS_HandPose\kit-grabacion\HAR_mediapipe\data\gestos_p1_20260914-163555\train\thumbsup\thumbsup_00051.jpg
train,thumbsup,thumbsup_01052.jpg,p1,,gestos_p1_20260914-163555,52,C:\Users\Javier\PIDS_HandPose\kit-grabacion\HAR_mediapipe\data\gestos_p1_20260914-163555\train\thumbsup\thumbsup_00052.jpg
train,thumbsup,thumbsup_01053.jpg,p1,,gestos_p1_20260914-163555,53,C:\Users\Javier\PIDS_HandPose\kit-grabacion\HAR_mediapipe\data\gestos_p1_20260914-163555\train\thumbsup\thumbsup_00053.jpg
train,thumbsup,thumbsup_01054.jpg,p1,,gestos_p1_20260914-163555,54,C:\Users\Javier\PIDS_HandPose\kit-grabacion\HAR_mediapipe\data\gestos_p1_20260914-163555\train\thumbsup\thumbsup_00054.jpg
train,thumbsup,thumbsup_01055.jpg,p1,,gestos_p1_20260914-163555,55,C:\Users\Javier\PIDS_HandPose\kit-grabacion\HAR_mediapipe\data\gestos_p1_20260914-163555\train\thumbsup\thumbsup_00055.jpg
train,thumbsup,thumbsup_01056.jpg,p1,,gestos_p1_20260914-163555,56,C:\Users\Javier\PIDS_HandPose\kit-grabacion\HAR_mediapipe\data\gestos_p1_20260914-163555\train\thumbsup\thumbsup_00056.jpg
train,thumbsup,thumbsup_01057.jpg,p1,,gestos_p1_20260914-163555,57,C:\Users\Javier\PIDS_HandPose\kit-grabacion\HAR_mediapipe\data\gestos_p1_20260914-163555\train\thumbsup\thumbsup_00057.jpg
train,thumbsup,thumbsup_01058.jpg,p1,,gestos_p1_20260914-163555,58,C:\Users\Javier\PIDS_HandPose\kit-grabacion\HAR_mediapipe\data\gestos_p1_20260914-163555\train\thumbsup\thumbsup_00058.jpg
train,thumbsup,thumbsup_01059.jpg,p1,,gestos_p1_20260914-163555,59,C:\Users\Javier\PIDS_HandPose\kit-grabacion\HAR_mediapipe\data\gestos_p1_20260914-163555\train\thumbsup\thumbsup_00059.jpg
train,thumbsup,thumbsup_01060.jpg,p1,,gestos_p1_20260914-163555,60,C:\Users\Javier\PIDS_HandPose\kit-grabacion\HAR_mediapipe\data\gestos_p1_20260914-163555\train\thumbsup\thumbsup_00060.jpg
train,thumbsup,thumbsup_01061.jpg,p1,,gestos_p1_20260914-163555,61,C:\Users\Javier\PIDS_HandPose\kit-grabacion\HAR_mediapipe\data\gestos_p1_20260914-163555\train\thumbsup\thumbsup_00061.jpg
train,thumbsup,thumbsup_01062.jpg,p1,,gestos_p1_20260914-163555,62,C:\Users\Javier\PIDS_HandPose\kit-grabacion\HAR_mediapipe\data\gestos_p1_20260914-163555\train\thumbsup\thumbsup_00062.jpg
train,thumbsup,thumbsup_01063.jpg,p1,,gestos_p1_20260914-163555,63,C:\Users\Javier\PIDS_HandPose\kit-grabacion\HAR_mediapipe\data\gestos_p1_20260914-163555\train\thumbsup\thumbsup_00063.jpg
train,thumbsup,thumbsup_01064.jpg,p1,,gestos_p1_20260914-163555,64,C:\Users\Javier\PIDS_HandPose\kit-grabacion\HAR_mediapipe\data\gestos_p1_20260914-163555\train\thumbsup\thumbsup_00064.jpg
train,thumbsup,thumbsup_01065.jpg,p1,,gestos_p1_20260914-163555,65,C:\Users\Javier\PIDS_HandPose\kit-grabacion\HAR_mediapipe\data\gestos_p1_20260914-163555\train\thumbsup\thumbsup_00065.jpg
train,thumbsup,thumbsup_01066.jpg,p1,,gestos_p1_20260914-163555,66,C:\Users\Javier\PIDS_HandPose\kit-grabacion\HAR_mediapipe\data\gestos_p1_20260914-163555\train\thumbsup\thumbsup_00066.jpg
train,thumbsup,thumbsup_01067.jpg,p1,,gestos_p1_20260914-163555,67,C:\Users\Javier\PIDS_HandPose\kit-grabacion\HAR_mediapipe\data\gestos_p1_20260914-163555\train\thumbsup\thumbsup_00067.jpg
train,thumbsup,thumbsup_01068.jpg,p1,,gestos_p1_20260914-163555,68,C:\Users\Javier\PIDS_HandPose\kit-grabacion\HAR_mediapipe\data\gestos_p1_20260914-163555\train\thumbsup\thumbsup_00068.jpg
train,thumbsup,thumbsup_01069.jpg,p1,,gestos_p1_20260914-163555,69,C:\Users\Javier\PIDS_HandPose\kit-grabacion\HAR_mediapipe\data\gestos_p1_20260914-163555\train\thumbsup\thumbsup_00069.jpg
train,thumbsup,thumbsup_01070.jpg,p1,,gestos_p1_20260914-163555,70,C:\Users\Javier\PIDS_HandPose\kit-grabacion\HAR_mediapipe\data\gestos_p1_20260914-163555\train\thumbsup\thumbsup_00070.jpg
test,ok,ok_01071.jpg,p1,,gestos_p1_20260914-163555,71,C:\Users\Javier\PIDS_HandPose\kit-grabacion\HAR_mediapipe\data\gestos_p1_20260914-163555\test\ok\ok_00071.jpg
test,ok,ok_01072.jpg,p1,,gestos_p1_20260914-163555,72,C:\Users\Javier\PIDS_HandPose\kit-grabacion\HAR_mediapipe\data\gestos_p1_20260914-163555\test\ok\ok_00072.jpg
test,ok,ok_01073.jpg,p1,,gestos_p1_20260914-163555,73,C:\Users\Javier\PIDS_HandPose\kit-grabacion\HAR_mediapipe\data\gestos_p1_20260914-163555\test\ok\ok_00073.jpg
test,ok,ok_01074.jpg,p1,,gestos_p1_20260914-163555,74,C:\Users\Javier\PIDS_HandPose\kit-grabacion\HAR_mediapipe\data\gestos_p1_20260914-163555\test\ok\ok_00074.jpg
test,ok,ok_01075.jpg,p1,,gestos_p1_20260914-163555,75,C:\Users\Javier\PIDS_HandPose\kit-grabacion\HAR_mediapipe\data\gestos_p1_20260914-163555\test\ok\ok_00075.jpg
test,ok,ok_01076.jpg,p1,,gestos_p1_20260914-163555,76,C:\Users\Javier\PIDS_HandPose\kit-grabacion\HAR_mediapipe\data\gestos_p1_20260914-163555\test\ok\ok_00076.jpg
test,ok,ok_01077.jpg,p1,,gestos_p1_20260914-163555,77,C:\Users\Javier\PIDS_HandPose\kit-grabacion\HAR_mediapipe\data\gestos_p1_20260914-163555\test\ok\ok_00077.jpg
test,ok,ok_01078.jpg,p1,,gestos_p1_20260914-163555,78,C:\Users\Javier\PIDS_HandPose\kit-grabacion\HAR_mediapipe\data\gestos_p1_20260914-163555\test\ok\ok_00078.jpg
test,ok,ok_01079.jpg,p1,,gestos_p1_20260914-163555,79,C:\Users\Javier\PIDS_HandPose\kit-grabacion\HAR_mediapipe\data\gestos_p1_20260914-163555\test\ok\ok_00079.jpg
test,ok,ok_01080.jpg,p1,,gestos_p1_20260914-163555,80,C:\Users\Javier\PIDS_HandPose\kit-grabacion\HAR_mediapipe\data\gestos_p1_20260914-163555\test\ok\ok_00080.jpg
test,ok,ok_01081.jpg,p1,,gestos_p1_20260914-163555,81,C:\Users\Javier\PIDS_HandPose\kit-grabacion\HAR_mediapipe\data\gestos_p1_20260914-163555\test\ok\ok_00081.jpg
test,ok,ok_01082.jpg,p1,,gestos_p1_20260914-163555,82,C:\Users\Javier\PIDS_HandPose\kit-grabacion\HAR_mediapipe\data\gestos_p1_20260914-163555\test\ok\ok_00082.jpg
test,ok,ok_01083.jpg,p1,,gestos_p1_20260914-163555,83,C:\Users\Javier\PIDS_HandPose\kit-grabacion\HAR_mediapipe\data\gestos_p1_20260914-163555\test\ok\ok_00083.jpg
test,ok,ok_01084.jpg,p1,,gestos_p1_20260914-163555,84,C:\Users\Javier\PIDS_HandPose\kit-grabacion\HAR_mediapipe\data\gestos_p1_20260914-163555\test\ok\ok_00084.jpg
test,ok,ok_01085.jpg,p1,,gestos_p1_20260914-163555,85,C:\Users\Javier\PIDS_HandPose\kit-grabacion\HAR_mediapipe\data\gestos_p1_20260914-163555\test\ok\ok_00085.jpg
test,ok,ok_01086.jpg,p1,,gestos_p1_20260914-163555,86,C:\Users\Javier\PIDS_HandPose\kit-grabacion\HAR_mediapipe\data\gestos_p1_20260914-163555\test\ok\ok_00086.jpg
test,ok,ok_01087.jpg,p1,,gestos_p1_20260914-163555,87,C:\Users\Javier\PIDS_HandPose\kit-grabacion\HAR_mediapipe\data\gestos_p1_20260914-163555\test\ok\ok_00087.jpg
test,ok,ok_01088.jpg,p1,,gestos_p1_20260914-163555,88,C:\Users\Javier\PIDS_HandPose\kit-grabacion\HAR_mediapipe\data\gestos_p1_20260914-163555\test\ok\ok_00088.jpg
test,ok,ok_01089.jpg,p1,,gestos_p1_20260914-163555,89,C:\Users\Javier\PIDS_HandPose\kit-grabacion\HAR_mediapipe\data\gestos_p1_20260914-163555\test\ok\ok_00089.jpg
test,ok,ok_01090.jpg,p1,,gestos_p1_20260914-163555,90,C:\Users\Javier\PIDS_HandPose\kit-grabacion\HAR_mediapipe\data\gestos_p1_20260914-163555\test\ok\ok_00090.jpg
test,ok,ok_01091.jpg,p1,,gestos_p1_20260914-163555,91,C:\Users\Javier\PIDS_HandPose\kit-grabacion\HAR_mediapipe\data\gestos_p1_20260914-163555\test\ok\ok_00091.jpg
test,ok,ok_01092.jpg,p1,,gestos_p1_20260914-163555,92,C:\Users\Javier\PIDS_HandPose\kit-grabacion\HAR_mediapipe\data\gestos_p1_20260914-163555\test\ok\ok_00092.jpg
test,ok,ok_01093.jpg,p1,,gestos_p1_20260914-163555,93,C:\Users\Javier\PIDS_HandPose\kit-grabacion\HAR_mediapipe\data\gestos_p1_20260914-163555\test\ok\ok_00093.jpg
test,ok,ok_01094.jpg,p1,,gestos_p1_20260914-163555,94,C:\Users\Javier\PIDS_HandPose\kit-grabacion\HAR_mediapipe\data\gestos_p1_20260914-163555\test\ok\ok_00094.jpg
test,ok,ok_01095.jpg,p1,,gestos_p1_20260914-163555,95,C:\Users\Javier\PIDS_HandPose\kit-grabacion\HAR_mediapipe\data\gestos_p1_20260914-163555\test\ok\ok_00095.jpg
test,ok,ok_01096.jpg,p1,,gestos_p1_20260914-163555,96,C:\Users\Javier\PIDS_HandPose\kit-grabacion\HAR_mediapipe\data\gestos_p1_20260914-163555\test\ok\ok_00096.jpg
test,ok,ok_01097.jpg,p1,,gestos_p1_20260914-163555,97,C:\Users\Javier\PIDS_HandPose\kit-grabacion\HAR_mediapipe\data\gestos_p1_20260914-163555\test\ok\ok_00097.jpg
test,ok,ok_01098.jpg,p1,,gestos_p1_20260914-163555,98,C:\Users\Javier\PIDS_HandPose\kit-grabacion\HAR_mediapipe\data\gestos_p1_20260914-163555\test\ok\ok_00098.jpg
test,ok,ok_01099.jpg,p1,,gestos_p1_20260914-163555,99,C:\Users\Javier\PIDS_HandPose\kit-grabacion\HAR_mediapipe\data\gestos_p1_20260914-163555\test\ok\ok_00099.jpg
test,ok,ok_01100.jpg,p1,,gestos_p1_20260914-163555,100,C:\Users\Javier\PIDS_HandPose\kit-grabacion\HAR_mediapipe\data\gestos_p1_20260914-163555\test\ok\ok_00100.jpg
test,paper,paper_01071.jpg,p1,,gestos_p1_20260914-163555,71,C:\Users\Javier\PIDS_HandPose\kit-grabacion\HAR_mediapipe\data\gestos_p1_20260914-163555\test\paper\paper_00071.jpg
test,paper,paper_01072.jpg,p1,,gestos_p1_20260914-163555,72,C:\Users\Javier\PIDS_HandPose\kit-grabacion\HAR_mediapipe\data\gestos_p1_20260914-163555\test\paper\paper_00072.jpg
test,paper,paper_01073.jpg,p1,,gestos_p1_20260914-163555,73,C:\Users\Javier\PIDS_HandPose\kit-grabacion\HAR_mediapipe\data\gestos_p1_20260914-163555\test\paper\paper_00073.jpg
test,paper,paper_01074.jpg,p1,,gestos_p1_20260914-163555,74,C:\Users\Javier\PIDS_HandPose\kit-grabacion\HAR_mediapipe\data\gestos_p1_20260914-163555\test\paper\paper_00074.jpg
test,paper,paper_01075.jpg,p1,,gestos_p1_20260914-163555,75,C:\Users\Javier\PIDS_HandPose\kit-grabacion\HAR_mediapipe\data\gestos_p1_20260914-163555\test\paper\paper_00075.jpg
test,paper,paper_01076.jpg,p1,,gestos_p1_20260914-163555,76,C:\Users\Javier\PIDS_HandPose\kit-grabacion\HAR_mediapipe\data\gestos_p1_20260914-163555\test\paper\paper_00076.jpg
test,paper,paper_01077.jpg,p1,,gestos_p1_20260914-163555,77,C:\Users\Javier\PIDS_HandPose\kit-grabacion\HAR_mediapipe\data\gestos_p1_20260914-163555\test\paper\paper_00077.jpg
test,paper,paper_01078.jpg,p1,,gestos_p1_20260914-163555,78,C:\Users\Javier\PIDS_HandPose\kit-grabacion\HAR_mediapipe\data\gestos_p1_20260914-163555\test\paper\paper_00078.jpg
test,paper,paper_01079.jpg,p1,,gestos_p1_20260914-163555,79,C:\Users\Javier\PIDS_HandPose\kit-grabacion\HAR_mediapipe\data\gestos_p1_20260914-163555\test\paper\paper_00079.jpg
test,paper,paper_01080.jpg,p1,,gestos_p1_20260914-163555,80,C:\Users\Javier\PIDS_HandPose\kit-grabacion\HAR_mediapipe\data\gestos_p1_20260914-163555\test\paper\paper_00080.jpg
test,paper,paper_01081.jpg,p1,,gestos_p1_20260914-163555,81,C:\Users\Javier\PIDS_HandPose\kit-grabacion\HAR_mediapipe\data\gestos_p1_20260914-163555\test\paper\paper_00081.jpg
test,paper,paper_01082.jpg,p1,,gestos_p1_20260914-163555,82,C:\Users\Javier\PIDS_HandPose\kit-grabacion\HAR_mediapipe\data\gestos_p1_20260914-163555\test\paper\paper_00082.jpg
test,paper,paper_01083.jpg,p1,,gestos_p1_20260914-163555,83,C:\Users\Javier\PIDS_HandPose\kit-grabacion\HAR_mediapipe\data\gestos_p1_20260914-163555\test\paper\paper_00083.jpg
test,paper,paper_01084.jpg,p1,,gestos_p1_20260914-163555,84,C:\Users\Javier\PIDS_HandPose\kit-grabacion\HAR_mediapipe\data\gestos_p1_20260914-163555\test\paper\paper_00084.jpg
test,paper,paper_01085.jpg,p1,,gestos_p1_20260914-163555,85,C:\Users\Javier\PIDS_HandPose\kit-grabacion\HAR_mediapipe\data\gestos_p1_20260914-163555\test\paper\paper_00085.jpg
test,paper,paper_01086.jpg,p1,,gestos_p1_20260914-163555,86,C:\Users\Javier\PIDS_HandPose\kit-grabacion\HAR_mediapipe\data\gestos_p1_20260914-163555\test\paper\paper_00086.jpg
test,paper,paper_01087.jpg,p1,,gestos_p1_20260914-163555,87,C:\Users\Javier\PIDS_HandPose\kit-grabacion\HAR_mediapipe\data\gestos_p1_20260914-163555\test\paper\paper_00087.jpg
test,paper,paper_01088.jpg,p1,,gestos_p1_20260914-163555,88,C:\Users\Javier\PIDS_HandPose\kit-grabacion\HAR_mediapipe\data\gestos_p1_20260914-163555\test\paper\paper_00088.jpg
test,paper,paper_01089.jpg,p1,,gestos_p1_20260914-163555,89,C:\Users\Javier\PIDS_HandPose\kit-grabacion\HAR_mediapipe\data\gestos_p1_20260914-163555\test\paper\paper_00089.jpg
test,paper,paper_01090.jpg,p1,,gestos_p1_20260914-163555,90,C:\Users\Javier\PIDS_HandPose\kit-grabacion\HAR_mediapipe\data\gestos_p1_20260914-163555\test\paper\paper_00090.jpg
test,paper,paper_01091.jpg,p1,,gestos_p1_20260914-163555,91,C:\Users\Javier\PIDS_HandPose\kit-grabacion\HAR_mediapipe\data\gestos_p1_20260914-163555\test\paper\paper_00091.jpg
test,paper,paper_01092.jpg,p1,,gestos_p1_20260914-163555,92,C:\Users\Javier\PIDS_HandPose\kit-grabacion\HAR_mediapipe\data\gestos_p1_20260914-163555\test\paper\paper_00092.jpg
test,paper,paper_01093.jpg,p1,,gestos_p1_20260914-163555,93,C:\Users\Javier\PIDS_HandPose\kit-grabacion\HAR_mediapipe\data\gestos_p1_20260914-163555\test\paper\paper_00093.jpg
test,paper,paper_01094.jpg,p1,,gestos_p1_20260914-163555,94,C:\Users\Javier\PIDS_HandPose\kit-grabacion\HAR_mediapipe\data\gestos_p1_20260914-163555\test\paper\paper_00094.jpg
test,paper,paper_01095.jpg,p1,,gestos_p1_20260914-163555,95,C:\Users\Javier\PIDS_HandPose\kit-grabacion\HAR_mediapipe\data\gestos_p1_20260914-163555\test\paper\paper_00095.jpg
test,paper,paper_01096.jpg,p1,,gestos_p1_20260914-163555,96,C:\Users\Javier\PIDS_HandPose\kit-grabacion\HAR_mediapipe\data\gestos_p1_20260914-163555\test\paper\paper_00096.jpg
test,paper,paper_01097.jpg,p1,,gestos_p1_20260914-163555,97,C:\Users\Javier\PIDS_HandPose\kit-grabacion\HAR_mediapipe\data\gestos_p1_20260914-163555\test\paper\paper_00097.jpg
test,paper,paper_01098.jpg,p1,,gestos_p1_20260914-163555,98,C:\Users\Javier\PIDS_HandPose\kit-grabacion\HAR_mediapipe\data\gestos_p1_20260914-163555\test\paper\paper_00098.jpg
test,paper,paper_01099.jpg,p1,,gestos_p1_20260914-163555,99,C:\Users\Javier\PIDS_HandPose\kit-grabacion\HAR_mediapipe\data\gestos_p1_20260914-163555\test\paper\paper_00099.jpg
test,paper,paper_01100.jpg,p1,,gestos_p1_20260914-163555,100,C:\Users\Javier\PIDS_HandPose\kit-grabacion\HAR_mediapipe\data\gestos_p1_20260914-163555\test\paper\paper_00100.jpg
test,rock,rock_01071.jpg,p1,,gestos_p1_20260914-163555,71,C:\Users\Javier\PIDS_HandPose\kit-grabacion\HAR_mediapipe\data\gestos_p1_20260914-163555\test\rock\rock_00071.jpg
test,rock,rock_01072.jpg,p1,,gestos_p1_20260914-163555,72,C:\Users\Javier\PIDS_HandPose\kit-grabacion\HAR_mediapipe\data\gestos_p1_20260914-163555\test\rock\rock_00072.jpg
test,rock,rock_01073.jpg,p1,,gestos_p1_20260914-163555,73,C:\Users\Javier\PIDS_HandPose\kit-grabacion\HAR_mediapipe\data\gestos_p1_20260914-163555\test\rock\rock_00073.jpg
test,rock,rock_01074.jpg,p1,,gestos_p1_20260914-163555,74,C:\Users\Javier\PIDS_HandPose\kit-grabacion\HAR_mediapipe\data\gestos_p1_20260914-163555\test\rock\rock_00074.jpg
test,rock,rock_01075.jpg,p1,,gestos_p1_20260914-163555,75,C:\Users\Javier\PIDS_HandPose\kit-grabacion\HAR_mediapipe\data\gestos_p1_20260914-163555\test\rock\rock_00075.jpg
test,rock,rock_01076.jpg,p1,,gestos_p1_20260914-163555,76,C:\Users\Javier\PIDS_HandPose\kit-grabacion\HAR_mediapipe\data\gestos_p1_20260914-163555\test\rock\rock_00076.jpg
test,rock,rock_01077.jpg,p1,,gestos_p1_20260914-163555,77,C:\Users\Javier\PIDS_HandPose\kit-grabacion\HAR_mediapipe\data\gestos_p1_20260914-163555\test\rock\rock_00077.jpg
test,rock,rock_01078.jpg,p1,,gestos_p1_20260914-163555,78,C:\Users\Javier\PIDS_HandPose\kit-grabacion\HAR_mediapipe\data\gestos_p1_20260914-163555\test\rock\rock_00078.jpg
test,rock,rock_01079.jpg,p1,,gestos_p1_20260914-163555,79,C:\Users\Javier\PIDS_HandPose\kit-grabacion\HAR_mediapipe\data\gestos_p1_20260914-163555\test\rock\rock_00079.jpg
test,rock,rock_01080.jpg,p1,,gestos_p1_20260914-163555,80,C:\Users\Javier\PIDS_HandPose\kit-grabacion\HAR_mediapipe\data\gestos_p1_20260914-163555\test\rock\rock_00080.jpg
test,rock,rock_01081.jpg,p1,,gestos_p1_20260914-163555,81,C:\Users\Javier\PIDS_HandPose\kit-grabacion\HAR_mediapipe\data\gestos_p1_20260914-163555\test\rock\rock_00081.jpg
test,rock,rock_01082.jpg,p1,,gestos_p1_20260914-163555,82,C:\Users\Javier\PIDS_HandPose\kit-grabacion\HAR_mediapipe\data\gestos_p1_20260914-163555\test\rock\rock_00082.jpg
test,rock,rock_01083.jpg,p1,,gestos_p1_20260914-163555,83,C:\Users\Javier\PIDS_HandPose\kit-grabacion\HAR_mediapipe\data\gestos_p1_20260914-163555\test\rock\rock_00083.jpg
test,rock,rock_01084.jpg,p1,,gestos_p1_20260914-163555,84,C:\Users\Javier\PIDS_HandPose\kit-grabacion\HAR_mediapipe\data\gestos_p1_20260914-163555\test\rock\rock_00084.jpg
test,rock,rock_01085.jpg,p1,,gestos_p1_20260914-163555,85,C:\Users\Javier\PIDS_HandPose\kit-grabacion\HAR_mediapipe\data\gestos_p1_20260914-163555\test\rock\rock_00085.jpg
test,rock,rock_01086.jpg,p1,,gestos_p1_20260914-163555,86,C:\Users\Javier\PIDS_HandPose\kit-grabacion\HAR_mediapipe\data\gestos_p1_20260914-163555\test\rock\rock_00086.jpg
test,rock,rock_01087.jpg,p1,,gestos_p1_20260914-163555,87,C:\Users\Javier\PIDS_HandPose\kit-grabacion\HAR_mediapipe\data\gestos_p1_20260914-163555\test\rock\rock_00087.jpg
test,rock,rock_01088.jpg,p1,,gestos_p1_20260914-163555,88,C:\Users\Javier\PIDS_HandPose\kit-grabacion\HAR_mediapipe\data\gestos_p1_20260914-163555\test\rock\rock_00088.jpg
test,rock,rock_01089.jpg,p1,,gestos_p1_20260914-163555,89,C:\Users\Javier\PIDS_HandPose\kit-grabacion\HAR_mediapipe\data\gestos_p1_20260914-163555\test\rock\rock_00089.jpg
test,rock,rock_01090.jpg,p1,,gestos_p1_20260914-163555,90,C:\Users\Javier\PIDS_HandPose\kit-grabacion\HAR_mediapipe\data\gestos_p1_20260914-163555\test\rock\rock_00090.jpg
test,rock,rock_01091.jpg,p1,,gestos_p1_20260914-163555,91,C:\Users\Javier\PIDS_HandPose\kit-grabacion\HAR_mediapipe\data\gestos_p1_20260914-163555\test\rock\rock_00091.jpg
test,rock,rock_01092.jpg,p1,,gestos_p1_20260914-163555,92,C:\Users\Javier\PIDS_HandPose\kit-grabacion\HAR_mediapipe\data\gestos_p1_20260914-163555\test\rock\rock_00092.jpg
test,rock,rock_01093.jpg,p1,,gestos_p1_20260914-163555,93,C:\Users\Javier\PIDS_HandPose\kit-grabacion\HAR_mediapipe\data\gestos_p1_20260914-163555\test\rock\rock_00093.jpg
test,rock,rock_01094.jpg,p1,,gestos_p1_20260914-163555,94,C:\Users\Javier\PIDS_HandPose\kit-grabacion\HAR_mediapipe\data\gestos_p1_20260914-163555\test\rock\rock_00094.jpg
test,rock,rock_01095.jpg,p1,,gestos_p1_20260914-163555,95,C:\Users\Javier\PIDS_HandPose\kit-grabacion\HAR_mediapipe\data\gestos_p1_20260914-163555\test\rock\rock_00095.jpg
test,rock,rock_01096.jpg,p1,,gestos_p1_20260914-163555,96,C:\Users\Javier\PIDS_HandPose\kit-grabacion\HAR_mediapipe\data\gestos_p1_20260914-163555\test\rock\rock_00096.jpg
test,rock,rock_01097.jpg,p1,,gestos_p1_20260914-163555,97,C:\Users\Javier\PIDS_HandPose\kit-grabacion\HAR_mediapipe\data\gestos_p1_20260914-163555\test\rock\rock_00097.jpg
test,rock,rock_01098.jpg,p1,,gestos_p1_20260914-163555,98,C:\Users\Javier\PIDS_HandPose\kit-grabacion\HAR_mediapipe\data\gestos_p1_20260914-163555\test\rock\rock_00098.jpg
test,rock,rock_01099.jpg,p1,,gestos_p1_20260914-163555,99,C:\Users\Javier\PIDS_HandPose\kit-grabacion\HAR_mediapipe\data\gestos_p1_20260914-163555\test\rock\rock_00099.jpg
test,rock,rock_01100.jpg,p1,,gestos_p1_20260914-163555,100,C:\Users\Javier\PIDS_HandPose\kit-grabacion\HAR_mediapipe\data\gestos_p1_20260914-163555\test\rock\rock_00100.jpg
test,rockandroll,rockandroll_01071.jpg,p1,,gestos_p1_20260914-163555,71,C:\Users\Javier\PIDS_HandPose\kit-grabacion\HAR_mediapipe\data\gestos_p1_20260914-163555\test\rockandroll\rockandroll_00071.jpg
test,rockandroll,rockandroll_01072.jpg,p1,,gestos_p1_20260914-163555,72,C:\Users\Javier\PIDS_HandPose\kit-grabacion\HAR_mediapipe\data\gestos_p1_20260914-163555\test\rockandroll\rockandroll_00072.jpg
test,rockandroll,rockandroll_01073.jpg,p1,,gestos_p1_20260914-163555,73,C:\Users\Javier\PIDS_HandPose\kit-grabacion\HAR_mediapipe\data\gestos_p1_20260914-163555\test\rockandroll\rockandroll_00073.jpg
test,rockandroll,rockandroll_01074.jpg,p1,,gestos_p1_20260914-163555,74,C:\Users\Javier\PIDS_HandPose\kit-grabacion\HAR_mediapipe\data\gestos_p1_20260914-163555\test\rockandroll\rockandroll_00074.jpg
test,rockandroll,rockandroll_01075.jpg,p1,,gestos_p1_20260914-163555,75,C:\Users\Javier\PIDS_HandPose\kit-grabacion\HAR_mediapipe\data\gestos_p1_20260914-163555\test\rockandroll\rockandroll_00075.jpg
test,rockandroll,rockandroll_01076.jpg,p1,,gestos_p1_20260914-163555,76,C:\Users\Javier\PIDS_HandPose\kit-grabacion\HAR_mediapipe\data\gestos_p1_20260914-163555\test\rockandroll\rockandroll_00076.jpg
test,rockandroll,rockandroll_01077.jpg,p1,,gestos_p1_20260914-163555,77,C:\Users\Javier\PIDS_HandPose\kit-grabacion\HAR_mediapipe\data\gestos_p1_20260914-163555\test\rockandroll\rockandroll_00077.jpg
test,rockandroll,rockandroll_01078.jpg,p1,,gestos_p1_20260914-163555,78,C:\Users\Javier\PIDS_HandPose\kit-grabacion\HAR_mediapipe\data\gestos_p1_20260914-163555\test\rockandroll\rockandroll_00078.jpg
test,rockandroll,rockandroll_01079.jpg,p1,,gestos_p1_20260914-163555,79,C:\Users\Javier\PIDS_HandPose\kit-grabacion\HAR_mediapipe\data\gestos_p1_20260914-163555\test\rockandroll\rockandroll_00079.jpg
test,rockandroll,rockandroll_01080.jpg,p1,,gestos_p1_20260914-163555,80,C:\Users\Javier\PIDS_HandPose\kit-grabacion\HAR_mediapipe\data\gestos_p1_20260914-163555\test\rockandroll\rockandroll_00080.jpg
test,rockandroll,rockandroll_01081.jpg,p1,,gestos_p1_20260914-163555,81,C:\Users\Javier\PIDS_HandPose\kit-grabacion\HAR_mediapipe\data\gestos_p1_20260914-163555\test\rockandroll\rockandroll_00081.jpg
test,rockandroll,rockandroll_01082.jpg,p1,,gestos_p1_20260914-163555,82,C:\Users\Javier\PIDS_HandPose\kit-grabacion\HAR_mediapipe\data\gestos_p1_20260914-163555\test\rockandroll\rockandroll_00082.jpg
test,rockandroll,rockandroll_01083.jpg,p1,,gestos_p1_20260914-163555,83,C:\Users\Javier\PIDS_HandPose\kit-grabacion\HAR_mediapipe\data\gestos_p1_20260914-163555\test\rockandroll\rockandroll_00083.jpg
test,rockandroll,rockandroll_01084.jpg,p1,,gestos_p1_20260914-163555,84,C:\Users\Javier\PIDS_HandPose\kit-grabacion\HAR_mediapipe\data\gestos_p1_20260914-163555\test\rockandroll\rockandroll_00084.jpg
test,rockandroll,rockandroll_01085.jpg,p1,,gestos_p1_20260914-163555,85,C:\Users\Javier\PIDS_HandPose\kit-grabacion\HAR_mediapipe\data\gestos_p1_20260914-163555\test\rockandroll\rockandroll_00085.jpg
test,rockandroll,rockandroll_01086.jpg,p1,,gestos_p1_20260914-163555,86,C:\Users\Javier\PIDS_HandPose\kit-grabacion\HAR_mediapipe\data\gestos_p1_20260914-163555\test\rockandroll\rockandroll_00086.jpg
test,rockandroll,rockandroll_01087.jpg,p1,,gestos_p1_20260914-163555,87,C:\Users\Javier\PIDS_HandPose\kit-grabacion\HAR_mediapipe\data\gestos_p1_20260914-163555\test\rockandroll\rockandroll_00087.jpg
test,rockandroll,rockandroll_01088.jpg,p1,,gestos_p1_20260914-163555,88,C:\Users\Javier\PIDS_HandPose\kit-grabacion\HAR_mediapipe\data\gestos_p1_20260914-163555\test\rockandroll\rockandroll_00088.jpg
test,rockandroll,rockandroll_01089.jpg,p1,,gestos_p1_20260914-163555,89,C:\Users\Javier\PIDS_HandPose\kit-grabacion\HAR_mediapipe\data\gestos_p1_20260914-163555\test\rockandroll\rockandroll_00089.jpg
test,rockandroll,rockandroll_01090.jpg,p1,,gestos_p1_20260914-163555,90,C:\Users\Javier\PIDS_HandPose\kit-grabacion\HAR_mediapipe\data\gestos_p1_20260914-163555\test\rockandroll\rockandroll_00090.jpg
test,rockandroll,rockandroll_01091.jpg,p1,,gestos_p1_20260914-163555,91,C:\Users\Javier\PIDS_HandPose\kit-grabacion\HAR_mediapipe\data\gestos_p1_20260914-163555\test\rockandroll\rockandroll_00091.jpg
test,rockandroll,rockandroll_01092.jpg,p1,,gestos_p1_20260914-163555,92,C:\Users\Javier\PIDS_HandPose\kit-grabacion\HAR_mediapipe\data\gestos_p1_20260914-163555\test\rockandroll\rockandroll_00092.jpg
test,rockandroll,rockandroll_01093.jpg,p1,,gestos_p1_20260914-163555,93,C:\Users\Javier\PIDS_HandPose\kit-grabacion\HAR_mediapipe\data\gestos_p1_20260914-163555\test\rockandroll\rockandroll_00093.jpg
test,rockandroll,rockandroll_01094.jpg,p1,,gestos_p1_20260914-163555,94,C:\Users\Javier\PIDS_HandPose\kit-grabacion\HAR_mediapipe\data\gestos_p1_20260914-163555\test\rockandroll\rockandroll_00094.jpg
test,rockandroll,rockandroll_01095.jpg,p1,,gestos_p1_20260914-163555,95,C:\Users\Javier\PIDS_HandPose\kit-grabacion\HAR_mediapipe\data\gestos_p1_20260914-163555\test\rockandroll\rockandroll_00095.jpg
test,rockandroll,rockandroll_01096.jpg,p1,,gestos_p1_20260914-163555,96,C:\Users\Javier\PIDS_HandPose\kit-grabacion\HAR_mediapipe\data\gestos_p1_20260914-163555\test\rockandroll\rockandroll_00096.jpg
test,rockandroll,rockandroll_01097.jpg,p1,,gestos_p1_20260914-163555,97,C:\Users\Javier\PIDS_HandPose\kit-grabacion\HAR_mediapipe\data\gestos_p1_20260914-163555\test\rockandroll\rockandroll_00097.jpg
test,rockandroll,rockandroll_01098.jpg,p1,,gestos_p1_20260914-163555,98,C:\Users\Javier\PIDS_HandPose\kit-grabacion\HAR_mediapipe\data\gestos_p1_20260914-163555\test\rockandroll\rockandroll_00098.jpg
test,rockandroll,rockandroll_01099.jpg,p1,,gestos_p1_20260914-163555,99,C:\Users\Javier\PIDS_HandPose\kit-grabacion\HAR_mediapipe\data\gestos_p1_20260914-163555\test\rockandroll\rockandroll_00099.jpg
test,rockandroll,rockandroll_01100.jpg,p1,,gestos_p1_20260914-163555,100,C:\Users\Javier\PIDS_HandPose\kit-grabacion\HAR_mediapipe\data\gestos_p1_20260914-163555\test\rockandroll\rockandroll_00100.jpg
test,scissors,scissors_01071.jpg,p1,,gestos_p1_20260914-163555,71,C:\Users\Javier\PIDS_HandPose\kit-grabacion\HAR_mediapipe\data\gestos_p1_20260914-163555\test\scissors\scissors_00071.jpg
test,scissors,scissors_01072.jpg,p1,,gestos_p1_20260914-163555,72,C:\Users\Javier\PIDS_HandPose\kit-grabacion\HAR_mediapipe\data\gestos_p1_20260914-163555\test\scissors\scissors_00072.jpg
test,scissors,scissors_01073.jpg,p1,,gestos_p1_20260914-163555,73,C:\Users\Javier\PIDS_HandPose\kit-grabacion\HAR_mediapipe\data\gestos_p1_20260914-163555\test\scissors\scissors_00073.jpg
test,scissors,scissors_01074.jpg,p1,,gestos_p1_20260914-163555,74,C:\Users\Javier\PIDS_HandPose\kit-grabacion\HAR_mediapipe\data\gestos_p1_20260914-163555\test\scissors\scissors_00074.jpg
test,scissors,scissors_01075.jpg,p1,,gestos_p1_20260914-163555,75,C:\Users\Javier\PIDS_HandPose\kit-grabacion\HAR_mediapipe\data\gestos_p1_20260914-163555\test\scissors\scissors_00075.jpg
test,scissors,scissors_01076.jpg,p1,,gestos_p1_20260914-163555,76,C:\Users\Javier\PIDS_HandPose\kit-grabacion\HAR_mediapipe\data\gestos_p1_20260914-163555\test\scissors\scissors_00076.jpg
test,scissors,scissors_01077.jpg,p1,,gestos_p1_20260914-163555,77,C:\Users\Javier\PIDS_HandPose\kit-grabacion\HAR_mediapipe\data\gestos_p1_20260914-163555\test\scissors\scissors_00077.jpg
test,scissors,scissors_01078.jpg,p1,,gestos_p1_20260914-163555,78,C:\Users\Javier\PIDS_HandPose\kit-grabacion\HAR_mediapipe\data\gestos_p1_20260914-163555\test\scissors\scissors_00078.jpg
test,scissors,scissors_01079.jpg,p1,,gestos_p1_20260914-163555,79,C:\Users\Javier\PIDS_HandPose\kit-grabacion\HAR_mediapipe\data\gestos_p1_20260914-163555\test\scissors\scissors_00079.jpg
test,scissors,scissors_01080.jpg,p1,,gestos_p1_20260914-163555,80,C:\Users\Javier\PIDS_HandPose\kit-grabacion\HAR_mediapipe\data\gestos_p1_20260914-163555\test\scissors\scissors_00080.jpg
test,scissors,scissors_01081.jpg,p1,,gestos_p1_20260914-163555,81,C:\Users\Javier\PIDS_HandPose\kit-grabacion\HAR_mediapipe\data\gestos_p1_20260914-163555\test\scissors\scissors_00081.jpg
test,scissors,scissors_01082.jpg,p1,,gestos_p1_20260914-163555,82,C:\Users\Javier\PIDS_HandPose\kit-grabacion\HAR_mediapipe\data\gestos_p1_20260914-163555\test\scissors\scissors_00082.jpg
test,scissors,scissors_01083.jpg,p1,,gestos_p1_20260914-163555,83,C:\Users\Javier\PIDS_HandPose\kit-grabacion\HAR_mediapipe\data\gestos_p1_20260914-163555\test\scissors\scissors_00083.jpg
test,scissors,scissors_01084.jpg,p1,,gestos_p1_20260914-163555,84,C:\Users\Javier\PIDS_HandPose\kit-grabacion\HAR_mediapipe\data\gestos_p1_20260914-163555\test\scissors\scissors_00084.jpg
test,scissors,scissors_01085.jpg,p1,,gestos_p1_20260914-163555,85,C:\Users\Javier\PIDS_HandPose\kit-grabacion\HAR_mediapipe\data\gestos_p1_20260914-163555\test\scissors\scissors_00085.jpg
test,scissors,scissors_01086.jpg,p1,,gestos_p1_20260914-163555,86,C:\Users\Javier\PIDS_HandPose\kit-grabacion\HAR_mediapipe\data\gestos_p1_20260914-163555\test\scissors\scissors_00086.jpg
test,scissors,scissors_01087.jpg,p1,,gestos_p1_20260914-163555,87,C:\Users\Javier\PIDS_HandPose\kit-grabacion\HAR_mediapipe\data\gestos_p1_20260914-163555\test\scissors\scissors_00087.jpg
test,scissors,scissors_01088.jpg,p1,,gestos_p1_20260914-163555,88,C:\Users\Javier\PIDS_HandPose\kit-grabacion\HAR_mediapipe\data\gestos_p1_20260914-163555\test\scissors\scissors_00088.jpg
test,scissors,scissors_01089.jpg,p1,,gestos_p1_20260914-163555,89,C:\Users\Javier\PIDS_HandPose\kit-grabacion\HAR_mediapipe\data\gestos_p1_20260914-163555\test\scissors\scissors_00089.jpg
test,scissors,scissors_01090.jpg,p1,,gestos_p1_20260914-163555,90,C:\Users\Javier\PIDS_HandPose\kit-grabacion\HAR_mediapipe\data\gestos_p1_20260914-163555\test\scissors\scissors_00090.jpg
test,scissors,scissors_01091.jpg,p1,,gestos_p1_20260914-163555,91,C:\Users\Javier\PIDS_HandPose\kit-grabacion\HAR_mediapipe\data\gestos_p1_20260914-163555\test\scissors\scissors_00091.jpg
test,scissors,scissors_01092.jpg,p1,,gestos_p1_20260914-163555,92,C:\Users\Javier\PIDS_HandPose\kit-grabacion\HAR_mediapipe\data\gestos_p1_20260914-163555\test\scissors\scissors_00092.jpg
test,scissors,scissors_01093.jpg,p1,,gestos_p1_20260914-163555,93,C:\Users\Javier\PIDS_HandPose\kit-grabacion\HAR_mediapipe\data\gestos_p1_20260914-163555\test\scissors\scissors_00093.jpg
test,scissors,scissors_01094.jpg,p1,,gestos_p1_20260914-163555,94,C:\Users\Javier\PIDS_HandPose\kit-grabacion\HAR_mediapipe\data\gestos_p1_20260914-163555\test\scissors\scissors_00094.jpg
test,scissors,scissors_01095.jpg,p1,,gestos_p1_20260914-163555,95,C:\Users\Javier\PIDS_HandPose\kit-grabacion\HAR_mediapipe\data\gestos_p1_20260914-163555\test\scissors\scissors_00095.jpg
test,scissors,scissors_01096.jpg,p1,,gestos_p1_20260914-163555,96,C:\Users\Javier\PIDS_HandPose\kit-grabacion\HAR_mediapipe\data\gestos_p1_20260914-163555\test\scissors\scissors_00096.jpg
test,scissors,scissors_01097.jpg,p1,,gestos_p1_20260914-163555,97,C:\Users\Javier\PIDS_HandPose\kit-grabacion\HAR_mediapipe\data\gestos_p1_20260914-163555\test\scissors\scissors_00097.jpg
test,scissors,scissors_01098.jpg,p1,,gestos_p1_20260914-163555,98,C:\Users\Javier\PIDS_HandPose\kit-grabacion\HAR_mediapipe\data\gestos_p1_20260914-163555\test\scissors\scissors_00098.jpg
test,scissors,scissors_01099.jpg,p1,,gestos_p1_20260914-163555,99,C:\Users\Javier\PIDS_HandPose\kit-grabacion\HAR_mediapipe\data\gestos_p1_20260914-163555\test\scissors\scissors_00099.jpg
test,scissors,scissors_01100.jpg,p1,,gestos_p1_20260914-163555,100,C:\Users\Javier\PIDS_HandPose\kit-grabacion\HAR_mediapipe\data\gestos_p1_20260914-163555\test\scissors\scissors_00100.jpg
test,thumbsup,thumbsup_01071.jpg,p1,,gestos_p1_20260914-163555,71,C:\Users\Javier\PIDS_HandPose\kit-grabacion\HAR_mediapipe\data\gestos_p1_20260914-163555\test\thumbsup\thumbsup_00071.jpg
test,thumbsup,thumbsup_01072.jpg,p1,,gestos_p1_20260914-163555,72,C:\Users\Javier\PIDS_HandPose\kit-grabacion\HAR_mediapipe\data\gestos_p1_20260914-163555\test\thumbsup\thumbsup_00072.jpg
test,thumbsup,thumbsup_01073.jpg,p1,,gestos_p1_20260914-163555,73,C:\Users\Javier\PIDS_HandPose\kit-grabacion\HAR_mediapipe\data\gestos_p1_20260914-163555\test\thumbsup\thumbsup_00073.jpg
test,thumbsup,thumbsup_01074.jpg,p1,,gestos_p1_20260914-163555,74,C:\Users\Javier\PIDS_HandPose\kit-grabacion\HAR_mediapipe\data\gestos_p1_20260914-163555\test\thumbsup\thumbsup_00074.jpg
test,thumbsup,thumbsup_01075.jpg,p1,,gestos_p1_20260914-163555,75,C:\Users\Javier\PIDS_HandPose\kit-grabacion\HAR_mediapipe\data\gestos_p1_20260914-163555\test\thumbsup\thumbsup_00075.jpg
test,thumbsup,thumbsup_01076.jpg,p1,,gestos_p1_20260914-163555,76,C:\Users\Javier\PIDS_HandPose\kit-grabacion\HAR_mediapipe\data\gestos_p1_20260914-163555\test\thumbsup\thumbsup_00076.jpg
test,thumbsup,thumbsup_01077.jpg,p1,,gestos_p1_20260914-163555,77,C:\Users\Javier\PIDS_HandPose\kit-grabacion\HAR_mediapipe\data\gestos_p1_20260914-163555\test\thumbsup\thumbsup_00077.jpg
test,thumbsup,thumbsup_01078.jpg,p1,,gestos_p1_20260914-163555,78,C:\Users\Javier\PIDS_HandPose\kit-grabacion\HAR_mediapipe\data\gestos_p1_20260914-163555\test\thumbsup\thumbsup_00078.jpg
test,thumbsup,thumbsup_01079.jpg,p1,,gestos_p1_20260914-163555,79,C:\Users\Javier\PIDS_HandPose\kit-grabacion\HAR_mediapipe\data\gestos_p1_20260914-163555\test\thumbsup\thumbsup_00079.jpg
test,thumbsup,thumbsup_01080.jpg,p1,,gestos_p1_20260914-163555,80,C:\Users\Javier\PIDS_HandPose\kit-grabacion\HAR_mediapipe\data\gestos_p1_20260914-163555\test\thumbsup\thumbsup_00080.jpg
test,thumbsup,thumbsup_01081.jpg,p1,,gestos_p1_20260914-163555,81,C:\Users\Javier\PIDS_HandPose\kit-grabacion\HAR_mediapipe\data\gestos_p1_20260914-163555\test\thumbsup\thumbsup_00081.jpg
test,thumbsup,thumbsup_01082.jpg,p1,,gestos_p1_20260914-163555,82,C:\Users\Javier\PIDS_HandPose\kit-grabacion\HAR_mediapipe\data\gestos_p1_20260914-163555\test\thumbsup\thumbsup_00082.jpg
test,thumbsup,thumbsup_01083.jpg,p1,,gestos_p1_20260914-163555,83,C:\Users\Javier\PIDS_HandPose\kit-grabacion\HAR_mediapipe\data\gestos_p1_20260914-163555\test\thumbsup\thumbsup_00083.jpg
test,thumbsup,thumbsup_01084.jpg,p1,,gestos_p1_20260914-163555,84,C:\Users\Javier\PIDS_HandPose\kit-grabacion\HAR_mediapipe\data\gestos_p1_20260914-163555\test\thumbsup\thumbsup_00084.jpg
test,thumbsup,thumbsup_01085.jpg,p1,,gestos_p1_20260914-163555,85,C:\Users\Javier\PIDS_HandPose\kit-grabacion\HAR_mediapipe\data\gestos_p1_20260914-163555\test\thumbsup\thumbsup_00085.jpg
test,thumbsup,thumbsup_01086.jpg,p1,,gestos_p1_20260914-163555,86,C:\Users\Javier\PIDS_HandPose\kit-grabacion\HAR_mediapipe\data\gestos_p1_20260914-163555\test\thumbsup\thumbsup_00086.jpg
test,thumbsup,thumbsup_01087.jpg,p1,,gestos_p1_20260914-163555,87,C:\Users\Javier\PIDS_HandPose\kit-grabacion\HAR_mediapipe\data\gestos_p1_20260914-163555\test\thumbsup\thumbsup_00087.jpg
test,thumbsup,thumbsup_01088.jpg,p1,,gestos_p1_20260914-163555,88,C:\Users\Javier\PIDS_HandPose\kit-grabacion\HAR_mediapipe\data\gestos_p1_20260914-163555\test\thumbsup\thumbsup_00088.jpg
test,thumbsup,thumbsup_01089.jpg,p1,,gestos_p1_20260914-163555,89,C:\Users\Javier\PIDS_HandPose\kit-grabacion\HAR_mediapipe\data\gestos_p1_20260914-163555\test\thumbsup\thumbsup_00089.jpg
test,thumbsup,thumbsup_01090.jpg,p1,,gestos_p1_20260914-163555,90,C:\Users\Javier\PIDS_HandPose\kit-grabacion\HAR_mediapipe\data\gestos_p1_20260914-163555\test\thumbsup\thumbsup_00090.jpg
test,thumbsup,thumbsup_01091.jpg,p1,,gestos_p1_20260914-163555,91,C:\Users\Javier\PIDS_HandPose\kit-grabacion\HAR_mediapipe\data\gestos_p1_20260914-163555\test\thumbsup\thumbsup_00091.jpg
test,thumbsup,thumbsup_01092.jpg,p1,,gestos_p1_20260914-163555,92,C:\Users\Javier\PIDS_HandPose\kit-grabacion\HAR_mediapipe\data\gestos_p1_20260914-163555\test\thumbsup\thumbsup_00092.jpg
test,thumbsup,thumbsup_01093.jpg,p1,,gestos_p1_20260914-163555,93,C:\Users\Javier\PIDS_HandPose\kit-grabacion\HAR_mediapipe\data\gestos_p1_20260914-163555\test\thumbsup\thumbsup_00093.jpg
test,thumbsup,thumbsup_01094.jpg,p1,,gestos_p1_20260914-163555,94,C:\Users\Javier\PIDS_HandPose\kit-grabacion\HAR_mediapipe\data\gestos_p1_20260914-163555\test\thumbsup\thumbsup_00094.jpg
test,thumbsup,thumbsup_01095.jpg,p1,,gestos_p1_20260914-163555,95,C:\Users\Javier\PIDS_HandPose\kit-grabacion\HAR_mediapipe\data\gestos_p1_20260914-163555\test\thumbsup\thumbsup_00095.jpg
test,thumbsup,thumbsup_01096.jpg,p1,,gestos_p1_20260914-163555,96,C:\Users\Javier\PIDS_HandPose\kit-grabacion\HAR_mediapipe\data\gestos_p1_20260914-163555\test\thumbsup\thumbsup_00096.jpg
test,thumbsup,thumbsup_01097.jpg,p1,,gestos_p1_20260914-163555,97,C:\Users\Javier\PIDS_HandPose\kit-grabacion\HAR_mediapipe\data\gestos_p1_20260914-163555\test\thumbsup\thumbsup_00097.jpg
test,thumbsup,thumbsup_01098.jpg,p1,,gestos_p1_20260914-163555,98,C:\Users\Javier\PIDS_HandPose\kit-grabacion\HAR_mediapipe\data\gestos_p1_20260914-163555\test\thumbsup\thumbsup_00098.jpg
test,thumbsup,thumbsup_01099.jpg,p1,,gestos_p1_20260914-163555,99,C:\Users\Javier\PIDS_HandPose\kit-grabacion\HAR_mediapipe\data\gestos_p1_20260914-163555\test\thumbsup\thumbsup_00099.jpg
test,thumbsup,thumbsup_01100.jpg,p1,,gestos_p1_20260914-163555,100,C:\Users\Javier\PIDS_HandPose\kit-grabacion\HAR_mediapipe\data\gestos_p1_20260914-163555\test\thumbsup\thumbsup_00100.jpg
train,ok,ok_02001.jpg,p2,,gestos_p2_20260914-165026,1,C:\Users\Javier\PIDS_HandPose\kit-grabacion\HAR_mediapipe\data\gestos_p2_20260914-165026\train\ok\ok_00001.jpg
train,ok,ok_02002.jpg,p2,,gestos_p2_20260914-165026,2,C:\Users\Javier\PIDS_HandPose\kit-grabacion\HAR_mediapipe\data\gestos_p2_20260914-165026\train\ok\ok_00002.jpg
train,ok,ok_02003.jpg,p2,,gestos_p2_20260914-165026,3,C:\Users\Javier\PIDS_HandPose\kit-grabacion\HAR_mediapipe\data\gestos_p2_20260914-165026\train\ok\ok_00003.jpg
train,ok,ok_02004.jpg,p2,,gestos_p2_20260914-165026,4,C:\Users\Javier\PIDS_HandPose\kit-grabacion\HAR_mediapipe\data\gestos_p2_20260914-165026\train\ok\ok_00004.jpg
train,ok,ok_02005.jpg,p2,,gestos_p2_20260914-165026,5,C:\Users\Javier\PIDS_HandPose\kit-grabacion\HAR_mediapipe\data\gestos_p2_20260914-165026\train\ok\ok_00005.jpg
train,ok,ok_02006.jpg,p2,,gestos_p2_20260914-165026,6,C:\Users\Javier\PIDS_HandPose\kit-grabacion\HAR_mediapipe\data\gestos_p2_20260914-165026\train\ok\ok_00006.jpg
train,ok,ok_02007.jpg,p2,,gestos_p2_20260914-165026,7,C:\Users\Javier\PIDS_HandPose\kit-grabacion\HAR_mediapipe\data\gestos_p2_20260914-165026\train\ok\ok_00007.jpg
train,ok,ok_02008.jpg,p2,,gestos_p2_20260914-165026,8,C:\Users\Javier\PIDS_HandPose\kit-grabacion\HAR_mediapipe\data\gestos_p2_20260914-165026\train\ok\ok_00008.jpg
train,ok,ok_02009.jpg,p2,,gestos_p2_20260914-165026,9,C:\Users\Javier\PIDS_HandPose\kit-grabacion\HAR_mediapipe\data\gestos_p2_20260914-165026\train\ok\ok_00009.jpg
train,ok,ok_02010.jpg,p2,,gestos_p2_20260914-165026,10,C:\Users\Javier\PIDS_HandPose\kit-grabacion\HAR_mediapipe\data\gestos_p2_20260914-165026\train\ok\ok_00010.jpg
train,ok,ok_02011.jpg,p2,,gestos_p2_20260914-165026,11,C:\Users\Javier\PIDS_HandPose\kit-grabacion\HAR_mediapipe\data\gestos_p2_20260914-165026\train\ok\ok_00011.jpg
train,ok,ok_02012.jpg,p2,,gestos_p2_20260914-165026,12,C:\Users\Javier\PIDS_HandPose\kit-grabacion\HAR_mediapipe\data\gestos_p2_20260914-165026\train\ok\ok_00012.jpg
train,ok,ok_02013.jpg,p2,,gestos_p2_20260914-165026,13,C:\Users\Javier\PIDS_HandPose\kit-grabacion\HAR_mediapipe\data\gestos_p2_20260914-165026\train\ok\ok_00013.jpg
train,ok,ok_02014.jpg,p2,,gestos_p2_20260914-165026,14,C:\Users\Javier\PIDS_HandPose\kit-grabacion\HAR_mediapipe\data\gestos_p2_20260914-165026\train\ok\ok_00014.jpg
train,ok,ok_02015.jpg,p2,,gestos_p2_20260914-165026,15,C:\Users\Javier\PIDS_HandPose\kit-grabacion\HAR_mediapipe\data\gestos_p2_20260914-165026\train\ok\ok_00015.jpg
train,ok,ok_02016.jpg,p2,,gestos_p2_20260914-165026,16,C:\Users\Javier\PIDS_HandPose\kit-grabacion\HAR_mediapipe\data\gestos_p2_20260914-165026\train\ok\ok_00016.jpg
train,ok,ok_02017.jpg,p2,,gestos_p2_20260914-165026,17,C:\Users\Javier\PIDS_HandPose\kit-grabacion\HAR_mediapipe\data\gestos_p2_20260914-165026\train\ok\ok_00017.jpg
train,ok,ok_02018.jpg,p2,,gestos_p2_20260914-165026,18,C:\Users\Javier\PIDS_HandPose\kit-grabacion\HAR_mediapipe\data\gestos_p2_20260914-165026\train\ok\ok_00018.jpg
train,ok,ok_02019.jpg,p2,,gestos_p2_20260914-165026,19,C:\Users\Javier\PIDS_HandPose\kit-grabacion\HAR_mediapipe\data\gestos_p2_20260914-165026\train\ok\ok_00019.jpg
train,ok,ok_02020.jpg,p2,,gestos_p2_20260914-165026,20,C:\Users\Javier\PIDS_HandPose\kit-grabacion\HAR_mediapipe\data\gestos_p2_20260914-165026\train\ok\ok_00020.jpg
train,ok,ok_02021.jpg,p2,,gestos_p2_20260914-165026,21,C:\Users\Javier\PIDS_HandPose\kit-grabacion\HAR_mediapipe\data\gestos_p2_20260914-165026\train\ok\ok_00021.jpg
train,ok,ok_02022.jpg,p2,,gestos_p2_20260914-165026,22,C:\Users\Javier\PIDS_HandPose\kit-grabacion\HAR_mediapipe\data\gestos_p2_20260914-165026\train\ok\ok_00022.jpg
train,ok,ok_02023.jpg,p2,,gestos_p2_20260914-165026,23,C:\Users\Javier\PIDS_HandPose\kit-grabacion\HAR_mediapipe\data\gestos_p2_20260914-165026\train\ok\ok_00023.jpg
train,ok,ok_02024.jpg,p2,,gestos_p2_20260914-165026,24,C:\Users\Javier\PIDS_HandPose\kit-grabacion\HAR_mediapipe\data\gestos_p2_20260914-165026\train\ok\ok_00024.jpg
train,ok,ok_02025.jpg,p2,,gestos_p2_20260914-165026,25,C:\Users\Javier\PIDS_HandPose\kit-grabacion\HAR_mediapipe\data\gestos_p2_20260914-165026\train\ok\ok_00025.jpg
train,ok,ok_02026.jpg,p2,,gestos_p2_20260914-165026,26,C:\Users\Javier\PIDS_HandPose\kit-grabacion\HAR_mediapipe\data\gestos_p2_20260914-165026\train\ok\ok_00026.jpg
train,ok,ok_02027.jpg,p2,,gestos_p2_20260914-165026,27,C:\Users\Javier\PIDS_HandPose\kit-grabacion\HAR_mediapipe\data\gestos_p2_20260914-165026\train\ok\ok_00027.jpg
train,ok,ok_02028.jpg,p2,,gestos_p2_20260914-165026,28,C:\Users\Javier\PIDS_HandPose\kit-grabacion\HAR_mediapipe\data\gestos_p2_20260914-165026\train\ok\ok_00028.jpg
train,ok,ok_02029.jpg,p2,,gestos_p2_20260914-165026,29,C:\Users\Javier\PIDS_HandPose\kit-grabacion\HAR_mediapipe\data\gestos_p2_20260914-165026\train\ok\ok_00029.jpg
train,ok,ok_02030.jpg,p2,,gestos_p2_20260914-165026,30,C:\Users\Javier\PIDS_HandPose\kit-grabacion\HAR_mediapipe\data\gestos_p2_20260914-165026\train\ok\ok_00030.jpg
train,ok,ok_02031.jpg,p2,,gestos_p2_20260914-165026,31,C:\Users\Javier\PIDS_HandPose\kit-grabacion\HAR_mediapipe\data\gestos_p2_20260914-165026\train\ok\ok_00031.jpg
train,ok,ok_02032.jpg,p2,,gestos_p2_20260914-165026,32,C:\Users\Javier\PIDS_HandPose\kit-grabacion\HAR_mediapipe\data\gestos_p2_20260914-165026\train\ok\ok_00032.jpg
train,ok,ok_02033.jpg,p2,,gestos_p2_20260914-165026,33,C:\Users\Javier\PIDS_HandPose\kit-grabacion\HAR_mediapipe\data\gestos_p2_20260914-165026\train\ok\ok_00033.jpg
train,ok,ok_02034.jpg,p2,,gestos_p2_20260914-165026,34,C:\Users\Javier\PIDS_HandPose\kit-grabacion\HAR_mediapipe\data\gestos_p2_20260914-165026\train\ok\ok_00034.jpg
train,ok,ok_02035.jpg,p2,,gestos_p2_20260914-165026,35,C:\Users\Javier\PIDS_HandPose\kit-grabacion\HAR_mediapipe\data\gestos_p2_20260914-165026\train\ok\ok_00035.jpg
train,ok,ok_02036.jpg,p2,,gestos_p2_20260914-165026,36,C:\Users\Javier\PIDS_HandPose\kit-grabacion\HAR_mediapipe\data\gestos_p2_20260914-165026\train\ok\ok_00036.jpg
train,ok,ok_02037.jpg,p2,,gestos_p2_20260914-165026,37,C:\Users\Javier\PIDS_HandPose\kit-grabacion\HAR_mediapipe\data\gestos_p2_20260914-165026\train\ok\ok_00037.jpg
train,ok,ok_02038.jpg,p2,,gestos_p2_20260914-165026,38,C:\Users\Javier\PIDS_HandPose\kit-grabacion\HAR_mediapipe\data\gestos_p2_20260914-165026\train\ok\ok_00038.jpg
train,ok,ok_02039.jpg,p2,,gestos_p2_20260914-165026,39,C:\Users\Javier\PIDS_HandPose\kit-grabacion\HAR_mediapipe\data\gestos_p2_20260914-165026\train\ok\ok_00039.jpg
train,ok,ok_02040.jpg,p2,,gestos_p2_20260914-165026,40,C:\Users\Javier\PIDS_HandPose\kit-grabacion\HAR_mediapipe\data\gestos_p2_20260914-165026\train\ok\ok_00040.jpg
train,ok,ok_02041.jpg,p2,,gestos_p2_20260914-165026,41,C:\Users\Javier\PIDS_HandPose\kit-grabacion\HAR_mediapipe\data\gestos_p2_20260914-165026\train\ok\ok_00041.jpg
train,ok,ok_02042.jpg,p2,,gestos_p2_20260914-165026,42,C:\Users\Javier\PIDS_HandPose\kit-grabacion\HAR_mediapipe\data\gestos_p2_20260914-165026\train\ok\ok_00042.jpg
train,ok,ok_02043.jpg,p2,,gestos_p2_20260914-165026,43,C:\Users\Javier\PIDS_HandPose\kit-grabacion\HAR_mediapipe\data\gestos_p2_20260914-165026\train\ok\ok_00043.jpg
train,ok,ok_02044.jpg,p2,,gestos_p2_20260914-165026,44,C:\Users\Javier\PIDS_HandPose\kit-grabacion\HAR_mediapipe\data\gestos_p2_20260914-165026\train\ok\ok_00044.jpg
train,ok,ok_02045.jpg,p2,,gestos_p2_20260914-165026,45,C:\Users\Javier\PIDS_HandPose\kit-grabacion\HAR_mediapipe\data\gestos_p2_20260914-165026\train\ok\ok_00045.jpg
train,ok,ok_02046.jpg,p2,,gestos_p2_20260914-165026,46,C:\Users\Javier\PIDS_HandPose\kit-grabacion\HAR_mediapipe\data\gestos_p2_20260914-165026\train\ok\ok_00046.jpg
train,ok,ok_02047.jpg,p2,,gestos_p2_20260914-165026,47,C:\Users\Javier\PIDS_HandPose\kit-grabacion\HAR_mediapipe\data\gestos_p2_20260914-165026\train\ok\ok_00047.jpg
train,ok,ok_02048.jpg,p2,,gestos_p2_20260914-165026,48,C:\Users\Javier\PIDS_HandPose\kit-grabacion\HAR_mediapipe\data\gestos_p2_20260914-165026\train\ok\ok_00048.jpg
train,ok,ok_02049.jpg,p2,,gestos_p2_20260914-165026,49,C:\Users\Javier\PIDS_HandPose\kit-grabacion\HAR_mediapipe\data\gestos_p2_20260914-165026\train\ok\ok_00049.jpg
train,ok,ok_02050.jpg,p2,,gestos_p2_20260914-165026,50,C:\Users\Javier\PIDS_HandPose\kit-grabacion\HAR_mediapipe\data\gestos_p2_20260914-165026\train\ok\ok_00050.jpg
train,ok,ok_02051.jpg,p2,,gestos_p2_20260914-165026,51,C:\Users\Javier\PIDS_HandPose\kit-grabacion\HAR_mediapipe\data\gestos_p2_20260914-165026\train\ok\ok_00051.jpg
train,ok,ok_02052.jpg,p2,,gestos_p2_20260914-165026,52,C:\Users\Javier\PIDS_HandPose\kit-grabacion\HAR_mediapipe\data\gestos_p2_20260914-165026\train\ok\ok_00052.jpg
train,ok,ok_02053.jpg,p2,,gestos_p2_20260914-165026,53,C:\Users\Javier\PIDS_HandPose\kit-grabacion\HAR_mediapipe\data\gestos_p2_20260914-165026\train\ok\ok_00053.jpg
train,ok,ok_02054.jpg,p2,,gestos_p2_20260914-165026,54,C:\Users\Javier\PIDS_HandPose\kit-grabacion\HAR_mediapipe\data\gestos_p2_20260914-165026\train\ok\ok_00054.jpg
train,ok,ok_02055.jpg,p2,,gestos_p2_20260914-165026,55,C:\Users\Javier\PIDS_HandPose\kit-grabacion\HAR_mediapipe\data\gestos_p2_20260914-165026\train\ok\ok_00055.jpg
train,ok,ok_02056.jpg,p2,,gestos_p2_20260914-165026,56,C:\Users\Javier\PIDS_HandPose\kit-grabacion\HAR_mediapipe\data\gestos_p2_20260914-165026\train\ok\ok_00056.jpg
train,ok,ok_02057.jpg,p2,,gestos_p2_20260914-165026,57,C:\Users\Javier\PIDS_HandPose\kit-grabacion\HAR_mediapipe\data\gestos_p2_20260914-165026\train\ok\ok_00057.jpg
train,ok,ok_02058.jpg,p2,,gestos_p2_20260914-165026,58,C:\Users\Javier\PIDS_HandPose\kit-grabacion\HAR_mediapipe\data\gestos_p2_20260914-165026\train\ok\ok_00058.jpg
train,ok,ok_02059.jpg,p2,,gestos_p2_20260914-165026,59,C:\Users\Javier\PIDS_HandPose\kit-grabacion\HAR_mediapipe\data\gestos_p2_20260914-165026\train\ok\ok_00059.jpg
train,ok,ok_02060.jpg,p2,,gestos_p2_20260914-165026,60,C:\Users\Javier\PIDS_HandPose\kit-grabacion\HAR_mediapipe\data\gestos_p2_20260914-165026\train\ok\ok_00060.jpg
train,ok,ok_02061.jpg,p2,,gestos_p2_20260914-165026,61,C:\Users\Javier\PIDS_HandPose\kit-grabacion\HAR_mediapipe\data\gestos_p2_20260914-165026\train\ok\ok_00061.jpg
train,ok,ok_02062.jpg,p2,,gestos_p2_20260914-165026,62,C:\Users\Javier\PIDS_HandPose\kit-grabacion\HAR_mediapipe\data\gestos_p2_20260914-165026\train\ok\ok_00062.jpg
train,ok,ok_02063.jpg,p2,,gestos_p2_20260914-165026,63,C:\Users\Javier\PIDS_HandPose\kit-grabacion\HAR_mediapipe\data\gestos_p2_20260914-165026\train\ok\ok_00063.jpg
train,ok,ok_02064.jpg,p2,,gestos_p2_20260914-165026,64,C:\Users\Javier\PIDS_HandPose\kit-grabacion\HAR_mediapipe\data\gestos_p2_20260914-165026\train\ok\ok_00064.jpg
train,ok,ok_02065.jpg,p2,,gestos_p2_20260914-165026,65,C:\Users\Javier\PIDS_HandPose\kit-grabacion\HAR_mediapipe\data\gestos_p2_20260914-165026\train\ok\ok_00065.jpg
train,ok,ok_02066.jpg,p2,,gestos_p2_20260914-165026,66,C:\Users\Javier\PIDS_HandPose\kit-grabacion\HAR_mediapipe\data\gestos_p2_20260914-165026\train\ok\ok_00066.jpg
train,ok,ok_02067.jpg,p2,,gestos_p2_20260914-165026,67,C:\Users\Javier\PIDS_HandPose\kit-grabacion\HAR_mediapipe\data\gestos_p2_20260914-165026\train\ok\ok_00067.jpg
train,ok,ok_02068.jpg,p2,,gestos_p2_20260914-165026,68,C:\Users\Javier\PIDS_HandPose\kit-grabacion\HAR_mediapipe\data\gestos_p2_20260914-165026\train\ok\ok_00068.jpg
train,ok,ok_02069.jpg,p2,,gestos_p2_20260914-165026,69,C:\Users\Javier\PIDS_HandPose\kit-grabacion\HAR_mediapipe\data\gestos_p2_20260914-165026\train\ok\ok_00069.jpg
train,ok,ok_02070.jpg,p2,,gestos_p2_20260914-165026,70,C:\Users\Javier\PIDS_HandPose\kit-grabacion\HAR_mediapipe\data\gestos_p2_20260914-165026\train\ok\ok_00070.jpg
train,paper,paper_02001.jpg,p2,,gestos_p2_20260914-165026,1,C:\Users\Javier\PIDS_HandPose\kit-grabacion\HAR_mediapipe\data\gestos_p2_20260914-165026\train\paper\paper_00001.jpg
train,paper,paper_02002.jpg,p2,,gestos_p2_20260914-165026,2,C:\Users\Javier\PIDS_HandPose\kit-grabacion\HAR_mediapipe\data\gestos_p2_20260914-165026\train\paper\paper_00002.jpg
train,paper,paper_02003.jpg,p2,,gestos_p2_20260914-165026,3,C:\Users\Javier\PIDS_HandPose\kit-grabacion\HAR_mediapipe\data\gestos_p2_20260914-165026\train\paper\paper_00003.jpg
train,paper,paper_02004.jpg,p2,,gestos_p2_20260914-165026,4,C:\Users\Javier\PIDS_HandPose\kit-grabacion\HAR_mediapipe\data\gestos_p2_20260914-165026\train\paper\paper_00004.jpg
train,paper,paper_02005.jpg,p2,,gestos_p2_20260914-165026,5,C:\Users\Javier\PIDS_HandPose\kit-grabacion\HAR_mediapipe\data\gestos_p2_20260914-165026\train\paper\paper_00005.jpg
train,paper,paper_02006.jpg,p2,,gestos_p2_20260914-165026,6,C:\Users\Javier\PIDS_HandPose\kit-grabacion\HAR_mediapipe\data\gestos_p2_20260914-165026\train\paper\paper_00006.jpg
train,paper,paper_02007.jpg,p2,,gestos_p2_20260914-165026,7,C:\Users\Javier\PIDS_HandPose\kit-grabacion\HAR_mediapipe\data\gestos_p2_20260914-165026\train\paper\paper_00007.jpg
train,paper,paper_02008.jpg,p2,,gestos_p2_20260914-165026,8,C:\Users\Javier\PIDS_HandPose\kit-grabacion\HAR_mediapipe\data\gestos_p2_20260914-165026\train\paper\paper_00008.jpg
train,paper,paper_02009.jpg,p2,,gestos_p2_20260914-165026,9,C:\Users\Javier\PIDS_HandPose\kit-grabacion\HAR_mediapipe\data\gestos_p2_20260914-165026\train\paper\paper_00009.jpg
train,paper,paper_02010.jpg,p2,,gestos_p2_20260914-165026,10,C:\Users\Javier\PIDS_HandPose\kit-grabacion\HAR_mediapipe\data\gestos_p2_20260914-165026\train\paper\paper_00010.jpg
train,paper,paper_02011.jpg,p2,,gestos_p2_20260914-165026,11,C:\Users\Javier\PIDS_HandPose\kit-grabacion\HAR_mediapipe\data\gestos_p2_20260914-165026\train\paper\paper_00011.jpg
train,paper,paper_02012.jpg,p2,,gestos_p2_20260914-165026,12,C:\Users\Javier\PIDS_HandPose\kit-grabacion\HAR_mediapipe\data\gestos_p2_20260914-165026\train\paper\paper_00012.jpg
train,paper,paper_02013.jpg,p2,,gestos_p2_20260914-165026,13,C:\Users\Javier\PIDS_HandPose\kit-grabacion\HAR_mediapipe\data\gestos_p2_20260914-165026\train\paper\paper_00013.jpg
train,paper,paper_02014.jpg,p2,,gestos_p2_20260914-165026,14,C:\Users\Javier\PIDS_HandPose\kit-grabacion\HAR_mediapipe\data\gestos_p2_20260914-165026\train\paper\paper_00014.jpg
train,paper,paper_02015.jpg,p2,,gestos_p2_20260914-165026,15,C:\Users\Javier\PIDS_HandPose\kit-grabacion\HAR_mediapipe\data\gestos_p2_20260914-165026\train\paper\paper_00015.jpg
train,paper,paper_02016.jpg,p2,,gestos_p2_20260914-165026,16,C:\Users\Javier\PIDS_HandPose\kit-grabacion\HAR_mediapipe\data\gestos_p2_20260914-165026\train\paper\paper_00016.jpg
train,paper,paper_02017.jpg,p2,,gestos_p2_20260914-165026,17,C:\Users\Javier\PIDS_HandPose\kit-grabacion\HAR_mediapipe\data\gestos_p2_20260914-165026\train\paper\paper_00017.jpg
train,paper,paper_02018.jpg,p2,,gestos_p2_20260914-165026,18,C:\Users\Javier\PIDS_HandPose\kit-grabacion\HAR_mediapipe\data\gestos_p2_20260914-165026\train\paper\paper_00018.jpg
train,paper,paper_02019.jpg,p2,,gestos_p2_20260914-165026,19,C:\Users\Javier\PIDS_HandPose\kit-grabacion\HAR_mediapipe\data\gestos_p2_20260914-165026\train\paper\paper_00019.jpg
train,paper,paper_02020.jpg,p2,,gestos_p2_20260914-165026,20,C:\Users\Javier\PIDS_HandPose\kit-grabacion\HAR_mediapipe\data\gestos_p2_20260914-165026\train\paper\paper_00020.jpg
train,paper,paper_02021.jpg,p2,,gestos_p2_20260914-165026,21,C:\Users\Javier\PIDS_HandPose\kit-grabacion\HAR_mediapipe\data\gestos_p2_20260914-165026\train\paper\paper_00021.jpg
train,paper,paper_02022.jpg,p2,,gestos_p2_20260914-165026,22,C:\Users\Javier\PIDS_HandPose\kit-grabacion\HAR_mediapipe\data\gestos_p2_20260914-165026\train\paper\paper_00022.jpg
train,paper,paper_02023.jpg,p2,,gestos_p2_20260914-165026,23,C:\Users\Javier\PIDS_HandPose\kit-grabacion\HAR_mediapipe\data\gestos_p2_20260914-165026\train\paper\paper_00023.jpg
train,paper,paper_02024.jpg,p2,,gestos_p2_20260914-165026,24,C:\Users\Javier\PIDS_HandPose\kit-grabacion\HAR_mediapipe\data\gestos_p2_20260914-165026\train\paper\paper_00024.jpg
train,paper,paper_02025.jpg,p2,,gestos_p2_20260914-165026,25,C:\Users\Javier\PIDS_HandPose\kit-grabacion\HAR_mediapipe\data\gestos_p2_20260914-165026\train\paper\paper_00025.jpg
train,paper,paper_02026.jpg,p2,,gestos_p2_20260914-165026,26,C:\Users\Javier\PIDS_HandPose\kit-grabacion\HAR_mediapipe\data\gestos_p2_20260914-165026\train\paper\paper_00026.jpg
train,paper,paper_02027.jpg,p2,,gestos_p2_20260914-165026,27,C:\Users\Javier\PIDS_HandPose\kit-grabacion\HAR_mediapipe\data\gestos_p2_20260914-165026\train\paper\paper_00027.jpg
train,paper,paper_02028.jpg,p2,,gestos_p2_20260914-165026,28,C:\Users\Javier\PIDS_HandPose\kit-grabacion\HAR_mediapipe\data\gestos_p2_20260914-165026\train\paper\paper_00028.jpg
train,paper,paper_02029.jpg,p2,,gestos_p2_20260914-165026,29,C:\Users\Javier\PIDS_HandPose\kit-grabacion\HAR_mediapipe\data\gestos_p2_20260914-165026\train\paper\paper_00029.jpg
train,paper,paper_02030.jpg,p2,,gestos_p2_20260914-165026,30,C:\Users\Javier\PIDS_HandPose\kit-grabacion\HAR_mediapipe\data\gestos_p2_20260914-165026\train\paper\paper_00030.jpg
train,paper,paper_02031.jpg,p2,,gestos_p2_20260914-165026,31,C:\Users\Javier\PIDS_HandPose\kit-grabacion\HAR_mediapipe\data\gestos_p2_20260914-165026\train\paper\paper_00031.jpg
train,paper,paper_02032.jpg,p2,,gestos_p2_20260914-165026,32,C:\Users\Javier\PIDS_HandPose\kit-grabacion\HAR_mediapipe\data\gestos_p2_20260914-165026\train\paper\paper_00032.jpg
train,paper,paper_02033.jpg,p2,,gestos_p2_20260914-165026,33,C:\Users\Javier\PIDS_HandPose\kit-grabacion\HAR_mediapipe\data\gestos_p2_20260914-165026\train\paper\paper_00033.jpg
train,paper,paper_02034.jpg,p2,,gestos_p2_20260914-165026,34,C:\Users\Javier\PIDS_HandPose\kit-grabacion\HAR_mediapipe\data\gestos_p2_20260914-165026\train\paper\paper_00034.jpg
train,paper,paper_02035.jpg,p2,,gestos_p2_20260914-165026,35,C:\Users\Javier\PIDS_HandPose\kit-grabacion\HAR_mediapipe\data\gestos_p2_20260914-165026\train\paper\paper_00035.jpg
train,paper,paper_02036.jpg,p2,,gestos_p2_20260914-165026,36,C:\Users\Javier\PIDS_HandPose\kit-grabacion\HAR_mediapipe\data\gestos_p2_20260914-165026\train\paper\paper_00036.jpg
train,paper,paper_02037.jpg,p2,,gestos_p2_20260914-165026,37,C:\Users\Javier\PIDS_HandPose\kit-grabacion\HAR_mediapipe\data\gestos_p2_20260914-165026\train\paper\paper_00037.jpg
train,paper,paper_02038.jpg,p2,,gestos_p2_20260914-165026,38,C:\Users\Javier\PIDS_HandPose\kit-grabacion\HAR_mediapipe\data\gestos_p2_20260914-165026\train\paper\paper_00038.jpg
train,paper,paper_02039.jpg,p2,,gestos_p2_20260914-165026,39,C:\Users\Javier\PIDS_HandPose\kit-grabacion\HAR_mediapipe\data\gestos_p2_20260914-165026\train\paper\paper_00039.jpg
train,paper,paper_02040.jpg,p2,,gestos_p2_20260914-165026,40,C:\Users\Javier\PIDS_HandPose\kit-grabacion\HAR_mediapipe\data\gestos_p2_20260914-165026\train\paper\paper_00040.jpg
train,paper,paper_02041.jpg,p2,,gestos_p2_20260914-165026,41,C:\Users\Javier\PIDS_HandPose\kit-grabacion\HAR_mediapipe\data\gestos_p2_20260914-165026\train\paper\paper_00041.jpg
train,paper,paper_02042.jpg,p2,,gestos_p2_20260914-165026,42,C:\Users\Javier\PIDS_HandPose\kit-grabacion\HAR_mediapipe\data\gestos_p2_20260914-165026\train\paper\paper_00042.jpg
train,paper,paper_02043.jpg,p2,,gestos_p2_20260914-165026,43,C:\Users\Javier\PIDS_HandPose\kit-grabacion\HAR_mediapipe\data\gestos_p2_20260914-165026\train\paper\paper_00043.jpg
train,paper,paper_02044.jpg,p2,,gestos_p2_20260914-165026,44,C:\Users\Javier\PIDS_HandPose\kit-grabacion\HAR_mediapipe\data\gestos_p2_20260914-165026\train\paper\paper_00044.jpg
train,paper,paper_02045.jpg,p2,,gestos_p2_20260914-165026,45,C:\Users\Javier\PIDS_HandPose\kit-grabacion\HAR_mediapipe\data\gestos_p2_20260914-165026\train\paper\paper_00045.jpg
train,paper,paper_02046.jpg,p2,,gestos_p2_20260914-165026,46,C:\Users\Javier\PIDS_HandPose\kit-grabacion\HAR_mediapipe\data\gestos_p2_20260914-165026\train\paper\paper_00046.jpg
train,paper,paper_02047.jpg,p2,,gestos_p2_20260914-165026,47,C:\Users\Javier\PIDS_HandPose\kit-grabacion\HAR_mediapipe\data\gestos_p2_20260914-165026\train\paper\paper_00047.jpg
train,paper,paper_02048.jpg,p2,,gestos_p2_20260914-165026,48,C:\Users\Javier\PIDS_HandPose\kit-grabacion\HAR_mediapipe\data\gestos_p2_20260914-165026\train\paper\paper_00048.jpg
train,paper,paper_02049.jpg,p2,,gestos_p2_20260914-165026,49,C:\Users\Javier\PIDS_HandPose\kit-grabacion\HAR_mediapipe\data\gestos_p2_20260914-165026\train\paper\paper_00049.jpg
train,paper,paper_02050.jpg,p2,,gestos_p2_20260914-165026,50,C:\Users\Javier\PIDS_HandPose\kit-grabacion\HAR_mediapipe\data\gestos_p2_20260914-165026\train\paper\paper_00050.jpg
train,paper,paper_02051.jpg,p2,,gestos_p2_20260914-165026,51,C:\Users\Javier\PIDS_HandPose\kit-grabacion\HAR_mediapipe\data\gestos_p2_20260914-165026\train\paper\paper_00051.jpg
train,paper,paper_02052.jpg,p2,,gestos_p2_20260914-165026,52,C:\Users\Javier\PIDS_HandPose\kit-grabacion\HAR_mediapipe\data\gestos_p2_20260914-165026\train\paper\paper_00052.jpg
train,paper,paper_02053.jpg,p2,,gestos_p2_20260914-165026,53,C:\Users\Javier\PIDS_HandPose\kit-grabacion\HAR_mediapipe\data\gestos_p2_20260914-165026\train\paper\paper_00053.jpg
train,paper,paper_02054.jpg,p2,,gestos_p2_20260914-165026,54,C:\Users\Javier\PIDS_HandPose\kit-grabacion\HAR_mediapipe\data\gestos_p2_20260914-165026\train\paper\paper_00054.jpg
train,paper,paper_02055.jpg,p2,,gestos_p2_20260914-165026,55,C:\Users\Javier\PIDS_HandPose\kit-grabacion\HAR_mediapipe\data\gestos_p2_20260914-165026\train\paper\paper_00055.jpg
train,paper,paper_02056.jpg,p2,,gestos_p2_20260914-165026,56,C:\Users\Javier\PIDS_HandPose\kit-grabacion\HAR_mediapipe\data\gestos_p2_20260914-165026\train\paper\paper_00056.jpg
train,paper,paper_02057.jpg,p2,,gestos_p2_20260914-165026,57,C:\Users\Javier\PIDS_HandPose\kit-grabacion\HAR_mediapipe\data\gestos_p2_20260914-165026\train\paper\paper_00057.jpg
train,paper,paper_02058.jpg,p2,,gestos_p2_20260914-165026,58,C:\Users\Javier\PIDS_HandPose\kit-grabacion\HAR_mediapipe\data\gestos_p2_20260914-165026\train\paper\paper_00058.jpg
train,paper,paper_02059.jpg,p2,,gestos_p2_20260914-165026,59,C:\Users\Javier\PIDS_HandPose\kit-grabacion\HAR_mediapipe\data\gestos_p2_20260914-165026\train\paper\paper_00059.jpg
train,paper,paper_02060.jpg,p2,,gestos_p2_20260914-165026,60,C:\Users\Javier\PIDS_HandPose\kit-grabacion\HAR_mediapipe\data\gestos_p2_20260914-165026\train\paper\paper_00060.jpg
train,paper,paper_02061.jpg,p2,,gestos_p2_20260914-165026,61,C:\Users\Javier\PIDS_HandPose\kit-grabacion\HAR_mediapipe\data\gestos_p2_20260914-165026\train\paper\paper_00061.jpg
train,paper,paper_02062.jpg,p2,,gestos_p2_20260914-165026,62,C:\Users\Javier\PIDS_HandPose\kit-grabacion\HAR_mediapipe\data\gestos_p2_20260914-165026\train\paper\paper_00062.jpg
train,paper,paper_02063.jpg,p2,,gestos_p2_20260914-165026,63,C:\Users\Javier\PIDS_HandPose\kit-grabacion\HAR_mediapipe\data\gestos_p2_20260914-165026\train\paper\paper_00063.jpg
train,paper,paper_02064.jpg,p2,,gestos_p2_20260914-165026,64,C:\Users\Javier\PIDS_HandPose\kit-grabacion\HAR_mediapipe\data\gestos_p2_20260914-165026\train\paper\paper_00064.jpg
train,paper,paper_02065.jpg,p2,,gestos_p2_20260914-165026,65,C:\Users\Javier\PIDS_HandPose\kit-grabacion\HAR_mediapipe\data\gestos_p2_20260914-165026\train\paper\paper_00065.jpg
train,paper,paper_02066.jpg,p2,,gestos_p2_20260914-165026,66,C:\Users\Javier\PIDS_HandPose\kit-grabacion\HAR_mediapipe\data\gestos_p2_20260914-165026\train\paper\paper_00066.jpg
train,paper,paper_02067.jpg,p2,,gestos_p2_20260914-165026,67,C:\Users\Javier\PIDS_HandPose\kit-grabacion\HAR_mediapipe\data\gestos_p2_20260914-165026\train\paper\paper_00067.jpg
train,paper,paper_02068.jpg,p2,,gestos_p2_20260914-165026,68,C:\Users\Javier\PIDS_HandPose\kit-grabacion\HAR_mediapipe\data\gestos_p2_20260914-165026\train\paper\paper_00068.jpg
train,paper,paper_02069.jpg,p2,,gestos_p2_20260914-165026,69,C:\Users\Javier\PIDS_HandPose\kit-grabacion\HAR_mediapipe\data\gestos_p2_20260914-165026\train\paper\paper_00069.jpg
train,paper,paper_02070.jpg,p2,,gestos_p2_20260914-165026,70,C:\Users\Javier\PIDS_HandPose\kit-grabacion\HAR_mediapipe\data\gestos_p2_20260914-165026\train\paper\paper_00070.jpg
train,rock,rock_02001.jpg,p2,,gestos_p2_20260914-165026,1,C:\Users\Javier\PIDS_HandPose\kit-grabacion\HAR_mediapipe\data\gestos_p2_20260914-165026\train\rock\rock_00001.jpg
train,rock,rock_02002.jpg,p2,,gestos_p2_20260914-165026,2,C:\Users\Javier\PIDS_HandPose\kit-grabacion\HAR_mediapipe\data\gestos_p2_20260914-165026\train\rock\rock_00002.jpg
train,rock,rock_02003.jpg,p2,,gestos_p2_20260914-165026,3,C:\Users\Javier\PIDS_HandPose\kit-grabacion\HAR_mediapipe\data\gestos_p2_20260914-165026\train\rock\rock_00003.jpg
train,rock,rock_02004.jpg,p2,,gestos_p2_20260914-165026,4,C:\Users\Javier\PIDS_HandPose\kit-grabacion\HAR_mediapipe\data\gestos_p2_20260914-165026\train\rock\rock_00004.jpg
train,rock,rock_02005.jpg,p2,,gestos_p2_20260914-165026,5,C:\Users\Javier\PIDS_HandPose\kit-grabacion\HAR_mediapipe\data\gestos_p2_20260914-165026\train\rock\rock_00005.jpg
train,rock,rock_02006.jpg,p2,,gestos_p2_20260914-165026,6,C:\Users\Javier\PIDS_HandPose\kit-grabacion\HAR_mediapipe\data\gestos_p2_20260914-165026\train\rock\rock_00006.jpg
train,rock,rock_02007.jpg,p2,,gestos_p2_20260914-165026,7,C:\Users\Javier\PIDS_HandPose\kit-grabacion\HAR_mediapipe\data\gestos_p2_20260914-165026\train\rock\rock_00007.jpg
train,rock,rock_02008.jpg,p2,,gestos_p2_20260914-165026,8,C:\Users\Javier\PIDS_HandPose\kit-grabacion\HAR_mediapipe\data\gestos_p2_20260914-165026\train\rock\rock_00008.jpg
train,rock,rock_02009.jpg,p2,,gestos_p2_20260914-165026,9,C:\Users\Javier\PIDS_HandPose\kit-grabacion\HAR_mediapipe\data\gestos_p2_20260914-165026\train\rock\rock_00009.jpg
train,rock,rock_02010.jpg,p2,,gestos_p2_20260914-165026,10,C:\Users\Javier\PIDS_HandPose\kit-grabacion\HAR_mediapipe\data\gestos_p2_20260914-165026\train\rock\rock_00010.jpg
train,rock,rock_02011.jpg,p2,,gestos_p2_20260914-165026,11,C:\Users\Javier\PIDS_HandPose\kit-grabacion\HAR_mediapipe\data\gestos_p2_20260914-165026\train\rock\rock_00011.jpg
train,rock,rock_02012.jpg,p2,,gestos_p2_20260914-165026,12,C:\Users\Javier\PIDS_HandPose\kit-grabacion\HAR_mediapipe\data\gestos_p2_20260914-165026\train\rock\rock_00012.jpg
train,rock,rock_02013.jpg,p2,,gestos_p2_20260914-165026,13,C:\Users\Javier\PIDS_HandPose\kit-grabacion\HAR_mediapipe\data\gestos_p2_20260914-165026\train\rock\rock_00013.jpg
train,rock,rock_02014.jpg,p2,,gestos_p2_20260914-165026,14,C:\Users\Javier\PIDS_HandPose\kit-grabacion\HAR_mediapipe\data\gestos_p2_20260914-165026\train\rock\rock_00014.jpg
train,rock,rock_02015.jpg,p2,,gestos_p2_20260914-165026,15,C:\Users\Javier\PIDS_HandPose\kit-grabacion\HAR_mediapipe\data\gestos_p2_20260914-165026\train\rock\rock_00015.jpg
train,rock,rock_02016.jpg,p2,,gestos_p2_20260914-165026,16,C:\Users\Javier\PIDS_HandPose\kit-grabacion\HAR_mediapipe\data\gestos_p2_20260914-165026\train\rock\rock_00016.jpg
train,rock,rock_02017.jpg,p2,,gestos_p2_20260914-165026,17,C:\Users\Javier\PIDS_HandPose\kit-grabacion\HAR_mediapipe\data\gestos_p2_20260914-165026\train\rock\rock_00017.jpg
train,rock,rock_02018.jpg,p2,,gestos_p2_20260914-165026,18,C:\Users\Javier\PIDS_HandPose\kit-grabacion\HAR_mediapipe\data\gestos_p2_20260914-165026\train\rock\rock_00018.jpg
train,rock,rock_02019.jpg,p2,,gestos_p2_20260914-165026,19,C:\Users\Javier\PIDS_HandPose\kit-grabacion\HAR_mediapipe\data\gestos_p2_20260914-165026\train\rock\rock_00019.jpg
train,rock,rock_02020.jpg,p2,,gestos_p2_20260914-165026,20,C:\Users\Javier\PIDS_HandPose\kit-grabacion\HAR_mediapipe\data\gestos_p2_20260914-165026\train\rock\rock_00020.jpg
train,rock,rock_02021.jpg,p2,,gestos_p2_20260914-165026,21,C:\Users\Javier\PIDS_HandPose\kit-grabacion\HAR_mediapipe\data\gestos_p2_20260914-165026\train\rock\rock_00021.jpg
train,rock,rock_02022.jpg,p2,,gestos_p2_20260914-165026,22,C:\Users\Javier\PIDS_HandPose\kit-grabacion\HAR_mediapipe\data\gestos_p2_20260914-165026\train\rock\rock_00022.jpg
train,rock,rock_02023.jpg,p2,,gestos_p2_20260914-165026,23,C:\Users\Javier\PIDS_HandPose\kit-grabacion\HAR_mediapipe\data\gestos_p2_20260914-165026\train\rock\rock_00023.jpg
train,rock,rock_02024.jpg,p2,,gestos_p2_20260914-165026,24,C:\Users\Javier\PIDS_HandPose\kit-grabacion\HAR_mediapipe\data\gestos_p2_20260914-165026\train\rock\rock_00024.jpg
train,rock,rock_02025.jpg,p2,,gestos_p2_20260914-165026,25,C:\Users\Javier\PIDS_HandPose\kit-grabacion\HAR_mediapipe\data\gestos_p2_20260914-165026\train\rock\rock_00025.jpg
train,rock,rock_02026.jpg,p2,,gestos_p2_20260914-165026,26,C:\Users\Javier\PIDS_HandPose\kit-grabacion\HAR_mediapipe\data\gestos_p2_20260914-165026\train\rock\rock_00026.jpg
train,rock,rock_02027.jpg,p2,,gestos_p2_20260914-165026,27,C:\Users\Javier\PIDS_HandPose\kit-grabacion\HAR_mediapipe\data\gestos_p2_20260914-165026\train\rock\rock_00027.jpg
train,rock,rock_02028.jpg,p2,,gestos_p2_20260914-165026,28,C:\Users\Javier\PIDS_HandPose\kit-grabacion\HAR_mediapipe\data\gestos_p2_20260914-165026\train\rock\rock_00028.jpg
train,rock,rock_02029.jpg,p2,,gestos_p2_20260914-165026,29,C:\Users\Javier\PIDS_HandPose\kit-grabacion\HAR_mediapipe\data\gestos_p2_20260914-165026\train\rock\rock_00029.jpg
train,rock,rock_02030.jpg,p2,,gestos_p2_20260914-165026,30,C:\Users\Javier\PIDS_HandPose\kit-grabacion\HAR_mediapipe\data\gestos_p2_20260914-165026\train\rock\rock_00030.jpg
train,rock,rock_02031.jpg,p2,,gestos_p2_20260914-165026,31,C:\Users\Javier\PIDS_HandPose\kit-grabacion\HAR_mediapipe\data\gestos_p2_20260914-165026\train\rock\rock_00031.jpg
train,rock,rock_02032.jpg,p2,,gestos_p2_20260914-165026,32,C:\Users\Javier\PIDS_HandPose\kit-grabacion\HAR_mediapipe\data\gestos_p2_20260914-165026\train\rock\rock_00032.jpg
train,rock,rock_02033.jpg,p2,,gestos_p2_20260914-165026,33,C:\Users\Javier\PIDS_HandPose\kit-grabacion\HAR_mediapipe\data\gestos_p2_20260914-165026\train\rock\rock_00033.jpg
train,rock,rock_02034.jpg,p2,,gestos_p2_20260914-165026,34,C:\Users\Javier\PIDS_HandPose\kit-grabacion\HAR_mediapipe\data\gestos_p2_20260914-165026\train\rock\rock_00034.jpg
train,rock,rock_02035.jpg,p2,,gestos_p2_20260914-165026,35,C:\Users\Javier\PIDS_HandPose\kit-grabacion\HAR_mediapipe\data\gestos_p2_20260914-165026\train\rock\rock_00035.jpg
train,rock,rock_02036.jpg,p2,,gestos_p2_20260914-165026,36,C:\Users\Javier\PIDS_HandPose\kit-grabacion\HAR_mediapipe\data\gestos_p2_20260914-165026\train\rock\rock_00036.jpg
train,rock,rock_02037.jpg,p2,,gestos_p2_20260914-165026,37,C:\Users\Javier\PIDS_HandPose\kit-grabacion\HAR_mediapipe\data\gestos_p2_20260914-165026\train\rock\rock_00037.jpg
train,rock,rock_02038.jpg,p2,,gestos_p2_20260914-165026,38,C:\Users\Javier\PIDS_HandPose\kit-grabacion\HAR_mediapipe\data\gestos_p2_20260914-165026\train\rock\rock_00038.jpg
train,rock,rock_02039.jpg,p2,,gestos_p2_20260914-165026,39,C:\Users\Javier\PIDS_HandPose\kit-grabacion\HAR_mediapipe\data\gestos_p2_20260914-165026\train\rock\rock_00039.jpg
train,rock,rock_02040.jpg,p2,,gestos_p2_20260914-165026,40,C:\Users\Javier\PIDS_HandPose\kit-grabacion\HAR_mediapipe\data\gestos_p2_20260914-165026\train\rock\rock_00040.jpg
train,rock,rock_02041.jpg,p2,,gestos_p2_20260914-165026,41,C:\Users\Javier\PIDS_HandPose\kit-grabacion\HAR_mediapipe\data\gestos_p2_20260914-165026\train\rock\rock_00041.jpg
train,rock,rock_02042.jpg,p2,,gestos_p2_20260914-165026,42,C:\Users\Javier\PIDS_HandPose\kit-grabacion\HAR_mediapipe\data\gestos_p2_20260914-165026\train\rock\rock_00042.jpg
train,rock,rock_02043.jpg,p2,,gestos_p2_20260914-165026,43,C:\Users\Javier\PIDS_HandPose\kit-grabacion\HAR_mediapipe\data\gestos_p2_20260914-165026\train\rock\rock_00043.jpg
train,rock,rock_02044.jpg,p2,,gestos_p2_20260914-165026,44,C:\Users\Javier\PIDS_HandPose\kit-grabacion\HAR_mediapipe\data\gestos_p2_20260914-165026\train\rock\rock_00044.jpg
train,rock,rock_02045.jpg,p2,,gestos_p2_20260914-165026,45,C:\Users\Javier\PIDS_HandPose\kit-grabacion\HAR_mediapipe\data\gestos_p2_20260914-165026\train\rock\rock_00045.jpg
train,rock,rock_02046.jpg,p2,,gestos_p2_20260914-165026,46,C:\Users\Javier\PIDS_HandPose\kit-grabacion\HAR_mediapipe\data\gestos_p2_20260914-165026\train\rock\rock_00046.jpg
train,rock,rock_02047.jpg,p2,,gestos_p2_20260914-165026,47,C:\Users\Javier\PIDS_HandPose\kit-grabacion\HAR_mediapipe\data\gestos_p2_20260914-165026\train\rock\rock_00047.jpg
train,rock,rock_02048.jpg,p2,,gestos_p2_20260914-165026,48,C:\Users\Javier\PIDS_HandPose\kit-grabacion\HAR_mediapipe\data\gestos_p2_20260914-165026\train\rock\rock_00048.jpg
train,rock,rock_02049.jpg,p2,,gestos_p2_20260914-165026,49,C:\Users\Javier\PIDS_HandPose\kit-grabacion\HAR_mediapipe\data\gestos_p2_20260914-165026\train\rock\rock_00049.jpg
train,rock,rock_02050.jpg,p2,,gestos_p2_20260914-165026,50,C:\Users\Javier\PIDS_HandPose\kit-grabacion\HAR_mediapipe\data\gestos_p2_20260914-165026\train\rock\rock_00050.jpg
train,rock,rock_02051.jpg,p2,,gestos_p2_20260914-165026,51,C:\Users\Javier\PIDS_HandPose\kit-grabacion\HAR_mediapipe\data\gestos_p2_20260914-165026\train\rock\rock_00051.jpg
train,rock,rock_02052.jpg,p2,,gestos_p2_20260914-165026,52,C:\Users\Javier\PIDS_HandPose\kit-grabacion\HAR_mediapipe\data\gestos_p2_20260914-165026\train\rock\rock_00052.jpg
train,rock,rock_02053.jpg,p2,,gestos_p2_20260914-165026,53,C:\Users\Javier\PIDS_HandPose\kit-grabacion\HAR_mediapipe\data\gestos_p2_20260914-165026\train\rock\rock_00053.jpg
train,rock,rock_02054.jpg,p2,,gestos_p2_20260914-165026,54,C:\Users\Javier\PIDS_HandPose\kit-grabacion\HAR_mediapipe\data\gestos_p2_20260914-165026\train\rock\rock_00054.jpg
train,rock,rock_02055.jpg,p2,,gestos_p2_20260914-165026,55,C:\Users\Javier\PIDS_HandPose\kit-grabacion\HAR_mediapipe\data\gestos_p2_20260914-165026\train\rock\rock_00055.jpg
train,rock,rock_02056.jpg,p2,,gestos_p2_20260914-165026,56,C:\Users\Javier\PIDS_HandPose\kit-grabacion\HAR_mediapipe\data\gestos_p2_20260914-165026\train\rock\rock_00056.jpg
train,rock,rock_02057.jpg,p2,,gestos_p2_20260914-165026,57,C:\Users\Javier\PIDS_HandPose\kit-grabacion\HAR_mediapipe\data\gestos_p2_20260914-165026\train\rock\rock_00057.jpg
train,rock,rock_02058.jpg,p2,,gestos_p2_20260914-165026,58,C:\Users\Javier\PIDS_HandPose\kit-grabacion\HAR_mediapipe\data\gestos_p2_20260914-165026\train\rock\rock_00058.jpg
train,rock,rock_02059.jpg,p2,,gestos_p2_20260914-165026,59,C:\Users\Javier\PIDS_HandPose\kit-grabacion\HAR_mediapipe\data\gestos_p2_20260914-165026\train\rock\rock_00059.jpg
train,rock,rock_02060.jpg,p2,,gestos_p2_20260914-165026,60,C:\Users\Javier\PIDS_HandPose\kit-grabacion\HAR_mediapipe\data\gestos_p2_20260914-165026\train\rock\rock_00060.jpg
train,rock,rock_02061.jpg,p2,,gestos_p2_20260914-165026,61,C:\Users\Javier\PIDS_HandPose\kit-grabacion\HAR_mediapipe\data\gestos_p2_20260914-165026\train\rock\rock_00061.jpg
train,rock,rock_02062.jpg,p2,,gestos_p2_20260914-165026,62,C:\Users\Javier\PIDS_HandPose\kit-grabacion\HAR_mediapipe\data\gestos_p2_20260914-165026\train\rock\rock_00062.jpg
train,rock,rock_02063.jpg,p2,,gestos_p2_20260914-165026,63,C:\Users\Javier\PIDS_HandPose\kit-grabacion\HAR_mediapipe\data\gestos_p2_20260914-165026\train\rock\rock_00063.jpg
train,rock,rock_02064.jpg,p2,,gestos_p2_20260914-165026,64,C:\Users\Javier\PIDS_HandPose\kit-grabacion\HAR_mediapipe\data\gestos_p2_20260914-165026\train\rock\rock_00064.jpg
train,rock,rock_02065.jpg,p2,,gestos_p2_20260914-165026,65,C:\Users\Javier\PIDS_HandPose\kit-grabacion\HAR_mediapipe\data\gestos_p2_20260914-165026\train\rock\rock_00065.jpg
train,rock,rock_02066.jpg,p2,,gestos_p2_20260914-165026,66,C:\Users\Javier\PIDS_HandPose\kit-grabacion\HAR_mediapipe\data\gestos_p2_20260914-165026\train\rock\rock_00066.jpg
train,rock,rock_02067.jpg,p2,,gestos_p2_20260914-165026,67,C:\Users\Javier\PIDS_HandPose\kit-grabacion\HAR_mediapipe\data\gestos_p2_20260914-165026\train\rock\rock_00067.jpg
train,rock,rock_02068.jpg,p2,,gestos_p2_20260914-165026,68,C:\Users\Javier\PIDS_HandPose\kit-grabacion\HAR_mediapipe\data\gestos_p2_20260914-165026\train\rock\rock_00068.jpg
train,rock,rock_02069.jpg,p2,,gestos_p2_20260914-165026,69,C:\Users\Javier\PIDS_HandPose\kit-grabacion\HAR_mediapipe\data\gestos_p2_20260914-165026\train\rock\rock_00069.jpg
train,rock,rock_02070.jpg,p2,,gestos_p2_20260914-165026,70,C:\Users\Javier\PIDS_HandPose\kit-grabacion\HAR_mediapipe\data\gestos_p2_20260914-165026\train\rock\rock_00070.jpg
train,rockandroll,rockandroll_02001.jpg,p2,,gestos_p2_20260914-165026,1,C:\Users\Javier\PIDS_HandPose\kit-grabacion\HAR_mediapipe\data\gestos_p2_20260914-165026\train\rockandroll\rockandroll_00001.jpg
train,rockandroll,rockandroll_02002.jpg,p2,,gestos_p2_20260914-165026,2,C:\Users\Javier\PIDS_HandPose\kit-grabacion\HAR_mediapipe\data\gestos_p2_20260914-165026\train\rockandroll\rockandroll_00002.jpg
train,rockandroll,rockandroll_02003.jpg,p2,,gestos_p2_20260914-165026,3,C:\Users\Javier\PIDS_HandPose\kit-grabacion\HAR_mediapipe\data\gestos_p2_20260914-165026\train\rockandroll\rockandroll_00003.jpg
train,rockandroll,rockandroll_02004.jpg,p2,,gestos_p2_20260914-165026,4,C:\Users\Javier\PIDS_HandPose\kit-grabacion\HAR_mediapipe\data\gestos_p2_20260914-165026\train\rockandroll\rockandroll_00004.jpg
train,rockandroll,rockandroll_02005.jpg,p2,,gestos_p2_20260914-165026,5,C:\Users\Javier\PIDS_HandPose\kit-grabacion\HAR_mediapipe\data\gestos_p2_20260914-165026\train\rockandroll\rockandroll_00005.jpg
train,rockandroll,rockandroll_02006.jpg,p2,,gestos_p2_20260914-165026,6,C:\Users\Javier\PIDS_HandPose\kit-grabacion\HAR_mediapipe\data\gestos_p2_20260914-165026\train\rockandroll\rockandroll_00006.jpg
train,rockandroll,rockandroll_02007.jpg,p2,,gestos_p2_20260914-165026,7,C:\Users\Javier\PIDS_HandPose\kit-grabacion\HAR_mediapipe\data\gestos_p2_20260914-165026\train\rockandroll\rockandroll_00007.jpg
train,rockandroll,rockandroll_02008.jpg,p2,,gestos_p2_20260914-165026,8,C:\Users\Javier\PIDS_HandPose\kit-grabacion\HAR_mediapipe\data\gestos_p2_20260914-165026\train\rockandroll\rockandroll_00008.jpg
train,rockandroll,rockandroll_02009.jpg,p2,,gestos_p2_20260914-165026,9,C:\Users\Javier\PIDS_HandPose\kit-grabacion\HAR_mediapipe\data\gestos_p2_20260914-165026\train\rockandroll\rockandroll_00009.jpg
train,rockandroll,rockandroll_02010.jpg,p2,,gestos_p2_20260914-165026,10,C:\Users\Javier\PIDS_HandPose\kit-grabacion\HAR_mediapipe\data\gestos_p2_20260914-165026\train\rockandroll\rockandroll_00010.jpg
train,rockandroll,rockandroll_02011.jpg,p2,,gestos_p2_20260914-165026,11,C:\Users\Javier\PIDS_HandPose\kit-grabacion\HAR_mediapipe\data\gestos_p2_20260914-165026\train\rockandroll\rockandroll_00011.jpg
train,rockandroll,rockandroll_02012.jpg,p2,,gestos_p2_20260914-165026,12,C:\Users\Javier\PIDS_HandPose\kit-grabacion\HAR_mediapipe\data\gestos_p2_20260914-165026\train\rockandroll\rockandroll_00012.jpg
train,rockandroll,rockandroll_02013.jpg,p2,,gestos_p2_20260914-165026,13,C:\Users\Javier\PIDS_HandPose\kit-grabacion\HAR_mediapipe\data\gestos_p2_20260914-165026\train\rockandroll\rockandroll_00013.jpg
train,rockandroll,rockandroll_02014.jpg,p2,,gestos_p2_20260914-165026,14,C:\Users\Javier\PIDS_HandPose\kit-grabacion\HAR_mediapipe\data\gestos_p2_20260914-165026\train\rockandroll\rockandroll_00014.jpg
train,rockandroll,rockandroll_02015.jpg,p2,,gestos_p2_20260914-165026,15,C:\Users\Javier\PIDS_HandPose\kit-grabacion\HAR_mediapipe\data\gestos_p2_20260914-165026\train\rockandroll\rockandroll_00015.jpg
train,rockandroll,rockandroll_02016.jpg,p2,,gestos_p2_20260914-165026,16,C:\Users\Javier\PIDS_HandPose\kit-grabacion\HAR_mediapipe\data\gestos_p2_20260914-165026\train\rockandroll\rockandroll_00016.jpg
train,rockandroll,rockandroll_02017.jpg,p2,,gestos_p2_20260914-165026,17,C:\Users\Javier\PIDS_HandPose\kit-grabacion\HAR_mediapipe\data\gestos_p2_20260914-165026\train\rockandroll\rockandroll_00017.jpg
train,rockandroll,rockandroll_02018.jpg,p2,,gestos_p2_20260914-165026,18,C:\Users\Javier\PIDS_HandPose\kit-grabacion\HAR_mediapipe\data\gestos_p2_20260914-165026\train\rockandroll\rockandroll_00018.jpg
train,rockandroll,rockandroll_02019.jpg,p2,,gestos_p2_20260914-165026,19,C:\Users\Javier\PIDS_HandPose\kit-grabacion\HAR_mediapipe\data\gestos_p2_20260914-165026\train\rockandroll\rockandroll_00019.jpg
train,rockandroll,rockandroll_02020.jpg,p2,,gestos_p2_20260914-165026,20,C:\Users\Javier\PIDS_HandPose\kit-grabacion\HAR_mediapipe\data\gestos_p2_20260914-165026\train\rockandroll\rockandroll_00020.jpg
train,rockandroll,rockandroll_02021.jpg,p2,,gestos_p2_20260914-165026,21,C:\Users\Javier\PIDS_HandPose\kit-grabacion\HAR_mediapipe\data\gestos_p2_20260914-165026\train\rockandroll\rockandroll_00021.jpg
train,rockandroll,rockandroll_02022.jpg,p2,,gestos_p2_20260914-165026,22,C:\Users\Javier\PIDS_HandPose\kit-grabacion\HAR_mediapipe\data\gestos_p2_20260914-165026\train\rockandroll\rockandroll_00022.jpg
train,rockandroll,rockandroll_02023.jpg,p2,,gestos_p2_20260914-165026,23,C:\Users\Javier\PIDS_HandPose\kit-grabacion\HAR_mediapipe\data\gestos_p2_20260914-165026\train\rockandroll\rockandroll_00023.jpg
train,rockandroll,rockandroll_02024.jpg,p2,,gestos_p2_20260914-165026,24,C:\Users\Javier\PIDS_HandPose\kit-grabacion\HAR_mediapipe\data\gestos_p2_20260914-165026\train\rockandroll\rockandroll_00024.jpg
train,rockandroll,rockandroll_02025.jpg,p2,,gestos_p2_20260914-165026,25,C:\Users\Javier\PIDS_HandPose\kit-grabacion\HAR_mediapipe\data\gestos_p2_20260914-165026\train\rockandroll\rockandroll_00025.jpg
train,rockandroll,rockandroll_02026.jpg,p2,,gestos_p2_20260914-165026,26,C:\Users\Javier\PIDS_HandPose\kit-grabacion\HAR_mediapipe\data\gestos_p2_20260914-165026\train\rockandroll\rockandroll_00026.jpg
train,rockandroll,rockandroll_02027.jpg,p2,,gestos_p2_20260914-165026,27,C:\Users\Javier\PIDS_HandPose\kit-grabacion\HAR_mediapipe\data\gestos_p2_20260914-165026\train\rockandroll\rockandroll_00027.jpg
train,rockandroll,rockandroll_02028.jpg,p2,,gestos_p2_20260914-165026,28,C:\Users\Javier\PIDS_HandPose\kit-grabacion\HAR_mediapipe\data\gestos_p2_20260914-165026\train\rockandroll\rockandroll_00028.jpg
train,rockandroll,rockandroll_02029.jpg,p2,,gestos_p2_20260914-165026,29,C:\Users\Javier\PIDS_HandPose\kit-grabacion\HAR_mediapipe\data\gestos_p2_20260914-165026\train\rockandroll\rockandroll_00029.jpg
train,rockandroll,rockandroll_02030.jpg,p2,,gestos_p2_20260914-165026,30,C:\Users\Javier\PIDS_HandPose\kit-grabacion\HAR_mediapipe\data\gestos_p2_20260914-165026\train\rockandroll\rockandroll_00030.jpg
train,rockandroll,rockandroll_02031.jpg,p2,,gestos_p2_20260914-165026,31,C:\Users\Javier\PIDS_HandPose\kit-grabacion\HAR_mediapipe\data\gestos_p2_20260914-165026\train\rockandroll\rockandroll_00031.jpg
train,rockandroll,rockandroll_02032.jpg,p2,,gestos_p2_20260914-165026,32,C:\Users\Javier\PIDS_HandPose\kit-grabacion\HAR_mediapipe\data\gestos_p2_20260914-165026\train\rockandroll\rockandroll_00032.jpg
train,rockandroll,rockandroll_02033.jpg,p2,,gestos_p2_20260914-165026,33,C:\Users\Javier\PIDS_HandPose\kit-grabacion\HAR_mediapipe\data\gestos_p2_20260914-165026\train\rockandroll\rockandroll_00033.jpg
train,rockandroll,rockandroll_02034.jpg,p2,,gestos_p2_20260914-165026,34,C:\Users\Javier\PIDS_HandPose\kit-grabacion\HAR_mediapipe\data\gestos_p2_20260914-165026\train\rockandroll\rockandroll_00034.jpg
train,rockandroll,rockandroll_02035.jpg,p2,,gestos_p2_20260914-165026,35,C:\Users\Javier\PIDS_HandPose\kit-grabacion\HAR_mediapipe\data\gestos_p2_20260914-165026\train\rockandroll\rockandroll_00035.jpg
train,rockandroll,rockandroll_02036.jpg,p2,,gestos_p2_20260914-165026,36,C:\Users\Javier\PIDS_HandPose\kit-grabacion\HAR_mediapipe\data\gestos_p2_20260914-165026\train\rockandroll\rockandroll_00036.jpg
train,rockandroll,rockandroll_02037.jpg,p2,,gestos_p2_20260914-165026,37,C:\Users\Javier\PIDS_HandPose\kit-grabacion\HAR_mediapipe\data\gestos_p2_20260914-165026\train\rockandroll\rockandroll_00037.jpg
train,rockandroll,rockandroll_02038.jpg,p2,,gestos_p2_20260914-165026,38,C:\Users\Javier\PIDS_HandPose\kit-grabacion\HAR_mediapipe\data\gestos_p2_20260914-165026\train\rockandroll\rockandroll_00038.jpg
train,rockandroll,rockandroll_02039.jpg,p2,,gestos_p2_20260914-165026,39,C:\Users\Javier\PIDS_HandPose\kit-grabacion\HAR_mediapipe\data\gestos_p2_20260914-165026\train\rockandroll\rockandroll_00039.jpg
train,rockandroll,rockandroll_02040.jpg,p2,,gestos_p2_20260914-165026,40,C:\Users\Javier\PIDS_HandPose\kit-grabacion\HAR_mediapipe\data\gestos_p2_20260914-165026\train\rockandroll\rockandroll_00040.jpg
train,rockandroll,rockandroll_02041.jpg,p2,,gestos_p2_20260914-165026,41,C:\Users\Javier\PIDS_HandPose\kit-grabacion\HAR_mediapipe\data\gestos_p2_20260914-165026\train\rockandroll\rockandroll_00041.jpg
train,rockandroll,rockandroll_02042.jpg,p2,,gestos_p2_20260914-165026,42,C:\Users\Javier\PIDS_HandPose\kit-grabacion\HAR_mediapipe\data\gestos_p2_20260914-165026\train\rockandroll\rockandroll_00042.jpg
train,rockandroll,rockandroll_02043.jpg,p2,,gestos_p2_20260914-165026,43,C:\Users\Javier\PIDS_HandPose\kit-grabacion\HAR_mediapipe\data\gestos_p2_20260914-165026\train\rockandroll\rockandroll_00043.jpg
train,rockandroll,rockandroll_02044.jpg,p2,,gestos_p2_20260914-165026,44,C:\Users\Javier\PIDS_HandPose\kit-grabacion\HAR_mediapipe\data\gestos_p2_20260914-165026\train\rockandroll\rockandroll_00044.jpg
train,rockandroll,rockandroll_02045.jpg,p2,,gestos_p2_20260914-165026,45,C:\Users\Javier\PIDS_HandPose\kit-grabacion\HAR_mediapipe\data\gestos_p2_20260914-165026\train\rockandroll\rockandroll_00045.jpg
train,rockandroll,rockandroll_02046.jpg,p2,,gestos_p2_20260914-165026,46,C:\Users\Javier\PIDS_HandPose\kit-grabacion\HAR_mediapipe\data\gestos_p2_20260914-165026\train\rockandroll\rockandroll_00046.jpg
train,rockandroll,rockandroll_02047.jpg,p2,,gestos_p2_20260914-165026,47,C:\Users\Javier\PIDS_HandPose\kit-grabacion\HAR_mediapipe\data\gestos_p2_20260914-165026\train\rockandroll\rockandroll_00047.jpg
train,rockandroll,rockandroll_02048.jpg,p2,,gestos_p2_20260914-165026,48,C:\Users\Javier\PIDS_HandPose\kit-grabacion\HAR_mediapipe\data\gestos_p2_20260914-165026\train\rockandroll\rockandroll_00048.jpg
train,rockandroll,rockandroll_02049.jpg,p2,,gestos_p2_20260914-165026,49,C:\Users\Javier\PIDS_HandPose\kit-grabacion\HAR_mediapipe\data\gestos_p2_20260914-165026\train\rockandroll\rockandroll_00049.jpg
train,rockandroll,rockandroll_02050.jpg,p2,,gestos_p2_20260914-165026,50,C:\Users\Javier\PIDS_HandPose\kit-grabacion\HAR_mediapipe\data\gestos_p2_20260914-165026\train\rockandroll\rockandroll_00050.jpg
train,rockandroll,rockandroll_02051.jpg,p2,,gestos_p2_20260914-165026,51,C:\Users\Javier\PIDS_HandPose\kit-grabacion\HAR_mediapipe\data\gestos_p2_20260914-165026\train\rockandroll\rockandroll_00051.jpg
train,rockandroll,rockandroll_02052.jpg,p2,,gestos_p2_20260914-165026,52,C:\Users\Javier\PIDS_HandPose\kit-grabacion\HAR_mediapipe\data\gestos_p2_20260914-165026\train\rockandroll\rockandroll_00052.jpg
train,rockandroll,rockandroll_02053.jpg,p2,,gestos_p2_20260914-165026,53,C:\Users\Javier\PIDS_HandPose\kit-grabacion\HAR_mediapipe\data\gestos_p2_20260914-165026\train\rockandroll\rockandroll_00053.jpg
train,rockandroll,rockandroll_02054.jpg,p2,,gestos_p2_20260914-165026,54,C:\Users\Javier\PIDS_HandPose\kit-grabacion\HAR_mediapipe\data\gestos_p2_20260914-165026\train\rockandroll\rockandroll_00054.jpg
train,rockandroll,rockandroll_02055.jpg,p2,,gestos_p2_20260914-165026,55,C:\Users\Javier\PIDS_HandPose\kit-grabacion\HAR_mediapipe\data\gestos_p2_20260914-165026\train\rockandroll\rockandroll_00055.jpg
train,rockandroll,rockandroll_02056.jpg,p2,,gestos_p2_20260914-165026,56,C:\Users\Javier\PIDS_HandPose\kit-grabacion\HAR_mediapipe\data\gestos_p2_20260914-165026\train\rockandroll\rockandroll_00056.jpg
train,rockandroll,rockandroll_02057.jpg,p2,,gestos_p2_20260914-165026,57,C:\Users\Javier\PIDS_HandPose\kit-grabacion\HAR_mediapipe\data\gestos_p2_20260914-165026\train\rockandroll\rockandroll_00057.jpg
train,rockandroll,rockandroll_02058.jpg,p2,,gestos_p2_20260914-165026,58,C:\Users\Javier\PIDS_HandPose\kit-grabacion\HAR_mediapipe\data\gestos_p2_20260914-165026\train\rockandroll\rockandroll_00058.jpg
train,rockandroll,rockandroll_02059.jpg,p2,,gestos_p2_20260914-165026,59,C:\Users\Javier\PIDS_HandPose\kit-grabacion\HAR_mediapipe\data\gestos_p2_20260914-165026\train\rockandroll\rockandroll_00059.jpg
train,rockandroll,rockandroll_02060.jpg,p2,,gestos_p2_20260914-165026,60,C:\Users\Javier\PIDS_HandPose\kit-grabacion\HAR_mediapipe\data\gestos_p2_20260914-165026\train\rockandroll\rockandroll_00060.jpg
train,rockandroll,rockandroll_02061.jpg,p2,,gestos_p2_20260914-165026,61,C:\Users\Javier\PIDS_HandPose\kit-grabacion\HAR_mediapipe\data\gestos_p2_20260914-165026\train\rockandroll\rockandroll_00061.jpg
train,rockandroll,rockandroll_02062.jpg,p2,,gestos_p2_20260914-165026,62,C:\Users\Javier\PIDS_HandPose\kit-grabacion\HAR_mediapipe\data\gestos_p2_20260914-165026\train\rockandroll\rockandroll_00062.jpg
train,rockandroll,rockandroll_02063.jpg,p2,,gestos_p2_20260914-165026,63,C:\Users\Javier\PIDS_HandPose\kit-grabacion\HAR_mediapipe\data\gestos_p2_20260914-165026\train\rockandroll\rockandroll_00063.jpg
train,rockandroll,rockandroll_02064.jpg,p2,,gestos_p2_20260914-165026,64,C:\Users\Javier\PIDS_HandPose\kit-grabacion\HAR_mediapipe\data\gestos_p2_20260914-165026\train\rockandroll\rockandroll_00064.jpg
train,rockandroll,rockandroll_02065.jpg,p2,,gestos_p2_20260914-165026,65,C:\Users\Javier\PIDS_HandPose\kit-grabacion\HAR_mediapipe\data\gestos_p2_20260914-165026\train\rockandroll\rockandroll_00065.jpg
train,rockandroll,rockandroll_02066.jpg,p2,,gestos_p2_20260914-165026,66,C:\Users\Javier\PIDS_HandPose\kit-grabacion\HAR_mediapipe\data\gestos_p2_20260914-165026\train\rockandroll\rockandroll_00066.jpg
train,rockandroll,rockandroll_02067.jpg,p2,,gestos_p2_20260914-165026,67,C:\Users\Javier\PIDS_HandPose\kit-grabacion\HAR_mediapipe\data\gestos_p2_20260914-165026\train\rockandroll\rockandroll_00067.jpg
train,rockandroll,rockandroll_02068.jpg,p2,,gestos_p2_20260914-165026,68,C:\Users\Javier\PIDS_HandPose\kit-grabacion\HAR_mediapipe\data\gestos_p2_20260914-165026\train\rockandroll\rockandroll_00068.jpg
train,rockandroll,rockandroll_02069.jpg,p2,,gestos_p2_20260914-165026,69,C:\Users\Javier\PIDS_HandPose\kit-grabacion\HAR_mediapipe\data\gestos_p2_20260914-165026\train\rockandroll\rockandroll_00069.jpg
train,rockandroll,rockandroll_02070.jpg,p2,,gestos_p2_20260914-165026,70,C:\Users\Javier\PIDS_HandPose\kit-grabacion\HAR_mediapipe\data\gestos_p2_20260914-165026\train\rockandroll\rockandroll_00070.jpg
train,scissors,scissors_02001.jpg,p2,,gestos_p2_20260914-165026,1,C:\Users\Javier\PIDS_HandPose\kit-grabacion\HAR_mediapipe\data\gestos_p2_20260914-165026\train\scissors\scissors_00001.jpg
train,scissors,scissors_02002.jpg,p2,,gestos_p2_20260914-165026,2,C:\Users\Javier\PIDS_HandPose\kit-grabacion\HAR_mediapipe\data\gestos_p2_20260914-165026\train\scissors\scissors_00002.jpg
train,scissors,scissors_02003.jpg,p2,,gestos_p2_20260914-165026,3,C:\Users\Javier\PIDS_HandPose\kit-grabacion\HAR_mediapipe\data\gestos_p2_20260914-165026\train\scissors\scissors_00003.jpg
train,scissors,scissors_02004.jpg,p2,,gestos_p2_20260914-165026,4,C:\Users\Javier\PIDS_HandPose\kit-grabacion\HAR_mediapipe\data\gestos_p2_20260914-165026\train\scissors\scissors_00004.jpg
train,scissors,scissors_02005.jpg,p2,,gestos_p2_20260914-165026,5,C:\Users\Javier\PIDS_HandPose\kit-grabacion\HAR_mediapipe\data\gestos_p2_20260914-165026\train\scissors\scissors_00005.jpg
train,scissors,scissors_02006.jpg,p2,,gestos_p2_20260914-165026,6,C:\Users\Javier\PIDS_HandPose\kit-grabacion\HAR_mediapipe\data\gestos_p2_20260914-165026\train\scissors\scissors_00006.jpg
train,scissors,scissors_02007.jpg,p2,,gestos_p2_20260914-165026,7,C:\Users\Javier\PIDS_HandPose\kit-grabacion\HAR_mediapipe\data\gestos_p2_20260914-165026\train\scissors\scissors_00007.jpg
train,scissors,scissors_02008.jpg,p2,,gestos_p2_20260914-165026,8,C:\Users\Javier\PIDS_HandPose\kit-grabacion\HAR_mediapipe\data\gestos_p2_20260914-165026\train\scissors\scissors_00008.jpg
train,scissors,scissors_02009.jpg,p2,,gestos_p2_20260914-165026,9,C:\Users\Javier\PIDS_HandPose\kit-grabacion\HAR_mediapipe\data\gestos_p2_20260914-165026\train\scissors\scissors_00009.jpg
train,scissors,scissors_02010.jpg,p2,,gestos_p2_20260914-165026,10,C:\Users\Javier\PIDS_HandPose\kit-grabacion\HAR_mediapipe\data\gestos_p2_20260914-165026\train\scissors\scissors_00010.jpg
train,scissors,scissors_02011.jpg,p2,,gestos_p2_20260914-165026,11,C:\Users\Javier\PIDS_HandPose\kit-grabacion\HAR_mediapipe\data\gestos_p2_20260914-165026\train\scissors\scissors_00011.jpg
train,scissors,scissors_02012.jpg,p2,,gestos_p2_20260914-165026,12,C:\Users\Javier\PIDS_HandPose\kit-grabacion\HAR_mediapipe\data\gestos_p2_20260914-165026\train\scissors\scissors_00012.jpg
train,scissors,scissors_02013.jpg,p2,,gestos_p2_20260914-165026,13,C:\Users\Javier\PIDS_HandPose\kit-grabacion\HAR_mediapipe\data\gestos_p2_20260914-165026\train\scissors\scissors_00013.jpg
train,scissors,scissors_02014.jpg,p2,,gestos_p2_20260914-165026,14,C:\Users\Javier\PIDS_HandPose\kit-grabacion\HAR_mediapipe\data\gestos_p2_20260914-165026\train\scissors\scissors_00014.jpg
train,scissors,scissors_02015.jpg,p2,,gestos_p2_20260914-165026,15,C:\Users\Javier\PIDS_HandPose\kit-grabacion\HAR_mediapipe\data\gestos_p2_20260914-165026\train\scissors\scissors_00015.jpg
train,scissors,scissors_02016.jpg,p2,,gestos_p2_20260914-165026,16,C:\Users\Javier\PIDS_HandPose\kit-grabacion\HAR_mediapipe\data\gestos_p2_20260914-165026\train\scissors\scissors_00016.jpg
train,scissors,scissors_02017.jpg,p2,,gestos_p2_20260914-165026,17,C:\Users\Javier\PIDS_HandPose\kit-grabacion\HAR_mediapipe\data\gestos_p2_20260914-165026\train\scissors\scissors_00017.jpg
train,scissors,scissors_02018.jpg,p2,,gestos_p2_20260914-165026,18,C:\Users\Javier\PIDS_HandPose\kit-grabacion\HAR_mediapipe\data\gestos_p2_20260914-165026\train\scissors\scissors_00018.jpg
train,scissors,scissors_02019.jpg,p2,,gestos_p2_20260914-165026,19,C:\Users\Javier\PIDS_HandPose\kit-grabacion\HAR_mediapipe\data\gestos_p2_20260914-165026\train\scissors\scissors_00019.jpg
train,scissors,scissors_02020.jpg,p2,,gestos_p2_20260914-165026,20,C:\Users\Javier\PIDS_HandPose\kit-grabacion\HAR_mediapipe\data\gestos_p2_20260914-165026\train\scissors\scissors_00020.jpg
train,scissors,scissors_02021.jpg,p2,,gestos_p2_20260914-165026,21,C:\Users\Javier\PIDS_HandPose\kit-grabacion\HAR_mediapipe\data\gestos_p2_20260914-165026\train\scissors\scissors_00021.jpg
train,scissors,scissors_02022.jpg,p2,,gestos_p2_20260914-165026,22,C:\Users\Javier\PIDS_HandPose\kit-grabacion\HAR_mediapipe\data\gestos_p2_20260914-165026\train\scissors\scissors_00022.jpg
train,scissors,scissors_02023.jpg,p2,,gestos_p2_20260914-165026,23,C:\Users\Javier\PIDS_HandPose\kit-grabacion\HAR_mediapipe\data\gestos_p2_20260914-165026\train\scissors\scissors_00023.jpg
train,scissors,scissors_02024.jpg,p2,,gestos_p2_20260914-165026,24,C:\Users\Javier\PIDS_HandPose\kit-grabacion\HAR_mediapipe\data\gestos_p2_20260914-165026\train\scissors\scissors_00024.jpg
train,scissors,scissors_02025.jpg,p2,,gestos_p2_20260914-165026,25,C:\Users\Javier\PIDS_HandPose\kit-grabacion\HAR_mediapipe\data\gestos_p2_20260914-165026\train\scissors\scissors_00025.jpg
train,scissors,scissors_02026.jpg,p2,,gestos_p2_20260914-165026,26,C:\Users\Javier\PIDS_HandPose\kit-grabacion\HAR_mediapipe\data\gestos_p2_20260914-165026\train\scissors\scissors_00026.jpg
train,scissors,scissors_02027.jpg,p2,,gestos_p2_20260914-165026,27,C:\Users\Javier\PIDS_HandPose\kit-grabacion\HAR_mediapipe\data\gestos_p2_20260914-165026\train\scissors\scissors_00027.jpg
train,scissors,scissors_02028.jpg,p2,,gestos_p2_20260914-165026,28,C:\Users\Javier\PIDS_HandPose\kit-grabacion\HAR_mediapipe\data\gestos_p2_20260914-165026\train\scissors\scissors_00028.jpg
train,scissors,scissors_02029.jpg,p2,,gestos_p2_20260914-165026,29,C:\Users\Javier\PIDS_HandPose\kit-grabacion\HAR_mediapipe\data\gestos_p2_20260914-165026\train\scissors\scissors_00029.jpg
train,scissors,scissors_02030.jpg,p2,,gestos_p2_20260914-165026,30,C:\Users\Javier\PIDS_HandPose\kit-grabacion\HAR_mediapipe\data\gestos_p2_20260914-165026\train\scissors\scissors_00030.jpg
train,scissors,scissors_02031.jpg,p2,,gestos_p2_20260914-165026,31,C:\Users\Javier\PIDS_HandPose\kit-grabacion\HAR_mediapipe\data\gestos_p2_20260914-165026\train\scissors\scissors_00031.jpg
train,scissors,scissors_02032.jpg,p2,,gestos_p2_20260914-165026,32,C:\Users\Javier\PIDS_HandPose\kit-grabacion\HAR_mediapipe\data\gestos_p2_20260914-165026\train\scissors\scissors_00032.jpg
train,scissors,scissors_02033.jpg,p2,,gestos_p2_20260914-165026,33,C:\Users\Javier\PIDS_HandPose\kit-grabacion\HAR_mediapipe\data\gestos_p2_20260914-165026\train\scissors\scissors_00033.jpg
train,scissors,scissors_02034.jpg,p2,,gestos_p2_20260914-165026,34,C:\Users\Javier\PIDS_HandPose\kit-grabacion\HAR_mediapipe\data\gestos_p2_20260914-165026\train\scissors\scissors_00034.jpg
train,scissors,scissors_02035.jpg,p2,,gestos_p2_20260914-165026,35,C:\Users\Javier\PIDS_HandPose\kit-grabacion\HAR_mediapipe\data\gestos_p2_20260914-165026\train\scissors\scissors_00035.jpg
train,scissors,scissors_02036.jpg,p2,,gestos_p2_20260914-165026,36,C:\Users\Javier\PIDS_HandPose\kit-grabacion\HAR_mediapipe\data\gestos_p2_20260914-165026\train\scissors\scissors_00036.jpg
train,scissors,scissors_02037.jpg,p2,,gestos_p2_20260914-165026,37,C:\Users\Javier\PIDS_HandPose\kit-grabacion\HAR_mediapipe\data\gestos_p2_20260914-165026\train\scissors\scissors_00037.jpg
train,scissors,scissors_02038.jpg,p2,,gestos_p2_20260914-165026,38,C:\Users\Javier\PIDS_HandPose\kit-grabacion\HAR_mediapipe\data\gestos_p2_20260914-165026\train\scissors\scissors_00038.jpg
train,scissors,scissors_02039.jpg,p2,,gestos_p2_20260914-165026,39,C:\Users\Javier\PIDS_HandPose\kit-grabacion\HAR_mediapipe\data\gestos_p2_20260914-165026\train\scissors\scissors_00039.jpg
train,scissors,scissors_02040.jpg,p2,,gestos_p2_20260914-165026,40,C:\Users\Javier\PIDS_HandPose\kit-grabacion\HAR_mediapipe\data\gestos_p2_20260914-165026\train\scissors\scissors_00040.jpg
train,scissors,scissors_02041.jpg,p2,,gestos_p2_20260914-165026,41,C:\Users\Javier\PIDS_HandPose\kit-grabacion\HAR_mediapipe\data\gestos_p2_20260914-165026\train\scissors\scissors_00041.jpg
train,scissors,scissors_02042.jpg,p2,,gestos_p2_20260914-165026,42,C:\Users\Javier\PIDS_HandPose\kit-grabacion\HAR_mediapipe\data\gestos_p2_20260914-165026\train\scissors\scissors_00042.jpg
train,scissors,scissors_02043.jpg,p2,,gestos_p2_20260914-165026,43,C:\Users\Javier\PIDS_HandPose\kit-grabacion\HAR_mediapipe\data\gestos_p2_20260914-165026\train\scissors\scissors_00043.jpg
train,scissors,scissors_02044.jpg,p2,,gestos_p2_20260914-165026,44,C:\Users\Javier\PIDS_HandPose\kit-grabacion\HAR_mediapipe\data\gestos_p2_20260914-165026\train\scissors\scissors_00044.jpg
train,scissors,scissors_02045.jpg,p2,,gestos_p2_20260914-165026,45,C:\Users\Javier\PIDS_HandPose\kit-grabacion\HAR_mediapipe\data\gestos_p2_20260914-165026\train\scissors\scissors_00045.jpg
train,scissors,scissors_02046.jpg,p2,,gestos_p2_20260914-165026,46,C:\Users\Javier\PIDS_HandPose\kit-grabacion\HAR_mediapipe\data\gestos_p2_20260914-165026\train\scissors\scissors_00046.jpg
train,scissors,scissors_02047.jpg,p2,,gestos_p2_20260914-165026,47,C:\Users\Javier\PIDS_HandPose\kit-grabacion\HAR_mediapipe\data\gestos_p2_20260914-165026\train\scissors\scissors_00047.jpg
train,scissors,scissors_02048.jpg,p2,,gestos_p2_20260914-165026,48,C:\Users\Javier\PIDS_HandPose\kit-grabacion\HAR_mediapipe\data\gestos_p2_20260914-165026\train\scissors\scissors_00048.jpg
train,scissors,scissors_02049.jpg,p2,,gestos_p2_20260914-165026,49,C:\Users\Javier\PIDS_HandPose\kit-grabacion\HAR_mediapipe\data\gestos_p2_20260914-165026\train\scissors\scissors_00049.jpg
train,scissors,scissors_02050.jpg,p2,,gestos_p2_20260914-165026,50,C:\Users\Javier\PIDS_HandPose\kit-grabacion\HAR_mediapipe\data\gestos_p2_20260914-165026\train\scissors\scissors_00050.jpg
train,scissors,scissors_02051.jpg,p2,,gestos_p2_20260914-165026,51,C:\Users\Javier\PIDS_HandPose\kit-grabacion\HAR_mediapipe\data\gestos_p2_20260914-165026\train\scissors\scissors_00051.jpg
train,scissors,scissors_02052.jpg,p2,,gestos_p2_20260914-165026,52,C:\Users\Javier\PIDS_HandPose\kit-grabacion\HAR_mediapipe\data\gestos_p2_20260914-165026\train\scissors\scissors_00052.jpg
train,scissors,scissors_02053.jpg,p2,,gestos_p2_20260914-165026,53,C:\Users\Javier\PIDS_HandPose\kit-grabacion\HAR_mediapipe\data\gestos_p2_20260914-165026\train\scissors\scissors_00053.jpg
train,scissors,scissors_02054.jpg,p2,,gestos_p2_20260914-165026,54,C:\Users\Javier\PIDS_HandPose\kit-grabacion\HAR_mediapipe\data\gestos_p2_20260914-165026\train\scissors\scissors_00054.jpg
train,scissors,scissors_02055.jpg,p2,,gestos_p2_20260914-165026,55,C:\Users\Javier\PIDS_HandPose\kit-grabacion\HAR_mediapipe\data\gestos_p2_20260914-165026\train\scissors\scissors_00055.jpg
train,scissors,scissors_02056.jpg,p2,,gestos_p2_20260914-165026,56,C:\Users\Javier\PIDS_HandPose\kit-grabacion\HAR_mediapipe\data\gestos_p2_20260914-165026\train\scissors\scissors_00056.jpg
train,scissors,scissors_02057.jpg,p2,,gestos_p2_20260914-165026,57,C:\Users\Javier\PIDS_HandPose\kit-grabacion\HAR_mediapipe\data\gestos_p2_20260914-165026\train\scissors\scissors_00057.jpg
train,scissors,scissors_02058.jpg,p2,,gestos_p2_20260914-165026,58,C:\Users\Javier\PIDS_HandPose\kit-grabacion\HAR_mediapipe\data\gestos_p2_20260914-165026\train\scissors\scissors_00058.jpg
train,scissors,scissors_02059.jpg,p2,,gestos_p2_20260914-165026,59,C:\Users\Javier\PIDS_HandPose\kit-grabacion\HAR_mediapipe\data\gestos_p2_20260914-165026\train\scissors\scissors_00059.jpg
train,scissors,scissors_02060.jpg,p2,,gestos_p2_20260914-165026,60,C:\Users\Javier\PIDS_HandPose\kit-grabacion\HAR_mediapipe\data\gestos_p2_20260914-165026\train\scissors\scissors_00060.jpg
train,scissors,scissors_02061.jpg,p2,,gestos_p2_20260914-165026,61,C:\Users\Javier\PIDS_HandPose\kit-grabacion\HAR_mediapipe\data\gestos_p2_20260914-165026\train\scissors\scissors_00061.jpg
train,scissors,scissors_02062.jpg,p2,,gestos_p2_20260914-165026,62,C:\Users\Javier\PIDS_HandPose\kit-grabacion\HAR_mediapipe\data\gestos_p2_20260914-165026\train\scissors\scissors_00062.jpg
train,scissors,scissors_02063.jpg,p2,,gestos_p2_20260914-165026,63,C:\Users\Javier\PIDS_HandPose\kit-grabacion\HAR_mediapipe\data\gestos_p2_20260914-165026\train\scissors\scissors_00063.jpg
train,scissors,scissors_02064.jpg,p2,,gestos_p2_20260914-165026,64,C:\Users\Javier\PIDS_HandPose\kit-grabacion\HAR_mediapipe\data\gestos_p2_20260914-165026\train\scissors\scissors_00064.jpg
train,scissors,scissors_02065.jpg,p2,,gestos_p2_20260914-165026,65,C:\Users\Javier\PIDS_HandPose\kit-grabacion\HAR_mediapipe\data\gestos_p2_20260914-165026\train\scissors\scissors_00065.jpg
train,scissors,scissors_02066.jpg,p2,,gestos_p2_20260914-165026,66,C:\Users\Javier\PIDS_HandPose\kit-grabacion\HAR_mediapipe\data\gestos_p2_20260914-165026\train\scissors\scissors_00066.jpg
train,scissors,scissors_02067.jpg,p2,,gestos_p2_20260914-165026,67,C:\Users\Javier\PIDS_HandPose\kit-grabacion\HAR_mediapipe\data\gestos_p2_20260914-165026\train\scissors\scissors_00067.jpg
train,scissors,scissors_02068.jpg,p2,,gestos_p2_20260914-165026,68,C:\Users\Javier\PIDS_HandPose\kit-grabacion\HAR_mediapipe\data\gestos_p2_20260914-165026\train\scissors\scissors_00068.jpg
train,scissors,scissors_02069.jpg,p2,,gestos_p2_20260914-165026,69,C:\Users\Javier\PIDS_HandPose\kit-grabacion\HAR_mediapipe\data\gestos_p2_20260914-165026\train\scissors\scissors_00069.jpg
train,scissors,scissors_02070.jpg,p2,,gestos_p2_20260914-165026,70,C:\Users\Javier\PIDS_HandPose\kit-grabacion\HAR_mediapipe\data\gestos_p2_20260914-165026\train\scissors\scissors_00070.jpg
train,thumbsup,thumbsup_02001.jpg,p2,,gestos_p2_20260914-165026,1,C:\Users\Javier\PIDS_HandPose\kit-grabacion\HAR_mediapipe\data\gestos_p2_20260914-165026\train\thumbsup\thumbsup_00001.jpg
train,thumbsup,thumbsup_02002.jpg,p2,,gestos_p2_20260914-165026,2,C:\Users\Javier\PIDS_HandPose\kit-grabacion\HAR_mediapipe\data\gestos_p2_20260914-165026\train\thumbsup\thumbsup_00002.jpg
train,thumbsup,thumbsup_02003.jpg,p2,,gestos_p2_20260914-165026,3,C:\Users\Javier\PIDS_HandPose\kit-grabacion\HAR_mediapipe\data\gestos_p2_20260914-165026\train\thumbsup\thumbsup_00003.jpg
train,thumbsup,thumbsup_02004.jpg,p2,,gestos_p2_20260914-165026,4,C:\Users\Javier\PIDS_HandPose\kit-grabacion\HAR_mediapipe\data\gestos_p2_20260914-165026\train\thumbsup\thumbsup_00004.jpg
train,thumbsup,thumbsup_02005.jpg,p2,,gestos_p2_20260914-165026,5,C:\Users\Javier\PIDS_HandPose\kit-grabacion\HAR_mediapipe\data\gestos_p2_20260914-165026\train\thumbsup\thumbsup_00005.jpg
train,thumbsup,thumbsup_02006.jpg,p2,,gestos_p2_20260914-165026,6,C:\Users\Javier\PIDS_HandPose\kit-grabacion\HAR_mediapipe\data\gestos_p2_20260914-165026\train\thumbsup\thumbsup_00006.jpg
train,thumbsup,thumbsup_02007.jpg,p2,,gestos_p2_20260914-165026,7,C:\Users\Javier\PIDS_HandPose\kit-grabacion\HAR_mediapipe\data\gestos_p2_20260914-165026\train\thumbsup\thumbsup_00007.jpg
train,thumbsup,thumbsup_02008.jpg,p2,,gestos_p2_20260914-165026,8,C:\Users\Javier\PIDS_HandPose\kit-grabacion\HAR_mediapipe\data\gestos_p2_20260914-165026\train\thumbsup\thumbsup_00008.jpg
train,thumbsup,thumbsup_02009.jpg,p2,,gestos_p2_20260914-165026,9,C:\Users\Javier\PIDS_HandPose\kit-grabacion\HAR_mediapipe\data\gestos_p2_20260914-165026\train\thumbsup\thumbsup_00009.jpg
train,thumbsup,thumbsup_02010.jpg,p2,,gestos_p2_20260914-165026,10,C:\Users\Javier\PIDS_HandPose\kit-grabacion\HAR_mediapipe\data\gestos_p2_20260914-165026\train\thumbsup\thumbsup_00010.jpg
train,thumbsup,thumbsup_02011.jpg,p2,,gestos_p2_20260914-165026,11,C:\Users\Javier\PIDS_HandPose\kit-grabacion\HAR_mediapipe\data\gestos_p2_20260914-165026\train\thumbsup\thumbsup_00011.jpg
train,thumbsup,thumbsup_02012.jpg,p2,,gestos_p2_20260914-165026,12,C:\Users\Javier\PIDS_HandPose\kit-grabacion\HAR_mediapipe\data\gestos_p2_20260914-165026\train\thumbsup\thumbsup_00012.jpg
train,thumbsup,thumbsup_02013.jpg,p2,,gestos_p2_20260914-165026,13,C:\Users\Javier\PIDS_HandPose\kit-grabacion\HAR_mediapipe\data\gestos_p2_20260914-165026\train\thumbsup\thumbsup_00013.jpg
train,thumbsup,thumbsup_02014.jpg,p2,,gestos_p2_20260914-165026,14,C:\Users\Javier\PIDS_HandPose\kit-grabacion\HAR_mediapipe\data\gestos_p2_20260914-165026\train\thumbsup\thumbsup_00014.jpg
train,thumbsup,thumbsup_02015.jpg,p2,,gestos_p2_20260914-165026,15,C:\Users\Javier\PIDS_HandPose\kit-grabacion\HAR_mediapipe\data\gestos_p2_20260914-165026\train\thumbsup\thumbsup_00015.jpg
train,thumbsup,thumbsup_02016.jpg,p2,,gestos_p2_20260914-165026,16,C:\Users\Javier\PIDS_HandPose\kit-grabacion\HAR_mediapipe\data\gestos_p2_20260914-165026\train\thumbsup\thumbsup_00016.jpg
train,thumbsup,thumbsup_02017.jpg,p2,,gestos_p2_20260914-165026,17,C:\Users\Javier\PIDS_HandPose\kit-grabacion\HAR_mediapipe\data\gestos_p2_20260914-165026\train\thumbsup\thumbsup_00017.jpg
train,thumbsup,thumbsup_02018.jpg,p2,,gestos_p2_20260914-165026,18,C:\Users\Javier\PIDS_HandPose\kit-grabacion\HAR_mediapipe\data\gestos_p2_20260914-165026\train\thumbsup\thumbsup_00018.jpg
train,thumbsup,thumbsup_02019.jpg,p2,,gestos_p2_20260914-165026,19,C:\Users\Javier\PIDS_HandPose\kit-grabacion\HAR_mediapipe\data\gestos_p2_20260914-165026\train\thumbsup\thumbsup_00019.jpg
train,thumbsup,thumbsup_02020.jpg,p2,,gestos_p2_20260914-165026,20,C:\Users\Javier\PIDS_HandPose\kit-grabacion\HAR_mediapipe\data\gestos_p2_20260914-165026\train\thumbsup\thumbsup_00020.jpg
train,thumbsup,thumbsup_02021.jpg,p2,,gestos_p2_20260914-165026,21,C:\Users\Javier\PIDS_HandPose\kit-grabacion\HAR_mediapipe\data\gestos_p2_20260914-165026\train\thumbsup\thumbsup_00021.jpg
train,thumbsup,thumbsup_02022.jpg,p2,,gestos_p2_20260914-165026,22,C:\Users\Javier\PIDS_HandPose\kit-grabacion\HAR_mediapipe\data\gestos_p2_20260914-165026\train\thumbsup\thumbsup_00022.jpg
train,thumbsup,thumbsup_02023.jpg,p2,,gestos_p2_20260914-165026,23,C:\Users\Javier\PIDS_HandPose\kit-grabacion\HAR_mediapipe\data\gestos_p2_20260914-165026\train\thumbsup\thumbsup_00023.jpg
train,thumbsup,thumbsup_02024.jpg,p2,,gestos_p2_20260914-165026,24,C:\Users\Javier\PIDS_HandPose\kit-grabacion\HAR_mediapipe\data\gestos_p2_20260914-165026\train\thumbsup\thumbsup_00024.jpg
train,thumbsup,thumbsup_02025.jpg,p2,,gestos_p2_20260914-165026,25,C:\Users\Javier\PIDS_HandPose\kit-grabacion\HAR_mediapipe\data\gestos_p2_20260914-165026\train\thumbsup\thumbsup_00025.jpg
train,thumbsup,thumbsup_02026.jpg,p2,,gestos_p2_20260914-165026,26,C:\Users\Javier\PIDS_HandPose\kit-grabacion\HAR_mediapipe\data\gestos_p2_20260914-165026\train\thumbsup\thumbsup_00026.jpg
train,thumbsup,thumbsup_02027.jpg,p2,,gestos_p2_20260914-165026,27,C:\Users\Javier\PIDS_HandPose\kit-grabacion\HAR_mediapipe\data\gestos_p2_20260914-165026\train\thumbsup\thumbsup_00027.jpg
train,thumbsup,thumbsup_02028.jpg,p2,,gestos_p2_20260914-165026,28,C:\Users\Javier\PIDS_HandPose\kit-grabacion\HAR_mediapipe\data\gestos_p2_20260914-165026\train\thumbsup\thumbsup_00028.jpg
train,thumbsup,thumbsup_02029.jpg,p2,,gestos_p2_20260914-165026,29,C:\Users\Javier\PIDS_HandPose\kit-grabacion\HAR_mediapipe\data\gestos_p2_20260914-165026\train\thumbsup\thumbsup_00029.jpg
train,thumbsup,thumbsup_02030.jpg,p2,,gestos_p2_20260914-165026,30,C:\Users\Javier\PIDS_HandPose\kit-grabacion\HAR_mediapipe\data\gestos_p2_20260914-165026\train\thumbsup\thumbsup_00030.jpg
train,thumbsup,thumbsup_02031.jpg,p2,,gestos_p2_20260914-165026,31,C:\Users\Javier\PIDS_HandPose\kit-grabacion\HAR_mediapipe\data\gestos_p2_20260914-165026\train\thumbsup\thumbsup_00031.jpg
train,thumbsup,thumbsup_02032.jpg,p2,,gestos_p2_20260914-165026,32,C:\Users\Javier\PIDS_HandPose\kit-grabacion\HAR_mediapipe\data\gestos_p2_20260914-165026\train\thumbsup\thumbsup_00032.jpg
train,thumbsup,thumbsup_02033.jpg,p2,,gestos_p2_20260914-165026,33,C:\Users\Javier\PIDS_HandPose\kit-grabacion\HAR_mediapipe\data\gestos_p2_20260914-165026\train\thumbsup\thumbsup_00033.jpg
train,thumbsup,thumbsup_02034.jpg,p2,,gestos_p2_20260914-165026,34,C:\Users\Javier\PIDS_HandPose\kit-grabacion\HAR_mediapipe\data\gestos_p2_20260914-165026\train\thumbsup\thumbsup_00034.jpg
train,thumbsup,thumbsup_02035.jpg,p2,,gestos_p2_20260914-165026,35,C:\Users\Javier\PIDS_HandPose\kit-grabacion\HAR_mediapipe\data\gestos_p2_20260914-165026\train\thumbsup\thumbsup_00035.jpg
train,thumbsup,thumbsup_02036.jpg,p2,,gestos_p2_20260914-165026,36,C:\Users\Javier\PIDS_HandPose\kit-grabacion\HAR_mediapipe\data\gestos_p2_20260914-165026\train\thumbsup\thumbsup_00036.jpg
train,thumbsup,thumbsup_02037.jpg,p2,,gestos_p2_20260914-165026,37,C:\Users\Javier\PIDS_HandPose\kit-grabacion\HAR_mediapipe\data\gestos_p2_20260914-165026\train\thumbsup\thumbsup_00037.jpg
train,thumbsup,thumbsup_02038.jpg,p2,,gestos_p2_20260914-165026,38,C:\Users\Javier\PIDS_HandPose\kit-grabacion\HAR_mediapipe\data\gestos_p2_20260914-165026\train\thumbsup\thumbsup_00038.jpg
train,thumbsup,thumbsup_02039.jpg,p2,,gestos_p2_20260914-165026,39,C:\Users\Javier\PIDS_HandPose\kit-grabacion\HAR_mediapipe\data\gestos_p2_20260914-165026\train\thumbsup\thumbsup_00039.jpg
train,thumbsup,thumbsup_02040.jpg,p2,,gestos_p2_20260914-165026,40,C:\Users\Javier\PIDS_HandPose\kit-grabacion\HAR_mediapipe\data\gestos_p2_20260914-165026\train\thumbsup\thumbsup_00040.jpg
train,thumbsup,thumbsup_02041.jpg,p2,,gestos_p2_20260914-165026,41,C:\Users\Javier\PIDS_HandPose\kit-grabacion\HAR_mediapipe\data\gestos_p2_20260914-165026\train\thumbsup\thumbsup_00041.jpg
train,thumbsup,thumbsup_02042.jpg,p2,,gestos_p2_20260914-165026,42,C:\Users\Javier\PIDS_HandPose\kit-grabacion\HAR_mediapipe\data\gestos_p2_20260914-165026\train\thumbsup\thumbsup_00042.jpg
train,thumbsup,thumbsup_02043.jpg,p2,,gestos_p2_20260914-165026,43,C:\Users\Javier\PIDS_HandPose\kit-grabacion\HAR_mediapipe\data\gestos_p2_20260914-165026\train\thumbsup\thumbsup_00043.jpg
train,thumbsup,thumbsup_02044.jpg,p2,,gestos_p2_20260914-165026,44,C:\Users\Javier\PIDS_HandPose\kit-grabacion\HAR_mediapipe\data\gestos_p2_20260914-165026\train\thumbsup\thumbsup_00044.jpg
train,thumbsup,thumbsup_02045.jpg,p2,,gestos_p2_20260914-165026,45,C:\Users\Javier\PIDS_HandPose\kit-grabacion\HAR_mediapipe\data\gestos_p2_20260914-165026\train\thumbsup\thumbsup_00045.jpg
train,thumbsup,thumbsup_02046.jpg,p2,,gestos_p2_20260914-165026,46,C:\Users\Javier\PIDS_HandPose\kit-grabacion\HAR_mediapipe\data\gestos_p2_20260914-165026\train\thumbsup\thumbsup_00046.jpg
train,thumbsup,thumbsup_02047.jpg,p2,,gestos_p2_20260914-165026,47,C:\Users\Javier\PIDS_HandPose\kit-grabacion\HAR_mediapipe\data\gestos_p2_20260914-165026\train\thumbsup\thumbsup_00047.jpg
train,thumbsup,thumbsup_02048.jpg,p2,,gestos_p2_20260914-165026,48,C:\Users\Javier\PIDS_HandPose\kit-grabacion\HAR_mediapipe\data\gestos_p2_20260914-165026\train\thumbsup\thumbsup_00048.jpg
train,thumbsup,thumbsup_02049.jpg,p2,,gestos_p2_20260914-165026,49,C:\Users\Javier\PIDS_HandPose\kit-grabacion\HAR_mediapipe\data\gestos_p2_20260914-165026\train\thumbsup\thumbsup_00049.jpg
train,thumbsup,thumbsup_02050.jpg,p2,,gestos_p2_20260914-165026,50,C:\Users\Javier\PIDS_HandPose\kit-grabacion\HAR_mediapipe\data\gestos_p2_20260914-165026\train\thumbsup\thumbsup_00050.jpg
train,thumbsup,thumbsup_02051.jpg,p2,,gestos_p2_20260914-165026,51,C:\Users\Javier\PIDS_HandPose\kit-grabacion\HAR_mediapipe\data\gestos_p2_20260914-165026\train\thumbsup\thumbsup_00051.jpg
train,thumbsup,thumbsup_02052.jpg,p2,,gestos_p2_20260914-165026,52,C:\Users\Javier\PIDS_HandPose\kit-grabacion\HAR_mediapipe\data\gestos_p2_20260914-165026\train\thumbsup\thumbsup_00052.jpg
train,thumbsup,thumbsup_02053.jpg,p2,,gestos_p2_20260914-165026,53,C:\Users\Javier\PIDS_HandPose\kit-grabacion\HAR_mediapipe\data\gestos_p2_20260914-165026\train\thumbsup\thumbsup_00053.jpg
train,thumbsup,thumbsup_02054.jpg,p2,,gestos_p2_20260914-165026,54,C:\Users\Javier\PIDS_HandPose\kit-grabacion\HAR_mediapipe\data\gestos_p2_20260914-165026\train\thumbsup\thumbsup_00054.jpg
train,thumbsup,thumbsup_02055.jpg,p2,,gestos_p2_20260914-165026,55,C:\Users\Javier\PIDS_HandPose\kit-grabacion\HAR_mediapipe\data\gestos_p2_20260914-165026\train\thumbsup\thumbsup_00055.jpg
train,thumbsup,thumbsup_02056.jpg,p2,,gestos_p2_20260914-165026,56,C:\Users\Javier\PIDS_HandPose\kit-grabacion\HAR_mediapipe\data\gestos_p2_20260914-165026\train\thumbsup\thumbsup_00056.jpg
train,thumbsup,thumbsup_02057.jpg,p2,,gestos_p2_20260914-165026,57,C:\Users\Javier\PIDS_HandPose\kit-grabacion\HAR_mediapipe\data\gestos_p2_20260914-165026\train\thumbsup\thumbsup_00057.jpg
train,thumbsup,thumbsup_02058.jpg,p2,,gestos_p2_20260914-165026,58,C:\Users\Javier\PIDS_HandPose\kit-grabacion\HAR_mediapipe\data\gestos_p2_20260914-165026\train\thumbsup\thumbsup_00058.jpg
train,thumbsup,thumbsup_02059.jpg,p2,,gestos_p2_20260914-165026,59,C:\Users\Javier\PIDS_HandPose\kit-grabacion\HAR_mediapipe\data\gestos_p2_20260914-165026\train\thumbsup\thumbsup_00059.jpg
train,thumbsup,thumbsup_02060.jpg,p2,,gestos_p2_20260914-165026,60,C:\Users\Javier\PIDS_HandPose\kit-grabacion\HAR_mediapipe\data\gestos_p2_20260914-165026\train\thumbsup\thumbsup_00060.jpg
train,thumbsup,thumbsup_02061.jpg,p2,,gestos_p2_20260914-165026,61,C:\Users\Javier\PIDS_HandPose\kit-grabacion\HAR_mediapipe\data\gestos_p2_20260914-165026\train\thumbsup\thumbsup_00061.jpg
train,thumbsup,thumbsup_02062.jpg,p2,,gestos_p2_20260914-165026,62,C:\Users\Javier\PIDS_HandPose\kit-grabacion\HAR_mediapipe\data\gestos_p2_20260914-165026\train\thumbsup\thumbsup_00062.jpg
train,thumbsup,thumbsup_02063.jpg,p2,,gestos_p2_20260914-165026,63,C:\Users\Javier\PIDS_HandPose\kit-grabacion\HAR_mediapipe\data\gestos_p2_20260914-165026\train\thumbsup\thumbsup_00063.jpg
train,thumbsup,thumbsup_02064.jpg,p2,,gestos_p2_20260914-165026,64,C:\Users\Javier\PIDS_HandPose\kit-grabacion\HAR_mediapipe\data\gestos_p2_20260914-165026\train\thumbsup\thumbsup_00064.jpg
train,thumbsup,thumbsup_02065.jpg,p2,,gestos_p2_20260914-165026,65,C:\Users\Javier\PIDS_HandPose\kit-grabacion\HAR_mediapipe\data\gestos_p2_20260914-165026\train\thumbsup\thumbsup_00065.jpg
train,thumbsup,thumbsup_02066.jpg,p2,,gestos_p2_20260914-165026,66,C:\Users\Javier\PIDS_HandPose\kit-grabacion\HAR_mediapipe\data\gestos_p2_20260914-165026\train\thumbsup\thumbsup_00066.jpg
train,thumbsup,thumbsup_02067.jpg,p2,,gestos_p2_20260914-165026,67,C:\Users\Javier\PIDS_HandPose\kit-grabacion\HAR_mediapipe\data\gestos_p2_20260914-165026\train\thumbsup\thumbsup_00067.jpg
train,thumbsup,thumbsup_02068.jpg,p2,,gestos_p2_20260914-165026,68,C:\Users\Javier\PIDS_HandPose\kit-grabacion\HAR_mediapipe\data\gestos_p2_20260914-165026\train\thumbsup\thumbsup_00068.jpg
train,thumbsup,thumbsup_02069.jpg,p2,,gestos_p2_20260914-165026,69,C:\Users\Javier\PIDS_HandPose\kit-grabacion\HAR_mediapipe\data\gestos_p2_20260914-165026\train\thumbsup\thumbsup_00069.jpg
train,thumbsup,thumbsup_02070.jpg,p2,,gestos_p2_20260914-165026,70,C:\Users\Javier\PIDS_HandPose\kit-grabacion\HAR_mediapipe\data\gestos_p2_20260914-165026\train\thumbsup\thumbsup_00070.jpg
test,ok,ok_02071.jpg,p2,,gestos_p2_20260914-165026,71,C:\Users\Javier\PIDS_HandPose\kit-grabacion\HAR_mediapipe\data\gestos_p2_20260914-165026\test\ok\ok_00071.jpg
test,ok,ok_02072.jpg,p2,,gestos_p2_20260914-165026,72,C:\Users\Javier\PIDS_HandPose\kit-grabacion\HAR_mediapipe\data\gestos_p2_20260914-165026\test\ok\ok_00072.jpg
test,ok,ok_02073.jpg,p2,,gestos_p2_20260914-165026,73,C:\Users\Javier\PIDS_HandPose\kit-grabacion\HAR_mediapipe\data\gestos_p2_20260914-165026\test\ok\ok_00073.jpg
test,ok,ok_02074.jpg,p2,,gestos_p2_20260914-165026,74,C:\Users\Javier\PIDS_HandPose\kit-grabacion\HAR_mediapipe\data\gestos_p2_20260914-165026\test\ok\ok_00074.jpg
test,ok,ok_02075.jpg,p2,,gestos_p2_20260914-165026,75,C:\Users\Javier\PIDS_HandPose\kit-grabacion\HAR_mediapipe\data\gestos_p2_20260914-165026\test\ok\ok_00075.jpg
test,ok,ok_02076.jpg,p2,,gestos_p2_20260914-165026,76,C:\Users\Javier\PIDS_HandPose\kit-grabacion\HAR_mediapipe\data\gestos_p2_20260914-165026\test\ok\ok_00076.jpg
test,ok,ok_02077.jpg,p2,,gestos_p2_20260914-165026,77,C:\Users\Javier\PIDS_HandPose\kit-grabacion\HAR_mediapipe\data\gestos_p2_20260914-165026\test\ok\ok_00077.jpg
test,ok,ok_02078.jpg,p2,,gestos_p2_20260914-165026,78,C:\Users\Javier\PIDS_HandPose\kit-grabacion\HAR_mediapipe\data\gestos_p2_20260914-165026\test\ok\ok_00078.jpg
test,ok,ok_02079.jpg,p2,,gestos_p2_20260914-165026,79,C:\Users\Javier\PIDS_HandPose\kit-grabacion\HAR_mediapipe\data\gestos_p2_20260914-165026\test\ok\ok_00079.jpg
test,ok,ok_02080.jpg,p2,,gestos_p2_20260914-165026,80,C:\Users\Javier\PIDS_HandPose\kit-grabacion\HAR_mediapipe\data\gestos_p2_20260914-165026\test\ok\ok_00080.jpg
test,ok,ok_02081.jpg,p2,,gestos_p2_20260914-165026,81,C:\Users\Javier\PIDS_HandPose\kit-grabacion\HAR_mediapipe\data\gestos_p2_20260914-165026\test\ok\ok_00081.jpg
test,ok,ok_02082.jpg,p2,,gestos_p2_20260914-165026,82,C:\Users\Javier\PIDS_HandPose\kit-grabacion\HAR_mediapipe\data\gestos_p2_20260914-165026\test\ok\ok_00082.jpg
test,ok,ok_02083.jpg,p2,,gestos_p2_20260914-165026,83,C:\Users\Javier\PIDS_HandPose\kit-grabacion\HAR_mediapipe\data\gestos_p2_20260914-165026\test\ok\ok_00083.jpg
test,ok,ok_02084.jpg,p2,,gestos_p2_20260914-165026,84,C:\Users\Javier\PIDS_HandPose\kit-grabacion\HAR_mediapipe\data\gestos_p2_20260914-165026\test\ok\ok_00084.jpg
test,ok,ok_02085.jpg,p2,,gestos_p2_20260914-165026,85,C:\Users\Javier\PIDS_HandPose\kit-grabacion\HAR_mediapipe\data\gestos_p2_20260914-165026\test\ok\ok_00085.jpg
test,ok,ok_02086.jpg,p2,,gestos_p2_20260914-165026,86,C:\Users\Javier\PIDS_HandPose\kit-grabacion\HAR_mediapipe\data\gestos_p2_20260914-165026\test\ok\ok_00086.jpg
test,ok,ok_02087.jpg,p2,,gestos_p2_20260914-165026,87,C:\Users\Javier\PIDS_HandPose\kit-grabacion\HAR_mediapipe\data\gestos_p2_20260914-165026\test\ok\ok_00087.jpg
test,ok,ok_02088.jpg,p2,,gestos_p2_20260914-165026,88,C:\Users\Javier\PIDS_HandPose\kit-grabacion\HAR_mediapipe\data\gestos_p2_20260914-165026\test\ok\ok_00088.jpg
test,ok,ok_02089.jpg,p2,,gestos_p2_20260914-165026,89,C:\Users\Javier\PIDS_HandPose\kit-grabacion\HAR_mediapipe\data\gestos_p2_20260914-165026\test\ok\ok_00089.jpg
test,ok,ok_02090.jpg,p2,,gestos_p2_20260914-165026,90,C:\Users\Javier\PIDS_HandPose\kit-grabacion\HAR_mediapipe\data\gestos_p2_20260914-165026\test\ok\ok_00090.jpg
test,ok,ok_02091.jpg,p2,,gestos_p2_20260914-165026,91,C:\Users\Javier\PIDS_HandPose\kit-grabacion\HAR_mediapipe\data\gestos_p2_20260914-165026\test\ok\ok_00091.jpg
test,ok,ok_02092.jpg,p2,,gestos_p2_20260914-165026,92,C:\Users\Javier\PIDS_HandPose\kit-grabacion\HAR_mediapipe\data\gestos_p2_20260914-165026\test\ok\ok_00092.jpg
test,ok,ok_02093.jpg,p2,,gestos_p2_20260914-165026,93,C:\Users\Javier\PIDS_HandPose\kit-grabacion\HAR_mediapipe\data\gestos_p2_20260914-165026\test\ok\ok_00093.jpg
test,ok,ok_02094.jpg,p2,,gestos_p2_20260914-165026,94,C:\Users\Javier\PIDS_HandPose\kit-grabacion\HAR_mediapipe\data\gestos_p2_20260914-165026\test\ok\ok_00094.jpg
test,ok,ok_02095.jpg,p2,,gestos_p2_20260914-165026,95,C:\Users\Javier\PIDS_HandPose\kit-grabacion\HAR_mediapipe\data\gestos_p2_20260914-165026\test\ok\ok_00095.jpg
test,ok,ok_02096.jpg,p2,,gestos_p2_20260914-165026,96,C:\Users\Javier\PIDS_HandPose\kit-grabacion\HAR_mediapipe\data\gestos_p2_20260914-165026\test\ok\ok_00096.jpg
test,ok,ok_02097.jpg,p2,,gestos_p2_20260914-165026,97,C:\Users\Javier\PIDS_HandPose\kit-grabacion\HAR_mediapipe\data\gestos_p2_20260914-165026\test\ok\ok_00097.jpg
test,ok,ok_02098.jpg,p2,,gestos_p2_20260914-165026,98,C:\Users\Javier\PIDS_HandPose\kit-grabacion\HAR_mediapipe\data\gestos_p2_20260914-165026\test\ok\ok_00098.jpg
test,ok,ok_02099.jpg,p2,,gestos_p2_20260914-165026,99,C:\Users\Javier\PIDS_HandPose\kit-grabacion\HAR_mediapipe\data\gestos_p2_20260914-165026\test\ok\ok_00099.jpg
test,ok,ok_02100.jpg,p2,,gestos_p2_20260914-165026,100,C:\Users\Javier\PIDS_HandPose\kit-grabacion\HAR_mediapipe\data\gestos_p2_20260914-165026\test\ok\ok_00100.jpg
test,paper,paper_02071.jpg,p2,,gestos_p2_20260914-165026,71,C:\Users\Javier\PIDS_HandPose\kit-grabacion\HAR_mediapipe\data\gestos_p2_20260914-165026\test\paper\paper_00071.jpg
test,paper,paper_02072.jpg,p2,,gestos_p2_20260914-165026,72,C:\Users\Javier\PIDS_HandPose\kit-grabacion\HAR_mediapipe\data\gestos_p2_20260914-165026\test\paper\paper_00072.jpg
test,paper,paper_02073.jpg,p2,,gestos_p2_20260914-165026,73,C:\Users\Javier\PIDS_HandPose\kit-grabacion\HAR_mediapipe\data\gestos_p2_20260914-165026\test\paper\paper_00073.jpg
test,paper,paper_02074.jpg,p2,,gestos_p2_20260914-165026,74,C:\Users\Javier\PIDS_HandPose\kit-grabacion\HAR_mediapipe\data\gestos_p2_20260914-165026\test\paper\paper_00074.jpg
test,paper,paper_02075.jpg,p2,,gestos_p2_20260914-165026,75,C:\Users\Javier\PIDS_HandPose\kit-grabacion\HAR_mediapipe\data\gestos_p2_20260914-165026\test\paper\paper_00075.jpg
test,paper,paper_02076.jpg,p2,,gestos_p2_20260914-165026,76,C:\Users\Javier\PIDS_HandPose\kit-grabacion\HAR_mediapipe\data\gestos_p2_20260914-165026\test\paper\paper_00076.jpg
test,paper,paper_02077.jpg,p2,,gestos_p2_20260914-165026,77,C:\Users\Javier\PIDS_HandPose\kit-grabacion\HAR_mediapipe\data\gestos_p2_20260914-165026\test\paper\paper_00077.jpg
test,paper,paper_02078.jpg,p2,,gestos_p2_20260914-165026,78,C:\Users\Javier\PIDS_HandPose\kit-grabacion\HAR_mediapipe\data\gestos_p2_20260914-165026\test\paper\paper_00078.jpg
test,paper,paper_02079.jpg,p2,,gestos_p2_20260914-165026,79,C:\Users\Javier\PIDS_HandPose\kit-grabacion\HAR_mediapipe\data\gestos_p2_20260914-165026\test\paper\paper_00079.jpg
test,paper,paper_02080.jpg,p2,,gestos_p2_20260914-165026,80,C:\Users\Javier\PIDS_HandPose\kit-grabacion\HAR_mediapipe\data\gestos_p2_20260914-165026\test\paper\paper_00080.jpg
test,paper,paper_02081.jpg,p2,,gestos_p2_20260914-165026,81,C:\Users\Javier\PIDS_HandPose\kit-grabacion\HAR_mediapipe\data\gestos_p2_20260914-165026\test\paper\paper_00081.jpg
test,paper,paper_02082.jpg,p2,,gestos_p2_20260914-165026,82,C:\Users\Javier\PIDS_HandPose\kit-grabacion\HAR_mediapipe\data\gestos_p2_20260914-165026\test\paper\paper_00082.jpg
test,paper,paper_02083.jpg,p2,,gestos_p2_20260914-165026,83,C:\Users\Javier\PIDS_HandPose\kit-grabacion\HAR_mediapipe\data\gestos_p2_20260914-165026\test\paper\paper_00083.jpg
test,paper,paper_02084.jpg,p2,,gestos_p2_20260914-165026,84,C:\Users\Javier\PIDS_HandPose\kit-grabacion\HAR_mediapipe\data\gestos_p2_20260914-165026\test\paper\paper_00084.jpg
test,paper,paper_02085.jpg,p2,,gestos_p2_20260914-165026,85,C:\Users\Javier\PIDS_HandPose\kit-grabacion\HAR_mediapipe\data\gestos_p2_20260914-165026\test\paper\paper_00085.jpg
test,paper,paper_02086.jpg,p2,,gestos_p2_20260914-165026,86,C:\Users\Javier\PIDS_HandPose\kit-grabacion\HAR_mediapipe\data\gestos_p2_20260914-165026\test\paper\paper_00086.jpg
test,paper,paper_02087.jpg,p2,,gestos_p2_20260914-165026,87,C:\Users\Javier\PIDS_HandPose\kit-grabacion\HAR_mediapipe\data\gestos_p2_20260914-165026\test\paper\paper_00087.jpg
test,paper,paper_02088.jpg,p2,,gestos_p2_20260914-165026,88,C:\Users\Javier\PIDS_HandPose\kit-grabacion\HAR_mediapipe\data\gestos_p2_20260914-165026\test\paper\paper_00088.jpg
test,paper,paper_02089.jpg,p2,,gestos_p2_20260914-165026,89,C:\Users\Javier\PIDS_HandPose\kit-grabacion\HAR_mediapipe\data\gestos_p2_20260914-165026\test\paper\paper_00089.jpg
test,paper,paper_02090.jpg,p2,,gestos_p2_20260914-165026,90,C:\Users\Javier\PIDS_HandPose\kit-grabacion\HAR_mediapipe\data\gestos_p2_20260914-165026\test\paper\paper_00090.jpg
test,paper,paper_02091.jpg,p2,,gestos_p2_20260914-165026,91,C:\Users\Javier\PIDS_HandPose\kit-grabacion\HAR_mediapipe\data\gestos_p2_20260914-165026\test\paper\paper_00091.jpg
test,paper,paper_02092.jpg,p2,,gestos_p2_20260914-165026,92,C:\Users\Javier\PIDS_HandPose\kit-grabacion\HAR_mediapipe\data\gestos_p2_20260914-165026\test\paper\paper_00092.jpg
test,paper,paper_02093.jpg,p2,,gestos_p2_20260914-165026,93,C:\Users\Javier\PIDS_HandPose\kit-grabacion\HAR_mediapipe\data\gestos_p2_20260914-165026\test\paper\paper_00093.jpg
test,paper,paper_02094.jpg,p2,,gestos_p2_20260914-165026,94,C:\Users\Javier\PIDS_HandPose\kit-grabacion\HAR_mediapipe\data\gestos_p2_20260914-165026\test\paper\paper_00094.jpg
test,paper,paper_02095.jpg,p2,,gestos_p2_20260914-165026,95,C:\Users\Javier\PIDS_HandPose\kit-grabacion\HAR_mediapipe\data\gestos_p2_20260914-165026\test\paper\paper_00095.jpg
test,paper,paper_02096.jpg,p2,,gestos_p2_20260914-165026,96,C:\Users\Javier\PIDS_HandPose\kit-grabacion\HAR_mediapipe\data\gestos_p2_20260914-165026\test\paper\paper_00096.jpg
test,paper,paper_02097.jpg,p2,,gestos_p2_20260914-165026,97,C:\Users\Javier\PIDS_HandPose\kit-grabacion\HAR_mediapipe\data\gestos_p2_20260914-165026\test\paper\paper_00097.jpg
test,paper,paper_02098.jpg,p2,,gestos_p2_20260914-165026,98,C:\Users\Javier\PIDS_HandPose\kit-grabacion\HAR_mediapipe\data\gestos_p2_20260914-165026\test\paper\paper_00098.jpg
test,paper,paper_02099.jpg,p2,,gestos_p2_20260914-165026,99,C:\Users\Javier\PIDS_HandPose\kit-grabacion\HAR_mediapipe\data\gestos_p2_20260914-165026\test\paper\paper_00099.jpg
test,paper,paper_02100.jpg,p2,,gestos_p2_20260914-165026,100,C:\Users\Javier\PIDS_HandPose\kit-grabacion\HAR_mediapipe\data\gestos_p2_20260914-165026\test\paper\paper_00100.jpg
test,rock,rock_02071.jpg,p2,,gestos_p2_20260914-165026,71,C:\Users\Javier\PIDS_HandPose\kit-grabacion\HAR_mediapipe\data\gestos_p2_20260914-165026\test\rock\rock_00071.jpg
test,rock,rock_02072.jpg,p2,,gestos_p2_20260914-165026,72,C:\Users\Javier\PIDS_HandPose\kit-grabacion\HAR_mediapipe\data\gestos_p2_20260914-165026\test\rock\rock_00072.jpg
test,rock,rock_02073.jpg,p2,,gestos_p2_20260914-165026,73,C:\Users\Javier\PIDS_HandPose\kit-grabacion\HAR_mediapipe\data\gestos_p2_20260914-165026\test\rock\rock_00073.jpg
test,rock,rock_02074.jpg,p2,,gestos_p2_20260914-165026,74,C:\Users\Javier\PIDS_HandPose\kit-grabacion\HAR_mediapipe\data\gestos_p2_20260914-165026\test\rock\rock_00074.jpg
test,rock,rock_02075.jpg,p2,,gestos_p2_20260914-165026,75,C:\Users\Javier\PIDS_HandPose\kit-grabacion\HAR_mediapipe\data\gestos_p2_20260914-165026\test\rock\rock_00075.jpg
test,rock,rock_02076.jpg,p2,,gestos_p2_20260914-165026,76,C:\Users\Javier\PIDS_HandPose\kit-grabacion\HAR_mediapipe\data\gestos_p2_20260914-165026\test\rock\rock_00076.jpg
test,rock,rock_02077.jpg,p2,,gestos_p2_20260914-165026,77,C:\Users\Javier\PIDS_HandPose\kit-grabacion\HAR_mediapipe\data\gestos_p2_20260914-165026\test\rock\rock_00077.jpg
test,rock,rock_02078.jpg,p2,,gestos_p2_20260914-165026,78,C:\Users\Javier\PIDS_HandPose\kit-grabacion\HAR_mediapipe\data\gestos_p2_20260914-165026\test\rock\rock_00078.jpg
test,rock,rock_02079.jpg,p2,,gestos_p2_20260914-165026,79,C:\Users\Javier\PIDS_HandPose\kit-grabacion\HAR_mediapipe\data\gestos_p2_20260914-165026\test\rock\rock_00079.jpg
test,rock,rock_02080.jpg,p2,,gestos_p2_20260914-165026,80,C:\Users\Javier\PIDS_HandPose\kit-grabacion\HAR_mediapipe\data\gestos_p2_20260914-165026\test\rock\rock_00080.jpg
test,rock,rock_02081.jpg,p2,,gestos_p2_20260914-165026,81,C:\Users\Javier\PIDS_HandPose\kit-grabacion\HAR_mediapipe\data\gestos_p2_20260914-165026\test\rock\rock_00081.jpg
test,rock,rock_02082.jpg,p2,,gestos_p2_20260914-165026,82,C:\Users\Javier\PIDS_HandPose\kit-grabacion\HAR_mediapipe\data\gestos_p2_20260914-165026\test\rock\rock_00082.jpg
test,rock,rock_02083.jpg,p2,,gestos_p2_20260914-165026,83,C:\Users\Javier\PIDS_HandPose\kit-grabacion\HAR_mediapipe\data\gestos_p2_20260914-165026\test\rock\rock_00083.jpg
test,rock,rock_02084.jpg,p2,,gestos_p2_20260914-165026,84,C:\Users\Javier\PIDS_HandPose\kit-grabacion\HAR_mediapipe\data\gestos_p2_20260914-165026\test\rock\rock_00084.jpg
test,rock,rock_02085.jpg,p2,,gestos_p2_20260914-165026,85,C:\Users\Javier\PIDS_HandPose\kit-grabacion\HAR_mediapipe\data\gestos_p2_20260914-165026\test\rock\rock_00085.jpg
test,rock,rock_02086.jpg,p2,,gestos_p2_20260914-165026,86,C:\Users\Javier\PIDS_HandPose\kit-grabacion\HAR_mediapipe\data\gestos_p2_20260914-165026\test\rock\rock_00086.jpg
test,rock,rock_02087.jpg,p2,,gestos_p2_20260914-165026,87,C:\Users\Javier\PIDS_HandPose\kit-grabacion\HAR_mediapipe\data\gestos_p2_20260914-165026\test\rock\rock_00087.jpg
test,rock,rock_02088.jpg,p2,,gestos_p2_20260914-165026,88,C:\Users\Javier\PIDS_HandPose\kit-grabacion\HAR_mediapipe\data\gestos_p2_20260914-165026\test\rock\rock_00088.jpg
test,rock,rock_02089.jpg,p2,,gestos_p2_20260914-165026,89,C:\Users\Javier\PIDS_HandPose\kit-grabacion\HAR_mediapipe\data\gestos_p2_20260914-165026\test\rock\rock_00089.jpg
test,rock,rock_02090.jpg,p2,,gestos_p2_20260914-165026,90,C:\Users\Javier\PIDS_HandPose\kit-grabacion\HAR_mediapipe\data\gestos_p2_20260914-165026\test\rock\rock_00090.jpg
test,rock,rock_02091.jpg,p2,,gestos_p2_20260914-165026,91,C:\Users\Javier\PIDS_HandPose\kit-grabacion\HAR_mediapipe\data\gestos_p2_20260914-165026\test\rock\rock_00091.jpg
test,rock,rock_02092.jpg,p2,,gestos_p2_20260914-165026,92,C:\Users\Javier\PIDS_HandPose\kit-grabacion\HAR_mediapipe\data\gestos_p2_20260914-165026\test\rock\rock_00092.jpg
test,rock,rock_02093.jpg,p2,,gestos_p2_20260914-165026,93,C:\Users\Javier\PIDS_HandPose\kit-grabacion\HAR_mediapipe\data\gestos_p2_20260914-165026\test\rock\rock_00093.jpg
test,rock,rock_02094.jpg,p2,,gestos_p2_20260914-165026,94,C:\Users\Javier\PIDS_HandPose\kit-grabacion\HAR_mediapipe\data\gestos_p2_20260914-165026\test\rock\rock_00094.jpg
test,rock,rock_02095.jpg,p2,,gestos_p2_20260914-165026,95,C:\Users\Javier\PIDS_HandPose\kit-grabacion\HAR_mediapipe\data\gestos_p2_20260914-165026\test\rock\rock_00095.jpg
test,rock,rock_02096.jpg,p2,,gestos_p2_20260914-165026,96,C:\Users\Javier\PIDS_HandPose\kit-grabacion\HAR_mediapipe\data\gestos_p2_20260914-165026\test\rock\rock_00096.jpg
test,rock,rock_02097.jpg,p2,,gestos_p2_20260914-165026,97,C:\Users\Javier\PIDS_HandPose\kit-grabacion\HAR_mediapipe\data\gestos_p2_20260914-165026\test\rock\rock_00097.jpg
test,rock,rock_02098.jpg,p2,,gestos_p2_20260914-165026,98,C:\Users\Javier\PIDS_HandPose\kit-grabacion\HAR_mediapipe\data\gestos_p2_20260914-165026\test\rock\rock_00098.jpg
test,rock,rock_02099.jpg,p2,,gestos_p2_20260914-165026,99,C:\Users\Javier\PIDS_HandPose\kit-grabacion\HAR_mediapipe\data\gestos_p2_20260914-165026\test\rock\rock_00099.jpg
test,rock,rock_02100.jpg,p2,,gestos_p2_20260914-165026,100,C:\Users\Javier\PIDS_HandPose\kit-grabacion\HAR_mediapipe\data\gestos_p2_20260914-165026\test\rock\rock_00100.jpg
test,rockandroll,rockandroll_02071.jpg,p2,,gestos_p2_20260914-165026,71,C:\Users\Javier\PIDS_HandPose\kit-grabacion\HAR_mediapipe\data\gestos_p2_20260914-165026\test\rockandroll\rockandroll_00071.jpg
test,rockandroll,rockandroll_02072.jpg,p2,,gestos_p2_20260914-165026,72,C:\Users\Javier\PIDS_HandPose\kit-grabacion\HAR_mediapipe\data\gestos_p2_20260914-165026\test\rockandroll\rockandroll_00072.jpg
test,rockandroll,rockandroll_02073.jpg,p2,,gestos_p2_20260914-165026,73,C:\Users\Javier\PIDS_HandPose\kit-grabacion\HAR_mediapipe\data\gestos_p2_20260914-165026\test\rockandroll\rockandroll_00073.jpg
test,rockandroll,rockandroll_02074.jpg,p2,,gestos_p2_20260914-165026,74,C:\Users\Javier\PIDS_HandPose\kit-grabacion\HAR_mediapipe\data\gestos_p2_20260914-165026\test\rockandroll\rockandroll_00074.jpg
test,rockandroll,rockandroll_02075.jpg,p2,,gestos_p2_20260914-165026,75,C:\Users\Javier\PIDS_HandPose\kit-grabacion\HAR_mediapipe\data\gestos_p2_20260914-165026\test\rockandroll\rockandroll_00075.jpg
test,rockandroll,rockandroll_02076.jpg,p2,,gestos_p2_20260914-165026,76,C:\Users\Javier\PIDS_HandPose\kit-grabacion\HAR_mediapipe\data\gestos_p2_20260914-165026\test\rockandroll\rockandroll_00076.jpg
test,rockandroll,rockandroll_02077.jpg,p2,,gestos_p2_20260914-165026,77,C:\Users\Javier\PIDS_HandPose\kit-grabacion\HAR_mediapipe\data\gestos_p2_20260914-165026\test\rockandroll\rockandroll_00077.jpg
test,rockandroll,rockandroll_02078.jpg,p2,,gestos_p2_20260914-165026,78,C:\Users\Javier\PIDS_HandPose\kit-grabacion\HAR_mediapipe\data\gestos_p2_20260914-165026\test\rockandroll\rockandroll_00078.jpg
test,rockandroll,rockandroll_02079.jpg,p2,,gestos_p2_20260914-165026,79,C:\Users\Javier\PIDS_HandPose\kit-grabacion\HAR_mediapipe\data\gestos_p2_20260914-165026\test\rockandroll\rockandroll_00079.jpg
test,rockandroll,rockandroll_02080.jpg,p2,,gestos_p2_20260914-165026,80,C:\Users\Javier\PIDS_HandPose\kit-grabacion\HAR_mediapipe\data\gestos_p2_20260914-165026\test\rockandroll\rockandroll_00080.jpg
test,rockandroll,rockandroll_02081.jpg,p2,,gestos_p2_20260914-165026,81,C:\Users\Javier\PIDS_HandPose\kit-grabacion\HAR_mediapipe\data\gestos_p2_20260914-165026\test\rockandroll\rockandroll_00081.jpg
test,rockandroll,rockandroll_02082.jpg,p2,,gestos_p2_20260914-165026,82,C:\Users\Javier\PIDS_HandPose\kit-grabacion\HAR_mediapipe\data\gestos_p2_20260914-165026\test\rockandroll\rockandroll_00082.jpg
test,rockandroll,rockandroll_02083.jpg,p2,,gestos_p2_20260914-165026,83,C:\Users\Javier\PIDS_HandPose\kit-grabacion\HAR_mediapipe\data\gestos_p2_20260914-165026\test\rockandroll\rockandroll_00083.jpg
test,rockandroll,rockandroll_02084.jpg,p2,,gestos_p2_20260914-165026,84,C:\Users\Javier\PIDS_HandPose\kit-grabacion\HAR_mediapipe\data\gestos_p2_20260914-165026\test\rockandroll\rockandroll_00084.jpg
test,rockandroll,rockandroll_02085.jpg,p2,,gestos_p2_20260914-165026,85,C:\Users\Javier\PIDS_HandPose\kit-grabacion\HAR_mediapipe\data\gestos_p2_20260914-165026\test\rockandroll\rockandroll_00085.jpg
test,rockandroll,rockandroll_02086.jpg,p2,,gestos_p2_20260914-165026,86,C:\Users\Javier\PIDS_HandPose\kit-grabacion\HAR_mediapipe\data\gestos_p2_20260914-165026\test\rockandroll\rockandroll_00086.jpg
test,rockandroll,rockandroll_02087.jpg,p2,,gestos_p2_20260914-165026,87,C:\Users\Javier\PIDS_HandPose\kit-grabacion\HAR_mediapipe\data\gestos_p2_20260914-165026\test\rockandroll\rockandroll_00087.jpg
test,rockandroll,rockandroll_02088.jpg,p2,,gestos_p2_20260914-165026,88,C:\Users\Javier\PIDS_HandPose\kit-grabacion\HAR_mediapipe\data\gestos_p2_20260914-165026\test\rockandroll\rockandroll_00088.jpg
test,rockandroll,rockandroll_02089.jpg,p2,,gestos_p2_20260914-165026,89,C:\Users\Javier\PIDS_HandPose\kit-grabacion\HAR_mediapipe\data\gestos_p2_20260914-165026\test\rockandroll\rockandroll_00089.jpg
test,rockandroll,rockandroll_02090.jpg,p2,,gestos_p2_20260914-165026,90,C:\Users\Javier\PIDS_HandPose\kit-grabacion\HAR_mediapipe\data\gestos_p2_20260914-165026\test\rockandroll\rockandroll_00090.jpg
test,rockandroll,rockandroll_02091.jpg,p2,,gestos_p2_20260914-165026,91,C:\Users\Javier\PIDS_HandPose\kit-grabacion\HAR_mediapipe\data\gestos_p2_20260914-165026\test\rockandroll\rockandroll_00091.jpg
test,rockandroll,rockandroll_02092.jpg,p2,,gestos_p2_20260914-165026,92,C:\Users\Javier\PIDS_HandPose\kit-grabacion\HAR_mediapipe\data\gestos_p2_20260914-165026\test\rockandroll\rockandroll_00092.jpg
test,rockandroll,rockandroll_02093.jpg,p2,,gestos_p2_20260914-165026,93,C:\Users\Javier\PIDS_HandPose\kit-grabacion\HAR_mediapipe\data\gestos_p2_20260914-165026\test\rockandroll\rockandroll_00093.jpg
test,rockandroll,rockandroll_02094.jpg,p2,,gestos_p2_20260914-165026,94,C:\Users\Javier\PIDS_HandPose\kit-grabacion\HAR_mediapipe\data\gestos_p2_20260914-165026\test\rockandroll\rockandroll_00094.jpg
test,rockandroll,rockandroll_02095.jpg,p2,,gestos_p2_20260914-165026,95,C:\Users\Javier\PIDS_HandPose\kit-grabacion\HAR_mediapipe\data\gestos_p2_20260914-165026\test\rockandroll\rockandroll_00095.jpg
test,rockandroll,rockandroll_02096.jpg,p2,,gestos_p2_20260914-165026,96,C:\Users\Javier\PIDS_HandPose\kit-grabacion\HAR_mediapipe\data\gestos_p2_20260914-165026\test\rockandroll\rockandroll_00096.jpg
test,rockandroll,rockandroll_02097.jpg,p2,,gestos_p2_20260914-165026,97,C:\Users\Javier\PIDS_HandPose\kit-grabacion\HAR_mediapipe\data\gestos_p2_20260914-165026\test\rockandroll\rockandroll_00097.jpg
test,rockandroll,rockandroll_02098.jpg,p2,,gestos_p2_20260914-165026,98,C:\Users\Javier\PIDS_HandPose\kit-grabacion\HAR_mediapipe\data\gestos_p2_20260914-165026\test\rockandroll\rockandroll_00098.jpg
test,rockandroll,rockandroll_02099.jpg,p2,,gestos_p2_20260914-165026,99,C:\Users\Javier\PIDS_HandPose\kit-grabacion\HAR_mediapipe\data\gestos_p2_20260914-165026\test\rockandroll\rockandroll_00099.jpg
test,rockandroll,rockandroll_02100.jpg,p2,,gestos_p2_20260914-165026,100,C:\Users\Javier\PIDS_HandPose\kit-grabacion\HAR_mediapipe\data\gestos_p2_20260914-165026\test\rockandroll\rockandroll_00100.jpg
test,scissors,scissors_02071.jpg,p2,,gestos_p2_20260914-165026,71,C:\Users\Javier\PIDS_HandPose\kit-grabacion\HAR_mediapipe\data\gestos_p2_20260914-165026\test\scissors\scissors_00071.jpg
test,scissors,scissors_02072.jpg,p2,,gestos_p2_20260914-165026,72,C:\Users\Javier\PIDS_HandPose\kit-grabacion\HAR_mediapipe\data\gestos_p2_20260914-165026\test\scissors\scissors_00072.jpg
test,scissors,scissors_02073.jpg,p2,,gestos_p2_20260914-165026,73,C:\Users\Javier\PIDS_HandPose\kit-grabacion\HAR_mediapipe\data\gestos_p2_20260914-165026\test\scissors\scissors_00073.jpg
test,scissors,scissors_02074.jpg,p2,,gestos_p2_20260914-165026,74,C:\Users\Javier\PIDS_HandPose\kit-grabacion\HAR_mediapipe\data\gestos_p2_20260914-165026\test\scissors\scissors_00074.jpg
test,scissors,scissors_02075.jpg,p2,,gestos_p2_20260914-165026,75,C:\Users\Javier\PIDS_HandPose\kit-grabacion\HAR_mediapipe\data\gestos_p2_20260914-165026\test\scissors\scissors_00075.jpg
test,scissors,scissors_02076.jpg,p2,,gestos_p2_20260914-165026,76,C:\Users\Javier\PIDS_HandPose\kit-grabacion\HAR_mediapipe\data\gestos_p2_20260914-165026\test\scissors\scissors_00076.jpg
test,scissors,scissors_02077.jpg,p2,,gestos_p2_20260914-165026,77,C:\Users\Javier\PIDS_HandPose\kit-grabacion\HAR_mediapipe\data\gestos_p2_20260914-165026\test\scissors\scissors_00077.jpg
test,scissors,scissors_02078.jpg,p2,,gestos_p2_20260914-165026,78,C:\Users\Javier\PIDS_HandPose\kit-grabacion\HAR_mediapipe\data\gestos_p2_20260914-165026\test\scissors\scissors_00078.jpg
test,scissors,scissors_02079.jpg,p2,,gestos_p2_20260914-165026,79,C:\Users\Javier\PIDS_HandPose\kit-grabacion\HAR_mediapipe\data\gestos_p2_20260914-165026\test\scissors\scissors_00079.jpg
test,scissors,scissors_02080.jpg,p2,,gestos_p2_20260914-165026,80,C:\Users\Javier\PIDS_HandPose\kit-grabacion\HAR_mediapipe\data\gestos_p2_20260914-165026\test\scissors\scissors_00080.jpg
test,scissors,scissors_02081.jpg,p2,,gestos_p2_20260914-165026,81,C:\Users\Javier\PIDS_HandPose\kit-grabacion\HAR_mediapipe\data\gestos_p2_20260914-165026\test\scissors\scissors_00081.jpg
test,scissors,scissors_02082.jpg,p2,,gestos_p2_20260914-165026,82,C:\Users\Javier\PIDS_HandPose\kit-grabacion\HAR_mediapipe\data\gestos_p2_20260914-165026\test\scissors\scissors_00082.jpg
test,scissors,scissors_02083.jpg,p2,,gestos_p2_20260914-165026,83,C:\Users\Javier\PIDS_HandPose\kit-grabacion\HAR_mediapipe\data\gestos_p2_20260914-165026\test\scissors\scissors_00083.jpg
test,scissors,scissors_02084.jpg,p2,,gestos_p2_20260914-165026,84,C:\Users\Javier\PIDS_HandPose\kit-grabacion\HAR_mediapipe\data\gestos_p2_20260914-165026\test\scissors\scissors_00084.jpg
test,scissors,scissors_02085.jpg,p2,,gestos_p2_20260914-165026,85,C:\Users\Javier\PIDS_HandPose\kit-grabacion\HAR_mediapipe\data\gestos_p2_20260914-165026\test\scissors\scissors_00085.jpg
test,scissors,scissors_02086.jpg,p2,,gestos_p2_20260914-165026,86,C:\Users\Javier\PIDS_HandPose\kit-grabacion\HAR_mediapipe\data\gestos_p2_20260914-165026\test\scissors\scissors_00086.jpg
test,scissors,scissors_02087.jpg,p2,,gestos_p2_20260914-165026,87,C:\Users\Javier\PIDS_HandPose\kit-grabacion\HAR_mediapipe\data\gestos_p2_20260914-165026\test\scissors\scissors_00087.jpg
test,scissors,scissors_02088.jpg,p2,,gestos_p2_20260914-165026,88,C:\Users\Javier\PIDS_HandPose\kit-grabacion\HAR_mediapipe\data\gestos_p2_20260914-165026\test\scissors\scissors_00088.jpg
test,scissors,scissors_02089.jpg,p2,,gestos_p2_20260914-165026,89,C:\Users\Javier\PIDS_HandPose\kit-grabacion\HAR_mediapipe\data\gestos_p2_20260914-165026\test\scissors\scissors_00089.jpg
test,scissors,scissors_02090.jpg,p2,,gestos_p2_20260914-165026,90,C:\Users\Javier\PIDS_HandPose\kit-grabacion\HAR_mediapipe\data\gestos_p2_20260914-165026\test\scissors\scissors_00090.jpg
test,scissors,scissors_02091.jpg,p2,,gestos_p2_20260914-165026,91,C:\Users\Javier\PIDS_HandPose\kit-grabacion\HAR_mediapipe\data\gestos_p2_20260914-165026\test\scissors\scissors_00091.jpg
test,scissors,scissors_02092.jpg,p2,,gestos_p2_20260914-165026,92,C:\Users\Javier\PIDS_HandPose\kit-grabacion\HAR_mediapipe\data\gestos_p2_20260914-165026\test\scissors\scissors_00092.jpg
test,scissors,scissors_02093.jpg,p2,,gestos_p2_20260914-165026,93,C:\Users\Javier\PIDS_HandPose\kit-grabacion\HAR_mediapipe\data\gestos_p2_20260914-165026\test\scissors\scissors_00093.jpg
test,scissors,scissors_02094.jpg,p2,,gestos_p2_20260914-165026,94,C:\Users\Javier\PIDS_HandPose\kit-grabacion\HAR_mediapipe\data\gestos_p2_20260914-165026\test\scissors\scissors_00094.jpg
test,scissors,scissors_02095.jpg,p2,,gestos_p2_20260914-165026,95,C:\Users\Javier\PIDS_HandPose\kit-grabacion\HAR_mediapipe\data\gestos_p2_20260914-165026\test\scissors\scissors_00095.jpg
test,scissors,scissors_02096.jpg,p2,,gestos_p2_20260914-165026,96,C:\Users\Javier\PIDS_HandPose\kit-grabacion\HAR_mediapipe\data\gestos_p2_20260914-165026\test\scissors\scissors_00096.jpg
test,scissors,scissors_02097.jpg,p2,,gestos_p2_20260914-165026,97,C:\Users\Javier\PIDS_HandPose\kit-grabacion\HAR_mediapipe\data\gestos_p2_20260914-165026\test\scissors\scissors_00097.jpg
test,scissors,scissors_02098.jpg,p2,,gestos_p2_20260914-165026,98,C:\Users\Javier\PIDS_HandPose\kit-grabacion\HAR_mediapipe\data\gestos_p2_20260914-165026\test\scissors\scissors_00098.jpg
test,scissors,scissors_02099.jpg,p2,,gestos_p2_20260914-165026,99,C:\Users\Javier\PIDS_HandPose\kit-grabacion\HAR_mediapipe\data\gestos_p2_20260914-165026\test\scissors\scissors_00099.jpg
test,scissors,scissors_02100.jpg,p2,,gestos_p2_20260914-165026,100,C:\Users\Javier\PIDS_HandPose\kit-grabacion\HAR_mediapipe\data\gestos_p2_20260914-165026\test\scissors\scissors_00100.jpg
test,thumbsup,thumbsup_02071.jpg,p2,,gestos_p2_20260914-165026,71,C:\Users\Javier\PIDS_HandPose\kit-grabacion\HAR_mediapipe\data\gestos_p2_20260914-165026\test\thumbsup\thumbsup_00071.jpg
test,thumbsup,thumbsup_02072.jpg,p2,,gestos_p2_20260914-165026,72,C:\Users\Javier\PIDS_HandPose\kit-grabacion\HAR_mediapipe\data\gestos_p2_20260914-165026\test\thumbsup\thumbsup_00072.jpg
test,thumbsup,thumbsup_02073.jpg,p2,,gestos_p2_20260914-165026,73,C:\Users\Javier\PIDS_HandPose\kit-grabacion\HAR_mediapipe\data\gestos_p2_20260914-165026\test\thumbsup\thumbsup_00073.jpg
test,thumbsup,thumbsup_02074.jpg,p2,,gestos_p2_20260914-165026,74,C:\Users\Javier\PIDS_HandPose\kit-grabacion\HAR_mediapipe\data\gestos_p2_20260914-165026\test\thumbsup\thumbsup_00074.jpg
test,thumbsup,thumbsup_02075.jpg,p2,,gestos_p2_20260914-165026,75,C:\Users\Javier\PIDS_HandPose\kit-grabacion\HAR_mediapipe\data\gestos_p2_20260914-165026\test\thumbsup\thumbsup_00075.jpg
test,thumbsup,thumbsup_02076.jpg,p2,,gestos_p2_20260914-165026,76,C:\Users\Javier\PIDS_HandPose\kit-grabacion\HAR_mediapipe\data\gestos_p2_20260914-165026\test\thumbsup\thumbsup_00076.jpg
test,thumbsup,thumbsup_02077.jpg,p2,,gestos_p2_20260914-165026,77,C:\Users\Javier\PIDS_HandPose\kit-grabacion\HAR_mediapipe\data\gestos_p2_20260914-165026\test\thumbsup\thumbsup_00077.jpg
test,thumbsup,thumbsup_02078.jpg,p2,,gestos_p2_20260914-165026,78,C:\Users\Javier\PIDS_HandPose\kit-grabacion\HAR_mediapipe\data\gestos_p2_20260914-165026\test\thumbsup\thumbsup_00078.jpg
test,thumbsup,thumbsup_02079.jpg,p2,,gestos_p2_20260914-165026,79,C:\Users\Javier\PIDS_HandPose\kit-grabacion\HAR_mediapipe\data\gestos_p2_20260914-165026\test\thumbsup\thumbsup_00079.jpg
test,thumbsup,thumbsup_02080.jpg,p2,,gestos_p2_20260914-165026,80,C:\Users\Javier\PIDS_HandPose\kit-grabacion\HAR_mediapipe\data\gestos_p2_20260914-165026\test\thumbsup\thumbsup_00080.jpg
test,thumbsup,thumbsup_02081.jpg,p2,,gestos_p2_20260914-165026,81,C:\Users\Javier\PIDS_HandPose\kit-grabacion\HAR_mediapipe\data\gestos_p2_20260914-165026\test\thumbsup\thumbsup_00081.jpg
test,thumbsup,thumbsup_02082.jpg,p2,,gestos_p2_20260914-165026,82,C:\Users\Javier\PIDS_HandPose\kit-grabacion\HAR_mediapipe\data\gestos_p2_20260914-165026\test\thumbsup\thumbsup_00082.jpg
test,thumbsup,thumbsup_02083.jpg,p2,,gestos_p2_20260914-165026,83,C:\Users\Javier\PIDS_HandPose\kit-grabacion\HAR_mediapipe\data\gestos_p2_20260914-165026\test\thumbsup\thumbsup_00083.jpg
test,thumbsup,thumbsup_02084.jpg,p2,,gestos_p2_20260914-165026,84,C:\Users\Javier\PIDS_HandPose\kit-grabacion\HAR_mediapipe\data\gestos_p2_20260914-165026\test\thumbsup\thumbsup_00084.jpg
test,thumbsup,thumbsup_02085.jpg,p2,,gestos_p2_20260914-165026,85,C:\Users\Javier\PIDS_HandPose\kit-grabacion\HAR_mediapipe\data\gestos_p2_20260914-165026\test\thumbsup\thumbsup_00085.jpg
test,thumbsup,thumbsup_02086.jpg,p2,,gestos_p2_20260914-165026,86,C:\Users\Javier\PIDS_HandPose\kit-grabacion\HAR_mediapipe\data\gestos_p2_20260914-165026\test\thumbsup\thumbsup_00086.jpg
test,thumbsup,thumbsup_02087.jpg,p2,,gestos_p2_20260914-165026,87,C:\Users\Javier\PIDS_HandPose\kit-grabacion\HAR_mediapipe\data\gestos_p2_20260914-165026\test\thumbsup\thumbsup_00087.jpg
test,thumbsup,thumbsup_02088.jpg,p2,,gestos_p2_20260914-165026,88,C:\Users\Javier\PIDS_HandPose\kit-grabacion\HAR_mediapipe\data\gestos_p2_20260914-165026\test\thumbsup\thumbsup_00088.jpg
test,thumbsup,thumbsup_02089.jpg,p2,,gestos_p2_20260914-165026,89,C:\Users\Javier\PIDS_HandPose\kit-grabacion\HAR_mediapipe\data\gestos_p2_20260914-165026\test\thumbsup\thumbsup_00089.jpg
test,thumbsup,thumbsup_02090.jpg,p2,,gestos_p2_20260914-165026,90,C:\Users\Javier\PIDS_HandPose\kit-grabacion\HAR_mediapipe\data\gestos_p2_20260914-165026\test\thumbsup\thumbsup_00090.jpg
test,thumbsup,thumbsup_02091.jpg,p2,,gestos_p2_20260914-165026,91,C:\Users\Javier\PIDS_HandPose\kit-grabacion\HAR_mediapipe\data\gestos_p2_20260914-165026\test\thumbsup\thumbsup_00091.jpg
test,thumbsup,thumbsup_02092.jpg,p2,,gestos_p2_20260914-165026,92,C:\Users\Javier\PIDS_HandPose\kit-grabacion\HAR_mediapipe\data\gestos_p2_20260914-165026\test\thumbsup\thumbsup_00092.jpg
test,thumbsup,thumbsup_02093.jpg,p2,,gestos_p2_20260914-165026,93,C:\Users\Javier\PIDS_HandPose\kit-grabacion\HAR_mediapipe\data\gestos_p2_20260914-165026\test\thumbsup\thumbsup_00093.jpg
test,thumbsup,thumbsup_02094.jpg,p2,,gestos_p2_20260914-165026,94,C:\Users\Javier\PIDS_HandPose\kit-grabacion\HAR_mediapipe\data\gestos_p2_20260914-165026\test\thumbsup\thumbsup_00094.jpg
test,thumbsup,thumbsup_02095.jpg,p2,,gestos_p2_20260914-165026,95,C:\Users\Javier\PIDS_HandPose\kit-grabacion\HAR_mediapipe\data\gestos_p2_20260914-165026\test\thumbsup\thumbsup_00095.jpg
test,thumbsup,thumbsup_02096.jpg,p2,,gestos_p2_20260914-165026,96,C:\Users\Javier\PIDS_HandPose\kit-grabacion\HAR_mediapipe\data\gestos_p2_20260914-165026\test\thumbsup\thumbsup_00096.jpg
test,thumbsup,thumbsup_02097.jpg,p2,,gestos_p2_20260914-165026,97,C:\Users\Javier\PIDS_HandPose\kit-grabacion\HAR_mediapipe\data\gestos_p2_20260914-165026\test\thumbsup\thumbsup_00097.jpg
test,thumbsup,thumbsup_02098.jpg,p2,,gestos_p2_20260914-165026,98,C:\Users\Javier\PIDS_HandPose\kit-grabacion\HAR_mediapipe\data\gestos_p2_20260914-165026\test\thumbsup\thumbsup_00098.jpg
test,thumbsup,thumbsup_02099.jpg,p2,,gestos_p2_20260914-165026,99,C:\Users\Javier\PIDS_HandPose\kit-grabacion\HAR_mediapipe\data\gestos_p2_20260914-165026\test\thumbsup\thumbsup_00099.jpg
test,thumbsup,thumbsup_02100.jpg,p2,,gestos_p2_20260914-165026,100,C:\Users\Javier\PIDS_HandPose\kit-grabacion\HAR_mediapipe\data\gestos_p2_20260914-165026\test\thumbsup\thumbsup_00100.jpg
train,ok,ok_03001.jpg,p3,,gestos_p3_20260916-153029,1,C:\Users\Javier\PIDS_HandPose\kit-grabacion\HAR_mediapipe\data\gestos_p3_20260916-153029\train\ok\ok_00001.jpg
train,ok,ok_03002.jpg,p3,,gestos_p3_20260916-153029,2,C:\Users\Javier\PIDS_HandPose\kit-grabacion\HAR_mediapipe\data\gestos_p3_20260916-153029\train\ok\ok_00002.jpg
train,ok,ok_03003.jpg,p3,,gestos_p3_20260916-153029,3,C:\Users\Javier\PIDS_HandPose\kit-grabacion\HAR_mediapipe\data\gestos_p3_20260916-153029\train\ok\ok_00003.jpg
train,ok,ok_03004.jpg,p3,,gestos_p3_20260916-153029,4,C:\Users\Javier\PIDS_HandPose\kit-grabacion\HAR_mediapipe\data\gestos_p3_20260916-153029\train\ok\ok_00004.jpg
train,ok,ok_03005.jpg,p3,,gestos_p3_20260916-153029,5,C:\Users\Javier\PIDS_HandPose\kit-grabacion\HAR_mediapipe\data\gestos_p3_20260916-153029\train\ok\ok_00005.jpg
train,ok,ok_03006.jpg,p3,,gestos_p3_20260916-153029,6,C:\Users\Javier\PIDS_HandPose\kit-grabacion\HAR_mediapipe\data\gestos_p3_20260916-153029\train\ok\ok_00006.jpg
train,ok,ok_03007.jpg,p3,,gestos_p3_20260916-153029,7,C:\Users\Javier\PIDS_HandPose\kit-grabacion\HAR_mediapipe\data\gestos_p3_20260916-153029\train\ok\ok_00007.jpg
train,ok,ok_03008.jpg,p3,,gestos_p3_20260916-153029,8,C:\Users\Javier\PIDS_HandPose\kit-grabacion\HAR_mediapipe\data\gestos_p3_20260916-153029\train\ok\ok_00008.jpg
train,ok,ok_03009.jpg,p3,,gestos_p3_20260916-153029,9,C:\Users\Javier\PIDS_HandPose\kit-grabacion\HAR_mediapipe\data\gestos_p3_20260916-153029\train\ok\ok_00009.jpg
train,ok,ok_03010.jpg,p3,,gestos_p3_20260916-153029,10,C:\Users\Javier\PIDS_HandPose\kit-grabacion\HAR_mediapipe\data\gestos_p3_20260916-153029\train\ok\ok_00010.jpg
train,ok,ok_03011.jpg,p3,,gestos_p3_20260916-153029,11,C:\Users\Javier\PIDS_HandPose\kit-grabacion\HAR_mediapipe\data\gestos_p3_20260916-153029\train\ok\ok_00011.jpg
train,ok,ok_03012.jpg,p3,,gestos_p3_20260916-153029,12,C:\Users\Javier\PIDS_HandPose\kit-grabacion\HAR_mediapipe\data\gestos_p3_20260916-153029\train\ok\ok_00012.jpg
train,ok,ok_03013.jpg,p3,,gestos_p3_20260916-153029,13,C:\Users\Javier\PIDS_HandPose\kit-grabacion\HAR_mediapipe\data\gestos_p3_20260916-153029\train\ok\ok_00013.jpg
train,ok,ok_03014.jpg,p3,,gestos_p3_20260916-153029,14,C:\Users\Javier\PIDS_HandPose\kit-grabacion\HAR_mediapipe\data\gestos_p3_20260916-153029\train\ok\ok_00014.jpg
train,ok,ok_03015.jpg,p3,,gestos_p3_20260916-153029,15,C:\Users\Javier\PIDS_HandPose\kit-grabacion\HAR_mediapipe\data\gestos_p3_20260916-153029\train\ok\ok_00015.jpg
train,ok,ok_03016.jpg,p3,,gestos_p3_20260916-153029,16,C:\Users\Javier\PIDS_HandPose\kit-grabacion\HAR_mediapipe\data\gestos_p3_20260916-153029\train\ok\ok_00016.jpg
train,ok,ok_03017.jpg,p3,,gestos_p3_20260916-153029,17,C:\Users\Javier\PIDS_HandPose\kit-grabacion\HAR_mediapipe\data\gestos_p3_20260916-153029\train\ok\ok_00017.jpg
train,ok,ok_03018.jpg,p3,,gestos_p3_20260916-153029,18,C:\Users\Javier\PIDS_HandPose\kit-grabacion\HAR_mediapipe\data\gestos_p3_20260916-153029\train\ok\ok_00018.jpg
train,ok,ok_03019.jpg,p3,,gestos_p3_20260916-153029,19,C:\Users\Javier\PIDS_HandPose\kit-grabacion\HAR_mediapipe\data\gestos_p3_20260916-153029\train\ok\ok_00019.jpg
train,ok,ok_03020.jpg,p3,,gestos_p3_20260916-153029,20,C:\Users\Javier\PIDS_HandPose\kit-grabacion\HAR_mediapipe\data\gestos_p3_20260916-153029\train\ok\ok_00020.jpg
train,ok,ok_03021.jpg,p3,,gestos_p3_20260916-153029,21,C:\Users\Javier\PIDS_HandPose\kit-grabacion\HAR_mediapipe\data\gestos_p3_20260916-153029\train\ok\ok_00021.jpg
train,ok,ok_03022.jpg,p3,,gestos_p3_20260916-153029,22,C:\Users\Javier\PIDS_HandPose\kit-grabacion\HAR_mediapipe\data\gestos_p3_20260916-153029\train\ok\ok_00022.jpg
train,ok,ok_03023.jpg,p3,,gestos_p3_20260916-153029,23,C:\Users\Javier\PIDS_HandPose\kit-grabacion\HAR_mediapipe\data\gestos_p3_20260916-153029\train\ok\ok_00023.jpg
train,ok,ok_03024.jpg,p3,,gestos_p3_20260916-153029,24,C:\Users\Javier\PIDS_HandPose\kit-grabacion\HAR_mediapipe\data\gestos_p3_20260916-153029\train\ok\ok_00024.jpg
train,ok,ok_03025.jpg,p3,,gestos_p3_20260916-153029,25,C:\Users\Javier\PIDS_HandPose\kit-grabacion\HAR_mediapipe\data\gestos_p3_20260916-153029\train\ok\ok_00025.jpg
train,ok,ok_03026.jpg,p3,,gestos_p3_20260916-153029,26,C:\Users\Javier\PIDS_HandPose\kit-grabacion\HAR_mediapipe\data\gestos_p3_20260916-153029\train\ok\ok_00026.jpg
train,ok,ok_03027.jpg,p3,,gestos_p3_20260916-153029,27,C:\Users\Javier\PIDS_HandPose\kit-grabacion\HAR_mediapipe\data\gestos_p3_20260916-153029\train\ok\ok_00027.jpg
train,ok,ok_03028.jpg,p3,,gestos_p3_20260916-153029,28,C:\Users\Javier\PIDS_HandPose\kit-grabacion\HAR_mediapipe\data\gestos_p3_20260916-153029\train\ok\ok_00028.jpg
train,ok,ok_03029.jpg,p3,,gestos_p3_20260916-153029,29,C:\Users\Javier\PIDS_HandPose\kit-grabacion\HAR_mediapipe\data\gestos_p3_20260916-153029\train\ok\ok_00029.jpg
train,ok,ok_03030.jpg,p3,,gestos_p3_20260916-153029,30,C:\Users\Javier\PIDS_HandPose\kit-grabacion\HAR_mediapipe\data\gestos_p3_20260916-153029\train\ok\ok_00030.jpg
train,ok,ok_03031.jpg,p3,,gestos_p3_20260916-153029,31,C:\Users\Javier\PIDS_HandPose\kit-grabacion\HAR_mediapipe\data\gestos_p3_20260916-153029\train\ok\ok_00031.jpg
train,ok,ok_03032.jpg,p3,,gestos_p3_20260916-153029,32,C:\Users\Javier\PIDS_HandPose\kit-grabacion\HAR_mediapipe\data\gestos_p3_20260916-153029\train\ok\ok_00032.jpg
train,ok,ok_03033.jpg,p3,,gestos_p3_20260916-153029,33,C:\Users\Javier\PIDS_HandPose\kit-grabacion\HAR_mediapipe\data\gestos_p3_20260916-153029\train\ok\ok_00033.jpg
train,ok,ok_03034.jpg,p3,,gestos_p3_20260916-153029,34,C:\Users\Javier\PIDS_HandPose\kit-grabacion\HAR_mediapipe\data\gestos_p3_20260916-153029\train\ok\ok_00034.jpg
train,ok,ok_03035.jpg,p3,,gestos_p3_20260916-153029,35,C:\Users\Javier\PIDS_HandPose\kit-grabacion\HAR_mediapipe\data\gestos_p3_20260916-153029\train\ok\ok_00035.jpg
train,ok,ok_03036.jpg,p3,,gestos_p3_20260916-153029,36,C:\Users\Javier\PIDS_HandPose\kit-grabacion\HAR_mediapipe\data\gestos_p3_20260916-153029\train\ok\ok_00036.jpg
train,ok,ok_03037.jpg,p3,,gestos_p3_20260916-153029,37,C:\Users\Javier\PIDS_HandPose\kit-grabacion\HAR_mediapipe\data\gestos_p3_20260916-153029\train\ok\ok_00037.jpg
train,ok,ok_03038.jpg,p3,,gestos_p3_20260916-153029,38,C:\Users\Javier\PIDS_HandPose\kit-grabacion\HAR_mediapipe\data\gestos_p3_20260916-153029\train\ok\ok_00038.jpg
train,ok,ok_03039.jpg,p3,,gestos_p3_20260916-153029,39,C:\Users\Javier\PIDS_HandPose\kit-grabacion\HAR_mediapipe\data\gestos_p3_20260916-153029\train\ok\ok_00039.jpg
train,ok,ok_03040.jpg,p3,,gestos_p3_20260916-153029,40,C:\Users\Javier\PIDS_HandPose\kit-grabacion\HAR_mediapipe\data\gestos_p3_20260916-153029\train\ok\ok_00040.jpg
train,ok,ok_03041.jpg,p3,,gestos_p3_20260916-153029,41,C:\Users\Javier\PIDS_HandPose\kit-grabacion\HAR_mediapipe\data\gestos_p3_20260916-153029\train\ok\ok_00041.jpg
train,ok,ok_03042.jpg,p3,,gestos_p3_20260916-153029,42,C:\Users\Javier\PIDS_HandPose\kit-grabacion\HAR_mediapipe\data\gestos_p3_20260916-153029\train\ok\ok_00042.jpg
train,ok,ok_03043.jpg,p3,,gestos_p3_20260916-153029,43,C:\Users\Javier\PIDS_HandPose\kit-grabacion\HAR_mediapipe\data\gestos_p3_20260916-153029\train\ok\ok_00043.jpg
train,ok,ok_03044.jpg,p3,,gestos_p3_20260916-153029,44,C:\Users\Javier\PIDS_HandPose\kit-grabacion\HAR_mediapipe\data\gestos_p3_20260916-153029\train\ok\ok_00044.jpg
train,ok,ok_03045.jpg,p3,,gestos_p3_20260916-153029,45,C:\Users\Javier\PIDS_HandPose\kit-grabacion\HAR_mediapipe\data\gestos_p3_20260916-153029\train\ok\ok_00045.jpg
train,ok,ok_03046.jpg,p3,,gestos_p3_20260916-153029,46,C:\Users\Javier\PIDS_HandPose\kit-grabacion\HAR_mediapipe\data\gestos_p3_20260916-153029\train\ok\ok_00046.jpg
train,ok,ok_03047.jpg,p3,,gestos_p3_20260916-153029,47,C:\Users\Javier\PIDS_HandPose\kit-grabacion\HAR_mediapipe\data\gestos_p3_20260916-153029\train\ok\ok_00047.jpg
train,ok,ok_03048.jpg,p3,,gestos_p3_20260916-153029,48,C:\Users\Javier\PIDS_HandPose\kit-grabacion\HAR_mediapipe\data\gestos_p3_20260916-153029\train\ok\ok_00048.jpg
train,ok,ok_03049.jpg,p3,,gestos_p3_20260916-153029,49,C:\Users\Javier\PIDS_HandPose\kit-grabacion\HAR_mediapipe\data\gestos_p3_20260916-153029\train\ok\ok_00049.jpg
train,ok,ok_03050.jpg,p3,,gestos_p3_20260916-153029,50,C:\Users\Javier\PIDS_HandPose\kit-grabacion\HAR_mediapipe\data\gestos_p3_20260916-153029\train\ok\ok_00050.jpg
train,ok,ok_03051.jpg,p3,,gestos_p3_20260916-153029,51,C:\Users\Javier\PIDS_HandPose\kit-grabacion\HAR_mediapipe\data\gestos_p3_20260916-153029\train\ok\ok_00051.jpg
train,ok,ok_03052.jpg,p3,,gestos_p3_20260916-153029,52,C:\Users\Javier\PIDS_HandPose\kit-grabacion\HAR_mediapipe\data\gestos_p3_20260916-153029\train\ok\ok_00052.jpg
train,ok,ok_03053.jpg,p3,,gestos_p3_20260916-153029,53,C:\Users\Javier\PIDS_HandPose\kit-grabacion\HAR_mediapipe\data\gestos_p3_20260916-153029\train\ok\ok_00053.jpg
train,ok,ok_03054.jpg,p3,,gestos_p3_20260916-153029,54,C:\Users\Javier\PIDS_HandPose\kit-grabacion\HAR_mediapipe\data\gestos_p3_20260916-153029\train\ok\ok_00054.jpg
train,ok,ok_03055.jpg,p3,,gestos_p3_20260916-153029,55,C:\Users\Javier\PIDS_HandPose\kit-grabacion\HAR_mediapipe\data\gestos_p3_20260916-153029\train\ok\ok_00055.jpg
train,ok,ok_03056.jpg,p3,,gestos_p3_20260916-153029,56,C:\Users\Javier\PIDS_HandPose\kit-grabacion\HAR_mediapipe\data\gestos_p3_20260916-153029\train\ok\ok_00056.jpg
train,ok,ok_03057.jpg,p3,,gestos_p3_20260916-153029,57,C:\Users\Javier\PIDS_HandPose\kit-grabacion\HAR_mediapipe\data\gestos_p3_20260916-153029\train\ok\ok_00057.jpg
train,ok,ok_03058.jpg,p3,,gestos_p3_20260916-153029,58,C:\Users\Javier\PIDS_HandPose\kit-grabacion\HAR_mediapipe\data\gestos_p3_20260916-153029\train\ok\ok_00058.jpg
train,ok,ok_03059.jpg,p3,,gestos_p3_20260916-153029,59,C:\Users\Javier\PIDS_HandPose\kit-grabacion\HAR_mediapipe\data\gestos_p3_20260916-153029\train\ok\ok_00059.jpg
train,ok,ok_03060.jpg,p3,,gestos_p3_20260916-153029,60,C:\Users\Javier\PIDS_HandPose\kit-grabacion\HAR_mediapipe\data\gestos_p3_20260916-153029\train\ok\ok_00060.jpg
train,ok,ok_03061.jpg,p3,,gestos_p3_20260916-153029,61,C:\Users\Javier\PIDS_HandPose\kit-grabacion\HAR_mediapipe\data\gestos_p3_20260916-153029\train\ok\ok_00061.jpg
train,ok,ok_03062.jpg,p3,,gestos_p3_20260916-153029,62,C:\Users\Javier\PIDS_HandPose\kit-grabacion\HAR_mediapipe\data\gestos_p3_20260916-153029\train\ok\ok_00062.jpg
train,ok,ok_03063.jpg,p3,,gestos_p3_20260916-153029,63,C:\Users\Javier\PIDS_HandPose\kit-grabacion\HAR_mediapipe\data\gestos_p3_20260916-153029\train\ok\ok_00063.jpg
train,ok,ok_03064.jpg,p3,,gestos_p3_20260916-153029,64,C:\Users\Javier\PIDS_HandPose\kit-grabacion\HAR_mediapipe\data\gestos_p3_20260916-153029\train\ok\ok_00064.jpg
train,ok,ok_03065.jpg,p3,,gestos_p3_20260916-153029,65,C:\Users\Javier\PIDS_HandPose\kit-grabacion\HAR_mediapipe\data\gestos_p3_20260916-153029\train\ok\ok_00065.jpg
train,ok,ok_03066.jpg,p3,,gestos_p3_20260916-153029,66,C:\Users\Javier\PIDS_HandPose\kit-grabacion\HAR_mediapipe\data\gestos_p3_20260916-153029\train\ok\ok_00066.jpg
train,ok,ok_03067.jpg,p3,,gestos_p3_20260916-153029,67,C:\Users\Javier\PIDS_HandPose\kit-grabacion\HAR_mediapipe\data\gestos_p3_20260916-153029\train\ok\ok_00067.jpg
train,ok,ok_03068.jpg,p3,,gestos_p3_20260916-153029,68,C:\Users\Javier\PIDS_HandPose\kit-grabacion\HAR_mediapipe\data\gestos_p3_20260916-153029\train\ok\ok_00068.jpg
train,ok,ok_03069.jpg,p3,,gestos_p3_20260916-153029,69,C:\Users\Javier\PIDS_HandPose\kit-grabacion\HAR_mediapipe\data\gestos_p3_20260916-153029\train\ok\ok_00069.jpg
train,ok,ok_03070.jpg,p3,,gestos_p3_20260916-153029,70,C:\Users\Javier\PIDS_HandPose\kit-grabacion\HAR_mediapipe\data\gestos_p3_20260916-153029\train\ok\ok_00070.jpg
train,paper,paper_03001.jpg,p3,,gestos_p3_20260916-153029,1,C:\Users\Javier\PIDS_HandPose\kit-grabacion\HAR_mediapipe\data\gestos_p3_20260916-153029\train\paper\paper_00001.jpg
train,paper,paper_03002.jpg,p3,,gestos_p3_20260916-153029,2,C:\Users\Javier\PIDS_HandPose\kit-grabacion\HAR_mediapipe\data\gestos_p3_20260916-153029\train\paper\paper_00002.jpg
train,paper,paper_03003.jpg,p3,,gestos_p3_20260916-153029,3,C:\Users\Javier\PIDS_HandPose\kit-grabacion\HAR_mediapipe\data\gestos_p3_20260916-153029\train\paper\paper_00003.jpg
train,paper,paper_03004.jpg,p3,,gestos_p3_20260916-153029,4,C:\Users\Javier\PIDS_HandPose\kit-grabacion\HAR_mediapipe\data\gestos_p3_20260916-153029\train\paper\paper_00004.jpg
train,paper,paper_03005.jpg,p3,,gestos_p3_20260916-153029,5,C:\Users\Javier\PIDS_HandPose\kit-grabacion\HAR_mediapipe\data\gestos_p3_20260916-153029\train\paper\paper_00005.jpg
train,paper,paper_03006.jpg,p3,,gestos_p3_20260916-153029,6,C:\Users\Javier\PIDS_HandPose\kit-grabacion\HAR_mediapipe\data\gestos_p3_20260916-153029\train\paper\paper_00006.jpg
train,paper,paper_03007.jpg,p3,,gestos_p3_20260916-153029,7,C:\Users\Javier\PIDS_HandPose\kit-grabacion\HAR_mediapipe\data\gestos_p3_20260916-153029\train\paper\paper_00007.jpg
train,paper,paper_03008.jpg,p3,,gestos_p3_20260916-153029,8,C:\Users\Javier\PIDS_HandPose\kit-grabacion\HAR_mediapipe\data\gestos_p3_20260916-153029\train\paper\paper_00008.jpg
train,paper,paper_03009.jpg,p3,,gestos_p3_20260916-153029,9,C:\Users\Javier\PIDS_HandPose\kit-grabacion\HAR_mediapipe\data\gestos_p3_20260916-153029\train\paper\paper_00009.jpg
train,paper,paper_03010.jpg,p3,,gestos_p3_20260916-153029,10,C:\Users\Javier\PIDS_HandPose\kit-grabacion\HAR_mediapipe\data\gestos_p3_20260916-153029\train\paper\paper_00010.jpg
train,paper,paper_03011.jpg,p3,,gestos_p3_20260916-153029,11,C:\Users\Javier\PIDS_HandPose\kit-grabacion\HAR_mediapipe\data\gestos_p3_20260916-153029\train\paper\paper_00011.jpg
train,paper,paper_03012.jpg,p3,,gestos_p3_20260916-153029,12,C:\Users\Javier\PIDS_HandPose\kit-grabacion\HAR_mediapipe\data\gestos_p3_20260916-153029\train\paper\paper_00012.jpg
train,paper,paper_03013.jpg,p3,,gestos_p3_20260916-153029,13,C:\Users\Javier\PIDS_HandPose\kit-grabacion\HAR_mediapipe\data\gestos_p3_20260916-153029\train\paper\paper_00013.jpg
train,paper,paper_03014.jpg,p3,,gestos_p3_20260916-153029,14,C:\Users\Javier\PIDS_HandPose\kit-grabacion\HAR_mediapipe\data\gestos_p3_20260916-153029\train\paper\paper_00014.jpg
train,paper,paper_03015.jpg,p3,,gestos_p3_20260916-153029,15,C:\Users\Javier\PIDS_HandPose\kit-grabacion\HAR_mediapipe\data\gestos_p3_20260916-153029\train\paper\paper_00015.jpg
train,paper,paper_03016.jpg,p3,,gestos_p3_20260916-153029,16,C:\Users\Javier\PIDS_HandPose\kit-grabacion\HAR_mediapipe\data\gestos_p3_20260916-153029\train\paper\paper_00016.jpg
train,paper,paper_03017.jpg,p3,,gestos_p3_20260916-153029,17,C:\Users\Javier\PIDS_HandPose\kit-grabacion\HAR_mediapipe\data\gestos_p3_20260916-153029\train\paper\paper_00017.jpg
train,paper,paper_03018.jpg,p3,,gestos_p3_20260916-153029,18,C:\Users\Javier\PIDS_HandPose\kit-grabacion\HAR_mediapipe\data\gestos_p3_20260916-153029\train\paper\paper_00018.jpg
train,paper,paper_03019.jpg,p3,,gestos_p3_20260916-153029,19,C:\Users\Javier\PIDS_HandPose\kit-grabacion\HAR_mediapipe\data\gestos_p3_20260916-153029\train\paper\paper_00019.jpg
train,paper,paper_03020.jpg,p3,,gestos_p3_20260916-153029,20,C:\Users\Javier\PIDS_HandPose\kit-grabacion\HAR_mediapipe\data\gestos_p3_20260916-153029\train\paper\paper_00020.jpg
train,paper,paper_03021.jpg,p3,,gestos_p3_20260916-153029,21,C:\Users\Javier\PIDS_HandPose\kit-grabacion\HAR_mediapipe\data\gestos_p3_20260916-153029\train\paper\paper_00021.jpg
train,paper,paper_03022.jpg,p3,,gestos_p3_20260916-153029,22,C:\Users\Javier\PIDS_HandPose\kit-grabacion\HAR_mediapipe\data\gestos_p3_20260916-153029\train\paper\paper_00022.jpg
train,paper,paper_03023.jpg,p3,,gestos_p3_20260916-153029,23,C:\Users\Javier\PIDS_HandPose\kit-grabacion\HAR_mediapipe\data\gestos_p3_20260916-153029\train\paper\paper_00023.jpg
train,paper,paper_03024.jpg,p3,,gestos_p3_20260916-153029,24,C:\Users\Javier\PIDS_HandPose\kit-grabacion\HAR_mediapipe\data\gestos_p3_20260916-153029\train\paper\paper_00024.jpg
train,paper,paper_03025.jpg,p3,,gestos_p3_20260916-153029,25,C:\Users\Javier\PIDS_HandPose\kit-grabacion\HAR_mediapipe\data\gestos_p3_20260916-153029\train\paper\paper_00025.jpg
train,paper,paper_03026.jpg,p3,,gestos_p3_20260916-153029,26,C:\Users\Javier\PIDS_HandPose\kit-grabacion\HAR_mediapipe\data\gestos_p3_20260916-153029\train\paper\paper_00026.jpg
train,paper,paper_03027.jpg,p3,,gestos_p3_20260916-153029,27,C:\Users\Javier\PIDS_HandPose\kit-grabacion\HAR_mediapipe\data\gestos_p3_20260916-153029\train\paper\paper_00027.jpg
train,paper,paper_03028.jpg,p3,,gestos_p3_20260916-153029,28,C:\Users\Javier\PIDS_HandPose\kit-grabacion\HAR_mediapipe\data\gestos_p3_20260916-153029\train\paper\paper_00028.jpg
train,paper,paper_03029.jpg,p3,,gestos_p3_20260916-153029,29,C:\Users\Javier\PIDS_HandPose\kit-grabacion\HAR_mediapipe\data\gestos_p3_20260916-153029\train\paper\paper_00029.jpg
train,paper,paper_03030.jpg,p3,,gestos_p3_20260916-153029,30,C:\Users\Javier\PIDS_HandPose\kit-grabacion\HAR_mediapipe\data\gestos_p3_20260916-153029\train\paper\paper_00030.jpg
train,paper,paper_03031.jpg,p3,,gestos_p3_20260916-153029,31,C:\Users\Javier\PIDS_HandPose\kit-grabacion\HAR_mediapipe\data\gestos_p3_20260916-153029\train\paper\paper_00031.jpg
train,paper,paper_03032.jpg,p3,,gestos_p3_20260916-153029,32,C:\Users\Javier\PIDS_HandPose\kit-grabacion\HAR_mediapipe\data\gestos_p3_20260916-153029\train\paper\paper_00032.jpg
train,paper,paper_03033.jpg,p3,,gestos_p3_20260916-153029,33,C:\Users\Javier\PIDS_HandPose\kit-grabacion\HAR_mediapipe\data\gestos_p3_20260916-153029\train\paper\paper_00033.jpg
train,paper,paper_03034.jpg,p3,,gestos_p3_20260916-153029,34,C:\Users\Javier\PIDS_HandPose\kit-grabacion\HAR_mediapipe\data\gestos_p3_20260916-153029\train\paper\paper_00034.jpg
train,paper,paper_03035.jpg,p3,,gestos_p3_20260916-153029,35,C:\Users\Javier\PIDS_HandPose\kit-grabacion\HAR_mediapipe\data\gestos_p3_20260916-153029\train\paper\paper_00035.jpg
train,paper,paper_03036.jpg,p3,,gestos_p3_20260916-153029,36,C:\Users\Javier\PIDS_HandPose\kit-grabacion\HAR_mediapipe\data\gestos_p3_20260916-153029\train\paper\paper_00036.jpg
train,paper,paper_03037.jpg,p3,,gestos_p3_20260916-153029,37,C:\Users\Javier\PIDS_HandPose\kit-grabacion\HAR_mediapipe\data\gestos_p3_20260916-153029\train\paper\paper_00037.jpg
train,paper,paper_03038.jpg,p3,,gestos_p3_20260916-153029,38,C:\Users\Javier\PIDS_HandPose\kit-grabacion\HAR_mediapipe\data\gestos_p3_20260916-153029\train\paper\paper_00038.jpg
train,paper,paper_03039.jpg,p3,,gestos_p3_20260916-153029,39,C:\Users\Javier\PIDS_HandPose\kit-grabacion\HAR_mediapipe\data\gestos_p3_20260916-153029\train\paper\paper_00039.jpg
train,paper,paper_03040.jpg,p3,,gestos_p3_20260916-153029,40,C:\Users\Javier\PIDS_HandPose\kit-grabacion\HAR_mediapipe\data\gestos_p3_20260916-153029\train\paper\paper_00040.jpg
train,paper,paper_03041.jpg,p3,,gestos_p3_20260916-153029,41,C:\Users\Javier\PIDS_HandPose\kit-grabacion\HAR_mediapipe\data\gestos_p3_20260916-153029\train\paper\paper_00041.jpg
train,paper,paper_03042.jpg,p3,,gestos_p3_20260916-153029,42,C:\Users\Javier\PIDS_HandPose\kit-grabacion\HAR_mediapipe\data\gestos_p3_20260916-153029\train\paper\paper_00042.jpg
train,paper,paper_03043.jpg,p3,,gestos_p3_20260916-153029,43,C:\Users\Javier\PIDS_HandPose\kit-grabacion\HAR_mediapipe\data\gestos_p3_20260916-153029\train\paper\paper_00043.jpg
train,paper,paper_03044.jpg,p3,,gestos_p3_20260916-153029,44,C:\Users\Javier\PIDS_HandPose\kit-grabacion\HAR_mediapipe\data\gestos_p3_20260916-153029\train\paper\paper_00044.jpg
train,paper,paper_03045.jpg,p3,,gestos_p3_20260916-153029,45,C:\Users\Javier\PIDS_HandPose\kit-grabacion\HAR_mediapipe\data\gestos_p3_20260916-153029\train\paper\paper_00045.jpg
train,paper,paper_03046.jpg,p3,,gestos_p3_20260916-153029,46,C:\Users\Javier\PIDS_HandPose\kit-grabacion\HAR_mediapipe\data\gestos_p3_20260916-153029\train\paper\paper_00046.jpg
train,paper,paper_03047.jpg,p3,,gestos_p3_20260916-153029,47,C:\Users\Javier\PIDS_HandPose\kit-grabacion\HAR_mediapipe\data\gestos_p3_20260916-153029\train\paper\paper_00047.jpg
train,paper,paper_03048.jpg,p3,,gestos_p3_20260916-153029,48,C:\Users\Javier\PIDS_HandPose\kit-grabacion\HAR_mediapipe\data\gestos_p3_20260916-153029\train\paper\paper_00048.jpg
train,paper,paper_03049.jpg,p3,,gestos_p3_20260916-153029,49,C:\Users\Javier\PIDS_HandPose\kit-grabacion\HAR_mediapipe\data\gestos_p3_20260916-153029\train\paper\paper_00049.jpg
train,paper,paper_03050.jpg,p3,,gestos_p3_20260916-153029,50,C:\Users\Javier\PIDS_HandPose\kit-grabacion\HAR_mediapipe\data\gestos_p3_20260916-153029\train\paper\paper_00050.jpg
train,paper,paper_03051.jpg,p3,,gestos_p3_20260916-153029,51,C:\Users\Javier\PIDS_HandPose\kit-grabacion\HAR_mediapipe\data\gestos_p3_20260916-153029\train\paper\paper_00051.jpg
train,paper,paper_03052.jpg,p3,,gestos_p3_20260916-153029,52,C:\Users\Javier\PIDS_HandPose\kit-grabacion\HAR_mediapipe\data\gestos_p3_20260916-153029\train\paper\paper_00052.jpg
train,paper,paper_03053.jpg,p3,,gestos_p3_20260916-153029,53,C:\Users\Javier\PIDS_HandPose\kit-grabacion\HAR_mediapipe\data\gestos_p3_20260916-153029\train\paper\paper_00053.jpg
train,paper,paper_03054.jpg,p3,,gestos_p3_20260916-153029,54,C:\Users\Javier\PIDS_HandPose\kit-grabacion\HAR_mediapipe\data\gestos_p3_20260916-153029\train\paper\paper_00054.jpg
train,paper,paper_03055.jpg,p3,,gestos_p3_20260916-153029,55,C:\Users\Javier\PIDS_HandPose\kit-grabacion\HAR_mediapipe\data\gestos_p3_20260916-153029\train\paper\paper_00055.jpg
train,paper,paper_03056.jpg,p3,,gestos_p3_20260916-153029,56,C:\Users\Javier\PIDS_HandPose\kit-grabacion\HAR_mediapipe\data\gestos_p3_20260916-153029\train\paper\paper_00056.jpg
train,paper,paper_03057.jpg,p3,,gestos_p3_20260916-153029,57,C:\Users\Javier\PIDS_HandPose\kit-grabacion\HAR_mediapipe\data\gestos_p3_20260916-153029\train\paper\paper_00057.jpg
train,paper,paper_03058.jpg,p3,,gestos_p3_20260916-153029,58,C:\Users\Javier\PIDS_HandPose\kit-grabacion\HAR_mediapipe\data\gestos_p3_20260916-153029\train\paper\paper_00058.jpg
train,paper,paper_03059.jpg,p3,,gestos_p3_20260916-153029,59,C:\Users\Javier\PIDS_HandPose\kit-grabacion\HAR_mediapipe\data\gestos_p3_20260916-153029\train\paper\paper_00059.jpg
train,paper,paper_03060.jpg,p3,,gestos_p3_20260916-153029,60,C:\Users\Javier\PIDS_HandPose\kit-grabacion\HAR_mediapipe\data\gestos_p3_20260916-153029\train\paper\paper_00060.jpg
train,paper,paper_03061.jpg,p3,,gestos_p3_20260916-153029,61,C:\Users\Javier\PIDS_HandPose\kit-grabacion\HAR_mediapipe\data\gestos_p3_20260916-153029\train\paper\paper_00061.jpg
train,paper,paper_03062.jpg,p3,,gestos_p3_20260916-153029,62,C:\Users\Javier\PIDS_HandPose\kit-grabacion\HAR_mediapipe\data\gestos_p3_20260916-153029\train\paper\paper_00062.jpg
train,paper,paper_03063.jpg,p3,,gestos_p3_20260916-153029,63,C:\Users\Javier\PIDS_HandPose\kit-grabacion\HAR_mediapipe\data\gestos_p3_20260916-153029\train\paper\paper_00063.jpg
train,paper,paper_03064.jpg,p3,,gestos_p3_20260916-153029,64,C:\Users\Javier\PIDS_HandPose\kit-grabacion\HAR_mediapipe\data\gestos_p3_20260916-153029\train\paper\paper_00064.jpg
train,paper,paper_03065.jpg,p3,,gestos_p3_20260916-153029,65,C:\Users\Javier\PIDS_HandPose\kit-grabacion\HAR_mediapipe\data\gestos_p3_20260916-153029\train\paper\paper_00065.jpg
train,paper,paper_03066.jpg,p3,,gestos_p3_20260916-153029,66,C:\Users\Javier\PIDS_HandPose\kit-grabacion\HAR_mediapipe\data\gestos_p3_20260916-153029\train\paper\paper_00066.jpg
train,paper,paper_03067.jpg,p3,,gestos_p3_20260916-153029,67,C:\Users\Javier\PIDS_HandPose\kit-grabacion\HAR_mediapipe\data\gestos_p3_20260916-153029\train\paper\paper_00067.jpg
train,paper,paper_03068.jpg,p3,,gestos_p3_20260916-153029,68,C:\Users\Javier\PIDS_HandPose\kit-grabacion\HAR_mediapipe\data\gestos_p3_20260916-153029\train\paper\paper_00068.jpg
train,paper,paper_03069.jpg,p3,,gestos_p3_20260916-153029,69,C:\Users\Javier\PIDS_HandPose\kit-grabacion\HAR_mediapipe\data\gestos_p3_20260916-153029\train\paper\paper_00069.jpg
train,paper,paper_03070.jpg,p3,,gestos_p3_20260916-153029,70,C:\Users\Javier\PIDS_HandPose\kit-grabacion\HAR_mediapipe\data\gestos_p3_20260916-153029\train\paper\paper_00070.jpg
train,rock,rock_03001.jpg,p3,,gestos_p3_20260916-153029,1,C:\Users\Javier\PIDS_HandPose\kit-grabacion\HAR_mediapipe\data\gestos_p3_20260916-153029\train\rock\rock_00001.jpg
train,rock,rock_03002.jpg,p3,,gestos_p3_20260916-153029,2,C:\Users\Javier\PIDS_HandPose\kit-grabacion\HAR_mediapipe\data\gestos_p3_20260916-153029\train\rock\rock_00002.jpg
train,rock,rock_03003.jpg,p3,,gestos_p3_20260916-153029,3,C:\Users\Javier\PIDS_HandPose\kit-grabacion\HAR_mediapipe\data\gestos_p3_20260916-153029\train\rock\rock_00003.jpg
train,rock,rock_03004.jpg,p3,,gestos_p3_20260916-153029,4,C:\Users\Javier\PIDS_HandPose\kit-grabacion\HAR_mediapipe\data\gestos_p3_20260916-153029\train\rock\rock_00004.jpg
train,rock,rock_03005.jpg,p3,,gestos_p3_20260916-153029,5,C:\Users\Javier\PIDS_HandPose\kit-grabacion\HAR_mediapipe\data\gestos_p3_20260916-153029\train\rock\rock_00005.jpg
train,rock,rock_03006.jpg,p3,,gestos_p3_20260916-153029,6,C:\Users\Javier\PIDS_HandPose\kit-grabacion\HAR_mediapipe\data\gestos_p3_20260916-153029\train\rock\rock_00006.jpg
train,rock,rock_03007.jpg,p3,,gestos_p3_20260916-153029,7,C:\Users\Javier\PIDS_HandPose\kit-grabacion\HAR_mediapipe\data\gestos_p3_20260916-153029\train\rock\rock_00007.jpg
train,rock,rock_03008.jpg,p3,,gestos_p3_20260916-153029,8,C:\Users\Javier\PIDS_HandPose\kit-grabacion\HAR_mediapipe\data\gestos_p3_20260916-153029\train\rock\rock_00008.jpg
train,rock,rock_03009.jpg,p3,,gestos_p3_20260916-153029,9,C:\Users\Javier\PIDS_HandPose\kit-grabacion\HAR_mediapipe\data\gestos_p3_20260916-153029\train\rock\rock_00009.jpg
train,rock,rock_03010.jpg,p3,,gestos_p3_20260916-153029,10,C:\Users\Javier\PIDS_HandPose\kit-grabacion\HAR_mediapipe\data\gestos_p3_20260916-153029\train\rock\rock_00010.jpg
train,rock,rock_03011.jpg,p3,,gestos_p3_20260916-153029,11,C:\Users\Javier\PIDS_HandPose\kit-grabacion\HAR_mediapipe\data\gestos_p3_20260916-153029\train\rock\rock_00011.jpg
train,rock,rock_03012.jpg,p3,,gestos_p3_20260916-153029,12,C:\Users\Javier\PIDS_HandPose\kit-grabacion\HAR_mediapipe\data\gestos_p3_20260916-153029\train\rock\rock_00012.jpg
train,rock,rock_03013.jpg,p3,,gestos_p3_20260916-153029,13,C:\Users\Javier\PIDS_HandPose\kit-grabacion\HAR_mediapipe\data\gestos_p3_20260916-153029\train\rock\rock_00013.jpg
train,rock,rock_03014.jpg,p3,,gestos_p3_20260916-153029,14,C:\Users\Javier\PIDS_HandPose\kit-grabacion\HAR_mediapipe\data\gestos_p3_20260916-153029\train\rock\rock_00014.jpg
train,rock,rock_03015.jpg,p3,,gestos_p3_20260916-153029,15,C:\Users\Javier\PIDS_HandPose\kit-grabacion\HAR_mediapipe\data\gestos_p3_20260916-153029\train\rock\rock_00015.jpg
train,rock,rock_03016.jpg,p3,,gestos_p3_20260916-153029,16,C:\Users\Javier\PIDS_HandPose\kit-grabacion\HAR_mediapipe\data\gestos_p3_20260916-153029\train\rock\rock_00016.jpg
train,rock,rock_03017.jpg,p3,,gestos_p3_20260916-153029,17,C:\Users\Javier\PIDS_HandPose\kit-grabacion\HAR_mediapipe\data\gestos_p3_20260916-153029\train\rock\rock_00017.jpg
train,rock,rock_03018.jpg,p3,,gestos_p3_20260916-153029,18,C:\Users\Javier\PIDS_HandPose\kit-grabacion\HAR_mediapipe\data\gestos_p3_20260916-153029\train\rock\rock_00018.jpg
train,rock,rock_03019.jpg,p3,,gestos_p3_20260916-153029,19,C:\Users\Javier\PIDS_HandPose\kit-grabacion\HAR_mediapipe\data\gestos_p3_20260916-153029\train\rock\rock_00019.jpg
train,rock,rock_03020.jpg,p3,,gestos_p3_20260916-153029,20,C:\Users\Javier\PIDS_HandPose\kit-grabacion\HAR_mediapipe\data\gestos_p3_20260916-153029\train\rock\rock_00020.jpg
train,rock,rock_03021.jpg,p3,,gestos_p3_20260916-153029,21,C:\Users\Javier\PIDS_HandPose\kit-grabacion\HAR_mediapipe\data\gestos_p3_20260916-153029\train\rock\rock_00021.jpg
train,rock,rock_03022.jpg,p3,,gestos_p3_20260916-153029,22,C:\Users\Javier\PIDS_HandPose\kit-grabacion\HAR_mediapipe\data\gestos_p3_20260916-153029\train\rock\rock_00022.jpg
train,rock,rock_03023.jpg,p3,,gestos_p3_20260916-153029,23,C:\Users\Javier\PIDS_HandPose\kit-grabacion\HAR_mediapipe\data\gestos_p3_20260916-153029\train\rock\rock_00023.jpg
train,rock,rock_03024.jpg,p3,,gestos_p3_20260916-153029,24,C:\Users\Javier\PIDS_HandPose\kit-grabacion\HAR_mediapipe\data\gestos_p3_20260916-153029\train\rock\rock_00024.jpg
train,rock,rock_03025.jpg,p3,,gestos_p3_20260916-153029,25,C:\Users\Javier\PIDS_HandPose\kit-grabacion\HAR_mediapipe\data\gestos_p3_20260916-153029\train\rock\rock_00025.jpg
train,rock,rock_03026.jpg,p3,,gestos_p3_20260916-153029,26,C:\Users\Javier\PIDS_HandPose\kit-grabacion\HAR_mediapipe\data\gestos_p3_20260916-153029\train\rock\rock_00026.jpg
train,rock,rock_03027.jpg,p3,,gestos_p3_20260916-153029,27,C:\Users\Javier\PIDS_HandPose\kit-grabacion\HAR_mediapipe\data\gestos_p3_20260916-153029\train\rock\rock_00027.jpg
train,rock,rock_03028.jpg,p3,,gestos_p3_20260916-153029,28,C:\Users\Javier\PIDS_HandPose\kit-grabacion\HAR_mediapipe\data\gestos_p3_20260916-153029\train\rock\rock_00028.jpg
train,rock,rock_03029.jpg,p3,,gestos_p3_20260916-153029,29,C:\Users\Javier\PIDS_HandPose\kit-grabacion\HAR_mediapipe\data\gestos_p3_20260916-153029\train\rock\rock_00029.jpg
train,rock,rock_03030.jpg,p3,,gestos_p3_20260916-153029,30,C:\Users\Javier\PIDS_HandPose\kit-grabacion\HAR_mediapipe\data\gestos_p3_20260916-153029\train\rock\rock_00030.jpg
train,rock,rock_03031.jpg,p3,,gestos_p3_20260916-153029,31,C:\Users\Javier\PIDS_HandPose\kit-grabacion\HAR_mediapipe\data\gestos_p3_20260916-153029\train\rock\rock_00031.jpg
train,rock,rock_03032.jpg,p3,,gestos_p3_20260916-153029,32,C:\Users\Javier\PIDS_HandPose\kit-grabacion\HAR_mediapipe\data\gestos_p3_20260916-153029\train\rock\rock_00032.jpg
train,rock,rock_03033.jpg,p3,,gestos_p3_20260916-153029,33,C:\Users\Javier\PIDS_HandPose\kit-grabacion\HAR_mediapipe\data\gestos_p3_20260916-153029\train\rock\rock_00033.jpg
train,rock,rock_03034.jpg,p3,,gestos_p3_20260916-153029,34,C:\Users\Javier\PIDS_HandPose\kit-grabacion\HAR_mediapipe\data\gestos_p3_20260916-153029\train\rock\rock_00034.jpg
train,rock,rock_03035.jpg,p3,,gestos_p3_20260916-153029,35,C:\Users\Javier\PIDS_HandPose\kit-grabacion\HAR_mediapipe\data\gestos_p3_20260916-153029\train\rock\rock_00035.jpg
train,rock,rock_03036.jpg,p3,,gestos_p3_20260916-153029,36,C:\Users\Javier\PIDS_HandPose\kit-grabacion\HAR_mediapipe\data\gestos_p3_20260916-153029\train\rock\rock_00036.jpg
train,rock,rock_03037.jpg,p3,,gestos_p3_20260916-153029,37,C:\Users\Javier\PIDS_HandPose\kit-grabacion\HAR_mediapipe\data\gestos_p3_20260916-153029\train\rock\rock_00037.jpg
train,rock,rock_03038.jpg,p3,,gestos_p3_20260916-153029,38,C:\Users\Javier\PIDS_HandPose\kit-grabacion\HAR_mediapipe\data\gestos_p3_20260916-153029\train\rock\rock_00038.jpg
train,rock,rock_03039.jpg,p3,,gestos_p3_20260916-153029,39,C:\Users\Javier\PIDS_HandPose\kit-grabacion\HAR_mediapipe\data\gestos_p3_20260916-153029\train\rock\rock_00039.jpg
train,rock,rock_03040.jpg,p3,,gestos_p3_20260916-153029,40,C:\Users\Javier\PIDS_HandPose\kit-grabacion\HAR_mediapipe\data\gestos_p3_20260916-153029\train\rock\rock_00040.jpg
train,rock,rock_03041.jpg,p3,,gestos_p3_20260916-153029,41,C:\Users\Javier\PIDS_HandPose\kit-grabacion\HAR_mediapipe\data\gestos_p3_20260916-153029\train\rock\rock_00041.jpg
train,rock,rock_03042.jpg,p3,,gestos_p3_20260916-153029,42,C:\Users\Javier\PIDS_HandPose\kit-grabacion\HAR_mediapipe\data\gestos_p3_20260916-153029\train\rock\rock_00042.jpg
train,rock,rock_03043.jpg,p3,,gestos_p3_20260916-153029,43,C:\Users\Javier\PIDS_HandPose\kit-grabacion\HAR_mediapipe\data\gestos_p3_20260916-153029\train\rock\rock_00043.jpg
train,rock,rock_03044.jpg,p3,,gestos_p3_20260916-153029,44,C:\Users\Javier\PIDS_HandPose\kit-grabacion\HAR_mediapipe\data\gestos_p3_20260916-153029\train\rock\rock_00044.jpg
train,rock,rock_03045.jpg,p3,,gestos_p3_20260916-153029,45,C:\Users\Javier\PIDS_HandPose\kit-grabacion\HAR_mediapipe\data\gestos_p3_20260916-153029\train\rock\rock_00045.jpg
train,rock,rock_03046.jpg,p3,,gestos_p3_20260916-153029,46,C:\Users\Javier\PIDS_HandPose\kit-grabacion\HAR_mediapipe\data\gestos_p3_20260916-153029\train\rock\rock_00046.jpg
train,rock,rock_03047.jpg,p3,,gestos_p3_20260916-153029,47,C:\Users\Javier\PIDS_HandPose\kit-grabacion\HAR_mediapipe\data\gestos_p3_20260916-153029\train\rock\rock_00047.jpg
train,rock,rock_03048.jpg,p3,,gestos_p3_20260916-153029,48,C:\Users\Javier\PIDS_HandPose\kit-grabacion\HAR_mediapipe\data\gestos_p3_20260916-153029\train\rock\rock_00048.jpg
train,rock,rock_03049.jpg,p3,,gestos_p3_20260916-153029,49,C:\Users\Javier\PIDS_HandPose\kit-grabacion\HAR_mediapipe\data\gestos_p3_20260916-153029\train\rock\rock_00049.jpg
train,rock,rock_03050.jpg,p3,,gestos_p3_20260916-153029,50,C:\Users\Javier\PIDS_HandPose\kit-grabacion\HAR_mediapipe\data\gestos_p3_20260916-153029\train\rock\rock_00050.jpg
train,rock,rock_03051.jpg,p3,,gestos_p3_20260916-153029,51,C:\Users\Javier\PIDS_HandPose\kit-grabacion\HAR_mediapipe\data\gestos_p3_20260916-153029\train\rock\rock_00051.jpg
train,rock,rock_03052.jpg,p3,,gestos_p3_20260916-153029,52,C:\Users\Javier\PIDS_HandPose\kit-grabacion\HAR_mediapipe\data\gestos_p3_20260916-153029\train\rock\rock_00052.jpg
train,rock,rock_03053.jpg,p3,,gestos_p3_20260916-153029,53,C:\Users\Javier\PIDS_HandPose\kit-grabacion\HAR_mediapipe\data\gestos_p3_20260916-153029\train\rock\rock_00053.jpg
train,rock,rock_03054.jpg,p3,,gestos_p3_20260916-153029,54,C:\Users\Javier\PIDS_HandPose\kit-grabacion\HAR_mediapipe\data\gestos_p3_20260916-153029\train\rock\rock_00054.jpg
train,rock,rock_03055.jpg,p3,,gestos_p3_20260916-153029,55,C:\Users\Javier\PIDS_HandPose\kit-grabacion\HAR_mediapipe\data\gestos_p3_20260916-153029\train\rock\rock_00055.jpg
train,rock,rock_03056.jpg,p3,,gestos_p3_20260916-153029,56,C:\Users\Javier\PIDS_HandPose\kit-grabacion\HAR_mediapipe\data\gestos_p3_20260916-153029\train\rock\rock_00056.jpg
train,rock,rock_03057.jpg,p3,,gestos_p3_20260916-153029,57,C:\Users\Javier\PIDS_HandPose\kit-grabacion\HAR_mediapipe\data\gestos_p3_20260916-153029\train\rock\rock_00057.jpg
train,rock,rock_03058.jpg,p3,,gestos_p3_20260916-153029,58,C:\Users\Javier\PIDS_HandPose\kit-grabacion\HAR_mediapipe\data\gestos_p3_20260916-153029\train\rock\rock_00058.jpg
train,rock,rock_03059.jpg,p3,,gestos_p3_20260916-153029,59,C:\Users\Javier\PIDS_HandPose\kit-grabacion\HAR_mediapipe\data\gestos_p3_20260916-153029\train\rock\rock_00059.jpg
train,rock,rock_03060.jpg,p3,,gestos_p3_20260916-153029,60,C:\Users\Javier\PIDS_HandPose\kit-grabacion\HAR_mediapipe\data\gestos_p3_20260916-153029\train\rock\rock_00060.jpg
train,rock,rock_03061.jpg,p3,,gestos_p3_20260916-153029,61,C:\Users\Javier\PIDS_HandPose\kit-grabacion\HAR_mediapipe\data\gestos_p3_20260916-153029\train\rock\rock_00061.jpg
train,rock,rock_03062.jpg,p3,,gestos_p3_20260916-153029,62,C:\Users\Javier\PIDS_HandPose\kit-grabacion\HAR_mediapipe\data\gestos_p3_20260916-153029\train\rock\rock_00062.jpg
train,rock,rock_03063.jpg,p3,,gestos_p3_20260916-153029,63,C:\Users\Javier\PIDS_HandPose\kit-grabacion\HAR_mediapipe\data\gestos_p3_20260916-153029\train\rock\rock_00063.jpg
train,rock,rock_03064.jpg,p3,,gestos_p3_20260916-153029,64,C:\Users\Javier\PIDS_HandPose\kit-grabacion\HAR_mediapipe\data\gestos_p3_20260916-153029\train\rock\rock_00064.jpg
train,rock,rock_03065.jpg,p3,,gestos_p3_20260916-153029,65,C:\Users\Javier\PIDS_HandPose\kit-grabacion\HAR_mediapipe\data\gestos_p3_20260916-153029\train\rock\rock_00065.jpg
train,rock,rock_03066.jpg,p3,,gestos_p3_20260916-153029,66,C:\Users\Javier\PIDS_HandPose\kit-grabacion\HAR_mediapipe\data\gestos_p3_20260916-153029\train\rock\rock_00066.jpg
train,rock,rock_03067.jpg,p3,,gestos_p3_20260916-153029,67,C:\Users\Javier\PIDS_HandPose\kit-grabacion\HAR_mediapipe\data\gestos_p3_20260916-153029\train\rock\rock_00067.jpg
train,rock,rock_03068.jpg,p3,,gestos_p3_20260916-153029,68,C:\Users\Javier\PIDS_HandPose\kit-grabacion\HAR_mediapipe\data\gestos_p3_20260916-153029\train\rock\rock_00068.jpg
train,rock,rock_03069.jpg,p3,,gestos_p3_20260916-153029,69,C:\Users\Javier\PIDS_HandPose\kit-grabacion\HAR_mediapipe\data\gestos_p3_20260916-153029\train\rock\rock_00069.jpg
train,rock,rock_03070.jpg,p3,,gestos_p3_20260916-153029,70,C:\Users\Javier\PIDS_HandPose\kit-grabacion\HAR_mediapipe\data\gestos_p3_20260916-153029\train\rock\rock_00070.jpg
train,rockandroll,rockandroll_03001.jpg,p3,,gestos_p3_20260916-153029,1,C:\Users\Javier\PIDS_HandPose\kit-grabacion\HAR_mediapipe\data\gestos_p3_20260916-153029\train\rockandroll\rockandroll_00001.jpg
train,rockandroll,rockandroll_03002.jpg,p3,,gestos_p3_20260916-153029,2,C:\Users\Javier\PIDS_HandPose\kit-grabacion\HAR_mediapipe\data\gestos_p3_20260916-153029\train\rockandroll\rockandroll_00002.jpg
train,rockandroll,rockandroll_03003.jpg,p3,,gestos_p3_20260916-153029,3,C:\Users\Javier\PIDS_HandPose\kit-grabacion\HAR_mediapipe\data\gestos_p3_20260916-153029\train\rockandroll\rockandroll_00003.jpg
train,rockandroll,rockandroll_03004.jpg,p3,,gestos_p3_20260916-153029,4,C:\Users\Javier\PIDS_HandPose\kit-grabacion\HAR_mediapipe\data\gestos_p3_20260916-153029\train\rockandroll\rockandroll_00004.jpg
train,rockandroll,rockandroll_03005.jpg,p3,,gestos_p3_20260916-153029,5,C:\Users\Javier\PIDS_HandPose\kit-grabacion\HAR_mediapipe\data\gestos_p3_20260916-153029\train\rockandroll\rockandroll_00005.jpg
train,rockandroll,rockandroll_03006.jpg,p3,,gestos_p3_20260916-153029,6,C:\Users\Javier\PIDS_HandPose\kit-grabacion\HAR_mediapipe\data\gestos_p3_20260916-153029\train\rockandroll\rockandroll_00006.jpg
train,rockandroll,rockandroll_03007.jpg,p3,,gestos_p3_20260916-153029,7,C:\Users\Javier\PIDS_HandPose\kit-grabacion\HAR_mediapipe\data\gestos_p3_20260916-153029\train\rockandroll\rockandroll_00007.jpg
train,rockandroll,rockandroll_03008.jpg,p3,,gestos_p3_20260916-153029,8,C:\Users\Javier\PIDS_HandPose\kit-grabacion\HAR_mediapipe\data\gestos_p3_20260916-153029\train\rockandroll\rockandroll_00008.jpg
train,rockandroll,rockandroll_03009.jpg,p3,,gestos_p3_20260916-153029,9,C:\Users\Javier\PIDS_HandPose\kit-grabacion\HAR_mediapipe\data\gestos_p3_20260916-153029\train\rockandroll\rockandroll_00009.jpg
train,rockandroll,rockandroll_03010.jpg,p3,,gestos_p3_20260916-153029,10,C:\Users\Javier\PIDS_HandPose\kit-grabacion\HAR_mediapipe\data\gestos_p3_20260916-153029\train\rockandroll\rockandroll_00010.jpg
train,rockandroll,rockandroll_03011.jpg,p3,,gestos_p3_20260916-153029,11,C:\Users\Javier\PIDS_HandPose\kit-grabacion\HAR_mediapipe\data\gestos_p3_20260916-153029\train\rockandroll\rockandroll_00011.jpg
train,rockandroll,rockandroll_03012.jpg,p3,,gestos_p3_20260916-153029,12,C:\Users\Javier\PIDS_HandPose\kit-grabacion\HAR_mediapipe\data\gestos_p3_20260916-153029\train\rockandroll\rockandroll_00012.jpg
train,rockandroll,rockandroll_03013.jpg,p3,,gestos_p3_20260916-153029,13,C:\Users\Javier\PIDS_HandPose\kit-grabacion\HAR_mediapipe\data\gestos_p3_20260916-153029\train\rockandroll\rockandroll_00013.jpg
train,rockandroll,rockandroll_03014.jpg,p3,,gestos_p3_20260916-153029,14,C:\Users\Javier\PIDS_HandPose\kit-grabacion\HAR_mediapipe\data\gestos_p3_20260916-153029\train\rockandroll\rockandroll_00014.jpg
train,rockandroll,rockandroll_03015.jpg,p3,,gestos_p3_20260916-153029,15,C:\Users\Javier\PIDS_HandPose\kit-grabacion\HAR_mediapipe\data\gestos_p3_20260916-153029\train\rockandroll\rockandroll_00015.jpg
train,rockandroll,rockandroll_03016.jpg,p3,,gestos_p3_20260916-153029,16,C:\Users\Javier\PIDS_HandPose\kit-grabacion\HAR_mediapipe\data\gestos_p3_20260916-153029\train\rockandroll\rockandroll_00016.jpg
train,rockandroll,rockandroll_03017.jpg,p3,,gestos_p3_20260916-153029,17,C:\Users\Javier\PIDS_HandPose\kit-grabacion\HAR_mediapipe\data\gestos_p3_20260916-153029\train\rockandroll\rockandroll_00017.jpg
train,rockandroll,rockandroll_03018.jpg,p3,,gestos_p3_20260916-153029,18,C:\Users\Javier\PIDS_HandPose\kit-grabacion\HAR_mediapipe\data\gestos_p3_20260916-153029\train\rockandroll\rockandroll_00018.jpg
train,rockandroll,rockandroll_03019.jpg,p3,,gestos_p3_20260916-153029,19,C:\Users\Javier\PIDS_HandPose\kit-grabacion\HAR_mediapipe\data\gestos_p3_20260916-153029\train\rockandroll\rockandroll_00019.jpg
train,rockandroll,rockandroll_03020.jpg,p3,,gestos_p3_20260916-153029,20,C:\Users\Javier\PIDS_HandPose\kit-grabacion\HAR_mediapipe\data\gestos_p3_20260916-153029\train\rockandroll\rockandroll_00020.jpg
train,rockandroll,rockandroll_03021.jpg,p3,,gestos_p3_20260916-153029,21,C:\Users\Javier\PIDS_HandPose\kit-grabacion\HAR_mediapipe\data\gestos_p3_20260916-153029\train\rockandroll\rockandroll_00021.jpg
train,rockandroll,rockandroll_03022.jpg,p3,,gestos_p3_20260916-153029,22,C:\Users\Javier\PIDS_HandPose\kit-grabacion\HAR_mediapipe\data\gestos_p3_20260916-153029\train\rockandroll\rockandroll_00022.jpg
train,rockandroll,rockandroll_03023.jpg,p3,,gestos_p3_20260916-153029,23,C:\Users\Javier\PIDS_HandPose\kit-grabacion\HAR_mediapipe\data\gestos_p3_20260916-153029\train\rockandroll\rockandroll_00023.jpg
train,rockandroll,rockandroll_03024.jpg,p3,,gestos_p3_20260916-153029,24,C:\Users\Javier\PIDS_HandPose\kit-grabacion\HAR_mediapipe\data\gestos_p3_20260916-153029\train\rockandroll\rockandroll_00024.jpg
train,rockandroll,rockandroll_03025.jpg,p3,,gestos_p3_20260916-153029,25,C:\Users\Javier\PIDS_HandPose\kit-grabacion\HAR_mediapipe\data\gestos_p3_20260916-153029\train\rockandroll\rockandroll_00025.jpg
train,rockandroll,rockandroll_03026.jpg,p3,,gestos_p3_20260916-153029,26,C:\Users\Javier\PIDS_HandPose\kit-grabacion\HAR_mediapipe\data\gestos_p3_20260916-153029\train\rockandroll\rockandroll_00026.jpg
train,rockandroll,rockandroll_03027.jpg,p3,,gestos_p3_20260916-153029,27,C:\Users\Javier\PIDS_HandPose\kit-grabacion\HAR_mediapipe\data\gestos_p3_20260916-153029\train\rockandroll\rockandroll_00027.jpg
train,rockandroll,rockandroll_03028.jpg,p3,,gestos_p3_20260916-153029,28,C:\Users\Javier\PIDS_HandPose\kit-grabacion\HAR_mediapipe\data\gestos_p3_20260916-153029\train\rockandroll\rockandroll_00028.jpg
train,rockandroll,rockandroll_03029.jpg,p3,,gestos_p3_20260916-153029,29,C:\Users\Javier\PIDS_HandPose\kit-grabacion\HAR_mediapipe\data\gestos_p3_20260916-153029\train\rockandroll\rockandroll_00029.jpg
train,rockandroll,rockandroll_03030.jpg,p3,,gestos_p3_20260916-153029,30,C:\Users\Javier\PIDS_HandPose\kit-grabacion\HAR_mediapipe\data\gestos_p3_20260916-153029\train\rockandroll\rockandroll_00030.jpg
train,rockandroll,rockandroll_03031.jpg,p3,,gestos_p3_20260916-153029,31,C:\Users\Javier\PIDS_HandPose\kit-grabacion\HAR_mediapipe\data\gestos_p3_20260916-153029\train\rockandroll\rockandroll_00031.jpg
train,rockandroll,rockandroll_03032.jpg,p3,,gestos_p3_20260916-153029,32,C:\Users\Javier\PIDS_HandPose\kit-grabacion\HAR_mediapipe\data\gestos_p3_20260916-153029\train\rockandroll\rockandroll_00032.jpg
train,rockandroll,rockandroll_03033.jpg,p3,,gestos_p3_20260916-153029,33,C:\Users\Javier\PIDS_HandPose\kit-grabacion\HAR_mediapipe\data\gestos_p3_20260916-153029\train\rockandroll\rockandroll_00033.jpg
train,rockandroll,rockandroll_03034.jpg,p3,,gestos_p3_20260916-153029,34,C:\Users\Javier\PIDS_HandPose\kit-grabacion\HAR_mediapipe\data\gestos_p3_20260916-153029\train\rockandroll\rockandroll_00034.jpg
train,rockandroll,rockandroll_03035.jpg,p3,,gestos_p3_20260916-153029,35,C:\Users\Javier\PIDS_HandPose\kit-grabacion\HAR_mediapipe\data\gestos_p3_20260916-153029\train\rockandroll\rockandroll_00035.jpg
train,rockandroll,rockandroll_03036.jpg,p3,,gestos_p3_20260916-153029,36,C:\Users\Javier\PIDS_HandPose\kit-grabacion\HAR_mediapipe\data\gestos_p3_20260916-153029\train\rockandroll\rockandroll_00036.jpg
train,rockandroll,rockandroll_03037.jpg,p3,,gestos_p3_20260916-153029,37,C:\Users\Javier\PIDS_HandPose\kit-grabacion\HAR_mediapipe\data\gestos_p3_20260916-153029\train\rockandroll\rockandroll_00037.jpg
train,rockandroll,rockandroll_03038.jpg,p3,,gestos_p3_20260916-153029,38,C:\Users\Javier\PIDS_HandPose\kit-grabacion\HAR_mediapipe\data\gestos_p3_20260916-153029\train\rockandroll\rockandroll_00038.jpg
train,rockandroll,rockandroll_03039.jpg,p3,,gestos_p3_20260916-153029,39,C:\Users\Javier\PIDS_HandPose\kit-grabacion\HAR_mediapipe\data\gestos_p3_20260916-153029\train\rockandroll\rockandroll_00039.jpg
train,rockandroll,rockandroll_03040.jpg,p3,,gestos_p3_20260916-153029,40,C:\Users\Javier\PIDS_HandPose\kit-grabacion\HAR_mediapipe\data\gestos_p3_20260916-153029\train\rockandroll\rockandroll_00040.jpg
train,rockandroll,rockandroll_03041.jpg,p3,,gestos_p3_20260916-153029,41,C:\Users\Javier\PIDS_HandPose\kit-grabacion\HAR_mediapipe\data\gestos_p3_20260916-153029\train\rockandroll\rockandroll_00041.jpg
train,rockandroll,rockandroll_03042.jpg,p3,,gestos_p3_20260916-153029,42,C:\Users\Javier\PIDS_HandPose\kit-grabacion\HAR_mediapipe\data\gestos_p3_20260916-153029\train\rockandroll\rockandroll_00042.jpg
train,rockandroll,rockandroll_03043.jpg,p3,,gestos_p3_20260916-153029,43,C:\Users\Javier\PIDS_HandPose\kit-grabacion\HAR_mediapipe\data\gestos_p3_20260916-153029\train\rockandroll\rockandroll_00043.jpg
train,rockandroll,rockandroll_03044.jpg,p3,,gestos_p3_20260916-153029,44,C:\Users\Javier\PIDS_HandPose\kit-grabacion\HAR_mediapipe\data\gestos_p3_20260916-153029\train\rockandroll\rockandroll_00044.jpg
train,rockandroll,rockandroll_03045.jpg,p3,,gestos_p3_20260916-153029,45,C:\Users\Javier\PIDS_HandPose\kit-grabacion\HAR_mediapipe\data\gestos_p3_20260916-153029\train\rockandroll\rockandroll_00045.jpg
train,rockandroll,rockandroll_03046.jpg,p3,,gestos_p3_20260916-153029,46,C:\Users\Javier\PIDS_HandPose\kit-grabacion\HAR_mediapipe\data\gestos_p3_20260916-153029\train\rockandroll\rockandroll_00046.jpg
train,rockandroll,rockandroll_03047.jpg,p3,,gestos_p3_20260916-153029,47,C:\Users\Javier\PIDS_HandPose\kit-grabacion\HAR_mediapipe\data\gestos_p3_20260916-153029\train\rockandroll\rockandroll_00047.jpg
train,rockandroll,rockandroll_03048.jpg,p3,,gestos_p3_20260916-153029,48,C:\Users\Javier\PIDS_HandPose\kit-grabacion\HAR_mediapipe\data\gestos_p3_20260916-153029\train\rockandroll\rockandroll_00048.jpg
train,rockandroll,rockandroll_03049.jpg,p3,,gestos_p3_20260916-153029,49,C:\Users\Javier\PIDS_HandPose\kit-grabacion\HAR_mediapipe\data\gestos_p3_20260916-153029\train\rockandroll\rockandroll_00049.jpg
train,rockandroll,rockandroll_03050.jpg,p3,,gestos_p3_20260916-153029,50,C:\Users\Javier\PIDS_HandPose\kit-grabacion\HAR_mediapipe\data\gestos_p3_20260916-153029\train\rockandroll\rockandroll_00050.jpg
train,rockandroll,rockandroll_03051.jpg,p3,,gestos_p3_20260916-153029,51,C:\Users\Javier\PIDS_HandPose\kit-grabacion\HAR_mediapipe\data\gestos_p3_20260916-153029\train\rockandroll\rockandroll_00051.jpg
train,rockandroll,rockandroll_03052.jpg,p3,,gestos_p3_20260916-153029,52,C:\Users\Javier\PIDS_HandPose\kit-grabacion\HAR_mediapipe\data\gestos_p3_20260916-153029\train\rockandroll\rockandroll_00052.jpg
train,rockandroll,rockandroll_03053.jpg,p3,,gestos_p3_20260916-153029,53,C:\Users\Javier\PIDS_HandPose\kit-grabacion\HAR_mediapipe\data\gestos_p3_20260916-153029\train\rockandroll\rockandroll_00053.jpg
train,rockandroll,rockandroll_03054.jpg,p3,,gestos_p3_20260916-153029,54,C:\Users\Javier\PIDS_HandPose\kit-grabacion\HAR_mediapipe\data\gestos_p3_20260916-153029\train\rockandroll\rockandroll_00054.jpg
train,rockandroll,rockandroll_03055.jpg,p3,,gestos_p3_20260916-153029,55,C:\Users\Javier\PIDS_HandPose\kit-grabacion\HAR_mediapipe\data\gestos_p3_20260916-153029\train\rockandroll\rockandroll_00055.jpg
train,rockandroll,rockandroll_03056.jpg,p3,,gestos_p3_20260916-153029,56,C:\Users\Javier\PIDS_HandPose\kit-grabacion\HAR_mediapipe\data\gestos_p3_20260916-153029\train\rockandroll\rockandroll_00056.jpg
train,rockandroll,rockandroll_03057.jpg,p3,,gestos_p3_20260916-153029,57,C:\Users\Javier\PIDS_HandPose\kit-grabacion\HAR_mediapipe\data\gestos_p3_20260916-153029\train\rockandroll\rockandroll_00057.jpg
train,rockandroll,rockandroll_03058.jpg,p3,,gestos_p3_20260916-153029,58,C:\Users\Javier\PIDS_HandPose\kit-grabacion\HAR_mediapipe\data\gestos_p3_20260916-153029\train\rockandroll\rockandroll_00058.jpg
train,rockandroll,rockandroll_03059.jpg,p3,,gestos_p3_20260916-153029,59,C:\Users\Javier\PIDS_HandPose\kit-grabacion\HAR_mediapipe\data\gestos_p3_20260916-153029\train\rockandroll\rockandroll_00059.jpg
train,rockandroll,rockandroll_03060.jpg,p3,,gestos_p3_20260916-153029,60,C:\Users\Javier\PIDS_HandPose\kit-grabacion\HAR_mediapipe\data\gestos_p3_20260916-153029\train\rockandroll\rockandroll_00060.jpg
train,rockandroll,rockandroll_03061.jpg,p3,,gestos_p3_20260916-153029,61,C:\Users\Javier\PIDS_HandPose\kit-grabacion\HAR_mediapipe\data\gestos_p3_20260916-153029\train\rockandroll\rockandroll_00061.jpg
train,rockandroll,rockandroll_03062.jpg,p3,,gestos_p3_20260916-153029,62,C:\Users\Javier\PIDS_HandPose\kit-grabacion\HAR_mediapipe\data\gestos_p3_20260916-153029\train\rockandroll\rockandroll_00062.jpg
train,rockandroll,rockandroll_03063.jpg,p3,,gestos_p3_20260916-153029,63,C:\Users\Javier\PIDS_HandPose\kit-grabacion\HAR_mediapipe\data\gestos_p3_20260916-153029\train\rockandroll\rockandroll_00063.jpg
train,rockandroll,rockandroll_03064.jpg,p3,,gestos_p3_20260916-153029,64,C:\Users\Javier\PIDS_HandPose\kit-grabacion\HAR_mediapipe\data\gestos_p3_20260916-153029\train\rockandroll\rockandroll_00064.jpg
train,rockandroll,rockandroll_03065.jpg,p3,,gestos_p3_20260916-153029,65,C:\Users\Javier\PIDS_HandPose\kit-grabacion\HAR_mediapipe\data\gestos_p3_20260916-153029\train\rockandroll\rockandroll_00065.jpg
train,rockandroll,rockandroll_03066.jpg,p3,,gestos_p3_20260916-153029,66,C:\Users\Javier\PIDS_HandPose\kit-grabacion\HAR_mediapipe\data\gestos_p3_20260916-153029\train\rockandroll\rockandroll_00066.jpg
train,rockandroll,rockandroll_03067.jpg,p3,,gestos_p3_20260916-153029,67,C:\Users\Javier\PIDS_HandPose\kit-grabacion\HAR_mediapipe\data\gestos_p3_20260916-153029\train\rockandroll\rockandroll_00067.jpg
train,rockandroll,rockandroll_03068.jpg,p3,,gestos_p3_20260916-153029,68,C:\Users\Javier\PIDS_HandPose\kit-grabacion\HAR_mediapipe\data\gestos_p3_20260916-153029\train\rockandroll\rockandroll_00068.jpg
train,rockandroll,rockandroll_03069.jpg,p3,,gestos_p3_20260916-153029,69,C:\Users\Javier\PIDS_HandPose\kit-grabacion\HAR_mediapipe\data\gestos_p3_20260916-153029\train\rockandroll\rockandroll_00069.jpg
train,rockandroll,rockandroll_03070.jpg,p3,,gestos_p3_20260916-153029,70,C:\Users\Javier\PIDS_HandPose\kit-grabacion\HAR_mediapipe\data\gestos_p3_20260916-153029\train\rockandroll\rockandroll_00070.jpg
train,scissors,scissors_03001.jpg,p3,,gestos_p3_20260916-153029,1,C:\Users\Javier\PIDS_HandPose\kit-grabacion\HAR_mediapipe\data\gestos_p3_20260916-153029\train\scissors\scissors_00001.jpg
train,scissors,scissors_03002.jpg,p3,,gestos_p3_20260916-153029,2,C:\Users\Javier\PIDS_HandPose\kit-grabacion\HAR_mediapipe\data\gestos_p3_20260916-153029\train\scissors\scissors_00002.jpg
train,scissors,scissors_03003.jpg,p3,,gestos_p3_20260916-153029,3,C:\Users\Javier\PIDS_HandPose\kit-grabacion\HAR_mediapipe\data\gestos_p3_20260916-153029\train\scissors\scissors_00003.jpg
train,scissors,scissors_03004.jpg,p3,,gestos_p3_20260916-153029,4,C:\Users\Javier\PIDS_HandPose\kit-grabacion\HAR_mediapipe\data\gestos_p3_20260916-153029\train\scissors\scissors_00004.jpg
train,scissors,scissors_03005.jpg,p3,,gestos_p3_20260916-153029,5,C:\Users\Javier\PIDS_HandPose\kit-grabacion\HAR_mediapipe\data\gestos_p3_20260916-153029\train\scissors\scissors_00005.jpg
train,scissors,scissors_03006.jpg,p3,,gestos_p3_20260916-153029,6,C:\Users\Javier\PIDS_HandPose\kit-grabacion\HAR_mediapipe\data\gestos_p3_20260916-153029\train\scissors\scissors_00006.jpg
train,scissors,scissors_03007.jpg,p3,,gestos_p3_20260916-153029,7,C:\Users\Javier\PIDS_HandPose\kit-grabacion\HAR_mediapipe\data\gestos_p3_20260916-153029\train\scissors\scissors_00007.jpg
train,scissors,scissors_03008.jpg,p3,,gestos_p3_20260916-153029,8,C:\Users\Javier\PIDS_HandPose\kit-grabacion\HAR_mediapipe\data\gestos_p3_20260916-153029\train\scissors\scissors_00008.jpg
train,scissors,scissors_03009.jpg,p3,,gestos_p3_20260916-153029,9,C:\Users\Javier\PIDS_HandPose\kit-grabacion\HAR_mediapipe\data\gestos_p3_20260916-153029\train\scissors\scissors_00009.jpg
train,scissors,scissors_03010.jpg,p3,,gestos_p3_20260916-153029,10,C:\Users\Javier\PIDS_HandPose\kit-grabacion\HAR_mediapipe\data\gestos_p3_20260916-153029\train\scissors\scissors_00010.jpg
train,scissors,scissors_03011.jpg,p3,,gestos_p3_20260916-153029,11,C:\Users\Javier\PIDS_HandPose\kit-grabacion\HAR_mediapipe\data\gestos_p3_20260916-153029\train\scissors\scissors_00011.jpg
train,scissors,scissors_03012.jpg,p3,,gestos_p3_20260916-153029,12,C:\Users\Javier\PIDS_HandPose\kit-grabacion\HAR_mediapipe\data\gestos_p3_20260916-153029\train\scissors\scissors_00012.jpg
train,scissors,scissors_03013.jpg,p3,,gestos_p3_20260916-153029,13,C:\Users\Javier\PIDS_HandPose\kit-grabacion\HAR_mediapipe\data\gestos_p3_20260916-153029\train\scissors\scissors_00013.jpg
train,scissors,scissors_03014.jpg,p3,,gestos_p3_20260916-153029,14,C:\Users\Javier\PIDS_HandPose\kit-grabacion\HAR_mediapipe\data\gestos_p3_20260916-153029\train\scissors\scissors_00014.jpg
train,scissors,scissors_03015.jpg,p3,,gestos_p3_20260916-153029,15,C:\Users\Javier\PIDS_HandPose\kit-grabacion\HAR_mediapipe\data\gestos_p3_20260916-153029\train\scissors\scissors_00015.jpg
train,scissors,scissors_03016.jpg,p3,,gestos_p3_20260916-153029,16,C:\Users\Javier\PIDS_HandPose\kit-grabacion\HAR_mediapipe\data\gestos_p3_20260916-153029\train\scissors\scissors_00016.jpg
train,scissors,scissors_03017.jpg,p3,,gestos_p3_20260916-153029,17,C:\Users\Javier\PIDS_HandPose\kit-grabacion\HAR_mediapipe\data\gestos_p3_20260916-153029\train\scissors\scissors_00017.jpg
train,scissors,scissors_03018.jpg,p3,,gestos_p3_20260916-153029,18,C:\Users\Javier\PIDS_HandPose\kit-grabacion\HAR_mediapipe\data\gestos_p3_20260916-153029\train\scissors\scissors_00018.jpg
train,scissors,scissors_03019.jpg,p3,,gestos_p3_20260916-153029,19,C:\Users\Javier\PIDS_HandPose\kit-grabacion\HAR_mediapipe\data\gestos_p3_20260916-153029\train\scissors\scissors_00019.jpg
train,scissors,scissors_03020.jpg,p3,,gestos_p3_20260916-153029,20,C:\Users\Javier\PIDS_HandPose\kit-grabacion\HAR_mediapipe\data\gestos_p3_20260916-153029\train\scissors\scissors_00020.jpg
train,scissors,scissors_03021.jpg,p3,,gestos_p3_20260916-153029,21,C:\Users\Javier\PIDS_HandPose\kit-grabacion\HAR_mediapipe\data\gestos_p3_20260916-153029\train\scissors\scissors_00021.jpg
train,scissors,scissors_03022.jpg,p3,,gestos_p3_20260916-153029,22,C:\Users\Javier\PIDS_HandPose\kit-grabacion\HAR_mediapipe\data\gestos_p3_20260916-153029\train\scissors\scissors_00022.jpg
train,scissors,scissors_03023.jpg,p3,,gestos_p3_20260916-153029,23,C:\Users\Javier\PIDS_HandPose\kit-grabacion\HAR_mediapipe\data\gestos_p3_20260916-153029\train\scissors\scissors_00023.jpg
train,scissors,scissors_03024.jpg,p3,,gestos_p3_20260916-153029,24,C:\Users\Javier\PIDS_HandPose\kit-grabacion\HAR_mediapipe\data\gestos_p3_20260916-153029\train\scissors\scissors_00024.jpg
train,scissors,scissors_03025.jpg,p3,,gestos_p3_20260916-153029,25,C:\Users\Javier\PIDS_HandPose\kit-grabacion\HAR_mediapipe\data\gestos_p3_20260916-153029\train\scissors\scissors_00025.jpg
train,scissors,scissors_03026.jpg,p3,,gestos_p3_20260916-153029,26,C:\Users\Javier\PIDS_HandPose\kit-grabacion\HAR_mediapipe\data\gestos_p3_20260916-153029\train\scissors\scissors_00026.jpg
train,scissors,scissors_03027.jpg,p3,,gestos_p3_20260916-153029,27,C:\Users\Javier\PIDS_HandPose\kit-grabacion\HAR_mediapipe\data\gestos_p3_20260916-153029\train\scissors\scissors_00027.jpg
train,scissors,scissors_03028.jpg,p3,,gestos_p3_20260916-153029,28,C:\Users\Javier\PIDS_HandPose\kit-grabacion\HAR_mediapipe\data\gestos_p3_20260916-153029\train\scissors\scissors_00028.jpg
train,scissors,scissors_03029.jpg,p3,,gestos_p3_20260916-153029,29,C:\Users\Javier\PIDS_HandPose\kit-grabacion\HAR_mediapipe\data\gestos_p3_20260916-153029\train\scissors\scissors_00029.jpg
train,scissors,scissors_03030.jpg,p3,,gestos_p3_20260916-153029,30,C:\Users\Javier\PIDS_HandPose\kit-grabacion\HAR_mediapipe\data\gestos_p3_20260916-153029\train\scissors\scissors_00030.jpg
train,scissors,scissors_03031.jpg,p3,,gestos_p3_20260916-153029,31,C:\Users\Javier\PIDS_HandPose\kit-grabacion\HAR_mediapipe\data\gestos_p3_20260916-153029\train\scissors\scissors_00031.jpg
train,scissors,scissors_03032.jpg,p3,,gestos_p3_20260916-153029,32,C:\Users\Javier\PIDS_HandPose\kit-grabacion\HAR_mediapipe\data\gestos_p3_20260916-153029\train\scissors\scissors_00032.jpg
train,scissors,scissors_03033.jpg,p3,,gestos_p3_20260916-153029,33,C:\Users\Javier\PIDS_HandPose\kit-grabacion\HAR_mediapipe\data\gestos_p3_20260916-153029\train\scissors\scissors_00033.jpg
train,scissors,scissors_03034.jpg,p3,,gestos_p3_20260916-153029,34,C:\Users\Javier\PIDS_HandPose\kit-grabacion\HAR_mediapipe\data\gestos_p3_20260916-153029\train\scissors\scissors_00034.jpg
train,scissors,scissors_03035.jpg,p3,,gestos_p3_20260916-153029,35,C:\Users\Javier\PIDS_HandPose\kit-grabacion\HAR_mediapipe\data\gestos_p3_20260916-153029\train\scissors\scissors_00035.jpg
train,scissors,scissors_03036.jpg,p3,,gestos_p3_20260916-153029,36,C:\Users\Javier\PIDS_HandPose\kit-grabacion\HAR_mediapipe\data\gestos_p3_20260916-153029\train\scissors\scissors_00036.jpg
train,scissors,scissors_03037.jpg,p3,,gestos_p3_20260916-153029,37,C:\Users\Javier\PIDS_HandPose\kit-grabacion\HAR_mediapipe\data\gestos_p3_20260916-153029\train\scissors\scissors_00037.jpg
train,scissors,scissors_03038.jpg,p3,,gestos_p3_20260916-153029,38,C:\Users\Javier\PIDS_HandPose\kit-grabacion\HAR_mediapipe\data\gestos_p3_20260916-153029\train\scissors\scissors_00038.jpg
train,scissors,scissors_03039.jpg,p3,,gestos_p3_20260916-153029,39,C:\Users\Javier\PIDS_HandPose\kit-grabacion\HAR_mediapipe\data\gestos_p3_20260916-153029\train\scissors\scissors_00039.jpg
train,scissors,scissors_03040.jpg,p3,,gestos_p3_20260916-153029,40,C:\Users\Javier\PIDS_HandPose\kit-grabacion\HAR_mediapipe\data\gestos_p3_20260916-153029\train\scissors\scissors_00040.jpg
train,scissors,scissors_03041.jpg,p3,,gestos_p3_20260916-153029,41,C:\Users\Javier\PIDS_HandPose\kit-grabacion\HAR_mediapipe\data\gestos_p3_20260916-153029\train\scissors\scissors_00041.jpg
train,scissors,scissors_03042.jpg,p3,,gestos_p3_20260916-153029,42,C:\Users\Javier\PIDS_HandPose\kit-grabacion\HAR_mediapipe\data\gestos_p3_20260916-153029\train\scissors\scissors_00042.jpg
train,scissors,scissors_03043.jpg,p3,,gestos_p3_20260916-153029,43,C:\Users\Javier\PIDS_HandPose\kit-grabacion\HAR_mediapipe\data\gestos_p3_20260916-153029\train\scissors\scissors_00043.jpg
train,scissors,scissors_03044.jpg,p3,,gestos_p3_20260916-153029,44,C:\Users\Javier\PIDS_HandPose\kit-grabacion\HAR_mediapipe\data\gestos_p3_20260916-153029\train\scissors\scissors_00044.jpg
train,scissors,scissors_03045.jpg,p3,,gestos_p3_20260916-153029,45,C:\Users\Javier\PIDS_HandPose\kit-grabacion\HAR_mediapipe\data\gestos_p3_20260916-153029\train\scissors\scissors_00045.jpg
train,scissors,scissors_03046.jpg,p3,,gestos_p3_20260916-153029,46,C:\Users\Javier\PIDS_HandPose\kit-grabacion\HAR_mediapipe\data\gestos_p3_20260916-153029\train\scissors\scissors_00046.jpg
train,scissors,scissors_03047.jpg,p3,,gestos_p3_20260916-153029,47,C:\Users\Javier\PIDS_HandPose\kit-grabacion\HAR_mediapipe\data\gestos_p3_20260916-153029\train\scissors\scissors_00047.jpg
train,scissors,scissors_03048.jpg,p3,,gestos_p3_20260916-153029,48,C:\Users\Javier\PIDS_HandPose\kit-grabacion\HAR_mediapipe\data\gestos_p3_20260916-153029\train\scissors\scissors_00048.jpg
train,scissors,scissors_03049.jpg,p3,,gestos_p3_20260916-153029,49,C:\Users\Javier\PIDS_HandPose\kit-grabacion\HAR_mediapipe\data\gestos_p3_20260916-153029\train\scissors\scissors_00049.jpg
train,scissors,scissors_03050.jpg,p3,,gestos_p3_20260916-153029,50,C:\Users\Javier\PIDS_HandPose\kit-grabacion\HAR_mediapipe\data\gestos_p3_20260916-153029\train\scissors\scissors_00050.jpg
train,scissors,scissors_03051.jpg,p3,,gestos_p3_20260916-153029,51,C:\Users\Javier\PIDS_HandPose\kit-grabacion\HAR_mediapipe\data\gestos_p3_20260916-153029\train\scissors\scissors_00051.jpg
train,scissors,scissors_03052.jpg,p3,,gestos_p3_20260916-153029,52,C:\Users\Javier\PIDS_HandPose\kit-grabacion\HAR_mediapipe\data\gestos_p3_20260916-153029\train\scissors\scissors_00052.jpg
train,scissors,scissors_03053.jpg,p3,,gestos_p3_20260916-153029,53,C:\Users\Javier\PIDS_HandPose\kit-grabacion\HAR_mediapipe\data\gestos_p3_20260916-153029\train\scissors\scissors_00053.jpg
train,scissors,scissors_03054.jpg,p3,,gestos_p3_20260916-153029,54,C:\Users\Javier\PIDS_HandPose\kit-grabacion\HAR_mediapipe\data\gestos_p3_20260916-153029\train\scissors\scissors_00054.jpg
train,scissors,scissors_03055.jpg,p3,,gestos_p3_20260916-153029,55,C:\Users\Javier\PIDS_HandPose\kit-grabacion\HAR_mediapipe\data\gestos_p3_20260916-153029\train\scissors\scissors_00055.jpg
train,scissors,scissors_03056.jpg,p3,,gestos_p3_20260916-153029,56,C:\Users\Javier\PIDS_HandPose\kit-grabacion\HAR_mediapipe\data\gestos_p3_20260916-153029\train\scissors\scissors_00056.jpg
train,scissors,scissors_03057.jpg,p3,,gestos_p3_20260916-153029,57,C:\Users\Javier\PIDS_HandPose\kit-grabacion\HAR_mediapipe\data\gestos_p3_20260916-153029\train\scissors\scissors_00057.jpg
train,scissors,scissors_03058.jpg,p3,,gestos_p3_20260916-153029,58,C:\Users\Javier\PIDS_HandPose\kit-grabacion\HAR_mediapipe\data\gestos_p3_20260916-153029\train\scissors\scissors_00058.jpg
train,scissors,scissors_03059.jpg,p3,,gestos_p3_20260916-153029,59,C:\Users\Javier\PIDS_HandPose\kit-grabacion\HAR_mediapipe\data\gestos_p3_20260916-153029\train\scissors\scissors_00059.jpg
train,scissors,scissors_03060.jpg,p3,,gestos_p3_20260916-153029,60,C:\Users\Javier\PIDS_HandPose\kit-grabacion\HAR_mediapipe\data\gestos_p3_20260916-153029\train\scissors\scissors_00060.jpg
train,scissors,scissors_03061.jpg,p3,,gestos_p3_20260916-153029,61,C:\Users\Javier\PIDS_HandPose\kit-grabacion\HAR_mediapipe\data\gestos_p3_20260916-153029\train\scissors\scissors_00061.jpg
train,scissors,scissors_03062.jpg,p3,,gestos_p3_20260916-153029,62,C:\Users\Javier\PIDS_HandPose\kit-grabacion\HAR_mediapipe\data\gestos_p3_20260916-153029\train\scissors\scissors_00062.jpg
train,scissors,scissors_03063.jpg,p3,,gestos_p3_20260916-153029,63,C:\Users\Javier\PIDS_HandPose\kit-grabacion\HAR_mediapipe\data\gestos_p3_20260916-153029\train\scissors\scissors_00063.jpg
train,scissors,scissors_03064.jpg,p3,,gestos_p3_20260916-153029,64,C:\Users\Javier\PIDS_HandPose\kit-grabacion\HAR_mediapipe\data\gestos_p3_20260916-153029\train\scissors\scissors_00064.jpg
train,scissors,scissors_03065.jpg,p3,,gestos_p3_20260916-153029,65,C:\Users\Javier\PIDS_HandPose\kit-grabacion\HAR_mediapipe\data\gestos_p3_20260916-153029\train\scissors\scissors_00065.jpg
train,scissors,scissors_03066.jpg,p3,,gestos_p3_20260916-153029,66,C:\Users\Javier\PIDS_HandPose\kit-grabacion\HAR_mediapipe\data\gestos_p3_20260916-153029\train\scissors\scissors_00066.jpg
train,scissors,scissors_03067.jpg,p3,,gestos_p3_20260916-153029,67,C:\Users\Javier\PIDS_HandPose\kit-grabacion\HAR_mediapipe\data\gestos_p3_20260916-153029\train\scissors\scissors_00067.jpg
train,scissors,scissors_03068.jpg,p3,,gestos_p3_20260916-153029,68,C:\Users\Javier\PIDS_HandPose\kit-grabacion\HAR_mediapipe\data\gestos_p3_20260916-153029\train\scissors\scissors_00068.jpg
train,scissors,scissors_03069.jpg,p3,,gestos_p3_20260916-153029,69,C:\Users\Javier\PIDS_HandPose\kit-grabacion\HAR_mediapipe\data\gestos_p3_20260916-153029\train\scissors\scissors_00069.jpg
train,scissors,scissors_03070.jpg,p3,,gestos_p3_20260916-153029,70,C:\Users\Javier\PIDS_HandPose\kit-grabacion\HAR_mediapipe\data\gestos_p3_20260916-153029\train\scissors\scissors_00070.jpg
train,thumbsup,thumbsup_03001.jpg,p3,,gestos_p3_20260916-153029,1,C:\Users\Javier\PIDS_HandPose\kit-grabacion\HAR_mediapipe\data\gestos_p3_20260916-153029\train\thumbsup\thumbsup_00001.jpg
train,thumbsup,thumbsup_03002.jpg,p3,,gestos_p3_20260916-153029,2,C:\Users\Javier\PIDS_HandPose\kit-grabacion\HAR_mediapipe\data\gestos_p3_20260916-153029\train\thumbsup\thumbsup_00002.jpg
train,thumbsup,thumbsup_03003.jpg,p3,,gestos_p3_20260916-153029,3,C:\Users\Javier\PIDS_HandPose\kit-grabacion\HAR_mediapipe\data\gestos_p3_20260916-153029\train\thumbsup\thumbsup_00003.jpg
train,thumbsup,thumbsup_03004.jpg,p3,,gestos_p3_20260916-153029,4,C:\Users\Javier\PIDS_HandPose\kit-grabacion\HAR_mediapipe\data\gestos_p3_20260916-153029\train\thumbsup\thumbsup_00004.jpg
train,thumbsup,thumbsup_03005.jpg,p3,,gestos_p3_20260916-153029,5,C:\Users\Javier\PIDS_HandPose\kit-grabacion\HAR_mediapipe\data\gestos_p3_20260916-153029\train\thumbsup\thumbsup_00005.jpg
train,thumbsup,thumbsup_03006.jpg,p3,,gestos_p3_20260916-153029,6,C:\Users\Javier\PIDS_HandPose\kit-grabacion\HAR_mediapipe\data\gestos_p3_20260916-153029\train\thumbsup\thumbsup_00006.jpg
train,thumbsup,thumbsup_03007.jpg,p3,,gestos_p3_20260916-153029,7,C:\Users\Javier\PIDS_HandPose\kit-grabacion\HAR_mediapipe\data\gestos_p3_20260916-153029\train\thumbsup\thumbsup_00007.jpg
train,thumbsup,thumbsup_03008.jpg,p3,,gestos_p3_20260916-153029,8,C:\Users\Javier\PIDS_HandPose\kit-grabacion\HAR_mediapipe\data\gestos_p3_20260916-153029\train\thumbsup\thumbsup_00008.jpg
train,thumbsup,thumbsup_03009.jpg,p3,,gestos_p3_20260916-153029,9,C:\Users\Javier\PIDS_HandPose\kit-grabacion\HAR_mediapipe\data\gestos_p3_20260916-153029\train\thumbsup\thumbsup_00009.jpg
train,thumbsup,thumbsup_03010.jpg,p3,,gestos_p3_20260916-153029,10,C:\Users\Javier\PIDS_HandPose\kit-grabacion\HAR_mediapipe\data\gestos_p3_20260916-153029\train\thumbsup\thumbsup_00010.jpg
train,thumbsup,thumbsup_03011.jpg,p3,,gestos_p3_20260916-153029,11,C:\Users\Javier\PIDS_HandPose\kit-grabacion\HAR_mediapipe\data\gestos_p3_20260916-153029\train\thumbsup\thumbsup_00011.jpg
train,thumbsup,thumbsup_03012.jpg,p3,,gestos_p3_20260916-153029,12,C:\Users\Javier\PIDS_HandPose\kit-grabacion\HAR_mediapipe\data\gestos_p3_20260916-153029\train\thumbsup\thumbsup_00012.jpg
train,thumbsup,thumbsup_03013.jpg,p3,,gestos_p3_20260916-153029,13,C:\Users\Javier\PIDS_HandPose\kit-grabacion\HAR_mediapipe\data\gestos_p3_20260916-153029\train\thumbsup\thumbsup_00013.jpg
train,thumbsup,thumbsup_03014.jpg,p3,,gestos_p3_20260916-153029,14,C:\Users\Javier\PIDS_HandPose\kit-grabacion\HAR_mediapipe\data\gestos_p3_20260916-153029\train\thumbsup\thumbsup_00014.jpg
train,thumbsup,thumbsup_03015.jpg,p3,,gestos_p3_20260916-153029,15,C:\Users\Javier\PIDS_HandPose\kit-grabacion\HAR_mediapipe\data\gestos_p3_20260916-153029\train\thumbsup\thumbsup_00015.jpg
train,thumbsup,thumbsup_03016.jpg,p3,,gestos_p3_20260916-153029,16,C:\Users\Javier\PIDS_HandPose\kit-grabacion\HAR_mediapipe\data\gestos_p3_20260916-153029\train\thumbsup\thumbsup_00016.jpg
train,thumbsup,thumbsup_03017.jpg,p3,,gestos_p3_20260916-153029,17,C:\Users\Javier\PIDS_HandPose\kit-grabacion\HAR_mediapipe\data\gestos_p3_20260916-153029\train\thumbsup\thumbsup_00017.jpg
train,thumbsup,thumbsup_03018.jpg,p3,,gestos_p3_20260916-153029,18,C:\Users\Javier\PIDS_HandPose\kit-grabacion\HAR_mediapipe\data\gestos_p3_20260916-153029\train\thumbsup\thumbsup_00018.jpg
train,thumbsup,thumbsup_03019.jpg,p3,,gestos_p3_20260916-153029,19,C:\Users\Javier\PIDS_HandPose\kit-grabacion\HAR_mediapipe\data\gestos_p3_20260916-153029\train\thumbsup\thumbsup_00019.jpg
train,thumbsup,thumbsup_03020.jpg,p3,,gestos_p3_20260916-153029,20,C:\Users\Javier\PIDS_HandPose\kit-grabacion\HAR_mediapipe\data\gestos_p3_20260916-153029\train\thumbsup\thumbsup_00020.jpg
train,thumbsup,thumbsup_03021.jpg,p3,,gestos_p3_20260916-153029,21,C:\Users\Javier\PIDS_HandPose\kit-grabacion\HAR_mediapipe\data\gestos_p3_20260916-153029\train\thumbsup\thumbsup_00021.jpg
train,thumbsup,thumbsup_03022.jpg,p3,,gestos_p3_20260916-153029,22,C:\Users\Javier\PIDS_HandPose\kit-grabacion\HAR_mediapipe\data\gestos_p3_20260916-153029\train\thumbsup\thumbsup_00022.jpg
train,thumbsup,thumbsup_03023.jpg,p3,,gestos_p3_20260916-153029,23,C:\Users\Javier\PIDS_HandPose\kit-grabacion\HAR_mediapipe\data\gestos_p3_20260916-153029\train\thumbsup\thumbsup_00023.jpg
train,thumbsup,thumbsup_03024.jpg,p3,,gestos_p3_20260916-153029,24,C:\Users\Javier\PIDS_HandPose\kit-grabacion\HAR_mediapipe\data\gestos_p3_20260916-153029\train\thumbsup\thumbsup_00024.jpg
train,thumbsup,thumbsup_03025.jpg,p3,,gestos_p3_20260916-153029,25,C:\Users\Javier\PIDS_HandPose\kit-grabacion\HAR_mediapipe\data\gestos_p3_20260916-153029\train\thumbsup\thumbsup_00025.jpg
train,thumbsup,thumbsup_03026.jpg,p3,,gestos_p3_20260916-153029,26,C:\Users\Javier\PIDS_HandPose\kit-grabacion\HAR_mediapipe\data\gestos_p3_20260916-153029\train\thumbsup\thumbsup_00026.jpg
train,thumbsup,thumbsup_03027.jpg,p3,,gestos_p3_20260916-153029,27,C:\Users\Javier\PIDS_HandPose\kit-grabacion\HAR_mediapipe\data\gestos_p3_20260916-153029\train\thumbsup\thumbsup_00027.jpg
train,thumbsup,thumbsup_03028.jpg,p3,,gestos_p3_20260916-153029,28,C:\Users\Javier\PIDS_HandPose\kit-grabacion\HAR_mediapipe\data\gestos_p3_20260916-153029\train\thumbsup\thumbsup_00028.jpg
train,thumbsup,thumbsup_03029.jpg,p3,,gestos_p3_20260916-153029,29,C:\Users\Javier\PIDS_HandPose\kit-grabacion\HAR_mediapipe\data\gestos_p3_20260916-153029\train\thumbsup\thumbsup_00029.jpg
train,thumbsup,thumbsup_03030.jpg,p3,,gestos_p3_20260916-153029,30,C:\Users\Javier\PIDS_HandPose\kit-grabacion\HAR_mediapipe\data\gestos_p3_20260916-153029\train\thumbsup\thumbsup_00030.jpg
train,thumbsup,thumbsup_03031.jpg,p3,,gestos_p3_20260916-153029,31,C:\Users\Javier\PIDS_HandPose\kit-grabacion\HAR_mediapipe\data\gestos_p3_20260916-153029\train\thumbsup\thumbsup_00031.jpg
train,thumbsup,thumbsup_03032.jpg,p3,,gestos_p3_20260916-153029,32,C:\Users\Javier\PIDS_HandPose\kit-grabacion\HAR_mediapipe\data\gestos_p3_20260916-153029\train\thumbsup\thumbsup_00032.jpg
train,thumbsup,thumbsup_03033.jpg,p3,,gestos_p3_20260916-153029,33,C:\Users\Javier\PIDS_HandPose\kit-grabacion\HAR_mediapipe\data\gestos_p3_20260916-153029\train\thumbsup\thumbsup_00033.jpg
train,thumbsup,thumbsup_03034.jpg,p3,,gestos_p3_20260916-153029,34,C:\Users\Javier\PIDS_HandPose\kit-grabacion\HAR_mediapipe\data\gestos_p3_20260916-153029\train\thumbsup\thumbsup_00034.jpg
train,thumbsup,thumbsup_03035.jpg,p3,,gestos_p3_20260916-153029,35,C:\Users\Javier\PIDS_HandPose\kit-grabacion\HAR_mediapipe\data\gestos_p3_20260916-153029\train\thumbsup\thumbsup_00035.jpg
train,thumbsup,thumbsup_03036.jpg,p3,,gestos_p3_20260916-153029,36,C:\Users\Javier\PIDS_HandPose\kit-grabacion\HAR_mediapipe\data\gestos_p3_20260916-153029\train\thumbsup\thumbsup_00036.jpg
train,thumbsup,thumbsup_03037.jpg,p3,,gestos_p3_20260916-153029,37,C:\Users\Javier\PIDS_HandPose\kit-grabacion\HAR_mediapipe\data\gestos_p3_20260916-153029\train\thumbsup\thumbsup_00037.jpg
train,thumbsup,thumbsup_03038.jpg,p3,,gestos_p3_20260916-153029,38,C:\Users\Javier\PIDS_HandPose\kit-grabacion\HAR_mediapipe\data\gestos_p3_20260916-153029\train\thumbsup\thumbsup_00038.jpg
train,thumbsup,thumbsup_03039.jpg,p3,,gestos_p3_20260916-153029,39,C:\Users\Javier\PIDS_HandPose\kit-grabacion\HAR_mediapipe\data\gestos_p3_20260916-153029\train\thumbsup\thumbsup_00039.jpg
train,thumbsup,thumbsup_03040.jpg,p3,,gestos_p3_20260916-153029,40,C:\Users\Javier\PIDS_HandPose\kit-grabacion\HAR_mediapipe\data\gestos_p3_20260916-153029\train\thumbsup\thumbsup_00040.jpg
train,thumbsup,thumbsup_03041.jpg,p3,,gestos_p3_20260916-153029,41,C:\Users\Javier\PIDS_HandPose\kit-grabacion\HAR_mediapipe\data\gestos_p3_20260916-153029\train\thumbsup\thumbsup_00041.jpg
train,thumbsup,thumbsup_03042.jpg,p3,,gestos_p3_20260916-153029,42,C:\Users\Javier\PIDS_HandPose\kit-grabacion\HAR_mediapipe\data\gestos_p3_20260916-153029\train\thumbsup\thumbsup_00042.jpg
train,thumbsup,thumbsup_03043.jpg,p3,,gestos_p3_20260916-153029,43,C:\Users\Javier\PIDS_HandPose\kit-grabacion\HAR_mediapipe\data\gestos_p3_20260916-153029\train\thumbsup\thumbsup_00043.jpg
train,thumbsup,thumbsup_03044.jpg,p3,,gestos_p3_20260916-153029,44,C:\Users\Javier\PIDS_HandPose\kit-grabacion\HAR_mediapipe\data\gestos_p3_20260916-153029\train\thumbsup\thumbsup_00044.jpg
train,thumbsup,thumbsup_03045.jpg,p3,,gestos_p3_20260916-153029,45,C:\Users\Javier\PIDS_HandPose\kit-grabacion\HAR_mediapipe\data\gestos_p3_20260916-153029\train\thumbsup\thumbsup_00045.jpg
train,thumbsup,thumbsup_03046.jpg,p3,,gestos_p3_20260916-153029,46,C:\Users\Javier\PIDS_HandPose\kit-grabacion\HAR_mediapipe\data\gestos_p3_20260916-153029\train\thumbsup\thumbsup_00046.jpg
train,thumbsup,thumbsup_03047.jpg,p3,,gestos_p3_20260916-153029,47,C:\Users\Javier\PIDS_HandPose\kit-grabacion\HAR_mediapipe\data\gestos_p3_20260916-153029\train\thumbsup\thumbsup_00047.jpg
train,thumbsup,thumbsup_03048.jpg,p3,,gestos_p3_20260916-153029,48,C:\Users\Javier\PIDS_HandPose\kit-grabacion\HAR_mediapipe\data\gestos_p3_20260916-153029\train\thumbsup\thumbsup_00048.jpg
train,thumbsup,thumbsup_03049.jpg,p3,,gestos_p3_20260916-153029,49,C:\Users\Javier\PIDS_HandPose\kit-grabacion\HAR_mediapipe\data\gestos_p3_20260916-153029\train\thumbsup\thumbsup_00049.jpg
train,thumbsup,thumbsup_03050.jpg,p3,,gestos_p3_20260916-153029,50,C:\Users\Javier\PIDS_HandPose\kit-grabacion\HAR_mediapipe\data\gestos_p3_20260916-153029\train\thumbsup\thumbsup_00050.jpg
train,thumbsup,thumbsup_03051.jpg,p3,,gestos_p3_20260916-153029,51,C:\Users\Javier\PIDS_HandPose\kit-grabacion\HAR_mediapipe\data\gestos_p3_20260916-153029\train\thumbsup\thumbsup_00051.jpg
train,thumbsup,thumbsup_03052.jpg,p3,,gestos_p3_20260916-153029,52,C:\Users\Javier\PIDS_HandPose\kit-grabacion\HAR_mediapipe\data\gestos_p3_20260916-153029\train\thumbsup\thumbsup_00052.jpg
train,thumbsup,thumbsup_03053.jpg,p3,,gestos_p3_20260916-153029,53,C:\Users\Javier\PIDS_HandPose\kit-grabacion\HAR_mediapipe\data\gestos_p3_20260916-153029\train\thumbsup\thumbsup_00053.jpg
train,thumbsup,thumbsup_03054.jpg,p3,,gestos_p3_20260916-153029,54,C:\Users\Javier\PIDS_HandPose\kit-grabacion\HAR_mediapipe\data\gestos_p3_20260916-153029\train\thumbsup\thumbsup_00054.jpg
train,thumbsup,thumbsup_03055.jpg,p3,,gestos_p3_20260916-153029,55,C:\Users\Javier\PIDS_HandPose\kit-grabacion\HAR_mediapipe\data\gestos_p3_20260916-153029\train\thumbsup\thumbsup_00055.jpg
train,thumbsup,thumbsup_03056.jpg,p3,,gestos_p3_20260916-153029,56,C:\Users\Javier\PIDS_HandPose\kit-grabacion\HAR_mediapipe\data\gestos_p3_20260916-153029\train\thumbsup\thumbsup_00056.jpg
train,thumbsup,thumbsup_03057.jpg,p3,,gestos_p3_20260916-153029,57,C:\Users\Javier\PIDS_HandPose\kit-grabacion\HAR_mediapipe\data\gestos_p3_20260916-153029\train\thumbsup\thumbsup_00057.jpg
train,thumbsup,thumbsup_03058.jpg,p3,,gestos_p3_20260916-153029,58,C:\Users\Javier\PIDS_HandPose\kit-grabacion\HAR_mediapipe\data\gestos_p3_20260916-153029\train\thumbsup\thumbsup_00058.jpg
train,thumbsup,thumbsup_03059.jpg,p3,,gestos_p3_20260916-153029,59,C:\Users\Javier\PIDS_HandPose\kit-grabacion\HAR_mediapipe\data\gestos_p3_20260916-153029\train\thumbsup\thumbsup_00059.jpg
train,thumbsup,thumbsup_03060.jpg,p3,,gestos_p3_20260916-153029,60,C:\Users\Javier\PIDS_HandPose\kit-grabacion\HAR_mediapipe\data\gestos_p3_20260916-153029\train\thumbsup\thumbsup_00060.jpg
train,thumbsup,thumbsup_03061.jpg,p3,,gestos_p3_20260916-153029,61,C:\Users\Javier\PIDS_HandPose\kit-grabacion\HAR_mediapipe\data\gestos_p3_20260916-153029\train\thumbsup\thumbsup_00061.jpg
train,thumbsup,thumbsup_03062.jpg,p3,,gestos_p3_20260916-153029,62,C:\Users\Javier\PIDS_HandPose\kit-grabacion\HAR_mediapipe\data\gestos_p3_20260916-153029\train\thumbsup\thumbsup_00062.jpg
train,thumbsup,thumbsup_03063.jpg,p3,,gestos_p3_20260916-153029,63,C:\Users\Javier\PIDS_HandPose\kit-grabacion\HAR_mediapipe\data\gestos_p3_20260916-153029\train\thumbsup\thumbsup_00063.jpg
train,thumbsup,thumbsup_03064.jpg,p3,,gestos_p3_20260916-153029,64,C:\Users\Javier\PIDS_HandPose\kit-grabacion\HAR_mediapipe\data\gestos_p3_20260916-153029\train\thumbsup\thumbsup_00064.jpg
train,thumbsup,thumbsup_03065.jpg,p3,,gestos_p3_20260916-153029,65,C:\Users\Javier\PIDS_HandPose\kit-grabacion\HAR_mediapipe\data\gestos_p3_20260916-153029\train\thumbsup\thumbsup_00065.jpg
train,thumbsup,thumbsup_03066.jpg,p3,,gestos_p3_20260916-153029,66,C:\Users\Javier\PIDS_HandPose\kit-grabacion\HAR_mediapipe\data\gestos_p3_20260916-153029\train\thumbsup\thumbsup_00066.jpg
train,thumbsup,thumbsup_03067.jpg,p3,,gestos_p3_20260916-153029,67,C:\Users\Javier\PIDS_HandPose\kit-grabacion\HAR_mediapipe\data\gestos_p3_20260916-153029\train\thumbsup\thumbsup_00067.jpg
train,thumbsup,thumbsup_03068.jpg,p3,,gestos_p3_20260916-153029,68,C:\Users\Javier\PIDS_HandPose\kit-grabacion\HAR_mediapipe\data\gestos_p3_20260916-153029\train\thumbsup\thumbsup_00068.jpg
train,thumbsup,thumbsup_03069.jpg,p3,,gestos_p3_20260916-153029,69,C:\Users\Javier\PIDS_HandPose\kit-grabacion\HAR_mediapipe\data\gestos_p3_20260916-153029\train\thumbsup\thumbsup_00069.jpg
train,thumbsup,thumbsup_03070.jpg,p3,,gestos_p3_20260916-153029,70,C:\Users\Javier\PIDS_HandPose\kit-grabacion\HAR_mediapipe\data\gestos_p3_20260916-153029\train\thumbsup\thumbsup_00070.jpg
test,ok,ok_03071.jpg,p3,,gestos_p3_20260916-153029,71,C:\Users\Javier\PIDS_HandPose\kit-grabacion\HAR_mediapipe\data\gestos_p3_20260916-153029\test\ok\ok_00071.jpg
test,ok,ok_03072.jpg,p3,,gestos_p3_20260916-153029,72,C:\Users\Javier\PIDS_HandPose\kit-grabacion\HAR_mediapipe\data\gestos_p3_20260916-153029\test\ok\ok_00072.jpg
test,ok,ok_03073.jpg,p3,,gestos_p3_20260916-153029,73,C:\Users\Javier\PIDS_HandPose\kit-grabacion\HAR_mediapipe\data\gestos_p3_20260916-153029\test\ok\ok_00073.jpg
test,ok,ok_03074.jpg,p3,,gestos_p3_20260916-153029,74,C:\Users\Javier\PIDS_HandPose\kit-grabacion\HAR_mediapipe\data\gestos_p3_20260916-153029\test\ok\ok_00074.jpg
test,ok,ok_03075.jpg,p3,,gestos_p3_20260916-153029,75,C:\Users\Javier\PIDS_HandPose\kit-grabacion\HAR_mediapipe\data\gestos_p3_20260916-153029\test\ok\ok_00075.jpg
test,ok,ok_03076.jpg,p3,,gestos_p3_20260916-153029,76,C:\Users\Javier\PIDS_HandPose\kit-grabacion\HAR_mediapipe\data\gestos_p3_20260916-153029\test\ok\ok_00076.jpg
test,ok,ok_03077.jpg,p3,,gestos_p3_20260916-153029,77,C:\Users\Javier\PIDS_HandPose\kit-grabacion\HAR_mediapipe\data\gestos_p3_20260916-153029\test\ok\ok_00077.jpg
test,ok,ok_03078.jpg,p3,,gestos_p3_20260916-153029,78,C:\Users\Javier\PIDS_HandPose\kit-grabacion\HAR_mediapipe\data\gestos_p3_20260916-153029\test\ok\ok_00078.jpg
test,ok,ok_03079.jpg,p3,,gestos_p3_20260916-153029,79,C:\Users\Javier\PIDS_HandPose\kit-grabacion\HAR_mediapipe\data\gestos_p3_20260916-153029\test\ok\ok_00079.jpg
test,ok,ok_03080.jpg,p3,,gestos_p3_20260916-153029,80,C:\Users\Javier\PIDS_HandPose\kit-grabacion\HAR_mediapipe\data\gestos_p3_20260916-153029\test\ok\ok_00080.jpg
test,ok,ok_03081.jpg,p3,,gestos_p3_20260916-153029,81,C:\Users\Javier\PIDS_HandPose\kit-grabacion\HAR_mediapipe\data\gestos_p3_20260916-153029\test\ok\ok_00081.jpg
test,ok,ok_03082.jpg,p3,,gestos_p3_20260916-153029,82,C:\Users\Javier\PIDS_HandPose\kit-grabacion\HAR_mediapipe\data\gestos_p3_20260916-153029\test\ok\ok_00082.jpg
test,ok,ok_03083.jpg,p3,,gestos_p3_20260916-153029,83,C:\Users\Javier\PIDS_HandPose\kit-grabacion\HAR_mediapipe\data\gestos_p3_20260916-153029\test\ok\ok_00083.jpg
test,ok,ok_03084.jpg,p3,,gestos_p3_20260916-153029,84,C:\Users\Javier\PIDS_HandPose\kit-grabacion\HAR_mediapipe\data\gestos_p3_20260916-153029\test\ok\ok_00084.jpg
test,ok,ok_03085.jpg,p3,,gestos_p3_20260916-153029,85,C:\Users\Javier\PIDS_HandPose\kit-grabacion\HAR_mediapipe\data\gestos_p3_20260916-153029\test\ok\ok_00085.jpg
test,ok,ok_03086.jpg,p3,,gestos_p3_20260916-153029,86,C:\Users\Javier\PIDS_HandPose\kit-grabacion\HAR_mediapipe\data\gestos_p3_20260916-153029\test\ok\ok_00086.jpg
test,ok,ok_03087.jpg,p3,,gestos_p3_20260916-153029,87,C:\Users\Javier\PIDS_HandPose\kit-grabacion\HAR_mediapipe\data\gestos_p3_20260916-153029\test\ok\ok_00087.jpg
test,ok,ok_03088.jpg,p3,,gestos_p3_20260916-153029,88,C:\Users\Javier\PIDS_HandPose\kit-grabacion\HAR_mediapipe\data\gestos_p3_20260916-153029\test\ok\ok_00088.jpg
test,ok,ok_03089.jpg,p3,,gestos_p3_20260916-153029,89,C:\Users\Javier\PIDS_HandPose\kit-grabacion\HAR_mediapipe\data\gestos_p3_20260916-153029\test\ok\ok_00089.jpg
test,ok,ok_03090.jpg,p3,,gestos_p3_20260916-153029,90,C:\Users\Javier\PIDS_HandPose\kit-grabacion\HAR_mediapipe\data\gestos_p3_20260916-153029\test\ok\ok_00090.jpg
test,ok,ok_03091.jpg,p3,,gestos_p3_20260916-153029,91,C:\Users\Javier\PIDS_HandPose\kit-grabacion\HAR_mediapipe\data\gestos_p3_20260916-153029\test\ok\ok_00091.jpg
test,ok,ok_03092.jpg,p3,,gestos_p3_20260916-153029,92,C:\Users\Javier\PIDS_HandPose\kit-grabacion\HAR_mediapipe\data\gestos_p3_20260916-153029\test\ok\ok_00092.jpg
test,ok,ok_03093.jpg,p3,,gestos_p3_20260916-153029,93,C:\Users\Javier\PIDS_HandPose\kit-grabacion\HAR_mediapipe\data\gestos_p3_20260916-153029\test\ok\ok_00093.jpg
test,ok,ok_03094.jpg,p3,,gestos_p3_20260916-153029,94,C:\Users\Javier\PIDS_HandPose\kit-grabacion\HAR_mediapipe\data\gestos_p3_20260916-153029\test\ok\ok_00094.jpg
test,ok,ok_03095.jpg,p3,,gestos_p3_20260916-153029,95,C:\Users\Javier\PIDS_HandPose\kit-grabacion\HAR_mediapipe\data\gestos_p3_20260916-153029\test\ok\ok_00095.jpg
test,ok,ok_03096.jpg,p3,,gestos_p3_20260916-153029,96,C:\Users\Javier\PIDS_HandPose\kit-grabacion\HAR_mediapipe\data\gestos_p3_20260916-153029\test\ok\ok_00096.jpg
test,ok,ok_03097.jpg,p3,,gestos_p3_20260916-153029,97,C:\Users\Javier\PIDS_HandPose\kit-grabacion\HAR_mediapipe\data\gestos_p3_20260916-153029\test\ok\ok_00097.jpg
test,ok,ok_03098.jpg,p3,,gestos_p3_20260916-153029,98,C:\Users\Javier\PIDS_HandPose\kit-grabacion\HAR_mediapipe\data\gestos_p3_20260916-153029\test\ok\ok_00098.jpg
test,ok,ok_03099.jpg,p3,,gestos_p3_20260916-153029,99,C:\Users\Javier\PIDS_HandPose\kit-grabacion\HAR_mediapipe\data\gestos_p3_20260916-153029\test\ok\ok_00099.jpg
test,ok,ok_03100.jpg,p3,,gestos_p3_20260916-153029,100,C:\Users\Javier\PIDS_HandPose\kit-grabacion\HAR_mediapipe\data\gestos_p3_20260916-153029\test\ok\ok_00100.jpg
test,paper,paper_03071.jpg,p3,,gestos_p3_20260916-153029,71,C:\Users\Javier\PIDS_HandPose\kit-grabacion\HAR_mediapipe\data\gestos_p3_20260916-153029\test\paper\paper_00071.jpg
test,paper,paper_03072.jpg,p3,,gestos_p3_20260916-153029,72,C:\Users\Javier\PIDS_HandPose\kit-grabacion\HAR_mediapipe\data\gestos_p3_20260916-153029\test\paper\paper_00072.jpg
test,paper,paper_03073.jpg,p3,,gestos_p3_20260916-153029,73,C:\Users\Javier\PIDS_HandPose\kit-grabacion\HAR_mediapipe\data\gestos_p3_20260916-153029\test\paper\paper_00073.jpg
test,paper,paper_03074.jpg,p3,,gestos_p3_20260916-153029,74,C:\Users\Javier\PIDS_HandPose\kit-grabacion\HAR_mediapipe\data\gestos_p3_20260916-153029\test\paper\paper_00074.jpg
test,paper,paper_03075.jpg,p3,,gestos_p3_20260916-153029,75,C:\Users\Javier\PIDS_HandPose\kit-grabacion\HAR_mediapipe\data\gestos_p3_20260916-153029\test\paper\paper_00075.jpg
test,paper,paper_03076.jpg,p3,,gestos_p3_20260916-153029,76,C:\Users\Javier\PIDS_HandPose\kit-grabacion\HAR_mediapipe\data\gestos_p3_20260916-153029\test\paper\paper_00076.jpg
test,paper,paper_03077.jpg,p3,,gestos_p3_20260916-153029,77,C:\Users\Javier\PIDS_HandPose\kit-grabacion\HAR_mediapipe\data\gestos_p3_20260916-153029\test\paper\paper_00077.jpg
test,paper,paper_03078.jpg,p3,,gestos_p3_20260916-153029,78,C:\Users\Javier\PIDS_HandPose\kit-grabacion\HAR_mediapipe\data\gestos_p3_20260916-153029\test\paper\paper_00078.jpg
test,paper,paper_03079.jpg,p3,,gestos_p3_20260916-153029,79,C:\Users\Javier\PIDS_HandPose\kit-grabacion\HAR_mediapipe\data\gestos_p3_20260916-153029\test\paper\paper_00079.jpg
test,paper,paper_03080.jpg,p3,,gestos_p3_20260916-153029,80,C:\Users\Javier\PIDS_HandPose\kit-grabacion\HAR_mediapipe\data\gestos_p3_20260916-153029\test\paper\paper_00080.jpg
test,paper,paper_03081.jpg,p3,,gestos_p3_20260916-153029,81,C:\Users\Javier\PIDS_HandPose\kit-grabacion\HAR_mediapipe\data\gestos_p3_20260916-153029\test\paper\paper_00081.jpg
test,paper,paper_03082.jpg,p3,,gestos_p3_20260916-153029,82,C:\Users\Javier\PIDS_HandPose\kit-grabacion\HAR_mediapipe\data\gestos_p3_20260916-153029\test\paper\paper_00082.jpg
test,paper,paper_03083.jpg,p3,,gestos_p3_20260916-153029,83,C:\Users\Javier\PIDS_HandPose\kit-grabacion\HAR_mediapipe\data\gestos_p3_20260916-153029\test\paper\paper_00083.jpg
test,paper,paper_03084.jpg,p3,,gestos_p3_20260916-153029,84,C:\Users\Javier\PIDS_HandPose\kit-grabacion\HAR_mediapipe\data\gestos_p3_20260916-153029\test\paper\paper_00084.jpg
test,paper,paper_03085.jpg,p3,,gestos_p3_20260916-153029,85,C:\Users\Javier\PIDS_HandPose\kit-grabacion\HAR_mediapipe\data\gestos_p3_20260916-153029\test\paper\paper_00085.jpg
test,paper,paper_03086.jpg,p3,,gestos_p3_20260916-153029,86,C:\Users\Javier\PIDS_HandPose\kit-grabacion\HAR_mediapipe\data\gestos_p3_20260916-153029\test\paper\paper_00086.jpg
test,paper,paper_03087.jpg,p3,,gestos_p3_20260916-153029,87,C:\Users\Javier\PIDS_HandPose\kit-grabacion\HAR_mediapipe\data\gestos_p3_20260916-153029\test\paper\paper_00087.jpg
test,paper,paper_03088.jpg,p3,,gestos_p3_20260916-153029,88,C:\Users\Javier\PIDS_HandPose\kit-grabacion\HAR_mediapipe\data\gestos_p3_20260916-153029\test\paper\paper_00088.jpg
test,paper,paper_03089.jpg,p3,,gestos_p3_20260916-153029,89,C:\Users\Javier\PIDS_HandPose\kit-grabacion\HAR_mediapipe\data\gestos_p3_20260916-153029\test\paper\paper_00089.jpg
test,paper,paper_03090.jpg,p3,,gestos_p3_20260916-153029,90,C:\Users\Javier\PIDS_HandPose\kit-grabacion\HAR_mediapipe\data\gestos_p3_20260916-153029\test\paper\paper_00090.jpg
test,paper,paper_03091.jpg,p3,,gestos_p3_20260916-153029,91,C:\Users\Javier\PIDS_HandPose\kit-grabacion\HAR_mediapipe\data\gestos_p3_20260916-153029\test\paper\paper_00091.jpg
test,paper,paper_03092.jpg,p3,,gestos_p3_20260916-153029,92,C:\Users\Javier\PIDS_HandPose\kit-grabacion\HAR_mediapipe\data\gestos_p3_20260916-153029\test\paper\paper_00092.jpg
test,paper,paper_03093.jpg,p3,,gestos_p3_20260916-153029,93,C:\Users\Javier\PIDS_HandPose\kit-grabacion\HAR_mediapipe\data\gestos_p3_20260916-153029\test\paper\paper_00093.jpg
test,paper,paper_03094.jpg,p3,,gestos_p3_20260916-153029,94,C:\Users\Javier\PIDS_HandPose\kit-grabacion\HAR_mediapipe\data\gestos_p3_20260916-153029\test\paper\paper_00094.jpg
test,paper,paper_03095.jpg,p3,,gestos_p3_20260916-153029,95,C:\Users\Javier\PIDS_HandPose\kit-grabacion\HAR_mediapipe\data\gestos_p3_20260916-153029\test\paper\paper_00095.jpg
test,paper,paper_03096.jpg,p3,,gestos_p3_20260916-153029,96,C:\Users\Javier\PIDS_HandPose\kit-grabacion\HAR_mediapipe\data\gestos_p3_20260916-153029\test\paper\paper_00096.jpg
test,paper,paper_03097.jpg,p3,,gestos_p3_20260916-153029,97,C:\Users\Javier\PIDS_HandPose\kit-grabacion\HAR_mediapipe\data\gestos_p3_20260916-153029\test\paper\paper_00097.jpg
test,paper,paper_03098.jpg,p3,,gestos_p3_20260916-153029,98,C:\Users\Javier\PIDS_HandPose\kit-grabacion\HAR_mediapipe\data\gestos_p3_20260916-153029\test\paper\paper_00098.jpg
test,paper,paper_03099.jpg,p3,,gestos_p3_20260916-153029,99,C:\Users\Javier\PIDS_HandPose\kit-grabacion\HAR_mediapipe\data\gestos_p3_20260916-153029\test\paper\paper_00099.jpg
test,paper,paper_03100.jpg,p3,,gestos_p3_20260916-153029,100,C:\Users\Javier\PIDS_HandPose\kit-grabacion\HAR_mediapipe\data\gestos_p3_20260916-153029\test\paper\paper_00100.jpg
test,rock,rock_03071.jpg,p3,,gestos_p3_20260916-153029,71,C:\Users\Javier\PIDS_HandPose\kit-grabacion\HAR_mediapipe\data\gestos_p3_20260916-153029\test\rock\rock_00071.jpg
test,rock,rock_03072.jpg,p3,,gestos_p3_20260916-153029,72,C:\Users\Javier\PIDS_HandPose\kit-grabacion\HAR_mediapipe\data\gestos_p3_20260916-153029\test\rock\rock_00072.jpg
test,rock,rock_03073.jpg,p3,,gestos_p3_20260916-153029,73,C:\Users\Javier\PIDS_HandPose\kit-grabacion\HAR_mediapipe\data\gestos_p3_20260916-153029\test\rock\rock_00073.jpg
test,rock,rock_03074.jpg,p3,,gestos_p3_20260916-153029,74,C:\Users\Javier\PIDS_HandPose\kit-grabacion\HAR_mediapipe\data\gestos_p3_20260916-153029\test\rock\rock_00074.jpg
test,rock,rock_03075.jpg,p3,,gestos_p3_20260916-153029,75,C:\Users\Javier\PIDS_HandPose\kit-grabacion\HAR_mediapipe\data\gestos_p3_20260916-153029\test\rock\rock_00075.jpg
test,rock,rock_03076.jpg,p3,,gestos_p3_20260916-153029,76,C:\Users\Javier\PIDS_HandPose\kit-grabacion\HAR_mediapipe\data\gestos_p3_20260916-153029\test\rock\rock_00076.jpg
test,rock,rock_03077.jpg,p3,,gestos_p3_20260916-153029,77,C:\Users\Javier\PIDS_HandPose\kit-grabacion\HAR_mediapipe\data\gestos_p3_20260916-153029\test\rock\rock_00077.jpg
test,rock,rock_03078.jpg,p3,,gestos_p3_20260916-153029,78,C:\Users\Javier\PIDS_HandPose\kit-grabacion\HAR_mediapipe\data\gestos_p3_20260916-153029\test\rock\rock_00078.jpg
test,rock,rock_03079.jpg,p3,,gestos_p3_20260916-153029,79,C:\Users\Javier\PIDS_HandPose\kit-grabacion\HAR_mediapipe\data\gestos_p3_20260916-153029\test\rock\rock_00079.jpg
test,rock,rock_03080.jpg,p3,,gestos_p3_20260916-153029,80,C:\Users\Javier\PIDS_HandPose\kit-grabacion\HAR_mediapipe\data\gestos_p3_20260916-153029\test\rock\rock_00080.jpg
test,rock,rock_03081.jpg,p3,,gestos_p3_20260916-153029,81,C:\Users\Javier\PIDS_HandPose\kit-grabacion\HAR_mediapipe\data\gestos_p3_20260916-153029\test\rock\rock_00081.jpg
test,rock,rock_03082.jpg,p3,,gestos_p3_20260916-153029,82,C:\Users\Javier\PIDS_HandPose\kit-grabacion\HAR_mediapipe\data\gestos_p3_20260916-153029\test\rock\rock_00082.jpg
test,rock,rock_03083.jpg,p3,,gestos_p3_20260916-153029,83,C:\Users\Javier\PIDS_HandPose\kit-grabacion\HAR_mediapipe\data\gestos_p3_20260916-153029\test\rock\rock_00083.jpg
test,rock,rock_03084.jpg,p3,,gestos_p3_20260916-153029,84,C:\Users\Javier\PIDS_HandPose\kit-grabacion\HAR_mediapipe\data\gestos_p3_20260916-153029\test\rock\rock_00084.jpg
test,rock,rock_03085.jpg,p3,,gestos_p3_20260916-153029,85,C:\Users\Javier\PIDS_HandPose\kit-grabacion\HAR_mediapipe\data\gestos_p3_20260916-153029\test\rock\rock_00085.jpg
test,rock,rock_03086.jpg,p3,,gestos_p3_20260916-153029,86,C:\Users\Javier\PIDS_HandPose\kit-grabacion\HAR_mediapipe\data\gestos_p3_20260916-153029\test\rock\rock_00086.jpg
test,rock,rock_03087.jpg,p3,,gestos_p3_20260916-153029,87,C:\Users\Javier\PIDS_HandPose\kit-grabacion\HAR_mediapipe\data\gestos_p3_20260916-153029\test\rock\rock_00087.jpg
test,rock,rock_03088.jpg,p3,,gestos_p3_20260916-153029,88,C:\Users\Javier\PIDS_HandPose\kit-grabacion\HAR_mediapipe\data\gestos_p3_20260916-153029\test\rock\rock_00088.jpg
test,rock,rock_03089.jpg,p3,,gestos_p3_20260916-153029,89,C:\Users\Javier\PIDS_HandPose\kit-grabacion\HAR_mediapipe\data\gestos_p3_20260916-153029\test\rock\rock_00089.jpg
test,rock,rock_03090.jpg,p3,,gestos_p3_20260916-153029,90,C:\Users\Javier\PIDS_HandPose\kit-grabacion\HAR_mediapipe\data\gestos_p3_20260916-153029\test\rock\rock_00090.jpg
test,rock,rock_03091.jpg,p3,,gestos_p3_20260916-153029,91,C:\Users\Javier\PIDS_HandPose\kit-grabacion\HAR_mediapipe\data\gestos_p3_20260916-153029\test\rock\rock_00091.jpg
test,rock,rock_03092.jpg,p3,,gestos_p3_20260916-153029,92,C:\Users\Javier\PIDS_HandPose\kit-grabacion\HAR_mediapipe\data\gestos_p3_20260916-153029\test\rock\rock_00092.jpg
test,rock,rock_03093.jpg,p3,,gestos_p3_20260916-153029,93,C:\Users\Javier\PIDS_HandPose\kit-grabacion\HAR_mediapipe\data\gestos_p3_20260916-153029\test\rock\rock_00093.jpg
test,rock,rock_03094.jpg,p3,,gestos_p3_20260916-153029,94,C:\Users\Javier\PIDS_HandPose\kit-grabacion\HAR_mediapipe\data\gestos_p3_20260916-153029\test\rock\rock_00094.jpg
test,rock,rock_03095.jpg,p3,,gestos_p3_20260916-153029,95,C:\Users\Javier\PIDS_HandPose\kit-grabacion\HAR_mediapipe\data\gestos_p3_20260916-153029\test\rock\rock_00095.jpg
test,rock,rock_03096.jpg,p3,,gestos_p3_20260916-153029,96,C:\Users\Javier\PIDS_HandPose\kit-grabacion\HAR_mediapipe\data\gestos_p3_20260916-153029\test\rock\rock_00096.jpg
test,rock,rock_03097.jpg,p3,,gestos_p3_20260916-153029,97,C:\Users\Javier\PIDS_HandPose\kit-grabacion\HAR_mediapipe\data\gestos_p3_20260916-153029\test\rock\rock_00097.jpg
test,rock,rock_03098.jpg,p3,,gestos_p3_20260916-153029,98,C:\Users\Javier\PIDS_HandPose\kit-grabacion\HAR_mediapipe\data\gestos_p3_20260916-153029\test\rock\rock_00098.jpg
test,rock,rock_03099.jpg,p3,,gestos_p3_20260916-153029,99,C:\Users\Javier\PIDS_HandPose\kit-grabacion\HAR_mediapipe\data\gestos_p3_20260916-153029\test\rock\rock_00099.jpg
test,rock,rock_03100.jpg,p3,,gestos_p3_20260916-153029,100,C:\Users\Javier\PIDS_HandPose\kit-grabacion\HAR_mediapipe\data\gestos_p3_20260916-153029\test\rock\rock_00100.jpg
test,rockandroll,rockandroll_03071.jpg,p3,,gestos_p3_20260916-153029,71,C:\Users\Javier\PIDS_HandPose\kit-grabacion\HAR_mediapipe\data\gestos_p3_20260916-153029\test\rockandroll\rockandroll_00071.jpg
test,rockandroll,rockandroll_03072.jpg,p3,,gestos_p3_20260916-153029,72,C:\Users\Javier\PIDS_HandPose\kit-grabacion\HAR_mediapipe\data\gestos_p3_20260916-153029\test\rockandroll\rockandroll_00072.jpg
test,rockandroll,rockandroll_03073.jpg,p3,,gestos_p3_20260916-153029,73,C:\Users\Javier\PIDS_HandPose\kit-grabacion\HAR_mediapipe\data\gestos_p3_20260916-153029\test\rockandroll\rockandroll_00073.jpg
test,rockandroll,rockandroll_03074.jpg,p3,,gestos_p3_20260916-153029,74,C:\Users\Javier\PIDS_HandPose\kit-grabacion\HAR_mediapipe\data\gestos_p3_20260916-153029\test\rockandroll\rockandroll_00074.jpg
test,rockandroll,rockandroll_03075.jpg,p3,,gestos_p3_20260916-153029,75,C:\Users\Javier\PIDS_HandPose\kit-grabacion\HAR_mediapipe\data\gestos_p3_20260916-153029\test\rockandroll\rockandroll_00075.jpg
test,rockandroll,rockandroll_03076.jpg,p3,,gestos_p3_20260916-153029,76,C:\Users\Javier\PIDS_HandPose\kit-grabacion\HAR_mediapipe\data\gestos_p3_20260916-153029\test\rockandroll\rockandroll_00076.jpg
test,rockandroll,rockandroll_03077.jpg,p3,,gestos_p3_20260916-153029,77,C:\Users\Javier\PIDS_HandPose\kit-grabacion\HAR_mediapipe\data\gestos_p3_20260916-153029\test\rockandroll\rockandroll_00077.jpg
test,rockandroll,rockandroll_03078.jpg,p3,,gestos_p3_20260916-153029,78,C:\Users\Javier\PIDS_HandPose\kit-grabacion\HAR_mediapipe\data\gestos_p3_20260916-153029\test\rockandroll\rockandroll_00078.jpg
test,rockandroll,rockandroll_03079.jpg,p3,,gestos_p3_20260916-153029,79,C:\Users\Javier\PIDS_HandPose\kit-grabacion\HAR_mediapipe\data\gestos_p3_20260916-153029\test\rockandroll\rockandroll_00079.jpg
test,rockandroll,rockandroll_03080.jpg,p3,,gestos_p3_20260916-153029,80,C:\Users\Javier\PIDS_HandPose\kit-grabacion\HAR_mediapipe\data\gestos_p3_20260916-153029\test\rockandroll\rockandroll_00080.jpg
test,rockandroll,rockandroll_03081.jpg,p3,,gestos_p3_20260916-153029,81,C:\Users\Javier\PIDS_HandPose\kit-grabacion\HAR_mediapipe\data\gestos_p3_20260916-153029\test\rockandroll\rockandroll_00081.jpg
test,rockandroll,rockandroll_03082.jpg,p3,,gestos_p3_20260916-153029,82,C:\Users\Javier\PIDS_HandPose\kit-grabacion\HAR_mediapipe\data\gestos_p3_20260916-153029\test\rockandroll\rockandroll_00082.jpg
test,rockandroll,rockandroll_03083.jpg,p3,,gestos_p3_20260916-153029,83,C:\Users\Javier\PIDS_HandPose\kit-grabacion\HAR_mediapipe\data\gestos_p3_20260916-153029\test\rockandroll\rockandroll_00083.jpg
test,rockandroll,rockandroll_03084.jpg,p3,,gestos_p3_20260916-153029,84,C:\Users\Javier\PIDS_HandPose\kit-grabacion\HAR_mediapipe\data\gestos_p3_20260916-153029\test\rockandroll\rockandroll_00084.jpg
test,rockandroll,rockandroll_03085.jpg,p3,,gestos_p3_20260916-153029,85,C:\Users\Javier\PIDS_HandPose\kit-grabacion\HAR_mediapipe\data\gestos_p3_20260916-153029\test\rockandroll\rockandroll_00085.jpg
test,rockandroll,rockandroll_03086.jpg,p3,,gestos_p3_20260916-153029,86,C:\Users\Javier\PIDS_HandPose\kit-grabacion\HAR_mediapipe\data\gestos_p3_20260916-153029\test\rockandroll\rockandroll_00086.jpg
test,rockandroll,rockandroll_03087.jpg,p3,,gestos_p3_20260916-153029,87,C:\Users\Javier\PIDS_HandPose\kit-grabacion\HAR_mediapipe\data\gestos_p3_20260916-153029\test\rockandroll\rockandroll_00087.jpg
test,rockandroll,rockandroll_03088.jpg,p3,,gestos_p3_20260916-153029,88,C:\Users\Javier\PIDS_HandPose\kit-grabacion\HAR_mediapipe\data\gestos_p3_20260916-153029\test\rockandroll\rockandroll_00088.jpg
test,rockandroll,rockandroll_03089.jpg,p3,,gestos_p3_20260916-153029,89,C:\Users\Javier\PIDS_HandPose\kit-grabacion\HAR_mediapipe\data\gestos_p3_20260916-153029\test\rockandroll\rockandroll_00089.jpg
test,rockandroll,rockandroll_03090.jpg,p3,,gestos_p3_20260916-153029,90,C:\Users\Javier\PIDS_HandPose\kit-grabacion\HAR_mediapipe\data\gestos_p3_20260916-153029\test\rockandroll\rockandroll_00090.jpg
test,rockandroll,rockandroll_03091.jpg,p3,,gestos_p3_20260916-153029,91,C:\Users\Javier\PIDS_HandPose\kit-grabacion\HAR_mediapipe\data\gestos_p3_20260916-153029\test\rockandroll\rockandroll_00091.jpg
test,rockandroll,rockandroll_03092.jpg,p3,,gestos_p3_20260916-153029,92,C:\Users\Javier\PIDS_HandPose\kit-grabacion\HAR_mediapipe\data\gestos_p3_20260916-153029\test\rockandroll\rockandroll_00092.jpg
test,rockandroll,rockandroll_03093.jpg,p3,,gestos_p3_20260916-153029,93,C:\Users\Javier\PIDS_HandPose\kit-grabacion\HAR_mediapipe\data\gestos_p3_20260916-153029\test\rockandroll\rockandroll_00093.jpg
test,rockandroll,rockandroll_03094.jpg,p3,,gestos_p3_20260916-153029,94,C:\Users\Javier\PIDS_HandPose\kit-grabacion\HAR_mediapipe\data\gestos_p3_20260916-153029\test\rockandroll\rockandroll_00094.jpg
test,rockandroll,rockandroll_03095.jpg,p3,,gestos_p3_20260916-153029,95,C:\Users\Javier\PIDS_HandPose\kit-grabacion\HAR_mediapipe\data\gestos_p3_20260916-153029\test\rockandroll\rockandroll_00095.jpg
test,rockandroll,rockandroll_03096.jpg,p3,,gestos_p3_20260916-153029,96,C:\Users\Javier\PIDS_HandPose\kit-grabacion\HAR_mediapipe\data\gestos_p3_20260916-153029\test\rockandroll\rockandroll_00096.jpg
test,rockandroll,rockandroll_03097.jpg,p3,,gestos_p3_20260916-153029,97,C:\Users\Javier\PIDS_HandPose\kit-grabacion\HAR_mediapipe\data\gestos_p3_20260916-153029\test\rockandroll\rockandroll_00097.jpg
test,rockandroll,rockandroll_03098.jpg,p3,,gestos_p3_20260916-153029,98,C:\Users\Javier\PIDS_HandPose\kit-grabacion\HAR_mediapipe\data\gestos_p3_20260916-153029\test\rockandroll\rockandroll_00098.jpg
test,rockandroll,rockandroll_03099.jpg,p3,,gestos_p3_20260916-153029,99,C:\Users\Javier\PIDS_HandPose\kit-grabacion\HAR_mediapipe\data\gestos_p3_20260916-153029\test\rockandroll\rockandroll_00099.jpg
test,rockandroll,rockandroll_03100.jpg,p3,,gestos_p3_20260916-153029,100,C:\Users\Javier\PIDS_HandPose\kit-grabacion\HAR_mediapipe\data\gestos_p3_20260916-153029\test\rockandroll\rockandroll_00100.jpg
test,scissors,scissors_03071.jpg,p3,,gestos_p3_20260916-153029,71,C:\Users\Javier\PIDS_HandPose\kit-grabacion\HAR_mediapipe\data\gestos_p3_20260916-153029\test\scissors\scissors_00071.jpg
test,scissors,scissors_03072.jpg,p3,,gestos_p3_20260916-153029,72,C:\Users\Javier\PIDS_HandPose\kit-grabacion\HAR_mediapipe\data\gestos_p3_20260916-153029\test\scissors\scissors_00072.jpg
test,scissors,scissors_03073.jpg,p3,,gestos_p3_20260916-153029,73,C:\Users\Javier\PIDS_HandPose\kit-grabacion\HAR_mediapipe\data\gestos_p3_20260916-153029\test\scissors\scissors_00073.jpg
test,scissors,scissors_03074.jpg,p3,,gestos_p3_20260916-153029,74,C:\Users\Javier\PIDS_HandPose\kit-grabacion\HAR_mediapipe\data\gestos_p3_20260916-153029\test\scissors\scissors_00074.jpg
test,scissors,scissors_03075.jpg,p3,,gestos_p3_20260916-153029,75,C:\Users\Javier\PIDS_HandPose\kit-grabacion\HAR_mediapipe\data\gestos_p3_20260916-153029\test\scissors\scissors_00075.jpg
test,scissors,scissors_03076.jpg,p3,,gestos_p3_20260916-153029,76,C:\Users\Javier\PIDS_HandPose\kit-grabacion\HAR_mediapipe\data\gestos_p3_20260916-153029\test\scissors\scissors_00076.jpg
test,scissors,scissors_03077.jpg,p3,,gestos_p3_20260916-153029,77,C:\Users\Javier\PIDS_HandPose\kit-grabacion\HAR_mediapipe\data\gestos_p3_20260916-153029\test\scissors\scissors_00077.jpg
test,scissors,scissors_03078.jpg,p3,,gestos_p3_20260916-153029,78,C:\Users\Javier\PIDS_HandPose\kit-grabacion\HAR_mediapipe\data\gestos_p3_20260916-153029\test\scissors\scissors_00078.jpg
test,scissors,scissors_03079.jpg,p3,,gestos_p3_20260916-153029,79,C:\Users\Javier\PIDS_HandPose\kit-grabacion\HAR_mediapipe\data\gestos_p3_20260916-153029\test\scissors\scissors_00079.jpg
test,scissors,scissors_03080.jpg,p3,,gestos_p3_20260916-153029,80,C:\Users\Javier\PIDS_HandPose\kit-grabacion\HAR_mediapipe\data\gestos_p3_20260916-153029\test\scissors\scissors_00080.jpg
test,scissors,scissors_03081.jpg,p3,,gestos_p3_20260916-153029,81,C:\Users\Javier\PIDS_HandPose\kit-grabacion\HAR_mediapipe\data\gestos_p3_20260916-153029\test\scissors\scissors_00081.jpg
test,scissors,scissors_03082.jpg,p3,,gestos_p3_20260916-153029,82,C:\Users\Javier\PIDS_HandPose\kit-grabacion\HAR_mediapipe\data\gestos_p3_20260916-153029\test\scissors\scissors_00082.jpg
test,scissors,scissors_03083.jpg,p3,,gestos_p3_20260916-153029,83,C:\Users\Javier\PIDS_HandPose\kit-grabacion\HAR_mediapipe\data\gestos_p3_20260916-153029\test\scissors\scissors_00083.jpg
test,scissors,scissors_03084.jpg,p3,,gestos_p3_20260916-153029,84,C:\Users\Javier\PIDS_HandPose\kit-grabacion\HAR_mediapipe\data\gestos_p3_20260916-153029\test\scissors\scissors_00084.jpg
test,scissors,scissors_03085.jpg,p3,,gestos_p3_20260916-153029,85,C:\Users\Javier\PIDS_HandPose\kit-grabacion\HAR_mediapipe\data\gestos_p3_20260916-153029\test\scissors\scissors_00085.jpg
test,scissors,scissors_03086.jpg,p3,,gestos_p3_20260916-153029,86,C:\Users\Javier\PIDS_HandPose\kit-grabacion\HAR_mediapipe\data\gestos_p3_20260916-153029\test\scissors\scissors_00086.jpg
test,scissors,scissors_03087.jpg,p3,,gestos_p3_20260916-153029,87,C:\Users\Javier\PIDS_HandPose\kit-grabacion\HAR_mediapipe\data\gestos_p3_20260916-153029\test\scissors\scissors_00087.jpg
test,scissors,scissors_03088.jpg,p3,,gestos_p3_20260916-153029,88,C:\Users\Javier\PIDS_HandPose\kit-grabacion\HAR_mediapipe\data\gestos_p3_20260916-153029\test\scissors\scissors_00088.jpg
test,scissors,scissors_03089.jpg,p3,,gestos_p3_20260916-153029,89,C:\Users\Javier\PIDS_HandPose\kit-grabacion\HAR_mediapipe\data\gestos_p3_20260916-153029\test\scissors\scissors_00089.jpg
test,scissors,scissors_03090.jpg,p3,,gestos_p3_20260916-153029,90,C:\Users\Javier\PIDS_HandPose\kit-grabacion\HAR_mediapipe\data\gestos_p3_20260916-153029\test\scissors\scissors_00090.jpg
test,scissors,scissors_03091.jpg,p3,,gestos_p3_20260916-153029,91,C:\Users\Javier\PIDS_HandPose\kit-grabacion\HAR_mediapipe\data\gestos_p3_20260916-153029\test\scissors\scissors_00091.jpg
test,scissors,scissors_03092.jpg,p3,,gestos_p3_20260916-153029,92,C:\Users\Javier\PIDS_HandPose\kit-grabacion\HAR_mediapipe\data\gestos_p3_20260916-153029\test\scissors\scissors_00092.jpg
test,scissors,scissors_03093.jpg,p3,,gestos_p3_20260916-153029,93,C:\Users\Javier\PIDS_HandPose\kit-grabacion\HAR_mediapipe\data\gestos_p3_20260916-153029\test\scissors\scissors_00093.jpg
test,scissors,scissors_03094.jpg,p3,,gestos_p3_20260916-153029,94,C:\Users\Javier\PIDS_HandPose\kit-grabacion\HAR_mediapipe\data\gestos_p3_20260916-153029\test\scissors\scissors_00094.jpg
test,scissors,scissors_03095.jpg,p3,,gestos_p3_20260916-153029,95,C:\Users\Javier\PIDS_HandPose\kit-grabacion\HAR_mediapipe\data\gestos_p3_20260916-153029\test\scissors\scissors_00095.jpg
test,scissors,scissors_03096.jpg,p3,,gestos_p3_20260916-153029,96,C:\Users\Javier\PIDS_HandPose\kit-grabacion\HAR_mediapipe\data\gestos_p3_20260916-153029\test\scissors\scissors_00096.jpg
test,scissors,scissors_03097.jpg,p3,,gestos_p3_20260916-153029,97,C:\Users\Javier\PIDS_HandPose\kit-grabacion\HAR_mediapipe\data\gestos_p3_20260916-153029\test\scissors\scissors_00097.jpg
test,scissors,scissors_03098.jpg,p3,,gestos_p3_20260916-153029,98,C:\Users\Javier\PIDS_HandPose\kit-grabacion\HAR_mediapipe\data\gestos_p3_20260916-153029\test\scissors\scissors_00098.jpg
test,scissors,scissors_03099.jpg,p3,,gestos_p3_20260916-153029,99,C:\Users\Javier\PIDS_HandPose\kit-grabacion\HAR_mediapipe\data\gestos_p3_20260916-153029\test\scissors\scissors_00099.jpg
test,scissors,scissors_03100.jpg,p3,,gestos_p3_20260916-153029,100,C:\Users\Javier\PIDS_HandPose\kit-grabacion\HAR_mediapipe\data\gestos_p3_20260916-153029\test\scissors\scissors_00100.jpg
test,thumbsup,thumbsup_03071.jpg,p3,,gestos_p3_20260916-153029,71,C:\Users\Javier\PIDS_HandPose\kit-grabacion\HAR_mediapipe\data\gestos_p3_20260916-153029\test\thumbsup\thumbsup_00071.jpg
test,thumbsup,thumbsup_03072.jpg,p3,,gestos_p3_20260916-153029,72,C:\Users\Javier\PIDS_HandPose\kit-grabacion\HAR_mediapipe\data\gestos_p3_20260916-153029\test\thumbsup\thumbsup_00072.jpg
test,thumbsup,thumbsup_03073.jpg,p3,,gestos_p3_20260916-153029,73,C:\Users\Javier\PIDS_HandPose\kit-grabacion\HAR_mediapipe\data\gestos_p3_20260916-153029\test\thumbsup\thumbsup_00073.jpg
test,thumbsup,thumbsup_03074.jpg,p3,,gestos_p3_20260916-153029,74,C:\Users\Javier\PIDS_HandPose\kit-grabacion\HAR_mediapipe\data\gestos_p3_20260916-153029\test\thumbsup\thumbsup_00074.jpg
test,thumbsup,thumbsup_03075.jpg,p3,,gestos_p3_20260916-153029,75,C:\Users\Javier\PIDS_HandPose\kit-grabacion\HAR_mediapipe\data\gestos_p3_20260916-153029\test\thumbsup\thumbsup_00075.jpg
test,thumbsup,thumbsup_03076.jpg,p3,,gestos_p3_20260916-153029,76,C:\Users\Javier\PIDS_HandPose\kit-grabacion\HAR_mediapipe\data\gestos_p3_20260916-153029\test\thumbsup\thumbsup_00076.jpg
test,thumbsup,thumbsup_03077.jpg,p3,,gestos_p3_20260916-153029,77,C:\Users\Javier\PIDS_HandPose\kit-grabacion\HAR_mediapipe\data\gestos_p3_20260916-153029\test\thumbsup\thumbsup_00077.jpg
test,thumbsup,thumbsup_03078.jpg,p3,,gestos_p3_20260916-153029,78,C:\Users\Javier\PIDS_HandPose\kit-grabacion\HAR_mediapipe\data\gestos_p3_20260916-153029\test\thumbsup\thumbsup_00078.jpg
test,thumbsup,thumbsup_03079.jpg,p3,,gestos_p3_20260916-153029,79,C:\Users\Javier\PIDS_HandPose\kit-grabacion\HAR_mediapipe\data\gestos_p3_20260916-153029\test\thumbsup\thumbsup_00079.jpg
test,thumbsup,thumbsup_03080.jpg,p3,,gestos_p3_20260916-153029,80,C:\Users\Javier\PIDS_HandPose\kit-grabacion\HAR_mediapipe\data\gestos_p3_20260916-153029\test\thumbsup\thumbsup_00080.jpg
test,thumbsup,thumbsup_03081.jpg,p3,,gestos_p3_20260916-153029,81,C:\Users\Javier\PIDS_HandPose\kit-grabacion\HAR_mediapipe\data\gestos_p3_20260916-153029\test\thumbsup\thumbsup_00081.jpg
test,thumbsup,thumbsup_03082.jpg,p3,,gestos_p3_20260916-153029,82,C:\Users\Javier\PIDS_HandPose\kit-grabacion\HAR_mediapipe\data\gestos_p3_20260916-153029\test\thumbsup\thumbsup_00082.jpg
test,thumbsup,thumbsup_03083.jpg,p3,,gestos_p3_20260916-153029,83,C:\Users\Javier\PIDS_HandPose\kit-grabacion\HAR_mediapipe\data\gestos_p3_20260916-153029\test\thumbsup\thumbsup_00083.jpg
test,thumbsup,thumbsup_03084.jpg,p3,,gestos_p3_20260916-153029,84,C:\Users\Javier\PIDS_HandPose\kit-grabacion\HAR_mediapipe\data\gestos_p3_20260916-153029\test\thumbsup\thumbsup_00084.jpg
test,thumbsup,thumbsup_03085.jpg,p3,,gestos_p3_20260916-153029,85,C:\Users\Javier\PIDS_HandPose\kit-grabacion\HAR_mediapipe\data\gestos_p3_20260916-153029\test\thumbsup\thumbsup_00085.jpg
test,thumbsup,thumbsup_03086.jpg,p3,,gestos_p3_20260916-153029,86,C:\Users\Javier\PIDS_HandPose\kit-grabacion\HAR_mediapipe\data\gestos_p3_20260916-153029\test\thumbsup\thumbsup_00086.jpg
test,thumbsup,thumbsup_03087.jpg,p3,,gestos_p3_20260916-153029,87,C:\Users\Javier\PIDS_HandPose\kit-grabacion\HAR_mediapipe\data\gestos_p3_20260916-153029\test\thumbsup\thumbsup_00087.jpg
test,thumbsup,thumbsup_03088.jpg,p3,,gestos_p3_20260916-153029,88,C:\Users\Javier\PIDS_HandPose\kit-grabacion\HAR_mediapipe\data\gestos_p3_20260916-153029\test\thumbsup\thumbsup_00088.jpg
test,thumbsup,thumbsup_03089.jpg,p3,,gestos_p3_20260916-153029,89,C:\Users\Javier\PIDS_HandPose\kit-grabacion\HAR_mediapipe\data\gestos_p3_20260916-153029\test\thumbsup\thumbsup_00089.jpg
test,thumbsup,thumbsup_03090.jpg,p3,,gestos_p3_20260916-153029,90,C:\Users\Javier\PIDS_HandPose\kit-grabacion\HAR_mediapipe\data\gestos_p3_20260916-153029\test\thumbsup\thumbsup_00090.jpg
test,thumbsup,thumbsup_03091.jpg,p3,,gestos_p3_20260916-153029,91,C:\Users\Javier\PIDS_HandPose\kit-grabacion\HAR_mediapipe\data\gestos_p3_20260916-153029\test\thumbsup\thumbsup_00091.jpg
test,thumbsup,thumbsup_03092.jpg,p3,,gestos_p3_20260916-153029,92,C:\Users\Javier\PIDS_HandPose\kit-grabacion\HAR_mediapipe\data\gestos_p3_20260916-153029\test\thumbsup\thumbsup_00092.jpg
test,thumbsup,thumbsup_03093.jpg,p3,,gestos_p3_20260916-153029,93,C:\Users\Javier\PIDS_HandPose\kit-grabacion\HAR_mediapipe\data\gestos_p3_20260916-153029\test\thumbsup\thumbsup_00093.jpg
test,thumbsup,thumbsup_03094.jpg,p3,,gestos_p3_20260916-153029,94,C:\Users\Javier\PIDS_HandPose\kit-grabacion\HAR_mediapipe\data\gestos_p3_20260916-153029\test\thumbsup\thumbsup_00094.jpg
test,thumbsup,thumbsup_03095.jpg,p3,,gestos_p3_20260916-153029,95,C:\Users\Javier\PIDS_HandPose\kit-grabacion\HAR_mediapipe\data\gestos_p3_20260916-153029\test\thumbsup\thumbsup_00095.jpg
test,thumbsup,thumbsup_03096.jpg,p3,,gestos_p3_20260916-153029,96,C:\Users\Javier\PIDS_HandPose\kit-grabacion\HAR_mediapipe\data\gestos_p3_20260916-153029\test\thumbsup\thumbsup_00096.jpg
test,thumbsup,thumbsup_03097.jpg,p3,,gestos_p3_20260916-153029,97,C:\Users\Javier\PIDS_HandPose\kit-grabacion\HAR_mediapipe\data\gestos_p3_20260916-153029\test\thumbsup\thumbsup_00097.jpg
test,thumbsup,thumbsup_03098.jpg,p3,,gestos_p3_20260916-153029,98,C:\Users\Javier\PIDS_HandPose\kit-grabacion\HAR_mediapipe\data\gestos_p3_20260916-153029\test\thumbsup\thumbsup_00098.jpg
test,thumbsup,thumbsup_03099.jpg,p3,,gestos_p3_20260916-153029,99,C:\Users\Javier\PIDS_HandPose\kit-grabacion\HAR_mediapipe\data\gestos_p3_20260916-153029\test\thumbsup\thumbsup_00099.jpg
test,thumbsup,thumbsup_03100.jpg,p3,,gestos_p3_20260916-153029,100,C:\Users\Javier\PIDS_HandPose\kit-grabacion\HAR_mediapipe\data\gestos_p3_20260916-153029\test\thumbsup\thumbsup_00100.jpg
train,ok,ok_04001.jpg,p4,,gestos_p4_20260916-154654,1,C:\Users\Javier\PIDS_HandPose\kit-grabacion\HAR_mediapipe\data\gestos_p4_20260916-154654\train\ok\ok_00001.jpg
train,ok,ok_04002.jpg,p4,,gestos_p4_20260916-154654,2,C:\Users\Javier\PIDS_HandPose\kit-grabacion\HAR_mediapipe\data\gestos_p4_20260916-154654\train\ok\ok_00002.jpg
train,ok,ok_04003.jpg,p4,,gestos_p4_20260916-154654,3,C:\Users\Javier\PIDS_HandPose\kit-grabacion\HAR_mediapipe\data\gestos_p4_20260916-154654\train\ok\ok_00003.jpg
train,ok,ok_04004.jpg,p4,,gestos_p4_20260916-154654,4,C:\Users\Javier\PIDS_HandPose\kit-grabacion\HAR_mediapipe\data\gestos_p4_20260916-154654\train\ok\ok_00004.jpg
train,ok,ok_04005.jpg,p4,,gestos_p4_20260916-154654,5,C:\Users\Javier\PIDS_HandPose\kit-grabacion\HAR_mediapipe\data\gestos_p4_20260916-154654\train\ok\ok_00005.jpg
train,ok,ok_04006.jpg,p4,,gestos_p4_20260916-154654,6,C:\Users\Javier\PIDS_HandPose\kit-grabacion\HAR_mediapipe\data\gestos_p4_20260916-154654\train\ok\ok_00006.jpg
train,ok,ok_04007.jpg,p4,,gestos_p4_20260916-154654,7,C:\Users\Javier\PIDS_HandPose\kit-grabacion\HAR_mediapipe\data\gestos_p4_20260916-154654\train\ok\ok_00007.jpg
train,ok,ok_04008.jpg,p4,,gestos_p4_20260916-154654,8,C:\Users\Javier\PIDS_HandPose\kit-grabacion\HAR_mediapipe\data\gestos_p4_20260916-154654\train\ok\ok_00008.jpg
train,ok,ok_04009.jpg,p4,,gestos_p4_20260916-154654,9,C:\Users\Javier\PIDS_HandPose\kit-grabacion\HAR_mediapipe\data\gestos_p4_20260916-154654\train\ok\ok_00009.jpg
train,ok,ok_04010.jpg,p4,,gestos_p4_20260916-154654,10,C:\Users\Javier\PIDS_HandPose\kit-grabacion\HAR_mediapipe\data\gestos_p4_20260916-154654\train\ok\ok_00010.jpg
train,ok,ok_04011.jpg,p4,,gestos_p4_20260916-154654,11,C:\Users\Javier\PIDS_HandPose\kit-grabacion\HAR_mediapipe\data\gestos_p4_20260916-154654\train\ok\ok_00011.jpg
train,ok,ok_04012.jpg,p4,,gestos_p4_20260916-154654,12,C:\Users\Javier\PIDS_HandPose\kit-grabacion\HAR_mediapipe\data\gestos_p4_20260916-154654\train\ok\ok_00012.jpg
train,ok,ok_04013.jpg,p4,,gestos_p4_20260916-154654,13,C:\Users\Javier\PIDS_HandPose\kit-grabacion\HAR_mediapipe\data\gestos_p4_20260916-154654\train\ok\ok_00013.jpg
train,ok,ok_04014.jpg,p4,,gestos_p4_20260916-154654,14,C:\Users\Javier\PIDS_HandPose\kit-grabacion\HAR_mediapipe\data\gestos_p4_20260916-154654\train\ok\ok_00014.jpg
train,ok,ok_04015.jpg,p4,,gestos_p4_20260916-154654,15,C:\Users\Javier\PIDS_HandPose\kit-grabacion\HAR_mediapipe\data\gestos_p4_20260916-154654\train\ok\ok_00015.jpg
train,ok,ok_04016.jpg,p4,,gestos_p4_20260916-154654,16,C:\Users\Javier\PIDS_HandPose\kit-grabacion\HAR_mediapipe\data\gestos_p4_20260916-154654\train\ok\ok_00016.jpg
train,ok,ok_04017.jpg,p4,,gestos_p4_20260916-154654,17,C:\Users\Javier\PIDS_HandPose\kit-grabacion\HAR_mediapipe\data\gestos_p4_20260916-154654\train\ok\ok_00017.jpg
train,ok,ok_04018.jpg,p4,,gestos_p4_20260916-154654,18,C:\Users\Javier\PIDS_HandPose\kit-grabacion\HAR_mediapipe\data\gestos_p4_20260916-154654\train\ok\ok_00018.jpg
train,ok,ok_04019.jpg,p4,,gestos_p4_20260916-154654,19,C:\Users\Javier\PIDS_HandPose\kit-grabacion\HAR_mediapipe\data\gestos_p4_20260916-154654\train\ok\ok_00019.jpg
train,ok,ok_04020.jpg,p4,,gestos_p4_20260916-154654,20,C:\Users\Javier\PIDS_HandPose\kit-grabacion\HAR_mediapipe\data\gestos_p4_20260916-154654\train\ok\ok_00020.jpg
train,ok,ok_04021.jpg,p4,,gestos_p4_20260916-154654,21,C:\Users\Javier\PIDS_HandPose\kit-grabacion\HAR_mediapipe\data\gestos_p4_20260916-154654\train\ok\ok_00021.jpg
train,ok,ok_04022.jpg,p4,,gestos_p4_20260916-154654,22,C:\Users\Javier\PIDS_HandPose\kit-grabacion\HAR_mediapipe\data\gestos_p4_20260916-154654\train\ok\ok_00022.jpg
train,ok,ok_04023.jpg,p4,,gestos_p4_20260916-154654,23,C:\Users\Javier\PIDS_HandPose\kit-grabacion\HAR_mediapipe\data\gestos_p4_20260916-154654\train\ok\ok_00023.jpg
train,ok,ok_04024.jpg,p4,,gestos_p4_20260916-154654,24,C:\Users\Javier\PIDS_HandPose\kit-grabacion\HAR_mediapipe\data\gestos_p4_20260916-154654\train\ok\ok_00024.jpg
train,ok,ok_04025.jpg,p4,,gestos_p4_20260916-154654,25,C:\Users\Javier\PIDS_HandPose\kit-grabacion\HAR_mediapipe\data\gestos_p4_20260916-154654\train\ok\ok_00025.jpg
train,ok,ok_04026.jpg,p4,,gestos_p4_20260916-154654,26,C:\Users\Javier\PIDS_HandPose\kit-grabacion\HAR_mediapipe\data\gestos_p4_20260916-154654\train\ok\ok_00026.jpg
train,ok,ok_04027.jpg,p4,,gestos_p4_20260916-154654,27,C:\Users\Javier\PIDS_HandPose\kit-grabacion\HAR_mediapipe\data\gestos_p4_20260916-154654\train\ok\ok_00027.jpg
train,ok,ok_04028.jpg,p4,,gestos_p4_20260916-154654,28,C:\Users\Javier\PIDS_HandPose\kit-grabacion\HAR_mediapipe\data\gestos_p4_20260916-154654\train\ok\ok_00028.jpg
train,ok,ok_04029.jpg,p4,,gestos_p4_20260916-154654,29,C:\Users\Javier\PIDS_HandPose\kit-grabacion\HAR_mediapipe\data\gestos_p4_20260916-154654\train\ok\ok_00029.jpg
train,ok,ok_04030.jpg,p4,,gestos_p4_20260916-154654,30,C:\Users\Javier\PIDS_HandPose\kit-grabacion\HAR_mediapipe\data\gestos_p4_20260916-154654\train\ok\ok_00030.jpg
train,ok,ok_04031.jpg,p4,,gestos_p4_20260916-154654,31,C:\Users\Javier\PIDS_HandPose\kit-grabacion\HAR_mediapipe\data\gestos_p4_20260916-154654\train\ok\ok_00031.jpg
train,ok,ok_04032.jpg,p4,,gestos_p4_20260916-154654,32,C:\Users\Javier\PIDS_HandPose\kit-grabacion\HAR_mediapipe\data\gestos_p4_20260916-154654\train\ok\ok_00032.jpg
train,ok,ok_04033.jpg,p4,,gestos_p4_20260916-154654,33,C:\Users\Javier\PIDS_HandPose\kit-grabacion\HAR_mediapipe\data\gestos_p4_20260916-154654\train\ok\ok_00033.jpg
train,ok,ok_04034.jpg,p4,,gestos_p4_20260916-154654,34,C:\Users\Javier\PIDS_HandPose\kit-grabacion\HAR_mediapipe\data\gestos_p4_20260916-154654\train\ok\ok_00034.jpg
train,ok,ok_04035.jpg,p4,,gestos_p4_20260916-154654,35,C:\Users\Javier\PIDS_HandPose\kit-grabacion\HAR_mediapipe\data\gestos_p4_20260916-154654\train\ok\ok_00035.jpg
train,ok,ok_04036.jpg,p4,,gestos_p4_20260916-154654,36,C:\Users\Javier\PIDS_HandPose\kit-grabacion\HAR_mediapipe\data\gestos_p4_20260916-154654\train\ok\ok_00036.jpg
train,ok,ok_04037.jpg,p4,,gestos_p4_20260916-154654,37,C:\Users\Javier\PIDS_HandPose\kit-grabacion\HAR_mediapipe\data\gestos_p4_20260916-154654\train\ok\ok_00037.jpg
train,ok,ok_04038.jpg,p4,,gestos_p4_20260916-154654,38,C:\Users\Javier\PIDS_HandPose\kit-grabacion\HAR_mediapipe\data\gestos_p4_20260916-154654\train\ok\ok_00038.jpg
train,ok,ok_04039.jpg,p4,,gestos_p4_20260916-154654,39,C:\Users\Javier\PIDS_HandPose\kit-grabacion\HAR_mediapipe\data\gestos_p4_20260916-154654\train\ok\ok_00039.jpg
train,ok,ok_04040.jpg,p4,,gestos_p4_20260916-154654,40,C:\Users\Javier\PIDS_HandPose\kit-grabacion\HAR_mediapipe\data\gestos_p4_20260916-154654\train\ok\ok_00040.jpg
train,ok,ok_04041.jpg,p4,,gestos_p4_20260916-154654,41,C:\Users\Javier\PIDS_HandPose\kit-grabacion\HAR_mediapipe\data\gestos_p4_20260916-154654\train\ok\ok_00041.jpg
train,ok,ok_04042.jpg,p4,,gestos_p4_20260916-154654,42,C:\Users\Javier\PIDS_HandPose\kit-grabacion\HAR_mediapipe\data\gestos_p4_20260916-154654\train\ok\ok_00042.jpg
train,ok,ok_04043.jpg,p4,,gestos_p4_20260916-154654,43,C:\Users\Javier\PIDS_HandPose\kit-grabacion\HAR_mediapipe\data\gestos_p4_20260916-154654\train\ok\ok_00043.jpg
train,ok,ok_04044.jpg,p4,,gestos_p4_20260916-154654,44,C:\Users\Javier\PIDS_HandPose\kit-grabacion\HAR_mediapipe\data\gestos_p4_20260916-154654\train\ok\ok_00044.jpg
train,ok,ok_04045.jpg,p4,,gestos_p4_20260916-154654,45,C:\Users\Javier\PIDS_HandPose\kit-grabacion\HAR_mediapipe\data\gestos_p4_20260916-154654\train\ok\ok_00045.jpg
train,ok,ok_04046.jpg,p4,,gestos_p4_20260916-154654,46,C:\Users\Javier\PIDS_HandPose\kit-grabacion\HAR_mediapipe\data\gestos_p4_20260916-154654\train\ok\ok_00046.jpg
train,ok,ok_04047.jpg,p4,,gestos_p4_20260916-154654,47,C:\Users\Javier\PIDS_HandPose\kit-grabacion\HAR_mediapipe\data\gestos_p4_20260916-154654\train\ok\ok_00047.jpg
train,ok,ok_04048.jpg,p4,,gestos_p4_20260916-154654,48,C:\Users\Javier\PIDS_HandPose\kit-grabacion\HAR_mediapipe\data\gestos_p4_20260916-154654\train\ok\ok_00048.jpg
train,ok,ok_04049.jpg,p4,,gestos_p4_20260916-154654,49,C:\Users\Javier\PIDS_HandPose\kit-grabacion\HAR_mediapipe\data\gestos_p4_20260916-154654\train\ok\ok_00049.jpg
train,ok,ok_04050.jpg,p4,,gestos_p4_20260916-154654,50,C:\Users\Javier\PIDS_HandPose\kit-grabacion\HAR_mediapipe\data\gestos_p4_20260916-154654\train\ok\ok_00050.jpg
train,ok,ok_04051.jpg,p4,,gestos_p4_20260916-154654,51,C:\Users\Javier\PIDS_HandPose\kit-grabacion\HAR_mediapipe\data\gestos_p4_20260916-154654\train\ok\ok_00051.jpg
train,ok,ok_04052.jpg,p4,,gestos_p4_20260916-154654,52,C:\Users\Javier\PIDS_HandPose\kit-grabacion\HAR_mediapipe\data\gestos_p4_20260916-154654\train\ok\ok_00052.jpg
train,ok,ok_04053.jpg,p4,,gestos_p4_20260916-154654,53,C:\Users\Javier\PIDS_HandPose\kit-grabacion\HAR_mediapipe\data\gestos_p4_20260916-154654\train\ok\ok_00053.jpg
train,ok,ok_04054.jpg,p4,,gestos_p4_20260916-154654,54,C:\Users\Javier\PIDS_HandPose\kit-grabacion\HAR_mediapipe\data\gestos_p4_20260916-154654\train\ok\ok_00054.jpg
train,ok,ok_04055.jpg,p4,,gestos_p4_20260916-154654,55,C:\Users\Javier\PIDS_HandPose\kit-grabacion\HAR_mediapipe\data\gestos_p4_20260916-154654\train\ok\ok_00055.jpg
train,ok,ok_04056.jpg,p4,,gestos_p4_20260916-154654,56,C:\Users\Javier\PIDS_HandPose\kit-grabacion\HAR_mediapipe\data\gestos_p4_20260916-154654\train\ok\ok_00056.jpg
train,ok,ok_04057.jpg,p4,,gestos_p4_20260916-154654,57,C:\Users\Javier\PIDS_HandPose\kit-grabacion\HAR_mediapipe\data\gestos_p4_20260916-154654\train\ok\ok_00057.jpg
train,ok,ok_04058.jpg,p4,,gestos_p4_20260916-154654,58,C:\Users\Javier\PIDS_HandPose\kit-grabacion\HAR_mediapipe\data\gestos_p4_20260916-154654\train\ok\ok_00058.jpg
train,ok,ok_04059.jpg,p4,,gestos_p4_20260916-154654,59,C:\Users\Javier\PIDS_HandPose\kit-grabacion\HAR_mediapipe\data\gestos_p4_20260916-154654\train\ok\ok_00059.jpg
train,ok,ok_04060.jpg,p4,,gestos_p4_20260916-154654,60,C:\Users\Javier\PIDS_HandPose\kit-grabacion\HAR_mediapipe\data\gestos_p4_20260916-154654\train\ok\ok_00060.jpg
train,ok,ok_04061.jpg,p4,,gestos_p4_20260916-154654,61,C:\Users\Javier\PIDS_HandPose\kit-grabacion\HAR_mediapipe\data\gestos_p4_20260916-154654\train\ok\ok_00061.jpg
train,ok,ok_04062.jpg,p4,,gestos_p4_20260916-154654,62,C:\Users\Javier\PIDS_HandPose\kit-grabacion\HAR_mediapipe\data\gestos_p4_20260916-154654\train\ok\ok_00062.jpg
train,ok,ok_04063.jpg,p4,,gestos_p4_20260916-154654,63,C:\Users\Javier\PIDS_HandPose\kit-grabacion\HAR_mediapipe\data\gestos_p4_20260916-154654\train\ok\ok_00063.jpg
train,ok,ok_04064.jpg,p4,,gestos_p4_20260916-154654,64,C:\Users\Javier\PIDS_HandPose\kit-grabacion\HAR_mediapipe\data\gestos_p4_20260916-154654\train\ok\ok_00064.jpg
train,ok,ok_04065.jpg,p4,,gestos_p4_20260916-154654,65,C:\Users\Javier\PIDS_HandPose\kit-grabacion\HAR_mediapipe\data\gestos_p4_20260916-154654\train\ok\ok_00065.jpg
train,ok,ok_04066.jpg,p4,,gestos_p4_20260916-154654,66,C:\Users\Javier\PIDS_HandPose\kit-grabacion\HAR_mediapipe\data\gestos_p4_20260916-154654\train\ok\ok_00066.jpg
train,ok,ok_04067.jpg,p4,,gestos_p4_20260916-154654,67,C:\Users\Javier\PIDS_HandPose\kit-grabacion\HAR_mediapipe\data\gestos_p4_20260916-154654\train\ok\ok_00067.jpg
train,ok,ok_04068.jpg,p4,,gestos_p4_20260916-154654,68,C:\Users\Javier\PIDS_HandPose\kit-grabacion\HAR_mediapipe\data\gestos_p4_20260916-154654\train\ok\ok_00068.jpg
train,ok,ok_04069.jpg,p4,,gestos_p4_20260916-154654,69,C:\Users\Javier\PIDS_HandPose\kit-grabacion\HAR_mediapipe\data\gestos_p4_20260916-154654\train\ok\ok_00069.jpg
train,ok,ok_04070.jpg,p4,,gestos_p4_20260916-154654,70,C:\Users\Javier\PIDS_HandPose\kit-grabacion\HAR_mediapipe\data\gestos_p4_20260916-154654\train\ok\ok_00070.jpg
train,paper,paper_04001.jpg,p4,,gestos_p4_20260916-154654,1,C:\Users\Javier\PIDS_HandPose\kit-grabacion\HAR_mediapipe\data\gestos_p4_20260916-154654\train\paper\paper_00001.jpg
train,paper,paper_04002.jpg,p4,,gestos_p4_20260916-154654,2,C:\Users\Javier\PIDS_HandPose\kit-grabacion\HAR_mediapipe\data\gestos_p4_20260916-154654\train\paper\paper_00002.jpg
train,paper,paper_04003.jpg,p4,,gestos_p4_20260916-154654,3,C:\Users\Javier\PIDS_HandPose\kit-grabacion\HAR_mediapipe\data\gestos_p4_20260916-154654\train\paper\paper_00003.jpg
train,paper,paper_04004.jpg,p4,,gestos_p4_20260916-154654,4,C:\Users\Javier\PIDS_HandPose\kit-grabacion\HAR_mediapipe\data\gestos_p4_20260916-154654\train\paper\paper_00004.jpg
train,paper,paper_04005.jpg,p4,,gestos_p4_20260916-154654,5,C:\Users\Javier\PIDS_HandPose\kit-grabacion\HAR_mediapipe\data\gestos_p4_20260916-154654\train\paper\paper_00005.jpg
train,paper,paper_04006.jpg,p4,,gestos_p4_20260916-154654,6,C:\Users\Javier\PIDS_HandPose\kit-grabacion\HAR_mediapipe\data\gestos_p4_20260916-154654\train\paper\paper_00006.jpg
train,paper,paper_04007.jpg,p4,,gestos_p4_20260916-154654,7,C:\Users\Javier\PIDS_HandPose\kit-grabacion\HAR_mediapipe\data\gestos_p4_20260916-154654\train\paper\paper_00007.jpg
train,paper,paper_04008.jpg,p4,,gestos_p4_20260916-154654,8,C:\Users\Javier\PIDS_HandPose\kit-grabacion\HAR_mediapipe\data\gestos_p4_20260916-154654\train\paper\paper_00008.jpg
train,paper,paper_04009.jpg,p4,,gestos_p4_20260916-154654,9,C:\Users\Javier\PIDS_HandPose\kit-grabacion\HAR_mediapipe\data\gestos_p4_20260916-154654\train\paper\paper_00009.jpg
train,paper,paper_04010.jpg,p4,,gestos_p4_20260916-154654,10,C:\Users\Javier\PIDS_HandPose\kit-grabacion\HAR_mediapipe\data\gestos_p4_20260916-154654\train\paper\paper_00010.jpg
train,paper,paper_04011.jpg,p4,,gestos_p4_20260916-154654,11,C:\Users\Javier\PIDS_HandPose\kit-grabacion\HAR_mediapipe\data\gestos_p4_20260916-154654\train\paper\paper_00011.jpg
train,paper,paper_04012.jpg,p4,,gestos_p4_20260916-154654,12,C:\Users\Javier\PIDS_HandPose\kit-grabacion\HAR_mediapipe\data\gestos_p4_20260916-154654\train\paper\paper_00012.jpg
train,paper,paper_04013.jpg,p4,,gestos_p4_20260916-154654,13,C:\Users\Javier\PIDS_HandPose\kit-grabacion\HAR_mediapipe\data\gestos_p4_20260916-154654\train\paper\paper_00013.jpg
train,paper,paper_04014.jpg,p4,,gestos_p4_20260916-154654,14,C:\Users\Javier\PIDS_HandPose\kit-grabacion\HAR_mediapipe\data\gestos_p4_20260916-154654\train\paper\paper_00014.jpg
train,paper,paper_04015.jpg,p4,,gestos_p4_20260916-154654,15,C:\Users\Javier\PIDS_HandPose\kit-grabacion\HAR_mediapipe\data\gestos_p4_20260916-154654\train\paper\paper_00015.jpg
train,paper,paper_04016.jpg,p4,,gestos_p4_20260916-154654,16,C:\Users\Javier\PIDS_HandPose\kit-grabacion\HAR_mediapipe\data\gestos_p4_20260916-154654\train\paper\paper_00016.jpg
train,paper,paper_04017.jpg,p4,,gestos_p4_20260916-154654,17,C:\Users\Javier\PIDS_HandPose\kit-grabacion\HAR_mediapipe\data\gestos_p4_20260916-154654\train\paper\paper_00017.jpg
train,paper,paper_04018.jpg,p4,,gestos_p4_20260916-154654,18,C:\Users\Javier\PIDS_HandPose\kit-grabacion\HAR_mediapipe\data\gestos_p4_20260916-154654\train\paper\paper_00018.jpg
train,paper,paper_04019.jpg,p4,,gestos_p4_20260916-154654,19,C:\Users\Javier\PIDS_HandPose\kit-grabacion\HAR_mediapipe\data\gestos_p4_20260916-154654\train\paper\paper_00019.jpg
train,paper,paper_04020.jpg,p4,,gestos_p4_20260916-154654,20,C:\Users\Javier\PIDS_HandPose\kit-grabacion\HAR_mediapipe\data\gestos_p4_20260916-154654\train\paper\paper_00020.jpg
train,paper,paper_04021.jpg,p4,,gestos_p4_20260916-154654,21,C:\Users\Javier\PIDS_HandPose\kit-grabacion\HAR_mediapipe\data\gestos_p4_20260916-154654\train\paper\paper_00021.jpg
train,paper,paper_04022.jpg,p4,,gestos_p4_20260916-154654,22,C:\Users\Javier\PIDS_HandPose\kit-grabacion\HAR_mediapipe\data\gestos_p4_20260916-154654\train\paper\paper_00022.jpg
train,paper,paper_04023.jpg,p4,,gestos_p4_20260916-154654,23,C:\Users\Javier\PIDS_HandPose\kit-grabacion\HAR_mediapipe\data\gestos_p4_20260916-154654\train\paper\paper_00023.jpg
train,paper,paper_04024.jpg,p4,,gestos_p4_20260916-154654,24,C:\Users\Javier\PIDS_HandPose\kit-grabacion\HAR_mediapipe\data\gestos_p4_20260916-154654\train\paper\paper_00024.jpg
train,paper,paper_04025.jpg,p4,,gestos_p4_20260916-154654,25,C:\Users\Javier\PIDS_HandPose\kit-grabacion\HAR_mediapipe\data\gestos_p4_20260916-154654\train\paper\paper_00025.jpg
train,paper,paper_04026.jpg,p4,,gestos_p4_20260916-154654,26,C:\Users\Javier\PIDS_HandPose\kit-grabacion\HAR_mediapipe\data\gestos_p4_20260916-154654\train\paper\paper_00026.jpg
train,paper,paper_04027.jpg,p4,,gestos_p4_20260916-154654,27,C:\Users\Javier\PIDS_HandPose\kit-grabacion\HAR_mediapipe\data\gestos_p4_20260916-154654\train\paper\paper_00027.jpg
train,paper,paper_04028.jpg,p4,,gestos_p4_20260916-154654,28,C:\Users\Javier\PIDS_HandPose\kit-grabacion\HAR_mediapipe\data\gestos_p4_20260916-154654\train\paper\paper_00028.jpg
train,paper,paper_04029.jpg,p4,,gestos_p4_20260916-154654,29,C:\Users\Javier\PIDS_HandPose\kit-grabacion\HAR_mediapipe\data\gestos_p4_20260916-154654\train\paper\paper_00029.jpg
train,paper,paper_04030.jpg,p4,,gestos_p4_20260916-154654,30,C:\Users\Javier\PIDS_HandPose\kit-grabacion\HAR_mediapipe\data\gestos_p4_20260916-154654\train\paper\paper_00030.jpg
train,paper,paper_04031.jpg,p4,,gestos_p4_20260916-154654,31,C:\Users\Javier\PIDS_HandPose\kit-grabacion\HAR_mediapipe\data\gestos_p4_20260916-154654\train\paper\paper_00031.jpg
train,paper,paper_04032.jpg,p4,,gestos_p4_20260916-154654,32,C:\Users\Javier\PIDS_HandPose\kit-grabacion\HAR_mediapipe\data\gestos_p4_20260916-154654\train\paper\paper_00032.jpg
train,paper,paper_04033.jpg,p4,,gestos_p4_20260916-154654,33,C:\Users\Javier\PIDS_HandPose\kit-grabacion\HAR_mediapipe\data\gestos_p4_20260916-154654\train\paper\paper_00033.jpg
train,paper,paper_04034.jpg,p4,,gestos_p4_20260916-154654,34,C:\Users\Javier\PIDS_HandPose\kit-grabacion\HAR_mediapipe\data\gestos_p4_20260916-154654\train\paper\paper_00034.jpg
train,paper,paper_04035.jpg,p4,,gestos_p4_20260916-154654,35,C:\Users\Javier\PIDS_HandPose\kit-grabacion\HAR_mediapipe\data\gestos_p4_20260916-154654\train\paper\paper_00035.jpg
train,paper,paper_04036.jpg,p4,,gestos_p4_20260916-154654,36,C:\Users\Javier\PIDS_HandPose\kit-grabacion\HAR_mediapipe\data\gestos_p4_20260916-154654\train\paper\paper_00036.jpg
train,paper,paper_04037.jpg,p4,,gestos_p4_20260916-154654,37,C:\Users\Javier\PIDS_HandPose\kit-grabacion\HAR_mediapipe\data\gestos_p4_20260916-154654\train\paper\paper_00037.jpg
train,paper,paper_04038.jpg,p4,,gestos_p4_20260916-154654,38,C:\Users\Javier\PIDS_HandPose\kit-grabacion\HAR_mediapipe\data\gestos_p4_20260916-154654\train\paper\paper_00038.jpg
train,paper,paper_04039.jpg,p4,,gestos_p4_20260916-154654,39,C:\Users\Javier\PIDS_HandPose\kit-grabacion\HAR_mediapipe\data\gestos_p4_20260916-154654\train\paper\paper_00039.jpg
train,paper,paper_04040.jpg,p4,,gestos_p4_20260916-154654,40,C:\Users\Javier\PIDS_HandPose\kit-grabacion\HAR_mediapipe\data\gestos_p4_20260916-154654\train\paper\paper_00040.jpg
train,paper,paper_04041.jpg,p4,,gestos_p4_20260916-154654,41,C:\Users\Javier\PIDS_HandPose\kit-grabacion\HAR_mediapipe\data\gestos_p4_20260916-154654\train\paper\paper_00041.jpg
train,paper,paper_04042.jpg,p4,,gestos_p4_20260916-154654,42,C:\Users\Javier\PIDS_HandPose\kit-grabacion\HAR_mediapipe\data\gestos_p4_20260916-154654\train\paper\paper_00042.jpg
train,paper,paper_04043.jpg,p4,,gestos_p4_20260916-154654,43,C:\Users\Javier\PIDS_HandPose\kit-grabacion\HAR_mediapipe\data\gestos_p4_20260916-154654\train\paper\paper_00043.jpg
train,paper,paper_04044.jpg,p4,,gestos_p4_20260916-154654,44,C:\Users\Javier\PIDS_HandPose\kit-grabacion\HAR_mediapipe\data\gestos_p4_20260916-154654\train\paper\paper_00044.jpg
train,paper,paper_04045.jpg,p4,,gestos_p4_20260916-154654,45,C:\Users\Javier\PIDS_HandPose\kit-grabacion\HAR_mediapipe\data\gestos_p4_20260916-154654\train\paper\paper_00045.jpg
train,paper,paper_04046.jpg,p4,,gestos_p4_20260916-154654,46,C:\Users\Javier\PIDS_HandPose\kit-grabacion\HAR_mediapipe\data\gestos_p4_20260916-154654\train\paper\paper_00046.jpg
train,paper,paper_04047.jpg,p4,,gestos_p4_20260916-154654,47,C:\Users\Javier\PIDS_HandPose\kit-grabacion\HAR_mediapipe\data\gestos_p4_20260916-154654\train\paper\paper_00047.jpg
train,paper,paper_04048.jpg,p4,,gestos_p4_20260916-154654,48,C:\Users\Javier\PIDS_HandPose\kit-grabacion\HAR_mediapipe\data\gestos_p4_20260916-154654\train\paper\paper_00048.jpg
train,paper,paper_04049.jpg,p4,,gestos_p4_20260916-154654,49,C:\Users\Javier\PIDS_HandPose\kit-grabacion\HAR_mediapipe\data\gestos_p4_20260916-154654\train\paper\paper_00049.jpg
train,paper,paper_04050.jpg,p4,,gestos_p4_20260916-154654,50,C:\Users\Javier\PIDS_HandPose\kit-grabacion\HAR_mediapipe\data\gestos_p4_20260916-154654\train\paper\paper_00050.jpg
train,paper,paper_04051.jpg,p4,,gestos_p4_20260916-154654,51,C:\Users\Javier\PIDS_HandPose\kit-grabacion\HAR_mediapipe\data\gestos_p4_20260916-154654\train\paper\paper_00051.jpg
train,paper,paper_04052.jpg,p4,,gestos_p4_20260916-154654,52,C:\Users\Javier\PIDS_HandPose\kit-grabacion\HAR_mediapipe\data\gestos_p4_20260916-154654\train\paper\paper_00052.jpg
train,paper,paper_04053.jpg,p4,,gestos_p4_20260916-154654,53,C:\Users\Javier\PIDS_HandPose\kit-grabacion\HAR_mediapipe\data\gestos_p4_20260916-154654\train\paper\paper_00053.jpg
train,paper,paper_04054.jpg,p4,,gestos_p4_20260916-154654,54,C:\Users\Javier\PIDS_HandPose\kit-grabacion\HAR_mediapipe\data\gestos_p4_20260916-154654\train\paper\paper_00054.jpg
train,paper,paper_04055.jpg,p4,,gestos_p4_20260916-154654,55,C:\Users\Javier\PIDS_HandPose\kit-grabacion\HAR_mediapipe\data\gestos_p4_20260916-154654\train\paper\paper_00055.jpg
train,paper,paper_04056.jpg,p4,,gestos_p4_20260916-154654,56,C:\Users\Javier\PIDS_HandPose\kit-grabacion\HAR_mediapipe\data\gestos_p4_20260916-154654\train\paper\paper_00056.jpg
train,paper,paper_04057.jpg,p4,,gestos_p4_20260916-154654,57,C:\Users\Javier\PIDS_HandPose\kit-grabacion\HAR_mediapipe\data\gestos_p4_20260916-154654\train\paper\paper_00057.jpg
train,paper,paper_04058.jpg,p4,,gestos_p4_20260916-154654,58,C:\Users\Javier\PIDS_HandPose\kit-grabacion\HAR_mediapipe\data\gestos_p4_20260916-154654\train\paper\paper_00058.jpg
train,paper,paper_04059.jpg,p4,,gestos_p4_20260916-154654,59,C:\Users\Javier\PIDS_HandPose\kit-grabacion\HAR_mediapipe\data\gestos_p4_20260916-154654\train\paper\paper_00059.jpg
train,paper,paper_04060.jpg,p4,,gestos_p4_20260916-154654,60,C:\Users\Javier\PIDS_HandPose\kit-grabacion\HAR_mediapipe\data\gestos_p4_20260916-154654\train\paper\paper_00060.jpg
train,paper,paper_04061.jpg,p4,,gestos_p4_20260916-154654,61,C:\Users\Javier\PIDS_HandPose\kit-grabacion\HAR_mediapipe\data\gestos_p4_20260916-154654\train\paper\paper_00061.jpg
train,paper,paper_04062.jpg,p4,,gestos_p4_20260916-154654,62,C:\Users\Javier\PIDS_HandPose\kit-grabacion\HAR_mediapipe\data\gestos_p4_20260916-154654\train\paper\paper_00062.jpg
train,paper,paper_04063.jpg,p4,,gestos_p4_20260916-154654,63,C:\Users\Javier\PIDS_HandPose\kit-grabacion\HAR_mediapipe\data\gestos_p4_20260916-154654\train\paper\paper_00063.jpg
train,paper,paper_04064.jpg,p4,,gestos_p4_20260916-154654,64,C:\Users\Javier\PIDS_HandPose\kit-grabacion\HAR_mediapipe\data\gestos_p4_20260916-154654\train\paper\paper_00064.jpg
train,paper,paper_04065.jpg,p4,,gestos_p4_20260916-154654,65,C:\Users\Javier\PIDS_HandPose\kit-grabacion\HAR_mediapipe\data\gestos_p4_20260916-154654\train\paper\paper_00065.jpg
train,paper,paper_04066.jpg,p4,,gestos_p4_20260916-154654,66,C:\Users\Javier\PIDS_HandPose\kit-grabacion\HAR_mediapipe\data\gestos_p4_20260916-154654\train\paper\paper_00066.jpg
train,paper,paper_04067.jpg,p4,,gestos_p4_20260916-154654,67,C:\Users\Javier\PIDS_HandPose\kit-grabacion\HAR_mediapipe\data\gestos_p4_20260916-154654\train\paper\paper_00067.jpg
train,paper,paper_04068.jpg,p4,,gestos_p4_20260916-154654,68,C:\Users\Javier\PIDS_HandPose\kit-grabacion\HAR_mediapipe\data\gestos_p4_20260916-154654\train\paper\paper_00068.jpg
train,paper,paper_04069.jpg,p4,,gestos_p4_20260916-154654,69,C:\Users\Javier\PIDS_HandPose\kit-grabacion\HAR_mediapipe\data\gestos_p4_20260916-154654\train\paper\paper_00069.jpg
train,paper,paper_04070.jpg,p4,,gestos_p4_20260916-154654,70,C:\Users\Javier\PIDS_HandPose\kit-grabacion\HAR_mediapipe\data\gestos_p4_20260916-154654\train\paper\paper_00070.jpg
train,rock,rock_04001.jpg,p4,,gestos_p4_20260916-154654,1,C:\Users\Javier\PIDS_HandPose\kit-grabacion\HAR_mediapipe\data\gestos_p4_20260916-154654\train\rock\rock_00001.jpg
train,rock,rock_04002.jpg,p4,,gestos_p4_20260916-154654,2,C:\Users\Javier\PIDS_HandPose\kit-grabacion\HAR_mediapipe\data\gestos_p4_20260916-154654\train\rock\rock_00002.jpg
train,rock,rock_04003.jpg,p4,,gestos_p4_20260916-154654,3,C:\Users\Javier\PIDS_HandPose\kit-grabacion\HAR_mediapipe\data\gestos_p4_20260916-154654\train\rock\rock_00003.jpg
train,rock,rock_04004.jpg,p4,,gestos_p4_20260916-154654,4,C:\Users\Javier\PIDS_HandPose\kit-grabacion\HAR_mediapipe\data\gestos_p4_20260916-154654\train\rock\rock_00004.jpg
train,rock,rock_04005.jpg,p4,,gestos_p4_20260916-154654,5,C:\Users\Javier\PIDS_HandPose\kit-grabacion\HAR_mediapipe\data\gestos_p4_20260916-154654\train\rock\rock_00005.jpg
train,rock,rock_04006.jpg,p4,,gestos_p4_20260916-154654,6,C:\Users\Javier\PIDS_HandPose\kit-grabacion\HAR_mediapipe\data\gestos_p4_20260916-154654\train\rock\rock_00006.jpg
train,rock,rock_04007.jpg,p4,,gestos_p4_20260916-154654,7,C:\Users\Javier\PIDS_HandPose\kit-grabacion\HAR_mediapipe\data\gestos_p4_20260916-154654\train\rock\rock_00007.jpg
train,rock,rock_04008.jpg,p4,,gestos_p4_20260916-154654,8,C:\Users\Javier\PIDS_HandPose\kit-grabacion\HAR_mediapipe\data\gestos_p4_20260916-154654\train\rock\rock_00008.jpg
train,rock,rock_04009.jpg,p4,,gestos_p4_20260916-154654,9,C:\Users\Javier\PIDS_HandPose\kit-grabacion\HAR_mediapipe\data\gestos_p4_20260916-154654\train\rock\rock_00009.jpg
train,rock,rock_04010.jpg,p4,,gestos_p4_20260916-154654,10,C:\Users\Javier\PIDS_HandPose\kit-grabacion\HAR_mediapipe\data\gestos_p4_20260916-154654\train\rock\rock_00010.jpg
train,rock,rock_04011.jpg,p4,,gestos_p4_20260916-154654,11,C:\Users\Javier\PIDS_HandPose\kit-grabacion\HAR_mediapipe\data\gestos_p4_20260916-154654\train\rock\rock_00011.jpg
train,rock,rock_04012.jpg,p4,,gestos_p4_20260916-154654,12,C:\Users\Javier\PIDS_HandPose\kit-grabacion\HAR_mediapipe\data\gestos_p4_20260916-154654\train\rock\rock_00012.jpg
train,rock,rock_04013.jpg,p4,,gestos_p4_20260916-154654,13,C:\Users\Javier\PIDS_HandPose\kit-grabacion\HAR_mediapipe\data\gestos_p4_20260916-154654\train\rock\rock_00013.jpg
train,rock,rock_04014.jpg,p4,,gestos_p4_20260916-154654,14,C:\Users\Javier\PIDS_HandPose\kit-grabacion\HAR_mediapipe\data\gestos_p4_20260916-154654\train\rock\rock_00014.jpg
train,rock,rock_04015.jpg,p4,,gestos_p4_20260916-154654,15,C:\Users\Javier\PIDS_HandPose\kit-grabacion\HAR_mediapipe\data\gestos_p4_20260916-154654\train\rock\rock_00015.jpg
train,rock,rock_04016.jpg,p4,,gestos_p4_20260916-154654,16,C:\Users\Javier\PIDS_HandPose\kit-grabacion\HAR_mediapipe\data\gestos_p4_20260916-154654\train\rock\rock_00016.jpg
train,rock,rock_04017.jpg,p4,,gestos_p4_20260916-154654,17,C:\Users\Javier\PIDS_HandPose\kit-grabacion\HAR_mediapipe\data\gestos_p4_20260916-154654\train\rock\rock_00017.jpg
train,rock,rock_04018.jpg,p4,,gestos_p4_20260916-154654,18,C:\Users\Javier\PIDS_HandPose\kit-grabacion\HAR_mediapipe\data\gestos_p4_20260916-154654\train\rock\rock_00018.jpg
train,rock,rock_04019.jpg,p4,,gestos_p4_20260916-154654,19,C:\Users\Javier\PIDS_HandPose\kit-grabacion\HAR_mediapipe\data\gestos_p4_20260916-154654\train\rock\rock_00019.jpg
train,rock,rock_04020.jpg,p4,,gestos_p4_20260916-154654,20,C:\Users\Javier\PIDS_HandPose\kit-grabacion\HAR_mediapipe\data\gestos_p4_20260916-154654\train\rock\rock_00020.jpg
train,rock,rock_04021.jpg,p4,,gestos_p4_20260916-154654,21,C:\Users\Javier\PIDS_HandPose\kit-grabacion\HAR_mediapipe\data\gestos_p4_20260916-154654\train\rock\rock_00021.jpg
train,rock,rock_04022.jpg,p4,,gestos_p4_20260916-154654,22,C:\Users\Javier\PIDS_HandPose\kit-grabacion\HAR_mediapipe\data\gestos_p4_20260916-154654\train\rock\rock_00022.jpg
train,rock,rock_04023.jpg,p4,,gestos_p4_20260916-154654,23,C:\Users\Javier\PIDS_HandPose\kit-grabacion\HAR_mediapipe\data\gestos_p4_20260916-154654\train\rock\rock_00023.jpg
train,rock,rock_04024.jpg,p4,,gestos_p4_20260916-154654,24,C:\Users\Javier\PIDS_HandPose\kit-grabacion\HAR_mediapipe\data\gestos_p4_20260916-154654\train\rock\rock_00024.jpg
train,rock,rock_04025.jpg,p4,,gestos_p4_20260916-154654,25,C:\Users\Javier\PIDS_HandPose\kit-grabacion\HAR_mediapipe\data\gestos_p4_20260916-154654\train\rock\rock_00025.jpg
train,rock,rock_04026.jpg,p4,,gestos_p4_20260916-154654,26,C:\Users\Javier\PIDS_HandPose\kit-grabacion\HAR_mediapipe\data\gestos_p4_20260916-154654\train\rock\rock_00026.jpg
train,rock,rock_04027.jpg,p4,,gestos_p4_20260916-154654,27,C:\Users\Javier\PIDS_HandPose\kit-grabacion\HAR_mediapipe\data\gestos_p4_20260916-154654\train\rock\rock_00027.jpg
train,rock,rock_04028.jpg,p4,,gestos_p4_20260916-154654,28,C:\Users\Javier\PIDS_HandPose\kit-grabacion\HAR_mediapipe\data\gestos_p4_20260916-154654\train\rock\rock_00028.jpg
train,rock,rock_04029.jpg,p4,,gestos_p4_20260916-154654,29,C:\Users\Javier\PIDS_HandPose\kit-grabacion\HAR_mediapipe\data\gestos_p4_20260916-154654\train\rock\rock_00029.jpg
train,rock,rock_04030.jpg,p4,,gestos_p4_20260916-154654,30,C:\Users\Javier\PIDS_HandPose\kit-grabacion\HAR_mediapipe\data\gestos_p4_20260916-154654\train\rock\rock_00030.jpg
train,rock,rock_04031.jpg,p4,,gestos_p4_20260916-154654,31,C:\Users\Javier\PIDS_HandPose\kit-grabacion\HAR_mediapipe\data\gestos_p4_20260916-154654\train\rock\rock_00031.jpg
train,rock,rock_04032.jpg,p4,,gestos_p4_20260916-154654,32,C:\Users\Javier\PIDS_HandPose\kit-grabacion\HAR_mediapipe\data\gestos_p4_20260916-154654\train\rock\rock_00032.jpg
train,rock,rock_04033.jpg,p4,,gestos_p4_20260916-154654,33,C:\Users\Javier\PIDS_HandPose\kit-grabacion\HAR_mediapipe\data\gestos_p4_20260916-154654\train\rock\rock_00033.jpg
train,rock,rock_04034.jpg,p4,,gestos_p4_20260916-154654,34,C:\Users\Javier\PIDS_HandPose\kit-grabacion\HAR_mediapipe\data\gestos_p4_20260916-154654\train\rock\rock_00034.jpg
train,rock,rock_04035.jpg,p4,,gestos_p4_20260916-154654,35,C:\Users\Javier\PIDS_HandPose\kit-grabacion\HAR_mediapipe\data\gestos_p4_20260916-154654\train\rock\rock_00035.jpg
train,rock,rock_04036.jpg,p4,,gestos_p4_20260916-154654,36,C:\Users\Javier\PIDS_HandPose\kit-grabacion\HAR_mediapipe\data\gestos_p4_20260916-154654\train\rock\rock_00036.jpg
train,rock,rock_04037.jpg,p4,,gestos_p4_20260916-154654,37,C:\Users\Javier\PIDS_HandPose\kit-grabacion\HAR_mediapipe\data\gestos_p4_20260916-154654\train\rock\rock_00037.jpg
train,rock,rock_04038.jpg,p4,,gestos_p4_20260916-154654,38,C:\Users\Javier\PIDS_HandPose\kit-grabacion\HAR_mediapipe\data\gestos_p4_20260916-154654\train\rock\rock_00038.jpg
train,rock,rock_04039.jpg,p4,,gestos_p4_20260916-154654,39,C:\Users\Javier\PIDS_HandPose\kit-grabacion\HAR_mediapipe\data\gestos_p4_20260916-154654\train\rock\rock_00039.jpg
train,rock,rock_04040.jpg,p4,,gestos_p4_20260916-154654,40,C:\Users\Javier\PIDS_HandPose\kit-grabacion\HAR_mediapipe\data\gestos_p4_20260916-154654\train\rock\rock_00040.jpg
train,rock,rock_04041.jpg,p4,,gestos_p4_20260916-154654,41,C:\Users\Javier\PIDS_HandPose\kit-grabacion\HAR_mediapipe\data\gestos_p4_20260916-154654\train\rock\rock_00041.jpg
train,rock,rock_04042.jpg,p4,,gestos_p4_20260916-154654,42,C:\Users\Javier\PIDS_HandPose\kit-grabacion\HAR_mediapipe\data\gestos_p4_20260916-154654\train\rock\rock_00042.jpg
train,rock,rock_04043.jpg,p4,,gestos_p4_20260916-154654,43,C:\Users\Javier\PIDS_HandPose\kit-grabacion\HAR_mediapipe\data\gestos_p4_20260916-154654\train\rock\rock_00043.jpg
train,rock,rock_04044.jpg,p4,,gestos_p4_20260916-154654,44,C:\Users\Javier\PIDS_HandPose\kit-grabacion\HAR_mediapipe\data\gestos_p4_20260916-154654\train\rock\rock_00044.jpg
train,rock,rock_04045.jpg,p4,,gestos_p4_20260916-154654,45,C:\Users\Javier\PIDS_HandPose\kit-grabacion\HAR_mediapipe\data\gestos_p4_20260916-154654\train\rock\rock_00045.jpg
train,rock,rock_04046.jpg,p4,,gestos_p4_20260916-154654,46,C:\Users\Javier\PIDS_HandPose\kit-grabacion\HAR_mediapipe\data\gestos_p4_20260916-154654\train\rock\rock_00046.jpg
train,rock,rock_04047.jpg,p4,,gestos_p4_20260916-154654,47,C:\Users\Javier\PIDS_HandPose\kit-grabacion\HAR_mediapipe\data\gestos_p4_20260916-154654\train\rock\rock_00047.jpg
train,rock,rock_04048.jpg,p4,,gestos_p4_20260916-154654,48,C:\Users\Javier\PIDS_HandPose\kit-grabacion\HAR_mediapipe\data\gestos_p4_20260916-154654\train\rock\rock_00048.jpg
train,rock,rock_04049.jpg,p4,,gestos_p4_20260916-154654,49,C:\Users\Javier\PIDS_HandPose\kit-grabacion\HAR_mediapipe\data\gestos_p4_20260916-154654\train\rock\rock_00049.jpg
train,rock,rock_04050.jpg,p4,,gestos_p4_20260916-154654,50,C:\Users\Javier\PIDS_HandPose\kit-grabacion\HAR_mediapipe\data\gestos_p4_20260916-154654\train\rock\rock_00050.jpg
train,rock,rock_04051.jpg,p4,,gestos_p4_20260916-154654,51,C:\Users\Javier\PIDS_HandPose\kit-grabacion\HAR_mediapipe\data\gestos_p4_20260916-154654\train\rock\rock_00051.jpg
train,rock,rock_04052.jpg,p4,,gestos_p4_20260916-154654,52,C:\Users\Javier\PIDS_HandPose\kit-grabacion\HAR_mediapipe\data\gestos_p4_20260916-154654\train\rock\rock_00052.jpg
train,rock,rock_04053.jpg,p4,,gestos_p4_20260916-154654,53,C:\Users\Javier\PIDS_HandPose\kit-grabacion\HAR_mediapipe\data\gestos_p4_20260916-154654\train\rock\rock_00053.jpg
train,rock,rock_04054.jpg,p4,,gestos_p4_20260916-154654,54,C:\Users\Javier\PIDS_HandPose\kit-grabacion\HAR_mediapipe\data\gestos_p4_20260916-154654\train\rock\rock_00054.jpg
train,rock,rock_04055.jpg,p4,,gestos_p4_20260916-154654,55,C:\Users\Javier\PIDS_HandPose\kit-grabacion\HAR_mediapipe\data\gestos_p4_20260916-154654\train\rock\rock_00055.jpg
train,rock,rock_04056.jpg,p4,,gestos_p4_20260916-154654,56,C:\Users\Javier\PIDS_HandPose\kit-grabacion\HAR_mediapipe\data\gestos_p4_20260916-154654\train\rock\rock_00056.jpg
train,rock,rock_04057.jpg,p4,,gestos_p4_20260916-154654,57,C:\Users\Javier\PIDS_HandPose\kit-grabacion\HAR_mediapipe\data\gestos_p4_20260916-154654\train\rock\rock_00057.jpg
train,rock,rock_04058.jpg,p4,,gestos_p4_20260916-154654,58,C:\Users\Javier\PIDS_HandPose\kit-grabacion\HAR_mediapipe\data\gestos_p4_20260916-154654\train\rock\rock_00058.jpg
train,rock,rock_04059.jpg,p4,,gestos_p4_20260916-154654,59,C:\Users\Javier\PIDS_HandPose\kit-grabacion\HAR_mediapipe\data\gestos_p4_20260916-154654\train\rock\rock_00059.jpg
train,rock,rock_04060.jpg,p4,,gestos_p4_20260916-154654,60,C:\Users\Javier\PIDS_HandPose\kit-grabacion\HAR_mediapipe\data\gestos_p4_20260916-154654\train\rock\rock_00060.jpg
train,rock,rock_04061.jpg,p4,,gestos_p4_20260916-154654,61,C:\Users\Javier\PIDS_HandPose\kit-grabacion\HAR_mediapipe\data\gestos_p4_20260916-154654\train\rock\rock_00061.jpg
train,rock,rock_04062.jpg,p4,,gestos_p4_20260916-154654,62,C:\Users\Javier\PIDS_HandPose\kit-grabacion\HAR_mediapipe\data\gestos_p4_20260916-154654\train\rock\rock_00062.jpg
train,rock,rock_04063.jpg,p4,,gestos_p4_20260916-154654,63,C:\Users\Javier\PIDS_HandPose\kit-grabacion\HAR_mediapipe\data\gestos_p4_20260916-154654\train\rock\rock_00063.jpg
train,rock,rock_04064.jpg,p4,,gestos_p4_20260916-154654,64,C:\Users\Javier\PIDS_HandPose\kit-grabacion\HAR_mediapipe\data\gestos_p4_20260916-154654\train\rock\rock_00064.jpg
train,rock,rock_04065.jpg,p4,,gestos_p4_20260916-154654,65,C:\Users\Javier\PIDS_HandPose\kit-grabacion\HAR_mediapipe\data\gestos_p4_20260916-154654\train\rock\rock_00065.jpg
train,rock,rock_04066.jpg,p4,,gestos_p4_20260916-154654,66,C:\Users\Javier\PIDS_HandPose\kit-grabacion\HAR_mediapipe\data\gestos_p4_20260916-154654\train\rock\rock_00066.jpg
train,rock,rock_04067.jpg,p4,,gestos_p4_20260916-154654,67,C:\Users\Javier\PIDS_HandPose\kit-grabacion\HAR_mediapipe\data\gestos_p4_20260916-154654\train\rock\rock_00067.jpg
train,rock,rock_04068.jpg,p4,,gestos_p4_20260916-154654,68,C:\Users\Javier\PIDS_HandPose\kit-grabacion\HAR_mediapipe\data\gestos_p4_20260916-154654\train\rock\rock_00068.jpg
train,rock,rock_04069.jpg,p4,,gestos_p4_20260916-154654,69,C:\Users\Javier\PIDS_HandPose\kit-grabacion\HAR_mediapipe\data\gestos_p4_20260916-154654\train\rock\rock_00069.jpg
train,rock,rock_04070.jpg,p4,,gestos_p4_20260916-154654,70,C:\Users\Javier\PIDS_HandPose\kit-grabacion\HAR_mediapipe\data\gestos_p4_20260916-154654\train\rock\rock_00070.jpg
train,rockandroll,rockandroll_04001.jpg,p4,,gestos_p4_20260916-154654,1,C:\Users\Javier\PIDS_HandPose\kit-grabacion\HAR_mediapipe\data\gestos_p4_20260916-154654\train\rockandroll\rockandroll_00001.jpg
train,rockandroll,rockandroll_04002.jpg,p4,,gestos_p4_20260916-154654,2,C:\Users\Javier\PIDS_HandPose\kit-grabacion\HAR_mediapipe\data\gestos_p4_20260916-154654\train\rockandroll\rockandroll_00002.jpg
train,rockandroll,rockandroll_04003.jpg,p4,,gestos_p4_20260916-154654,3,C:\Users\Javier\PIDS_HandPose\kit-grabacion\HAR_mediapipe\data\gestos_p4_20260916-154654\train\rockandroll\rockandroll_00003.jpg
train,rockandroll,rockandroll_04004.jpg,p4,,gestos_p4_20260916-154654,4,C:\Users\Javier\PIDS_HandPose\kit-grabacion\HAR_mediapipe\data\gestos_p4_20260916-154654\train\rockandroll\rockandroll_00004.jpg
train,rockandroll,rockandroll_04005.jpg,p4,,gestos_p4_20260916-154654,5,C:\Users\Javier\PIDS_HandPose\kit-grabacion\HAR_mediapipe\data\gestos_p4_20260916-154654\train\rockandroll\rockandroll_00005.jpg
train,rockandroll,rockandroll_04006.jpg,p4,,gestos_p4_20260916-154654,6,C:\Users\Javier\PIDS_HandPose\kit-grabacion\HAR_mediapipe\data\gestos_p4_20260916-154654\train\rockandroll\rockandroll_00006.jpg
train,rockandroll,rockandroll_04007.jpg,p4,,gestos_p4_20260916-154654,7,C:\Users\Javier\PIDS_HandPose\kit-grabacion\HAR_mediapipe\data\gestos_p4_20260916-154654\train\rockandroll\rockandroll_00007.jpg
train,rockandroll,rockandroll_04008.jpg,p4,,gestos_p4_20260916-154654,8,C:\Users\Javier\PIDS_HandPose\kit-grabacion\HAR_mediapipe\data\gestos_p4_20260916-154654\train\rockandroll\rockandroll_00008.jpg
train,rockandroll,rockandroll_04009.jpg,p4,,gestos_p4_20260916-154654,9,C:\Users\Javier\PIDS_HandPose\kit-grabacion\HAR_mediapipe\data\gestos_p4_20260916-154654\train\rockandroll\rockandroll_00009.jpg
train,rockandroll,rockandroll_04010.jpg,p4,,gestos_p4_20260916-154654,10,C:\Users\Javier\PIDS_HandPose\kit-grabacion\HAR_mediapipe\data\gestos_p4_20260916-154654\train\rockandroll\rockandroll_00010.jpg
train,rockandroll,rockandroll_04011.jpg,p4,,gestos_p4_20260916-154654,11,C:\Users\Javier\PIDS_HandPose\kit-grabacion\HAR_mediapipe\data\gestos_p4_20260916-154654\train\rockandroll\rockandroll_00011.jpg
train,rockandroll,rockandroll_04012.jpg,p4,,gestos_p4_20260916-154654,12,C:\Users\Javier\PIDS_HandPose\kit-grabacion\HAR_mediapipe\data\gestos_p4_20260916-154654\train\rockandroll\rockandroll_00012.jpg
train,rockandroll,rockandroll_04013.jpg,p4,,gestos_p4_20260916-154654,13,C:\Users\Javier\PIDS_HandPose\kit-grabacion\HAR_mediapipe\data\gestos_p4_20260916-154654\train\rockandroll\rockandroll_00013.jpg
train,rockandroll,rockandroll_04014.jpg,p4,,gestos_p4_20260916-154654,14,C:\Users\Javier\PIDS_HandPose\kit-grabacion\HAR_mediapipe\data\gestos_p4_20260916-154654\train\rockandroll\rockandroll_00014.jpg
train,rockandroll,rockandroll_04015.jpg,p4,,gestos_p4_20260916-154654,15,C:\Users\Javier\PIDS_HandPose\kit-grabacion\HAR_mediapipe\data\gestos_p4_20260916-154654\train\rockandroll\rockandroll_00015.jpg
train,rockandroll,rockandroll_04016.jpg,p4,,gestos_p4_20260916-154654,16,C:\Users\Javier\PIDS_HandPose\kit-grabacion\HAR_mediapipe\data\gestos_p4_20260916-154654\train\rockandroll\rockandroll_00016.jpg
train,rockandroll,rockandroll_04017.jpg,p4,,gestos_p4_20260916-154654,17,C:\Users\Javier\PIDS_HandPose\kit-grabacion\HAR_mediapipe\data\gestos_p4_20260916-154654\train\rockandroll\rockandroll_00017.jpg
train,rockandroll,rockandroll_04018.jpg,p4,,gestos_p4_20260916-154654,18,C:\Users\Javier\PIDS_HandPose\kit-grabacion\HAR_mediapipe\data\gestos_p4_20260916-154654\train\rockandroll\rockandroll_00018.jpg
train,rockandroll,rockandroll_04019.jpg,p4,,gestos_p4_20260916-154654,19,C:\Users\Javier\PIDS_HandPose\kit-grabacion\HAR_mediapipe\data\gestos_p4_20260916-154654\train\rockandroll\rockandroll_00019.jpg
train,rockandroll,rockandroll_04020.jpg,p4,,gestos_p4_20260916-154654,20,C:\Users\Javier\PIDS_HandPose\kit-grabacion\HAR_mediapipe\data\gestos_p4_20260916-154654\train\rockandroll\rockandroll_00020.jpg
train,rockandroll,rockandroll_04021.jpg,p4,,gestos_p4_20260916-154654,21,C:\Users\Javier\PIDS_HandPose\kit-grabacion\HAR_mediapipe\data\gestos_p4_20260916-154654\train\rockandroll\rockandroll_00021.jpg
train,rockandroll,rockandroll_04022.jpg,p4,,gestos_p4_20260916-154654,22,C:\Users\Javier\PIDS_HandPose\kit-grabacion\HAR_mediapipe\data\gestos_p4_20260916-154654\train\rockandroll\rockandroll_00022.jpg
train,rockandroll,rockandroll_04023.jpg,p4,,gestos_p4_20260916-154654,23,C:\Users\Javier\PIDS_HandPose\kit-grabacion\HAR_mediapipe\data\gestos_p4_20260916-154654\train\rockandroll\rockandroll_00023.jpg
train,rockandroll,rockandroll_04024.jpg,p4,,gestos_p4_20260916-154654,24,C:\Users\Javier\PIDS_HandPose\kit-grabacion\HAR_mediapipe\data\gestos_p4_20260916-154654\train\rockandroll\rockandroll_00024.jpg
train,rockandroll,rockandroll_04025.jpg,p4,,gestos_p4_20260916-154654,25,C:\Users\Javier\PIDS_HandPose\kit-grabacion\HAR_mediapipe\data\gestos_p4_20260916-154654\train\rockandroll\rockandroll_00025.jpg
train,rockandroll,rockandroll_04026.jpg,p4,,gestos_p4_20260916-154654,26,C:\Users\Javier\PIDS_HandPose\kit-grabacion\HAR_mediapipe\data\gestos_p4_20260916-154654\train\rockandroll\rockandroll_00026.jpg
train,rockandroll,rockandroll_04027.jpg,p4,,gestos_p4_20260916-154654,27,C:\Users\Javier\PIDS_HandPose\kit-grabacion\HAR_mediapipe\data\gestos_p4_20260916-154654\train\rockandroll\rockandroll_00027.jpg
train,rockandroll,rockandroll_04028.jpg,p4,,gestos_p4_20260916-154654,28,C:\Users\Javier\PIDS_HandPose\kit-grabacion\HAR_mediapipe\data\gestos_p4_20260916-154654\train\rockandroll\rockandroll_00028.jpg
train,rockandroll,rockandroll_04029.jpg,p4,,gestos_p4_20260916-154654,29,C:\Users\Javier\PIDS_HandPose\kit-grabacion\HAR_mediapipe\data\gestos_p4_20260916-154654\train\rockandroll\rockandroll_00029.jpg
train,rockandroll,rockandroll_04030.jpg,p4,,gestos_p4_20260916-154654,30,C:\Users\Javier\PIDS_HandPose\kit-grabacion\HAR_mediapipe\data\gestos_p4_20260916-154654\train\rockandroll\rockandroll_00030.jpg
train,rockandroll,rockandroll_04031.jpg,p4,,gestos_p4_20260916-154654,31,C:\Users\Javier\PIDS_HandPose\kit-grabacion\HAR_mediapipe\data\gestos_p4_20260916-154654\train\rockandroll\rockandroll_00031.jpg
train,rockandroll,rockandroll_04032.jpg,p4,,gestos_p4_20260916-154654,32,C:\Users\Javier\PIDS_HandPose\kit-grabacion\HAR_mediapipe\data\gestos_p4_20260916-154654\train\rockandroll\rockandroll_00032.jpg
train,rockandroll,rockandroll_04033.jpg,p4,,gestos_p4_20260916-154654,33,C:\Users\Javier\PIDS_HandPose\kit-grabacion\HAR_mediapipe\data\gestos_p4_20260916-154654\train\rockandroll\rockandroll_00033.jpg
train,rockandroll,rockandroll_04034.jpg,p4,,gestos_p4_20260916-154654,34,C:\Users\Javier\PIDS_HandPose\kit-grabacion\HAR_mediapipe\data\gestos_p4_20260916-154654\train\rockandroll\rockandroll_00034.jpg
train,rockandroll,rockandroll_04035.jpg,p4,,gestos_p4_20260916-154654,35,C:\Users\Javier\PIDS_HandPose\kit-grabacion\HAR_mediapipe\data\gestos_p4_20260916-154654\train\rockandroll\rockandroll_00035.jpg
train,rockandroll,rockandroll_04036.jpg,p4,,gestos_p4_20260916-154654,36,C:\Users\Javier\PIDS_HandPose\kit-grabacion\HAR_mediapipe\data\gestos_p4_20260916-154654\train\rockandroll\rockandroll_00036.jpg
train,rockandroll,rockandroll_04037.jpg,p4,,gestos_p4_20260916-154654,37,C:\Users\Javier\PIDS_HandPose\kit-grabacion\HAR_mediapipe\data\gestos_p4_20260916-154654\train\rockandroll\rockandroll_00037.jpg
train,rockandroll,rockandroll_04038.jpg,p4,,gestos_p4_20260916-154654,38,C:\Users\Javier\PIDS_HandPose\kit-grabacion\HAR_mediapipe\data\gestos_p4_20260916-154654\train\rockandroll\rockandroll_00038.jpg
train,rockandroll,rockandroll_04039.jpg,p4,,gestos_p4_20260916-154654,39,C:\Users\Javier\PIDS_HandPose\kit-grabacion\HAR_mediapipe\data\gestos_p4_20260916-154654\train\rockandroll\rockandroll_00039.jpg
train,rockandroll,rockandroll_04040.jpg,p4,,gestos_p4_20260916-154654,40,C:\Users\Javier\PIDS_HandPose\kit-grabacion\HAR_mediapipe\data\gestos_p4_20260916-154654\train\rockandroll\rockandroll_00040.jpg
train,rockandroll,rockandroll_04041.jpg,p4,,gestos_p4_20260916-154654,41,C:\Users\Javier\PIDS_HandPose\kit-grabacion\HAR_mediapipe\data\gestos_p4_20260916-154654\train\rockandroll\rockandroll_00041.jpg
train,rockandroll,rockandroll_04042.jpg,p4,,gestos_p4_20260916-154654,42,C:\Users\Javier\PIDS_HandPose\kit-grabacion\HAR_mediapipe\data\gestos_p4_20260916-154654\train\rockandroll\rockandroll_00042.jpg
train,rockandroll,rockandroll_04043.jpg,p4,,gestos_p4_20260916-154654,43,C:\Users\Javier\PIDS_HandPose\kit-grabacion\HAR_mediapipe\data\gestos_p4_20260916-154654\train\rockandroll\rockandroll_00043.jpg
train,rockandroll,rockandroll_04044.jpg,p4,,gestos_p4_20260916-154654,44,C:\Users\Javier\PIDS_HandPose\kit-grabacion\HAR_mediapipe\data\gestos_p4_20260916-154654\train\rockandroll\rockandroll_00044.jpg
train,rockandroll,rockandroll_04045.jpg,p4,,gestos_p4_20260916-154654,45,C:\Users\Javier\PIDS_HandPose\kit-grabacion\HAR_mediapipe\data\gestos_p4_20260916-154654\train\rockandroll\rockandroll_00045.jpg
train,rockandroll,rockandroll_04046.jpg,p4,,gestos_p4_20260916-154654,46,C:\Users\Javier\PIDS_HandPose\kit-grabacion\HAR_mediapipe\data\gestos_p4_20260916-154654\train\rockandroll\rockandroll_00046.jpg
train,rockandroll,rockandroll_04047.jpg,p4,,gestos_p4_20260916-154654,47,C:\Users\Javier\PIDS_HandPose\kit-grabacion\HAR_mediapipe\data\gestos_p4_20260916-154654\train\rockandroll\rockandroll_00047.jpg
train,rockandroll,rockandroll_04048.jpg,p4,,gestos_p4_20260916-154654,48,C:\Users\Javier\PIDS_HandPose\kit-grabacion\HAR_mediapipe\data\gestos_p4_20260916-154654\train\rockandroll\rockandroll_00048.jpg
train,rockandroll,rockandroll_04049.jpg,p4,,gestos_p4_20260916-154654,49,C:\Users\Javier\PIDS_HandPose\kit-grabacion\HAR_mediapipe\data\gestos_p4_20260916-154654\train\rockandroll\rockandroll_00049.jpg
train,rockandroll,rockandroll_04050.jpg,p4,,gestos_p4_20260916-154654,50,C:\Users\Javier\PIDS_HandPose\kit-grabacion\HAR_mediapipe\data\gestos_p4_20260916-154654\train\rockandroll\rockandroll_00050.jpg
train,rockandroll,rockandroll_04051.jpg,p4,,gestos_p4_20260916-154654,51,C:\Users\Javier\PIDS_HandPose\kit-grabacion\HAR_mediapipe\data\gestos_p4_20260916-154654\train\rockandroll\rockandroll_00051.jpg
train,rockandroll,rockandroll_04052.jpg,p4,,gestos_p4_20260916-154654,52,C:\Users\Javier\PIDS_HandPose\kit-grabacion\HAR_mediapipe\data\gestos_p4_20260916-154654\train\rockandroll\rockandroll_00052.jpg
train,rockandroll,rockandroll_04053.jpg,p4,,gestos_p4_20260916-154654,53,C:\Users\Javier\PIDS_HandPose\kit-grabacion\HAR_mediapipe\data\gestos_p4_20260916-154654\train\rockandroll\rockandroll_00053.jpg
train,rockandroll,rockandroll_04054.jpg,p4,,gestos_p4_20260916-154654,54,C:\Users\Javier\PIDS_HandPose\kit-grabacion\HAR_mediapipe\data\gestos_p4_20260916-154654\train\rockandroll\rockandroll_00054.jpg
train,rockandroll,rockandroll_04055.jpg,p4,,gestos_p4_20260916-154654,55,C:\Users\Javier\PIDS_HandPose\kit-grabacion\HAR_mediapipe\data\gestos_p4_20260916-154654\train\rockandroll\rockandroll_00055.jpg
train,rockandroll,rockandroll_04056.jpg,p4,,gestos_p4_20260916-154654,56,C:\Users\Javier\PIDS_HandPose\kit-grabacion\HAR_mediapipe\data\gestos_p4_20260916-154654\train\rockandroll\rockandroll_00056.jpg
train,rockandroll,rockandroll_04057.jpg,p4,,gestos_p4_20260916-154654,57,C:\Users\Javier\PIDS_HandPose\kit-grabacion\HAR_mediapipe\data\gestos_p4_20260916-154654\train\rockandroll\rockandroll_00057.jpg
train,rockandroll,rockandroll_04058.jpg,p4,,gestos_p4_20260916-154654,58,C:\Users\Javier\PIDS_HandPose\kit-grabacion\HAR_mediapipe\data\gestos_p4_20260916-154654\train\rockandroll\rockandroll_00058.jpg
train,rockandroll,rockandroll_04059.jpg,p4,,gestos_p4_20260916-154654,59,C:\Users\Javier\PIDS_HandPose\kit-grabacion\HAR_mediapipe\data\gestos_p4_20260916-154654\train\rockandroll\rockandroll_00059.jpg
train,rockandroll,rockandroll_04060.jpg,p4,,gestos_p4_20260916-154654,60,C:\Users\Javier\PIDS_HandPose\kit-grabacion\HAR_mediapipe\data\gestos_p4_20260916-154654\train\rockandroll\rockandroll_00060.jpg
train,rockandroll,rockandroll_04061.jpg,p4,,gestos_p4_20260916-154654,61,C:\Users\Javier\PIDS_HandPose\kit-grabacion\HAR_mediapipe\data\gestos_p4_20260916-154654\train\rockandroll\rockandroll_00061.jpg
train,rockandroll,rockandroll_04062.jpg,p4,,gestos_p4_20260916-154654,62,C:\Users\Javier\PIDS_HandPose\kit-grabacion\HAR_mediapipe\data\gestos_p4_20260916-154654\train\rockandroll\rockandroll_00062.jpg
train,rockandroll,rockandroll_04063.jpg,p4,,gestos_p4_20260916-154654,63,C:\Users\Javier\PIDS_HandPose\kit-grabacion\HAR_mediapipe\data\gestos_p4_20260916-154654\train\rockandroll\rockandroll_00063.jpg
train,rockandroll,rockandroll_04064.jpg,p4,,gestos_p4_20260916-154654,64,C:\Users\Javier\PIDS_HandPose\kit-grabacion\HAR_mediapipe\data\gestos_p4_20260916-154654\train\rockandroll\rockandroll_00064.jpg
train,rockandroll,rockandroll_04065.jpg,p4,,gestos_p4_20260916-154654,65,C:\Users\Javier\PIDS_HandPose\kit-grabacion\HAR_mediapipe\data\gestos_p4_20260916-154654\train\rockandroll\rockandroll_00065.jpg
train,rockandroll,rockandroll_04066.jpg,p4,,gestos_p4_20260916-154654,66,C:\Users\Javier\PIDS_HandPose\kit-grabacion\HAR_mediapipe\data\gestos_p4_20260916-154654\train\rockandroll\rockandroll_00066.jpg
train,rockandroll,rockandroll_04067.jpg,p4,,gestos_p4_20260916-154654,67,C:\Users\Javier\PIDS_HandPose\kit-grabacion\HAR_mediapipe\data\gestos_p4_20260916-154654\train\rockandroll\rockandroll_00067.jpg
train,rockandroll,rockandroll_04068.jpg,p4,,gestos_p4_20260916-154654,68,C:\Users\Javier\PIDS_HandPose\kit-grabacion\HAR_mediapipe\data\gestos_p4_20260916-154654\train\rockandroll\rockandroll_00068.jpg
train,rockandroll,rockandroll_04069.jpg,p4,,gestos_p4_20260916-154654,69,C:\Users\Javier\PIDS_HandPose\kit-grabacion\HAR_mediapipe\data\gestos_p4_20260916-154654\train\rockandroll\rockandroll_00069.jpg
train,rockandroll,rockandroll_04070.jpg,p4,,gestos_p4_20260916-154654,70,C:\Users\Javier\PIDS_HandPose\kit-grabacion\HAR_mediapipe\data\gestos_p4_20260916-154654\train\rockandroll\rockandroll_00070.jpg
train,scissors,scissors_04001.jpg,p4,,gestos_p4_20260916-154654,1,C:\Users\Javier\PIDS_HandPose\kit-grabacion\HAR_mediapipe\data\gestos_p4_20260916-154654\train\scissors\scissors_00001.jpg
train,scissors,scissors_04002.jpg,p4,,gestos_p4_20260916-154654,2,C:\Users\Javier\PIDS_HandPose\kit-grabacion\HAR_mediapipe\data\gestos_p4_20260916-154654\train\scissors\scissors_00002.jpg
train,scissors,scissors_04003.jpg,p4,,gestos_p4_20260916-154654,3,C:\Users\Javier\PIDS_HandPose\kit-grabacion\HAR_mediapipe\data\gestos_p4_20260916-154654\train\scissors\scissors_00003.jpg
train,scissors,scissors_04004.jpg,p4,,gestos_p4_20260916-154654,4,C:\Users\Javier\PIDS_HandPose\kit-grabacion\HAR_mediapipe\data\gestos_p4_20260916-154654\train\scissors\scissors_00004.jpg
train,scissors,scissors_04005.jpg,p4,,gestos_p4_20260916-154654,5,C:\Users\Javier\PIDS_HandPose\kit-grabacion\HAR_mediapipe\data\gestos_p4_20260916-154654\train\scissors\scissors_00005.jpg
train,scissors,scissors_04006.jpg,p4,,gestos_p4_20260916-154654,6,C:\Users\Javier\PIDS_HandPose\kit-grabacion\HAR_mediapipe\data\gestos_p4_20260916-154654\train\scissors\scissors_00006.jpg
train,scissors,scissors_04007.jpg,p4,,gestos_p4_20260916-154654,7,C:\Users\Javier\PIDS_HandPose\kit-grabacion\HAR_mediapipe\data\gestos_p4_20260916-154654\train\scissors\scissors_00007.jpg
train,scissors,scissors_04008.jpg,p4,,gestos_p4_20260916-154654,8,C:\Users\Javier\PIDS_HandPose\kit-grabacion\HAR_mediapipe\data\gestos_p4_20260916-154654\train\scissors\scissors_00008.jpg
train,scissors,scissors_04009.jpg,p4,,gestos_p4_20260916-154654,9,C:\Users\Javier\PIDS_HandPose\kit-grabacion\HAR_mediapipe\data\gestos_p4_20260916-154654\train\scissors\scissors_00009.jpg
train,scissors,scissors_04010.jpg,p4,,gestos_p4_20260916-154654,10,C:\Users\Javier\PIDS_HandPose\kit-grabacion\HAR_mediapipe\data\gestos_p4_20260916-154654\train\scissors\scissors_00010.jpg
train,scissors,scissors_04011.jpg,p4,,gestos_p4_20260916-154654,11,C:\Users\Javier\PIDS_HandPose\kit-grabacion\HAR_mediapipe\data\gestos_p4_20260916-154654\train\scissors\scissors_00011.jpg
train,scissors,scissors_04012.jpg,p4,,gestos_p4_20260916-154654,12,C:\Users\Javier\PIDS_HandPose\kit-grabacion\HAR_mediapipe\data\gestos_p4_20260916-154654\train\scissors\scissors_00012.jpg
train,scissors,scissors_04013.jpg,p4,,gestos_p4_20260916-154654,13,C:\Users\Javier\PIDS_HandPose\kit-grabacion\HAR_mediapipe\data\gestos_p4_20260916-154654\train\scissors\scissors_00013.jpg
train,scissors,scissors_04014.jpg,p4,,gestos_p4_20260916-154654,14,C:\Users\Javier\PIDS_HandPose\kit-grabacion\HAR_mediapipe\data\gestos_p4_20260916-154654\train\scissors\scissors_00014.jpg
train,scissors,scissors_04015.jpg,p4,,gestos_p4_20260916-154654,15,C:\Users\Javier\PIDS_HandPose\kit-grabacion\HAR_mediapipe\data\gestos_p4_20260916-154654\train\scissors\scissors_00015.jpg
train,scissors,scissors_04016.jpg,p4,,gestos_p4_20260916-154654,16,C:\Users\Javier\PIDS_HandPose\kit-grabacion\HAR_mediapipe\data\gestos_p4_20260916-154654\train\scissors\scissors_00016.jpg
train,scissors,scissors_04017.jpg,p4,,gestos_p4_20260916-154654,17,C:\Users\Javier\PIDS_HandPose\kit-grabacion\HAR_mediapipe\data\gestos_p4_20260916-154654\train\scissors\scissors_00017.jpg
train,scissors,scissors_04018.jpg,p4,,gestos_p4_20260916-154654,18,C:\Users\Javier\PIDS_HandPose\kit-grabacion\HAR_mediapipe\data\gestos_p4_20260916-154654\train\scissors\scissors_00018.jpg
train,scissors,scissors_04019.jpg,p4,,gestos_p4_20260916-154654,19,C:\Users\Javier\PIDS_HandPose\kit-grabacion\HAR_mediapipe\data\gestos_p4_20260916-154654\train\scissors\scissors_00019.jpg
train,scissors,scissors_04020.jpg,p4,,gestos_p4_20260916-154654,20,C:\Users\Javier\PIDS_HandPose\kit-grabacion\HAR_mediapipe\data\gestos_p4_20260916-154654\train\scissors\scissors_00020.jpg
train,scissors,scissors_04021.jpg,p4,,gestos_p4_20260916-154654,21,C:\Users\Javier\PIDS_HandPose\kit-grabacion\HAR_mediapipe\data\gestos_p4_20260916-154654\train\scissors\scissors_00021.jpg
train,scissors,scissors_04022.jpg,p4,,gestos_p4_20260916-154654,22,C:\Users\Javier\PIDS_HandPose\kit-grabacion\HAR_mediapipe\data\gestos_p4_20260916-154654\train\scissors\scissors_00022.jpg
train,scissors,scissors_04023.jpg,p4,,gestos_p4_20260916-154654,23,C:\Users\Javier\PIDS_HandPose\kit-grabacion\HAR_mediapipe\data\gestos_p4_20260916-154654\train\scissors\scissors_00023.jpg
train,scissors,scissors_04024.jpg,p4,,gestos_p4_20260916-154654,24,C:\Users\Javier\PIDS_HandPose\kit-grabacion\HAR_mediapipe\data\gestos_p4_20260916-154654\train\scissors\scissors_00024.jpg
train,scissors,scissors_04025.jpg,p4,,gestos_p4_20260916-154654,25,C:\Users\Javier\PIDS_HandPose\kit-grabacion\HAR_mediapipe\data\gestos_p4_20260916-154654\train\scissors\scissors_00025.jpg
train,scissors,scissors_04026.jpg,p4,,gestos_p4_20260916-154654,26,C:\Users\Javier\PIDS_HandPose\kit-grabacion\HAR_mediapipe\data\gestos_p4_20260916-154654\train\scissors\scissors_00026.jpg
train,scissors,scissors_04027.jpg,p4,,gestos_p4_20260916-154654,27,C:\Users\Javier\PIDS_HandPose\kit-grabacion\HAR_mediapipe\data\gestos_p4_20260916-154654\train\scissors\scissors_00027.jpg
train,scissors,scissors_04028.jpg,p4,,gestos_p4_20260916-154654,28,C:\Users\Javier\PIDS_HandPose\kit-grabacion\HAR_mediapipe\data\gestos_p4_20260916-154654\train\scissors\scissors_00028.jpg
train,scissors,scissors_04029.jpg,p4,,gestos_p4_20260916-154654,29,C:\Users\Javier\PIDS_HandPose\kit-grabacion\HAR_mediapipe\data\gestos_p4_20260916-154654\train\scissors\scissors_00029.jpg
train,scissors,scissors_04030.jpg,p4,,gestos_p4_20260916-154654,30,C:\Users\Javier\PIDS_HandPose\kit-grabacion\HAR_mediapipe\data\gestos_p4_20260916-154654\train\scissors\scissors_00030.jpg
train,scissors,scissors_04031.jpg,p4,,gestos_p4_20260916-154654,31,C:\Users\Javier\PIDS_HandPose\kit-grabacion\HAR_mediapipe\data\gestos_p4_20260916-154654\train\scissors\scissors_00031.jpg
train,scissors,scissors_04032.jpg,p4,,gestos_p4_20260916-154654,32,C:\Users\Javier\PIDS_HandPose\kit-grabacion\HAR_mediapipe\data\gestos_p4_20260916-154654\train\scissors\scissors_00032.jpg
train,scissors,scissors_04033.jpg,p4,,gestos_p4_20260916-154654,33,C:\Users\Javier\PIDS_HandPose\kit-grabacion\HAR_mediapipe\data\gestos_p4_20260916-154654\train\scissors\scissors_00033.jpg
train,scissors,scissors_04034.jpg,p4,,gestos_p4_20260916-154654,34,C:\Users\Javier\PIDS_HandPose\kit-grabacion\HAR_mediapipe\data\gestos_p4_20260916-154654\train\scissors\scissors_00034.jpg
train,scissors,scissors_04035.jpg,p4,,gestos_p4_20260916-154654,35,C:\Users\Javier\PIDS_HandPose\kit-grabacion\HAR_mediapipe\data\gestos_p4_20260916-154654\train\scissors\scissors_00035.jpg
train,scissors,scissors_04036.jpg,p4,,gestos_p4_20260916-154654,36,C:\Users\Javier\PIDS_HandPose\kit-grabacion\HAR_mediapipe\data\gestos_p4_20260916-154654\train\scissors\scissors_00036.jpg
train,scissors,scissors_04037.jpg,p4,,gestos_p4_20260916-154654,37,C:\Users\Javier\PIDS_HandPose\kit-grabacion\HAR_mediapipe\data\gestos_p4_20260916-154654\train\scissors\scissors_00037.jpg
train,scissors,scissors_04038.jpg,p4,,gestos_p4_20260916-154654,38,C:\Users\Javier\PIDS_HandPose\kit-grabacion\HAR_mediapipe\data\gestos_p4_20260916-154654\train\scissors\scissors_00038.jpg
train,scissors,scissors_04039.jpg,p4,,gestos_p4_20260916-154654,39,C:\Users\Javier\PIDS_HandPose\kit-grabacion\HAR_mediapipe\data\gestos_p4_20260916-154654\train\scissors\scissors_00039.jpg
train,scissors,scissors_04040.jpg,p4,,gestos_p4_20260916-154654,40,C:\Users\Javier\PIDS_HandPose\kit-grabacion\HAR_mediapipe\data\gestos_p4_20260916-154654\train\scissors\scissors_00040.jpg
train,scissors,scissors_04041.jpg,p4,,gestos_p4_20260916-154654,41,C:\Users\Javier\PIDS_HandPose\kit-grabacion\HAR_mediapipe\data\gestos_p4_20260916-154654\train\scissors\scissors_00041.jpg
train,scissors,scissors_04042.jpg,p4,,gestos_p4_20260916-154654,42,C:\Users\Javier\PIDS_HandPose\kit-grabacion\HAR_mediapipe\data\gestos_p4_20260916-154654\train\scissors\scissors_00042.jpg
train,scissors,scissors_04043.jpg,p4,,gestos_p4_20260916-154654,43,C:\Users\Javier\PIDS_HandPose\kit-grabacion\HAR_mediapipe\data\gestos_p4_20260916-154654\train\scissors\scissors_00043.jpg
train,scissors,scissors_04044.jpg,p4,,gestos_p4_20260916-154654,44,C:\Users\Javier\PIDS_HandPose\kit-grabacion\HAR_mediapipe\data\gestos_p4_20260916-154654\train\scissors\scissors_00044.jpg
train,scissors,scissors_04045.jpg,p4,,gestos_p4_20260916-154654,45,C:\Users\Javier\PIDS_HandPose\kit-grabacion\HAR_mediapipe\data\gestos_p4_20260916-154654\train\scissors\scissors_00045.jpg
train,scissors,scissors_04046.jpg,p4,,gestos_p4_20260916-154654,46,C:\Users\Javier\PIDS_HandPose\kit-grabacion\HAR_mediapipe\data\gestos_p4_20260916-154654\train\scissors\scissors_00046.jpg
train,scissors,scissors_04047.jpg,p4,,gestos_p4_20260916-154654,47,C:\Users\Javier\PIDS_HandPose\kit-grabacion\HAR_mediapipe\data\gestos_p4_20260916-154654\train\scissors\scissors_00047.jpg
train,scissors,scissors_04048.jpg,p4,,gestos_p4_20260916-154654,48,C:\Users\Javier\PIDS_HandPose\kit-grabacion\HAR_mediapipe\data\gestos_p4_20260916-154654\train\scissors\scissors_00048.jpg
train,scissors,scissors_04049.jpg,p4,,gestos_p4_20260916-154654,49,C:\Users\Javier\PIDS_HandPose\kit-grabacion\HAR_mediapipe\data\gestos_p4_20260916-154654\train\scissors\scissors_00049.jpg
train,scissors,scissors_04050.jpg,p4,,gestos_p4_20260916-154654,50,C:\Users\Javier\PIDS_HandPose\kit-grabacion\HAR_mediapipe\data\gestos_p4_20260916-154654\train\scissors\scissors_00050.jpg
train,scissors,scissors_04051.jpg,p4,,gestos_p4_20260916-154654,51,C:\Users\Javier\PIDS_HandPose\kit-grabacion\HAR_mediapipe\data\gestos_p4_20260916-154654\train\scissors\scissors_00051.jpg
train,scissors,scissors_04052.jpg,p4,,gestos_p4_20260916-154654,52,C:\Users\Javier\PIDS_HandPose\kit-grabacion\HAR_mediapipe\data\gestos_p4_20260916-154654\train\scissors\scissors_00052.jpg
train,scissors,scissors_04053.jpg,p4,,gestos_p4_20260916-154654,53,C:\Users\Javier\PIDS_HandPose\kit-grabacion\HAR_mediapipe\data\gestos_p4_20260916-154654\train\scissors\scissors_00053.jpg
train,scissors,scissors_04054.jpg,p4,,gestos_p4_20260916-154654,54,C:\Users\Javier\PIDS_HandPose\kit-grabacion\HAR_mediapipe\data\gestos_p4_20260916-154654\train\scissors\scissors_00054.jpg
train,scissors,scissors_04055.jpg,p4,,gestos_p4_20260916-154654,55,C:\Users\Javier\PIDS_HandPose\kit-grabacion\HAR_mediapipe\data\gestos_p4_20260916-154654\train\scissors\scissors_00055.jpg
train,scissors,scissors_04056.jpg,p4,,gestos_p4_20260916-154654,56,C:\Users\Javier\PIDS_HandPose\kit-grabacion\HAR_mediapipe\data\gestos_p4_20260916-154654\train\scissors\scissors_00056.jpg
train,scissors,scissors_04057.jpg,p4,,gestos_p4_20260916-154654,57,C:\Users\Javier\PIDS_HandPose\kit-grabacion\HAR_mediapipe\data\gestos_p4_20260916-154654\train\scissors\scissors_00057.jpg
train,scissors,scissors_04058.jpg,p4,,gestos_p4_20260916-154654,58,C:\Users\Javier\PIDS_HandPose\kit-grabacion\HAR_mediapipe\data\gestos_p4_20260916-154654\train\scissors\scissors_00058.jpg
train,scissors,scissors_04059.jpg,p4,,gestos_p4_20260916-154654,59,C:\Users\Javier\PIDS_HandPose\kit-grabacion\HAR_mediapipe\data\gestos_p4_20260916-154654\train\scissors\scissors_00059.jpg
train,scissors,scissors_04060.jpg,p4,,gestos_p4_20260916-154654,60,C:\Users\Javier\PIDS_HandPose\kit-grabacion\HAR_mediapipe\data\gestos_p4_20260916-154654\train\scissors\scissors_00060.jpg
train,scissors,scissors_04061.jpg,p4,,gestos_p4_20260916-154654,61,C:\Users\Javier\PIDS_HandPose\kit-grabacion\HAR_mediapipe\data\gestos_p4_20260916-154654\train\scissors\scissors_00061.jpg
train,scissors,scissors_04062.jpg,p4,,gestos_p4_20260916-154654,62,C:\Users\Javier\PIDS_HandPose\kit-grabacion\HAR_mediapipe\data\gestos_p4_20260916-154654\train\scissors\scissors_00062.jpg
train,scissors,scissors_04063.jpg,p4,,gestos_p4_20260916-154654,63,C:\Users\Javier\PIDS_HandPose\kit-grabacion\HAR_mediapipe\data\gestos_p4_20260916-154654\train\scissors\scissors_00063.jpg
train,scissors,scissors_04064.jpg,p4,,gestos_p4_20260916-154654,64,C:\Users\Javier\PIDS_HandPose\kit-grabacion\HAR_mediapipe\data\gestos_p4_20260916-154654\train\scissors\scissors_00064.jpg
train,scissors,scissors_04065.jpg,p4,,gestos_p4_20260916-154654,65,C:\Users\Javier\PIDS_HandPose\kit-grabacion\HAR_mediapipe\data\gestos_p4_20260916-154654\train\scissors\scissors_00065.jpg
train,scissors,scissors_04066.jpg,p4,,gestos_p4_20260916-154654,66,C:\Users\Javier\PIDS_HandPose\kit-grabacion\HAR_mediapipe\data\gestos_p4_20260916-154654\train\scissors\scissors_00066.jpg
train,scissors,scissors_04067.jpg,p4,,gestos_p4_20260916-154654,67,C:\Users\Javier\PIDS_HandPose\kit-grabacion\HAR_mediapipe\data\gestos_p4_20260916-154654\train\scissors\scissors_00067.jpg
train,scissors,scissors_04068.jpg,p4,,gestos_p4_20260916-154654,68,C:\Users\Javier\PIDS_HandPose\kit-grabacion\HAR_mediapipe\data\gestos_p4_20260916-154654\train\scissors\scissors_00068.jpg
train,scissors,scissors_04069.jpg,p4,,gestos_p4_20260916-154654,69,C:\Users\Javier\PIDS_HandPose\kit-grabacion\HAR_mediapipe\data\gestos_p4_20260916-154654\train\scissors\scissors_00069.jpg
train,scissors,scissors_04070.jpg,p4,,gestos_p4_20260916-154654,70,C:\Users\Javier\PIDS_HandPose\kit-grabacion\HAR_mediapipe\data\gestos_p4_20260916-154654\train\scissors\scissors_00070.jpg
train,thumbsup,thumbsup_04001.jpg,p4,,gestos_p4_20260916-154654,1,C:\Users\Javier\PIDS_HandPose\kit-grabacion\HAR_mediapipe\data\gestos_p4_20260916-154654\train\thumbsup\thumbsup_00001.jpg
train,thumbsup,thumbsup_04002.jpg,p4,,gestos_p4_20260916-154654,2,C:\Users\Javier\PIDS_HandPose\kit-grabacion\HAR_mediapipe\data\gestos_p4_20260916-154654\train\thumbsup\thumbsup_00002.jpg
train,thumbsup,thumbsup_04003.jpg,p4,,gestos_p4_20260916-154654,3,C:\Users\Javier\PIDS_HandPose\kit-grabacion\HAR_mediapipe\data\gestos_p4_20260916-154654\train\thumbsup\thumbsup_00003.jpg
train,thumbsup,thumbsup_04004.jpg,p4,,gestos_p4_20260916-154654,4,C:\Users\Javier\PIDS_HandPose\kit-grabacion\HAR_mediapipe\data\gestos_p4_20260916-154654\train\thumbsup\thumbsup_00004.jpg
train,thumbsup,thumbsup_04005.jpg,p4,,gestos_p4_20260916-154654,5,C:\Users\Javier\PIDS_HandPose\kit-grabacion\HAR_mediapipe\data\gestos_p4_20260916-154654\train\thumbsup\thumbsup_00005.jpg
train,thumbsup,thumbsup_04006.jpg,p4,,gestos_p4_20260916-154654,6,C:\Users\Javier\PIDS_HandPose\kit-grabacion\HAR_mediapipe\data\gestos_p4_20260916-154654\train\thumbsup\thumbsup_00006.jpg
train,thumbsup,thumbsup_04007.jpg,p4,,gestos_p4_20260916-154654,7,C:\Users\Javier\PIDS_HandPose\kit-grabacion\HAR_mediapipe\data\gestos_p4_20260916-154654\train\thumbsup\thumbsup_00007.jpg
train,thumbsup,thumbsup_04008.jpg,p4,,gestos_p4_20260916-154654,8,C:\Users\Javier\PIDS_HandPose\kit-grabacion\HAR_mediapipe\data\gestos_p4_20260916-154654\train\thumbsup\thumbsup_00008.jpg
train,thumbsup,thumbsup_04009.jpg,p4,,gestos_p4_20260916-154654,9,C:\Users\Javier\PIDS_HandPose\kit-grabacion\HAR_mediapipe\data\gestos_p4_20260916-154654\train\thumbsup\thumbsup_00009.jpg
train,thumbsup,thumbsup_04010.jpg,p4,,gestos_p4_20260916-154654,10,C:\Users\Javier\PIDS_HandPose\kit-grabacion\HAR_mediapipe\data\gestos_p4_20260916-154654\train\thumbsup\thumbsup_00010.jpg
train,thumbsup,thumbsup_04011.jpg,p4,,gestos_p4_20260916-154654,11,C:\Users\Javier\PIDS_HandPose\kit-grabacion\HAR_mediapipe\data\gestos_p4_20260916-154654\train\thumbsup\thumbsup_00011.jpg
train,thumbsup,thumbsup_04012.jpg,p4,,gestos_p4_20260916-154654,12,C:\Users\Javier\PIDS_HandPose\kit-grabacion\HAR_mediapipe\data\gestos_p4_20260916-154654\train\thumbsup\thumbsup_00012.jpg
train,thumbsup,thumbsup_04013.jpg,p4,,gestos_p4_20260916-154654,13,C:\Users\Javier\PIDS_HandPose\kit-grabacion\HAR_mediapipe\data\gestos_p4_20260916-154654\train\thumbsup\thumbsup_00013.jpg
train,thumbsup,thumbsup_04014.jpg,p4,,gestos_p4_20260916-154654,14,C:\Users\Javier\PIDS_HandPose\kit-grabacion\HAR_mediapipe\data\gestos_p4_20260916-154654\train\thumbsup\thumbsup_00014.jpg
train,thumbsup,thumbsup_04015.jpg,p4,,gestos_p4_20260916-154654,15,C:\Users\Javier\PIDS_HandPose\kit-grabacion\HAR_mediapipe\data\gestos_p4_20260916-154654\train\thumbsup\thumbsup_00015.jpg
train,thumbsup,thumbsup_04016.jpg,p4,,gestos_p4_20260916-154654,16,C:\Users\Javier\PIDS_HandPose\kit-grabacion\HAR_mediapipe\data\gestos_p4_20260916-154654\train\thumbsup\thumbsup_00016.jpg
train,thumbsup,thumbsup_04017.jpg,p4,,gestos_p4_20260916-154654,17,C:\Users\Javier\PIDS_HandPose\kit-grabacion\HAR_mediapipe\data\gestos_p4_20260916-154654\train\thumbsup\thumbsup_00017.jpg
train,thumbsup,thumbsup_04018.jpg,p4,,gestos_p4_20260916-154654,18,C:\Users\Javier\PIDS_HandPose\kit-grabacion\HAR_mediapipe\data\gestos_p4_20260916-154654\train\thumbsup\thumbsup_00018.jpg
train,thumbsup,thumbsup_04019.jpg,p4,,gestos_p4_20260916-154654,19,C:\Users\Javier\PIDS_HandPose\kit-grabacion\HAR_mediapipe\data\gestos_p4_20260916-154654\train\thumbsup\thumbsup_00019.jpg
train,thumbsup,thumbsup_04020.jpg,p4,,gestos_p4_20260916-154654,20,C:\Users\Javier\PIDS_HandPose\kit-grabacion\HAR_mediapipe\data\gestos_p4_20260916-154654\train\thumbsup\thumbsup_00020.jpg
train,thumbsup,thumbsup_04021.jpg,p4,,gestos_p4_20260916-154654,21,C:\Users\Javier\PIDS_HandPose\kit-grabacion\HAR_mediapipe\data\gestos_p4_20260916-154654\train\thumbsup\thumbsup_00021.jpg
train,thumbsup,thumbsup_04022.jpg,p4,,gestos_p4_20260916-154654,22,C:\Users\Javier\PIDS_HandPose\kit-grabacion\HAR_mediapipe\data\gestos_p4_20260916-154654\train\thumbsup\thumbsup_00022.jpg
train,thumbsup,thumbsup_04023.jpg,p4,,gestos_p4_20260916-154654,23,C:\Users\Javier\PIDS_HandPose\kit-grabacion\HAR_mediapipe\data\gestos_p4_20260916-154654\train\thumbsup\thumbsup_00023.jpg
train,thumbsup,thumbsup_04024.jpg,p4,,gestos_p4_20260916-154654,24,C:\Users\Javier\PIDS_HandPose\kit-grabacion\HAR_mediapipe\data\gestos_p4_20260916-154654\train\thumbsup\thumbsup_00024.jpg
train,thumbsup,thumbsup_04025.jpg,p4,,gestos_p4_20260916-154654,25,C:\Users\Javier\PIDS_HandPose\kit-grabacion\HAR_mediapipe\data\gestos_p4_20260916-154654\train\thumbsup\thumbsup_00025.jpg
train,thumbsup,thumbsup_04026.jpg,p4,,gestos_p4_20260916-154654,26,C:\Users\Javier\PIDS_HandPose\kit-grabacion\HAR_mediapipe\data\gestos_p4_20260916-154654\train\thumbsup\thumbsup_00026.jpg
train,thumbsup,thumbsup_04027.jpg,p4,,gestos_p4_20260916-154654,27,C:\Users\Javier\PIDS_HandPose\kit-grabacion\HAR_mediapipe\data\gestos_p4_20260916-154654\train\thumbsup\thumbsup_00027.jpg
train,thumbsup,thumbsup_04028.jpg,p4,,gestos_p4_20260916-154654,28,C:\Users\Javier\PIDS_HandPose\kit-grabacion\HAR_mediapipe\data\gestos_p4_20260916-154654\train\thumbsup\thumbsup_00028.jpg
train,thumbsup,thumbsup_04029.jpg,p4,,gestos_p4_20260916-154654,29,C:\Users\Javier\PIDS_HandPose\kit-grabacion\HAR_mediapipe\data\gestos_p4_20260916-154654\train\thumbsup\thumbsup_00029.jpg
train,thumbsup,thumbsup_04030.jpg,p4,,gestos_p4_20260916-154654,30,C:\Users\Javier\PIDS_HandPose\kit-grabacion\HAR_mediapipe\data\gestos_p4_20260916-154654\train\thumbsup\thumbsup_00030.jpg
train,thumbsup,thumbsup_04031.jpg,p4,,gestos_p4_20260916-154654,31,C:\Users\Javier\PIDS_HandPose\kit-grabacion\HAR_mediapipe\data\gestos_p4_20260916-154654\train\thumbsup\thumbsup_00031.jpg
train,thumbsup,thumbsup_04032.jpg,p4,,gestos_p4_20260916-154654,32,C:\Users\Javier\PIDS_HandPose\kit-grabacion\HAR_mediapipe\data\gestos_p4_20260916-154654\train\thumbsup\thumbsup_00032.jpg
train,thumbsup,thumbsup_04033.jpg,p4,,gestos_p4_20260916-154654,33,C:\Users\Javier\PIDS_HandPose\kit-grabacion\HAR_mediapipe\data\gestos_p4_20260916-154654\train\thumbsup\thumbsup_00033.jpg
train,thumbsup,thumbsup_04034.jpg,p4,,gestos_p4_20260916-154654,34,C:\Users\Javier\PIDS_HandPose\kit-grabacion\HAR_mediapipe\data\gestos_p4_20260916-154654\train\thumbsup\thumbsup_00034.jpg
train,thumbsup,thumbsup_04035.jpg,p4,,gestos_p4_20260916-154654,35,C:\Users\Javier\PIDS_HandPose\kit-grabacion\HAR_mediapipe\data\gestos_p4_20260916-154654\train\thumbsup\thumbsup_00035.jpg
train,thumbsup,thumbsup_04036.jpg,p4,,gestos_p4_20260916-154654,36,C:\Users\Javier\PIDS_HandPose\kit-grabacion\HAR_mediapipe\data\gestos_p4_20260916-154654\train\thumbsup\thumbsup_00036.jpg
train,thumbsup,thumbsup_04037.jpg,p4,,gestos_p4_20260916-154654,37,C:\Users\Javier\PIDS_HandPose\kit-grabacion\HAR_mediapipe\data\gestos_p4_20260916-154654\train\thumbsup\thumbsup_00037.jpg
train,thumbsup,thumbsup_04038.jpg,p4,,gestos_p4_20260916-154654,38,C:\Users\Javier\PIDS_HandPose\kit-grabacion\HAR_mediapipe\data\gestos_p4_20260916-154654\train\thumbsup\thumbsup_00038.jpg
train,thumbsup,thumbsup_04039.jpg,p4,,gestos_p4_20260916-154654,39,C:\Users\Javier\PIDS_HandPose\kit-grabacion\HAR_mediapipe\data\gestos_p4_20260916-154654\train\thumbsup\thumbsup_00039.jpg
train,thumbsup,thumbsup_04040.jpg,p4,,gestos_p4_20260916-154654,40,C:\Users\Javier\PIDS_HandPose\kit-grabacion\HAR_mediapipe\data\gestos_p4_20260916-154654\train\thumbsup\thumbsup_00040.jpg
train,thumbsup,thumbsup_04041.jpg,p4,,gestos_p4_20260916-154654,41,C:\Users\Javier\PIDS_HandPose\kit-grabacion\HAR_mediapipe\data\gestos_p4_20260916-154654\train\thumbsup\thumbsup_00041.jpg
train,thumbsup,thumbsup_04042.jpg,p4,,gestos_p4_20260916-154654,42,C:\Users\Javier\PIDS_HandPose\kit-grabacion\HAR_mediapipe\data\gestos_p4_20260916-154654\train\thumbsup\thumbsup_00042.jpg
train,thumbsup,thumbsup_04043.jpg,p4,,gestos_p4_20260916-154654,43,C:\Users\Javier\PIDS_HandPose\kit-grabacion\HAR_mediapipe\data\gestos_p4_20260916-154654\train\thumbsup\thumbsup_00043.jpg
train,thumbsup,thumbsup_04044.jpg,p4,,gestos_p4_20260916-154654,44,C:\Users\Javier\PIDS_HandPose\kit-grabacion\HAR_mediapipe\data\gestos_p4_20260916-154654\train\thumbsup\thumbsup_00044.jpg
train,thumbsup,thumbsup_04045.jpg,p4,,gestos_p4_20260916-154654,45,C:\Users\Javier\PIDS_HandPose\kit-grabacion\HAR_mediapipe\data\gestos_p4_20260916-154654\train\thumbsup\thumbsup_00045.jpg
train,thumbsup,thumbsup_04046.jpg,p4,,gestos_p4_20260916-154654,46,C:\Users\Javier\PIDS_HandPose\kit-grabacion\HAR_mediapipe\data\gestos_p4_20260916-154654\train\thumbsup\thumbsup_00046.jpg
train,thumbsup,thumbsup_04047.jpg,p4,,gestos_p4_20260916-154654,47,C:\Users\Javier\PIDS_HandPose\kit-grabacion\HAR_mediapipe\data\gestos_p4_20260916-154654\train\thumbsup\thumbsup_00047.jpg
train,thumbsup,thumbsup_04048.jpg,p4,,gestos_p4_20260916-154654,48,C:\Users\Javier\PIDS_HandPose\kit-grabacion\HAR_mediapipe\data\gestos_p4_20260916-154654\train\thumbsup\thumbsup_00048.jpg
train,thumbsup,thumbsup_04049.jpg,p4,,gestos_p4_20260916-154654,49,C:\Users\Javier\PIDS_HandPose\kit-grabacion\HAR_mediapipe\data\gestos_p4_20260916-154654\train\thumbsup\thumbsup_00049.jpg
train,thumbsup,thumbsup_04050.jpg,p4,,gestos_p4_20260916-154654,50,C:\Users\Javier\PIDS_HandPose\kit-grabacion\HAR_mediapipe\data\gestos_p4_20260916-154654\train\thumbsup\thumbsup_00050.jpg
train,thumbsup,thumbsup_04051.jpg,p4,,gestos_p4_20260916-154654,51,C:\Users\Javier\PIDS_HandPose\kit-grabacion\HAR_mediapipe\data\gestos_p4_20260916-154654\train\thumbsup\thumbsup_00051.jpg
train,thumbsup,thumbsup_04052.jpg,p4,,gestos_p4_20260916-154654,52,C:\Users\Javier\PIDS_HandPose\kit-grabacion\HAR_mediapipe\data\gestos_p4_20260916-154654\train\thumbsup\thumbsup_00052.jpg
train,thumbsup,thumbsup_04053.jpg,p4,,gestos_p4_20260916-154654,53,C:\Users\Javier\PIDS_HandPose\kit-grabacion\HAR_mediapipe\data\gestos_p4_20260916-154654\train\thumbsup\thumbsup_00053.jpg
train,thumbsup,thumbsup_04054.jpg,p4,,gestos_p4_20260916-154654,54,C:\Users\Javier\PIDS_HandPose\kit-grabacion\HAR_mediapipe\data\gestos_p4_20260916-154654\train\thumbsup\thumbsup_00054.jpg
train,thumbsup,thumbsup_04055.jpg,p4,,gestos_p4_20260916-154654,55,C:\Users\Javier\PIDS_HandPose\kit-grabacion\HAR_mediapipe\data\gestos_p4_20260916-154654\train\thumbsup\thumbsup_00055.jpg
train,thumbsup,thumbsup_04056.jpg,p4,,gestos_p4_20260916-154654,56,C:\Users\Javier\PIDS_HandPose\kit-grabacion\HAR_mediapipe\data\gestos_p4_20260916-154654\train\thumbsup\thumbsup_00056.jpg
train,thumbsup,thumbsup_04057.jpg,p4,,gestos_p4_20260916-154654,57,C:\Users\Javier\PIDS_HandPose\kit-grabacion\HAR_mediapipe\data\gestos_p4_20260916-154654\train\thumbsup\thumbsup_00057.jpg
train,thumbsup,thumbsup_04058.jpg,p4,,gestos_p4_20260916-154654,58,C:\Users\Javier\PIDS_HandPose\kit-grabacion\HAR_mediapipe\data\gestos_p4_20260916-154654\train\thumbsup\thumbsup_00058.jpg
train,thumbsup,thumbsup_04059.jpg,p4,,gestos_p4_20260916-154654,59,C:\Users\Javier\PIDS_HandPose\kit-grabacion\HAR_mediapipe\data\gestos_p4_20260916-154654\train\thumbsup\thumbsup_00059.jpg
train,thumbsup,thumbsup_04060.jpg,p4,,gestos_p4_20260916-154654,60,C:\Users\Javier\PIDS_HandPose\kit-grabacion\HAR_mediapipe\data\gestos_p4_20260916-154654\train\thumbsup\thumbsup_00060.jpg
train,thumbsup,thumbsup_04061.jpg,p4,,gestos_p4_20260916-154654,61,C:\Users\Javier\PIDS_HandPose\kit-grabacion\HAR_mediapipe\data\gestos_p4_20260916-154654\train\thumbsup\thumbsup_00061.jpg
train,thumbsup,thumbsup_04062.jpg,p4,,gestos_p4_20260916-154654,62,C:\Users\Javier\PIDS_HandPose\kit-grabacion\HAR_mediapipe\data\gestos_p4_20260916-154654\train\thumbsup\thumbsup_00062.jpg
train,thumbsup,thumbsup_04063.jpg,p4,,gestos_p4_20260916-154654,63,C:\Users\Javier\PIDS_HandPose\kit-grabacion\HAR_mediapipe\data\gestos_p4_20260916-154654\train\thumbsup\thumbsup_00063.jpg
train,thumbsup,thumbsup_04064.jpg,p4,,gestos_p4_20260916-154654,64,C:\Users\Javier\PIDS_HandPose\kit-grabacion\HAR_mediapipe\data\gestos_p4_20260916-154654\train\thumbsup\thumbsup_00064.jpg
train,thumbsup,thumbsup_04065.jpg,p4,,gestos_p4_20260916-154654,65,C:\Users\Javier\PIDS_HandPose\kit-grabacion\HAR_mediapipe\data\gestos_p4_20260916-154654\train\thumbsup\thumbsup_00065.jpg
train,thumbsup,thumbsup_04066.jpg,p4,,gestos_p4_20260916-154654,66,C:\Users\Javier\PIDS_HandPose\kit-grabacion\HAR_mediapipe\data\gestos_p4_20260916-154654\train\thumbsup\thumbsup_00066.jpg
train,thumbsup,thumbsup_04067.jpg,p4,,gestos_p4_20260916-154654,67,C:\Users\Javier\PIDS_HandPose\kit-grabacion\HAR_mediapipe\data\gestos_p4_20260916-154654\train\thumbsup\thumbsup_00067.jpg
train,thumbsup,thumbsup_04068.jpg,p4,,gestos_p4_20260916-154654,68,C:\Users\Javier\PIDS_HandPose\kit-grabacion\HAR_mediapipe\data\gestos_p4_20260916-154654\train\thumbsup\thumbsup_00068.jpg
train,thumbsup,thumbsup_04069.jpg,p4,,gestos_p4_20260916-154654,69,C:\Users\Javier\PIDS_HandPose\kit-grabacion\HAR_mediapipe\data\gestos_p4_20260916-154654\train\thumbsup\thumbsup_00069.jpg
train,thumbsup,thumbsup_04070.jpg,p4,,gestos_p4_20260916-154654,70,C:\Users\Javier\PIDS_HandPose\kit-grabacion\HAR_mediapipe\data\gestos_p4_20260916-154654\train\thumbsup\thumbsup_00070.jpg
test,ok,ok_04071.jpg,p4,,gestos_p4_20260916-154654,71,C:\Users\Javier\PIDS_HandPose\kit-grabacion\HAR_mediapipe\data\gestos_p4_20260916-154654\test\ok\ok_00071.jpg
test,ok,ok_04072.jpg,p4,,gestos_p4_20260916-154654,72,C:\Users\Javier\PIDS_HandPose\kit-grabacion\HAR_mediapipe\data\gestos_p4_20260916-154654\test\ok\ok_00072.jpg
test,ok,ok_04073.jpg,p4,,gestos_p4_20260916-154654,73,C:\Users\Javier\PIDS_HandPose\kit-grabacion\HAR_mediapipe\data\gestos_p4_20260916-154654\test\ok\ok_00073.jpg
test,ok,ok_04074.jpg,p4,,gestos_p4_20260916-154654,74,C:\Users\Javier\PIDS_HandPose\kit-grabacion\HAR_mediapipe\data\gestos_p4_20260916-154654\test\ok\ok_00074.jpg
test,ok,ok_04075.jpg,p4,,gestos_p4_20260916-154654,75,C:\Users\Javier\PIDS_HandPose\kit-grabacion\HAR_mediapipe\data\gestos_p4_20260916-154654\test\ok\ok_00075.jpg
test,ok,ok_04076.jpg,p4,,gestos_p4_20260916-154654,76,C:\Users\Javier\PIDS_HandPose\kit-grabacion\HAR_mediapipe\data\gestos_p4_20260916-154654\test\ok\ok_00076.jpg
test,ok,ok_04077.jpg,p4,,gestos_p4_20260916-154654,77,C:\Users\Javier\PIDS_HandPose\kit-grabacion\HAR_mediapipe\data\gestos_p4_20260916-154654\test\ok\ok_00077.jpg
test,ok,ok_04078.jpg,p4,,gestos_p4_20260916-154654,78,C:\Users\Javier\PIDS_HandPose\kit-grabacion\HAR_mediapipe\data\gestos_p4_20260916-154654\test\ok\ok_00078.jpg
test,ok,ok_04079.jpg,p4,,gestos_p4_20260916-154654,79,C:\Users\Javier\PIDS_HandPose\kit-grabacion\HAR_mediapipe\data\gestos_p4_20260916-154654\test\ok\ok_00079.jpg
test,ok,ok_04080.jpg,p4,,gestos_p4_20260916-154654,80,C:\Users\Javier\PIDS_HandPose\kit-grabacion\HAR_mediapipe\data\gestos_p4_20260916-154654\test\ok\ok_00080.jpg
test,ok,ok_04081.jpg,p4,,gestos_p4_20260916-154654,81,C:\Users\Javier\PIDS_HandPose\kit-grabacion\HAR_mediapipe\data\gestos_p4_20260916-154654\test\ok\ok_00081.jpg
test,ok,ok_04082.jpg,p4,,gestos_p4_20260916-154654,82,C:\Users\Javier\PIDS_HandPose\kit-grabacion\HAR_mediapipe\data\gestos_p4_20260916-154654\test\ok\ok_00082.jpg
test,ok,ok_04083.jpg,p4,,gestos_p4_20260916-154654,83,C:\Users\Javier\PIDS_HandPose\kit-grabacion\HAR_mediapipe\data\gestos_p4_20260916-154654\test\ok\ok_00083.jpg
test,ok,ok_04084.jpg,p4,,gestos_p4_20260916-154654,84,C:\Users\Javier\PIDS_HandPose\kit-grabacion\HAR_mediapipe\data\gestos_p4_20260916-154654\test\ok\ok_00084.jpg
test,ok,ok_04085.jpg,p4,,gestos_p4_20260916-154654,85,C:\Users\Javier\PIDS_HandPose\kit-grabacion\HAR_mediapipe\data\gestos_p4_20260916-154654\test\ok\ok_00085.jpg
test,ok,ok_04086.jpg,p4,,gestos_p4_20260916-154654,86,C:\Users\Javier\PIDS_HandPose\kit-grabacion\HAR_mediapipe\data\gestos_p4_20260916-154654\test\ok\ok_00086.jpg
test,ok,ok_04087.jpg,p4,,gestos_p4_20260916-154654,87,C:\Users\Javier\PIDS_HandPose\kit-grabacion\HAR_mediapipe\data\gestos_p4_20260916-154654\test\ok\ok_00087.jpg
test,ok,ok_04088.jpg,p4,,gestos_p4_20260916-154654,88,C:\Users\Javier\PIDS_HandPose\kit-grabacion\HAR_mediapipe\data\gestos_p4_20260916-154654\test\ok\ok_00088.jpg
test,ok,ok_04089.jpg,p4,,gestos_p4_20260916-154654,89,C:\Users\Javier\PIDS_HandPose\kit-grabacion\HAR_mediapipe\data\gestos_p4_20260916-154654\test\ok\ok_00089.jpg
test,ok,ok_04090.jpg,p4,,gestos_p4_20260916-154654,90,C:\Users\Javier\PIDS_HandPose\kit-grabacion\HAR_mediapipe\data\gestos_p4_20260916-154654\test\ok\ok_00090.jpg
test,ok,ok_04091.jpg,p4,,gestos_p4_20260916-154654,91,C:\Users\Javier\PIDS_HandPose\kit-grabacion\HAR_mediapipe\data\gestos_p4_20260916-154654\test\ok\ok_00091.jpg
test,ok,ok_04092.jpg,p4,,gestos_p4_20260916-154654,92,C:\Users\Javier\PIDS_HandPose\kit-grabacion\HAR_mediapipe\data\gestos_p4_20260916-154654\test\ok\ok_00092.jpg
test,ok,ok_04093.jpg,p4,,gestos_p4_20260916-154654,93,C:\Users\Javier\PIDS_HandPose\kit-grabacion\HAR_mediapipe\data\gestos_p4_20260916-154654\test\ok\ok_00093.jpg
test,ok,ok_04094.jpg,p4,,gestos_p4_20260916-154654,94,C:\Users\Javier\PIDS_HandPose\kit-grabacion\HAR_mediapipe\data\gestos_p4_20260916-154654\test\ok\ok_00094.jpg
test,ok,ok_04095.jpg,p4,,gestos_p4_20260916-154654,95,C:\Users\Javier\PIDS_HandPose\kit-grabacion\HAR_mediapipe\data\gestos_p4_20260916-154654\test\ok\ok_00095.jpg
test,ok,ok_04096.jpg,p4,,gestos_p4_20260916-154654,96,C:\Users\Javier\PIDS_HandPose\kit-grabacion\HAR_mediapipe\data\gestos_p4_20260916-154654\test\ok\ok_00096.jpg
test,ok,ok_04097.jpg,p4,,gestos_p4_20260916-154654,97,C:\Users\Javier\PIDS_HandPose\kit-grabacion\HAR_mediapipe\data\gestos_p4_20260916-154654\test\ok\ok_00097.jpg
test,ok,ok_04098.jpg,p4,,gestos_p4_20260916-154654,98,C:\Users\Javier\PIDS_HandPose\kit-grabacion\HAR_mediapipe\data\gestos_p4_20260916-154654\test\ok\ok_00098.jpg
test,ok,ok_04099.jpg,p4,,gestos_p4_20260916-154654,99,C:\Users\Javier\PIDS_HandPose\kit-grabacion\HAR_mediapipe\data\gestos_p4_20260916-154654\test\ok\ok_00099.jpg
test,ok,ok_04100.jpg,p4,,gestos_p4_20260916-154654,100,C:\Users\Javier\PIDS_HandPose\kit-grabacion\HAR_mediapipe\data\gestos_p4_20260916-154654\test\ok\ok_00100.jpg
test,paper,paper_04071.jpg,p4,,gestos_p4_20260916-154654,71,C:\Users\Javier\PIDS_HandPose\kit-grabacion\HAR_mediapipe\data\gestos_p4_20260916-154654\test\paper\paper_00071.jpg
test,paper,paper_04072.jpg,p4,,gestos_p4_20260916-154654,72,C:\Users\Javier\PIDS_HandPose\kit-grabacion\HAR_mediapipe\data\gestos_p4_20260916-154654\test\paper\paper_00072.jpg
test,paper,paper_04073.jpg,p4,,gestos_p4_20260916-154654,73,C:\Users\Javier\PIDS_HandPose\kit-grabacion\HAR_mediapipe\data\gestos_p4_20260916-154654\test\paper\paper_00073.jpg
test,paper,paper_04074.jpg,p4,,gestos_p4_20260916-154654,74,C:\Users\Javier\PIDS_HandPose\kit-grabacion\HAR_mediapipe\data\gestos_p4_20260916-154654\test\paper\paper_00074.jpg
test,paper,paper_04075.jpg,p4,,gestos_p4_20260916-154654,75,C:\Users\Javier\PIDS_HandPose\kit-grabacion\HAR_mediapipe\data\gestos_p4_20260916-154654\test\paper\paper_00075.jpg
test,paper,paper_04076.jpg,p4,,gestos_p4_20260916-154654,76,C:\Users\Javier\PIDS_HandPose\kit-grabacion\HAR_mediapipe\data\gestos_p4_20260916-154654\test\paper\paper_00076.jpg
test,paper,paper_04077.jpg,p4,,gestos_p4_20260916-154654,77,C:\Users\Javier\PIDS_HandPose\kit-grabacion\HAR_mediapipe\data\gestos_p4_20260916-154654\test\paper\paper_00077.jpg
test,paper,paper_04078.jpg,p4,,gestos_p4_20260916-154654,78,C:\Users\Javier\PIDS_HandPose\kit-grabacion\HAR_mediapipe\data\gestos_p4_20260916-154654\test\paper\paper_00078.jpg
test,paper,paper_04079.jpg,p4,,gestos_p4_20260916-154654,79,C:\Users\Javier\PIDS_HandPose\kit-grabacion\HAR_mediapipe\data\gestos_p4_20260916-154654\test\paper\paper_00079.jpg
test,paper,paper_04080.jpg,p4,,gestos_p4_20260916-154654,80,C:\Users\Javier\PIDS_HandPose\kit-grabacion\HAR_mediapipe\data\gestos_p4_20260916-154654\test\paper\paper_00080.jpg
test,paper,paper_04081.jpg,p4,,gestos_p4_20260916-154654,81,C:\Users\Javier\PIDS_HandPose\kit-grabacion\HAR_mediapipe\data\gestos_p4_20260916-154654\test\paper\paper_00081.jpg
test,paper,paper_04082.jpg,p4,,gestos_p4_20260916-154654,82,C:\Users\Javier\PIDS_HandPose\kit-grabacion\HAR_mediapipe\data\gestos_p4_20260916-154654\test\paper\paper_00082.jpg
test,paper,paper_04083.jpg,p4,,gestos_p4_20260916-154654,83,C:\Users\Javier\PIDS_HandPose\kit-grabacion\HAR_mediapipe\data\gestos_p4_20260916-154654\test\paper\paper_00083.jpg
test,paper,paper_04084.jpg,p4,,gestos_p4_20260916-154654,84,C:\Users\Javier\PIDS_HandPose\kit-grabacion\HAR_mediapipe\data\gestos_p4_20260916-154654\test\paper\paper_00084.jpg
test,paper,paper_04085.jpg,p4,,gestos_p4_20260916-154654,85,C:\Users\Javier\PIDS_HandPose\kit-grabacion\HAR_mediapipe\data\gestos_p4_20260916-154654\test\paper\paper_00085.jpg
test,paper,paper_04086.jpg,p4,,gestos_p4_20260916-154654,86,C:\Users\Javier\PIDS_HandPose\kit-grabacion\HAR_mediapipe\data\gestos_p4_20260916-154654\test\paper\paper_00086.jpg
test,paper,paper_04087.jpg,p4,,gestos_p4_20260916-154654,87,C:\Users\Javier\PIDS_HandPose\kit-grabacion\HAR_mediapipe\data\gestos_p4_20260916-154654\test\paper\paper_00087.jpg
test,paper,paper_04088.jpg,p4,,gestos_p4_20260916-154654,88,C:\Users\Javier\PIDS_HandPose\kit-grabacion\HAR_mediapipe\data\gestos_p4_20260916-154654\test\paper\paper_00088.jpg
test,paper,paper_04089.jpg,p4,,gestos_p4_20260916-154654,89,C:\Users\Javier\PIDS_HandPose\kit-grabacion\HAR_mediapipe\data\gestos_p4_20260916-154654\test\paper\paper_00089.jpg
test,paper,paper_04090.jpg,p4,,gestos_p4_20260916-154654,90,C:\Users\Javier\PIDS_HandPose\kit-grabacion\HAR_mediapipe\data\gestos_p4_20260916-154654\test\paper\paper_00090.jpg
test,paper,paper_04091.jpg,p4,,gestos_p4_20260916-154654,91,C:\Users\Javier\PIDS_HandPose\kit-grabacion\HAR_mediapipe\data\gestos_p4_20260916-154654\test\paper\paper_00091.jpg
test,paper,paper_04092.jpg,p4,,gestos_p4_20260916-154654,92,C:\Users\Javier\PIDS_HandPose\kit-grabacion\HAR_mediapipe\data\gestos_p4_20260916-154654\test\paper\paper_00092.jpg
test,paper,paper_04093.jpg,p4,,gestos_p4_20260916-154654,93,C:\Users\Javier\PIDS_HandPose\kit-grabacion\HAR_mediapipe\data\gestos_p4_20260916-154654\test\paper\paper_00093.jpg
test,paper,paper_04094.jpg,p4,,gestos_p4_20260916-154654,94,C:\Users\Javier\PIDS_HandPose\kit-grabacion\HAR_mediapipe\data\gestos_p4_20260916-154654\test\paper\paper_00094.jpg
test,paper,paper_04095.jpg,p4,,gestos_p4_20260916-154654,95,C:\Users\Javier\PIDS_HandPose\kit-grabacion\HAR_mediapipe\data\gestos_p4_20260916-154654\test\paper\paper_00095.jpg
test,paper,paper_04096.jpg,p4,,gestos_p4_20260916-154654,96,C:\Users\Javier\PIDS_HandPose\kit-grabacion\HAR_mediapipe\data\gestos_p4_20260916-154654\test\paper\paper_00096.jpg
test,paper,paper_04097.jpg,p4,,gestos_p4_20260916-154654,97,C:\Users\Javier\PIDS_HandPose\kit-grabacion\HAR_mediapipe\data\gestos_p4_20260916-154654\test\paper\paper_00097.jpg
test,paper,paper_04098.jpg,p4,,gestos_p4_20260916-154654,98,C:\Users\Javier\PIDS_HandPose\kit-grabacion\HAR_mediapipe\data\gestos_p4_20260916-154654\test\paper\paper_00098.jpg
test,paper,paper_04099.jpg,p4,,gestos_p4_20260916-154654,99,C:\Users\Javier\PIDS_HandPose\kit-grabacion\HAR_mediapipe\data\gestos_p4_20260916-154654\test\paper\paper_00099.jpg
test,paper,paper_04100.jpg,p4,,gestos_p4_20260916-154654,100,C:\Users\Javier\PIDS_HandPose\kit-grabacion\HAR_mediapipe\data\gestos_p4_20260916-154654\test\paper\paper_00100.jpg
test,rock,rock_04071.jpg,p4,,gestos_p4_20260916-154654,71,C:\Users\Javier\PIDS_HandPose\kit-grabacion\HAR_mediapipe\data\gestos_p4_20260916-154654\test\rock\rock_00071.jpg
test,rock,rock_04072.jpg,p4,,gestos_p4_20260916-154654,72,C:\Users\Javier\PIDS_HandPose\kit-grabacion\HAR_mediapipe\data\gestos_p4_20260916-154654\test\rock\rock_00072.jpg
test,rock,rock_04073.jpg,p4,,gestos_p4_20260916-154654,73,C:\Users\Javier\PIDS_HandPose\kit-grabacion\HAR_mediapipe\data\gestos_p4_20260916-154654\test\rock\rock_00073.jpg
test,rock,rock_04074.jpg,p4,,gestos_p4_20260916-154654,74,C:\Users\Javier\PIDS_HandPose\kit-grabacion\HAR_mediapipe\data\gestos_p4_20260916-154654\test\rock\rock_00074.jpg
test,rock,rock_04075.jpg,p4,,gestos_p4_20260916-154654,75,C:\Users\Javier\PIDS_HandPose\kit-grabacion\HAR_mediapipe\data\gestos_p4_20260916-154654\test\rock\rock_00075.jpg
test,rock,rock_04076.jpg,p4,,gestos_p4_20260916-154654,76,C:\Users\Javier\PIDS_HandPose\kit-grabacion\HAR_mediapipe\data\gestos_p4_20260916-154654\test\rock\rock_00076.jpg
test,rock,rock_04077.jpg,p4,,gestos_p4_20260916-154654,77,C:\Users\Javier\PIDS_HandPose\kit-grabacion\HAR_mediapipe\data\gestos_p4_20260916-154654\test\rock\rock_00077.jpg
test,rock,rock_04078.jpg,p4,,gestos_p4_20260916-154654,78,C:\Users\Javier\PIDS_HandPose\kit-grabacion\HAR_mediapipe\data\gestos_p4_20260916-154654\test\rock\rock_00078.jpg
test,rock,rock_04079.jpg,p4,,gestos_p4_20260916-154654,79,C:\Users\Javier\PIDS_HandPose\kit-grabacion\HAR_mediapipe\data\gestos_p4_20260916-154654\test\rock\rock_00079.jpg
test,rock,rock_04080.jpg,p4,,gestos_p4_20260916-154654,80,C:\Users\Javier\PIDS_HandPose\kit-grabacion\HAR_mediapipe\data\gestos_p4_20260916-154654\test\rock\rock_00080.jpg
test,rock,rock_04081.jpg,p4,,gestos_p4_20260916-154654,81,C:\Users\Javier\PIDS_HandPose\kit-grabacion\HAR_mediapipe\data\gestos_p4_20260916-154654\test\rock\rock_00081.jpg
test,rock,rock_04082.jpg,p4,,gestos_p4_20260916-154654,82,C:\Users\Javier\PIDS_HandPose\kit-grabacion\HAR_mediapipe\data\gestos_p4_20260916-154654\test\rock\rock_00082.jpg
test,rock,rock_04083.jpg,p4,,gestos_p4_20260916-154654,83,C:\Users\Javier\PIDS_HandPose\kit-grabacion\HAR_mediapipe\data\gestos_p4_20260916-154654\test\rock\rock_00083.jpg
test,rock,rock_04084.jpg,p4,,gestos_p4_20260916-154654,84,C:\Users\Javier\PIDS_HandPose\kit-grabacion\HAR_mediapipe\data\gestos_p4_20260916-154654\test\rock\rock_00084.jpg
test,rock,rock_04085.jpg,p4,,gestos_p4_20260916-154654,85,C:\Users\Javier\PIDS_HandPose\kit-grabacion\HAR_mediapipe\data\gestos_p4_20260916-154654\test\rock\rock_00085.jpg
test,rock,rock_04086.jpg,p4,,gestos_p4_20260916-154654,86,C:\Users\Javier\PIDS_HandPose\kit-grabacion\HAR_mediapipe\data\gestos_p4_20260916-154654\test\rock\rock_00086.jpg
test,rock,rock_04087.jpg,p4,,gestos_p4_20260916-154654,87,C:\Users\Javier\PIDS_HandPose\kit-grabacion\HAR_mediapipe\data\gestos_p4_20260916-154654\test\rock\rock_00087.jpg
test,rock,rock_04088.jpg,p4,,gestos_p4_20260916-154654,88,C:\Users\Javier\PIDS_HandPose\kit-grabacion\HAR_mediapipe\data\gestos_p4_20260916-154654\test\rock\rock_00088.jpg
test,rock,rock_04089.jpg,p4,,gestos_p4_20260916-154654,89,C:\Users\Javier\PIDS_HandPose\kit-grabacion\HAR_mediapipe\data\gestos_p4_20260916-154654\test\rock\rock_00089.jpg
test,rock,rock_04090.jpg,p4,,gestos_p4_20260916-154654,90,C:\Users\Javier\PIDS_HandPose\kit-grabacion\HAR_mediapipe\data\gestos_p4_20260916-154654\test\rock\rock_00090.jpg
test,rock,rock_04091.jpg,p4,,gestos_p4_20260916-154654,91,C:\Users\Javier\PIDS_HandPose\kit-grabacion\HAR_mediapipe\data\gestos_p4_20260916-154654\test\rock\rock_00091.jpg
test,rock,rock_04092.jpg,p4,,gestos_p4_20260916-154654,92,C:\Users\Javier\PIDS_HandPose\kit-grabacion\HAR_mediapipe\data\gestos_p4_20260916-154654\test\rock\rock_00092.jpg
test,rock,rock_04093.jpg,p4,,gestos_p4_20260916-154654,93,C:\Users\Javier\PIDS_HandPose\kit-grabacion\HAR_mediapipe\data\gestos_p4_20260916-154654\test\rock\rock_00093.jpg
test,rock,rock_04094.jpg,p4,,gestos_p4_20260916-154654,94,C:\Users\Javier\PIDS_HandPose\kit-grabacion\HAR_mediapipe\data\gestos_p4_20260916-154654\test\rock\rock_00094.jpg
test,rock,rock_04095.jpg,p4,,gestos_p4_20260916-154654,95,C:\Users\Javier\PIDS_HandPose\kit-grabacion\HAR_mediapipe\data\gestos_p4_20260916-154654\test\rock\rock_00095.jpg
test,rock,rock_04096.jpg,p4,,gestos_p4_20260916-154654,96,C:\Users\Javier\PIDS_HandPose\kit-grabacion\HAR_mediapipe\data\gestos_p4_20260916-154654\test\rock\rock_00096.jpg
test,rock,rock_04097.jpg,p4,,gestos_p4_20260916-154654,97,C:\Users\Javier\PIDS_HandPose\kit-grabacion\HAR_mediapipe\data\gestos_p4_20260916-154654\test\rock\rock_00097.jpg
test,rock,rock_04098.jpg,p4,,gestos_p4_20260916-154654,98,C:\Users\Javier\PIDS_HandPose\kit-grabacion\HAR_mediapipe\data\gestos_p4_20260916-154654\test\rock\rock_00098.jpg
test,rock,rock_04099.jpg,p4,,gestos_p4_20260916-154654,99,C:\Users\Javier\PIDS_HandPose\kit-grabacion\HAR_mediapipe\data\gestos_p4_20260916-154654\test\rock\rock_00099.jpg
test,rock,rock_04100.jpg,p4,,gestos_p4_20260916-154654,100,C:\Users\Javier\PIDS_HandPose\kit-grabacion\HAR_mediapipe\data\gestos_p4_20260916-154654\test\rock\rock_00100.jpg
test,rockandroll,rockandroll_04071.jpg,p4,,gestos_p4_20260916-154654,71,C:\Users\Javier\PIDS_HandPose\kit-grabacion\HAR_mediapipe\data\gestos_p4_20260916-154654\test\rockandroll\rockandroll_00071.jpg
test,rockandroll,rockandroll_04072.jpg,p4,,gestos_p4_20260916-154654,72,C:\Users\Javier\PIDS_HandPose\kit-grabacion\HAR_mediapipe\data\gestos_p4_20260916-154654\test\rockandroll\rockandroll_00072.jpg
test,rockandroll,rockandroll_04073.jpg,p4,,gestos_p4_20260916-154654,73,C:\Users\Javier\PIDS_HandPose\kit-grabacion\HAR_mediapipe\data\gestos_p4_20260916-154654\test\rockandroll\rockandroll_00073.jpg
test,rockandroll,rockandroll_04074.jpg,p4,,gestos_p4_20260916-154654,74,C:\Users\Javier\PIDS_HandPose\kit-grabacion\HAR_mediapipe\data\gestos_p4_20260916-154654\test\rockandroll\rockandroll_00074.jpg
test,rockandroll,rockandroll_04075.jpg,p4,,gestos_p4_20260916-154654,75,C:\Users\Javier\PIDS_HandPose\kit-grabacion\HAR_mediapipe\data\gestos_p4_20260916-154654\test\rockandroll\rockandroll_00075.jpg
test,rockandroll,rockandroll_04076.jpg,p4,,gestos_p4_20260916-154654,76,C:\Users\Javier\PIDS_HandPose\kit-grabacion\HAR_mediapipe\data\gestos_p4_20260916-154654\test\rockandroll\rockandroll_00076.jpg
test,rockandroll,rockandroll_04077.jpg,p4,,gestos_p4_20260916-154654,77,C:\Users\Javier\PIDS_HandPose\kit-grabacion\HAR_mediapipe\data\gestos_p4_20260916-154654\test\rockandroll\rockandroll_00077.jpg
test,rockandroll,rockandroll_04078.jpg,p4,,gestos_p4_20260916-154654,78,C:\Users\Javier\PIDS_HandPose\kit-grabacion\HAR_mediapipe\data\gestos_p4_20260916-154654\test\rockandroll\rockandroll_00078.jpg
test,rockandroll,rockandroll_04079.jpg,p4,,gestos_p4_20260916-154654,79,C:\Users\Javier\PIDS_HandPose\kit-grabacion\HAR_mediapipe\data\gestos_p4_20260916-154654\test\rockandroll\rockandroll_00079.jpg
test,rockandroll,rockandroll_04080.jpg,p4,,gestos_p4_20260916-154654,80,C:\Users\Javier\PIDS_HandPose\kit-grabacion\HAR_mediapipe\data\gestos_p4_20260916-154654\test\rockandroll\rockandroll_00080.jpg
test,rockandroll,rockandroll_04081.jpg,p4,,gestos_p4_20260916-154654,81,C:\Users\Javier\PIDS_HandPose\kit-grabacion\HAR_mediapipe\data\gestos_p4_20260916-154654\test\rockandroll\rockandroll_00081.jpg
test,rockandroll,rockandroll_04082.jpg,p4,,gestos_p4_20260916-154654,82,C:\Users\Javier\PIDS_HandPose\kit-grabacion\HAR_mediapipe\data\gestos_p4_20260916-154654\test\rockandroll\rockandroll_00082.jpg
test,rockandroll,rockandroll_04083.jpg,p4,,gestos_p4_20260916-154654,83,C:\Users\Javier\PIDS_HandPose\kit-grabacion\HAR_mediapipe\data\gestos_p4_20260916-154654\test\rockandroll\rockandroll_00083.jpg
test,rockandroll,rockandroll_04084.jpg,p4,,gestos_p4_20260916-154654,84,C:\Users\Javier\PIDS_HandPose\kit-grabacion\HAR_mediapipe\data\gestos_p4_20260916-154654\test\rockandroll\rockandroll_00084.jpg
test,rockandroll,rockandroll_04085.jpg,p4,,gestos_p4_20260916-154654,85,C:\Users\Javier\PIDS_HandPose\kit-grabacion\HAR_mediapipe\data\gestos_p4_20260916-154654\test\rockandroll\rockandroll_00085.jpg
test,rockandroll,rockandroll_04086.jpg,p4,,gestos_p4_20260916-154654,86,C:\Users\Javier\PIDS_HandPose\kit-grabacion\HAR_mediapipe\data\gestos_p4_20260916-154654\test\rockandroll\rockandroll_00086.jpg
test,rockandroll,rockandroll_04087.jpg,p4,,gestos_p4_20260916-154654,87,C:\Users\Javier\PIDS_HandPose\kit-grabacion\HAR_mediapipe\data\gestos_p4_20260916-154654\test\rockandroll\rockandroll_00087.jpg
test,rockandroll,rockandroll_04088.jpg,p4,,gestos_p4_20260916-154654,88,C:\Users\Javier\PIDS_HandPose\kit-grabacion\HAR_mediapipe\data\gestos_p4_20260916-154654\test\rockandroll\rockandroll_00088.jpg
test,rockandroll,rockandroll_04089.jpg,p4,,gestos_p4_20260916-154654,89,C:\Users\Javier\PIDS_HandPose\kit-grabacion\HAR_mediapipe\data\gestos_p4_20260916-154654\test\rockandroll\rockandroll_00089.jpg
test,rockandroll,rockandroll_04090.jpg,p4,,gestos_p4_20260916-154654,90,C:\Users\Javier\PIDS_HandPose\kit-grabacion\HAR_mediapipe\data\gestos_p4_20260916-154654\test\rockandroll\rockandroll_00090.jpg
test,rockandroll,rockandroll_04091.jpg,p4,,gestos_p4_20260916-154654,91,C:\Users\Javier\PIDS_HandPose\kit-grabacion\HAR_mediapipe\data\gestos_p4_20260916-154654\test\rockandroll\rockandroll_00091.jpg
test,rockandroll,rockandroll_04092.jpg,p4,,gestos_p4_20260916-154654,92,C:\Users\Javier\PIDS_HandPose\kit-grabacion\HAR_mediapipe\data\gestos_p4_20260916-154654\test\rockandroll\rockandroll_00092.jpg
test,rockandroll,rockandroll_04093.jpg,p4,,gestos_p4_20260916-154654,93,C:\Users\Javier\PIDS_HandPose\kit-grabacion\HAR_mediapipe\data\gestos_p4_20260916-154654\test\rockandroll\rockandroll_00093.jpg
test,rockandroll,rockandroll_04094.jpg,p4,,gestos_p4_20260916-154654,94,C:\Users\Javier\PIDS_HandPose\kit-grabacion\HAR_mediapipe\data\gestos_p4_20260916-154654\test\rockandroll\rockandroll_00094.jpg
test,rockandroll,rockandroll_04095.jpg,p4,,gestos_p4_20260916-154654,95,C:\Users\Javier\PIDS_HandPose\kit-grabacion\HAR_mediapipe\data\gestos_p4_20260916-154654\test\rockandroll\rockandroll_00095.jpg
test,rockandroll,rockandroll_04096.jpg,p4,,gestos_p4_20260916-154654,96,C:\Users\Javier\PIDS_HandPose\kit-grabacion\HAR_mediapipe\data\gestos_p4_20260916-154654\test\rockandroll\rockandroll_00096.jpg
test,rockandroll,rockandroll_04097.jpg,p4,,gestos_p4_20260916-154654,97,C:\Users\Javier\PIDS_HandPose\kit-grabacion\HAR_mediapipe\data\gestos_p4_20260916-154654\test\rockandroll\rockandroll_00097.jpg
test,rockandroll,rockandroll_04098.jpg,p4,,gestos_p4_20260916-154654,98,C:\Users\Javier\PIDS_HandPose\kit-grabacion\HAR_mediapipe\data\gestos_p4_20260916-154654\test\rockandroll\rockandroll_00098.jpg
test,rockandroll,rockandroll_04099.jpg,p4,,gestos_p4_20260916-154654,99,C:\Users\Javier\PIDS_HandPose\kit-grabacion\HAR_mediapipe\data\gestos_p4_20260916-154654\test\rockandroll\rockandroll_00099.jpg
test,rockandroll,rockandroll_04100.jpg,p4,,gestos_p4_20260916-154654,100,C:\Users\Javier\PIDS_HandPose\kit-grabacion\HAR_mediapipe\data\gestos_p4_20260916-154654\test\rockandroll\rockandroll_00100.jpg
test,scissors,scissors_04071.jpg,p4,,gestos_p4_20260916-154654,71,C:\Users\Javier\PIDS_HandPose\kit-grabacion\HAR_mediapipe\data\gestos_p4_20260916-154654\test\scissors\scissors_00071.jpg
test,scissors,scissors_04072.jpg,p4,,gestos_p4_20260916-154654,72,C:\Users\Javier\PIDS_HandPose\kit-grabacion\HAR_mediapipe\data\gestos_p4_20260916-154654\test\scissors\scissors_00072.jpg
test,scissors,scissors_04073.jpg,p4,,gestos_p4_20260916-154654,73,C:\Users\Javier\PIDS_HandPose\kit-grabacion\HAR_mediapipe\data\gestos_p4_20260916-154654\test\scissors\scissors_00073.jpg
test,scissors,scissors_04074.jpg,p4,,gestos_p4_20260916-154654,74,C:\Users\Javier\PIDS_HandPose\kit-grabacion\HAR_mediapipe\data\gestos_p4_20260916-154654\test\scissors\scissors_00074.jpg
test,scissors,scissors_04075.jpg,p4,,gestos_p4_20260916-154654,75,C:\Users\Javier\PIDS_HandPose\kit-grabacion\HAR_mediapipe\data\gestos_p4_20260916-154654\test\scissors\scissors_00075.jpg
test,scissors,scissors_04076.jpg,p4,,gestos_p4_20260916-154654,76,C:\Users\Javier\PIDS_HandPose\kit-grabacion\HAR_mediapipe\data\gestos_p4_20260916-154654\test\scissors\scissors_00076.jpg
test,scissors,scissors_04077.jpg,p4,,gestos_p4_20260916-154654,77,C:\Users\Javier\PIDS_HandPose\kit-grabacion\HAR_mediapipe\data\gestos_p4_20260916-154654\test\scissors\scissors_00077.jpg
test,scissors,scissors_04078.jpg,p4,,gestos_p4_20260916-154654,78,C:\Users\Javier\PIDS_HandPose\kit-grabacion\HAR_mediapipe\data\gestos_p4_20260916-154654\test\scissors\scissors_00078.jpg
test,scissors,scissors_04079.jpg,p4,,gestos_p4_20260916-154654,79,C:\Users\Javier\PIDS_HandPose\kit-grabacion\HAR_mediapipe\data\gestos_p4_20260916-154654\test\scissors\scissors_00079.jpg
test,scissors,scissors_04080.jpg,p4,,gestos_p4_20260916-154654,80,C:\Users\Javier\PIDS_HandPose\kit-grabacion\HAR_mediapipe\data\gestos_p4_20260916-154654\test\scissors\scissors_00080.jpg
test,scissors,scissors_04081.jpg,p4,,gestos_p4_20260916-154654,81,C:\Users\Javier\PIDS_HandPose\kit-grabacion\HAR_mediapipe\data\gestos_p4_20260916-154654\test\scissors\scissors_00081.jpg
test,scissors,scissors_04082.jpg,p4,,gestos_p4_20260916-154654,82,C:\Users\Javier\PIDS_HandPose\kit-grabacion\HAR_mediapipe\data\gestos_p4_20260916-154654\test\scissors\scissors_00082.jpg
test,scissors,scissors_04083.jpg,p4,,gestos_p4_20260916-154654,83,C:\Users\Javier\PIDS_HandPose\kit-grabacion\HAR_mediapipe\data\gestos_p4_20260916-154654\test\scissors\scissors_00083.jpg
test,scissors,scissors_04084.jpg,p4,,gestos_p4_20260916-154654,84,C:\Users\Javier\PIDS_HandPose\kit-grabacion\HAR_mediapipe\data\gestos_p4_20260916-154654\test\scissors\scissors_00084.jpg
test,scissors,scissors_04085.jpg,p4,,gestos_p4_20260916-154654,85,C:\Users\Javier\PIDS_HandPose\kit-grabacion\HAR_mediapipe\data\gestos_p4_20260916-154654\test\scissors\scissors_00085.jpg
test,scissors,scissors_04086.jpg,p4,,gestos_p4_20260916-154654,86,C:\Users\Javier\PIDS_HandPose\kit-grabacion\HAR_mediapipe\data\gestos_p4_20260916-154654\test\scissors\scissors_00086.jpg
test,scissors,scissors_04087.jpg,p4,,gestos_p4_20260916-154654,87,C:\Users\Javier\PIDS_HandPose\kit-grabacion\HAR_mediapipe\data\gestos_p4_20260916-154654\test\scissors\scissors_00087.jpg
test,scissors,scissors_04088.jpg,p4,,gestos_p4_20260916-154654,88,C:\Users\Javier\PIDS_HandPose\kit-grabacion\HAR_mediapipe\data\gestos_p4_20260916-154654\test\scissors\scissors_00088.jpg
test,scissors,scissors_04089.jpg,p4,,gestos_p4_20260916-154654,89,C:\Users\Javier\PIDS_HandPose\kit-grabacion\HAR_mediapipe\data\gestos_p4_20260916-154654\test\scissors\scissors_00089.jpg
test,scissors,scissors_04090.jpg,p4,,gestos_p4_20260916-154654,90,C:\Users\Javier\PIDS_HandPose\kit-grabacion\HAR_mediapipe\data\gestos_p4_20260916-154654\test\scissors\scissors_00090.jpg
test,scissors,scissors_04091.jpg,p4,,gestos_p4_20260916-154654,91,C:\Users\Javier\PIDS_HandPose\kit-grabacion\HAR_mediapipe\data\gestos_p4_20260916-154654\test\scissors\scissors_00091.jpg
test,scissors,scissors_04092.jpg,p4,,gestos_p4_20260916-154654,92,C:\Users\Javier\PIDS_HandPose\kit-grabacion\HAR_mediapipe\data\gestos_p4_20260916-154654\test\scissors\scissors_00092.jpg
test,scissors,scissors_04093.jpg,p4,,gestos_p4_20260916-154654,93,C:\Users\Javier\PIDS_HandPose\kit-grabacion\HAR_mediapipe\data\gestos_p4_20260916-154654\test\scissors\scissors_00093.jpg
test,scissors,scissors_04094.jpg,p4,,gestos_p4_20260916-154654,94,C:\Users\Javier\PIDS_HandPose\kit-grabacion\HAR_mediapipe\data\gestos_p4_20260916-154654\test\scissors\scissors_00094.jpg
test,scissors,scissors_04095.jpg,p4,,gestos_p4_20260916-154654,95,C:\Users\Javier\PIDS_HandPose\kit-grabacion\HAR_mediapipe\data\gestos_p4_20260916-154654\test\scissors\scissors_00095.jpg
test,scissors,scissors_04096.jpg,p4,,gestos_p4_20260916-154654,96,C:\Users\Javier\PIDS_HandPose\kit-grabacion\HAR_mediapipe\data\gestos_p4_20260916-154654\test\scissors\scissors_00096.jpg
test,scissors,scissors_04097.jpg,p4,,gestos_p4_20260916-154654,97,C:\Users\Javier\PIDS_HandPose\kit-grabacion\HAR_mediapipe\data\gestos_p4_20260916-154654\test\scissors\scissors_00097.jpg
test,scissors,scissors_04098.jpg,p4,,gestos_p4_20260916-154654,98,C:\Users\Javier\PIDS_HandPose\kit-grabacion\HAR_mediapipe\data\gestos_p4_20260916-154654\test\scissors\scissors_00098.jpg
test,scissors,scissors_04099.jpg,p4,,gestos_p4_20260916-154654,99,C:\Users\Javier\PIDS_HandPose\kit-grabacion\HAR_mediapipe\data\gestos_p4_20260916-154654\test\scissors\scissors_00099.jpg
test,scissors,scissors_04100.jpg,p4,,gestos_p4_20260916-154654,100,C:\Users\Javier\PIDS_HandPose\kit-grabacion\HAR_mediapipe\data\gestos_p4_20260916-154654\test\scissors\scissors_00100.jpg
test,thumbsup,thumbsup_04071.jpg,p4,,gestos_p4_20260916-154654,71,C:\Users\Javier\PIDS_HandPose\kit-grabacion\HAR_mediapipe\data\gestos_p4_20260916-154654\test\thumbsup\thumbsup_00071.jpg
test,thumbsup,thumbsup_04072.jpg,p4,,gestos_p4_20260916-154654,72,C:\Users\Javier\PIDS_HandPose\kit-grabacion\HAR_mediapipe\data\gestos_p4_20260916-154654\test\thumbsup\thumbsup_00072.jpg
test,thumbsup,thumbsup_04073.jpg,p4,,gestos_p4_20260916-154654,73,C:\Users\Javier\PIDS_HandPose\kit-grabacion\HAR_mediapipe\data\gestos_p4_20260916-154654\test\thumbsup\thumbsup_00073.jpg
test,thumbsup,thumbsup_04074.jpg,p4,,gestos_p4_20260916-154654,74,C:\Users\Javier\PIDS_HandPose\kit-grabacion\HAR_mediapipe\data\gestos_p4_20260916-154654\test\thumbsup\thumbsup_00074.jpg
test,thumbsup,thumbsup_04075.jpg,p4,,gestos_p4_20260916-154654,75,C:\Users\Javier\PIDS_HandPose\kit-grabacion\HAR_mediapipe\data\gestos_p4_20260916-154654\test\thumbsup\thumbsup_00075.jpg
test,thumbsup,thumbsup_04076.jpg,p4,,gestos_p4_20260916-154654,76,C:\Users\Javier\PIDS_HandPose\kit-grabacion\HAR_mediapipe\data\gestos_p4_20260916-154654\test\thumbsup\thumbsup_00076.jpg
test,thumbsup,thumbsup_04077.jpg,p4,,gestos_p4_20260916-154654,77,C:\Users\Javier\PIDS_HandPose\kit-grabacion\HAR_mediapipe\data\gestos_p4_20260916-154654\test\thumbsup\thumbsup_00077.jpg
test,thumbsup,thumbsup_04078.jpg,p4,,gestos_p4_20260916-154654,78,C:\Users\Javier\PIDS_HandPose\kit-grabacion\HAR_mediapipe\data\gestos_p4_20260916-154654\test\thumbsup\thumbsup_00078.jpg
test,thumbsup,thumbsup_04079.jpg,p4,,gestos_p4_20260916-154654,79,C:\Users\Javier\PIDS_HandPose\kit-grabacion\HAR_mediapipe\data\gestos_p4_20260916-154654\test\thumbsup\thumbsup_00079.jpg
test,thumbsup,thumbsup_04080.jpg,p4,,gestos_p4_20260916-154654,80,C:\Users\Javier\PIDS_HandPose\kit-grabacion\HAR_mediapipe\data\gestos_p4_20260916-154654\test\thumbsup\thumbsup_00080.jpg
test,thumbsup,thumbsup_04081.jpg,p4,,gestos_p4_20260916-154654,81,C:\Users\Javier\PIDS_HandPose\kit-grabacion\HAR_mediapipe\data\gestos_p4_20260916-154654\test\thumbsup\thumbsup_00081.jpg
test,thumbsup,thumbsup_04082.jpg,p4,,gestos_p4_20260916-154654,82,C:\Users\Javier\PIDS_HandPose\kit-grabacion\HAR_mediapipe\data\gestos_p4_20260916-154654\test\thumbsup\thumbsup_00082.jpg
test,thumbsup,thumbsup_04083.jpg,p4,,gestos_p4_20260916-154654,83,C:\Users\Javier\PIDS_HandPose\kit-grabacion\HAR_mediapipe\data\gestos_p4_20260916-154654\test\thumbsup\thumbsup_00083.jpg
test,thumbsup,thumbsup_04084.jpg,p4,,gestos_p4_20260916-154654,84,C:\Users\Javier\PIDS_HandPose\kit-grabacion\HAR_mediapipe\data\gestos_p4_20260916-154654\test\thumbsup\thumbsup_00084.jpg
test,thumbsup,thumbsup_04085.jpg,p4,,gestos_p4_20260916-154654,85,C:\Users\Javier\PIDS_HandPose\kit-grabacion\HAR_mediapipe\data\gestos_p4_20260916-154654\test\thumbsup\thumbsup_00085.jpg
test,thumbsup,thumbsup_04086.jpg,p4,,gestos_p4_20260916-154654,86,C:\Users\Javier\PIDS_HandPose\kit-grabacion\HAR_mediapipe\data\gestos_p4_20260916-154654\test\thumbsup\thumbsup_00086.jpg
test,thumbsup,thumbsup_04087.jpg,p4,,gestos_p4_20260916-154654,87,C:\Users\Javier\PIDS_HandPose\kit-grabacion\HAR_mediapipe\data\gestos_p4_20260916-154654\test\thumbsup\thumbsup_00087.jpg
test,thumbsup,thumbsup_04088.jpg,p4,,gestos_p4_20260916-154654,88,C:\Users\Javier\PIDS_HandPose\kit-grabacion\HAR_mediapipe\data\gestos_p4_20260916-154654\test\thumbsup\thumbsup_00088.jpg
test,thumbsup,thumbsup_04089.jpg,p4,,gestos_p4_20260916-154654,89,C:\Users\Javier\PIDS_HandPose\kit-grabacion\HAR_mediapipe\data\gestos_p4_20260916-154654\test\thumbsup\thumbsup_00089.jpg
test,thumbsup,thumbsup_04090.jpg,p4,,gestos_p4_20260916-154654,90,C:\Users\Javier\PIDS_HandPose\kit-grabacion\HAR_mediapipe\data\gestos_p4_20260916-154654\test\thumbsup\thumbsup_00090.jpg
test,thumbsup,thumbsup_04091.jpg,p4,,gestos_p4_20260916-154654,91,C:\Users\Javier\PIDS_HandPose\kit-grabacion\HAR_mediapipe\data\gestos_p4_20260916-154654\test\thumbsup\thumbsup_00091.jpg
test,thumbsup,thumbsup_04092.jpg,p4,,gestos_p4_20260916-154654,92,C:\Users\Javier\PIDS_HandPose\kit-grabacion\HAR_mediapipe\data\gestos_p4_20260916-154654\test\thumbsup\thumbsup_00092.jpg
test,thumbsup,thumbsup_04093.jpg,p4,,gestos_p4_20260916-154654,93,C:\Users\Javier\PIDS_HandPose\kit-grabacion\HAR_mediapipe\data\gestos_p4_20260916-154654\test\thumbsup\thumbsup_00093.jpg
test,thumbsup,thumbsup_04094.jpg,p4,,gestos_p4_20260916-154654,94,C:\Users\Javier\PIDS_HandPose\kit-grabacion\HAR_mediapipe\data\gestos_p4_20260916-154654\test\thumbsup\thumbsup_00094.jpg
test,thumbsup,thumbsup_04095.jpg,p4,,gestos_p4_20260916-154654,95,C:\Users\Javier\PIDS_HandPose\kit-grabacion\HAR_mediapipe\data\gestos_p4_20260916-154654\test\thumbsup\thumbsup_00095.jpg
test,thumbsup,thumbsup_04096.jpg,p4,,gestos_p4_20260916-154654,96,C:\Users\Javier\PIDS_HandPose\kit-grabacion\HAR_mediapipe\data\gestos_p4_20260916-154654\test\thumbsup\thumbsup_00096.jpg
test,thumbsup,thumbsup_04097.jpg,p4,,gestos_p4_20260916-154654,97,C:\Users\Javier\PIDS_HandPose\kit-grabacion\HAR_mediapipe\data\gestos_p4_20260916-154654\test\thumbsup\thumbsup_00097.jpg
test,thumbsup,thumbsup_04098.jpg,p4,,gestos_p4_20260916-154654,98,C:\Users\Javier\PIDS_HandPose\kit-grabacion\HAR_mediapipe\data\gestos_p4_20260916-154654\test\thumbsup\thumbsup_00098.jpg
test,thumbsup,thumbsup_04099.jpg,p4,,gestos_p4_20260916-154654,99,C:\Users\Javier\PIDS_HandPose\kit-grabacion\HAR_mediapipe\data\gestos_p4_20260916-154654\test\thumbsup\thumbsup_00099.jpg
test,thumbsup,thumbsup_04100.jpg,p4,,gestos_p4_20260916-154654,100,C:\Users\Javier\PIDS_HandPose\kit-grabacion\HAR_mediapipe\data\gestos_p4_20260916-154654\test\thumbsup\thumbsup_00100.jpg
train,ok,ok_05001.jpg,p5,,gestos_p5_20260916-155908,1,C:\Users\Javier\PIDS_HandPose\kit-grabacion\HAR_mediapipe\data\gestos_p5_20260916-155908\train\ok\ok_00001.jpg
train,ok,ok_05002.jpg,p5,,gestos_p5_20260916-155908,2,C:\Users\Javier\PIDS_HandPose\kit-grabacion\HAR_mediapipe\data\gestos_p5_20260916-155908\train\ok\ok_00002.jpg
train,ok,ok_05003.jpg,p5,,gestos_p5_20260916-155908,3,C:\Users\Javier\PIDS_HandPose\kit-grabacion\HAR_mediapipe\data\gestos_p5_20260916-155908\train\ok\ok_00003.jpg
train,ok,ok_05004.jpg,p5,,gestos_p5_20260916-155908,4,C:\Users\Javier\PIDS_HandPose\kit-grabacion\HAR_mediapipe\data\gestos_p5_20260916-155908\train\ok\ok_00004.jpg
train,ok,ok_05005.jpg,p5,,gestos_p5_20260916-155908,5,C:\Users\Javier\PIDS_HandPose\kit-grabacion\HAR_mediapipe\data\gestos_p5_20260916-155908\train\ok\ok_00005.jpg
train,ok,ok_05006.jpg,p5,,gestos_p5_20260916-155908,6,C:\Users\Javier\PIDS_HandPose\kit-grabacion\HAR_mediapipe\data\gestos_p5_20260916-155908\train\ok\ok_00006.jpg
train,ok,ok_05007.jpg,p5,,gestos_p5_20260916-155908,7,C:\Users\Javier\PIDS_HandPose\kit-grabacion\HAR_mediapipe\data\gestos_p5_20260916-155908\train\ok\ok_00007.jpg
train,ok,ok_05008.jpg,p5,,gestos_p5_20260916-155908,8,C:\Users\Javier\PIDS_HandPose\kit-grabacion\HAR_mediapipe\data\gestos_p5_20260916-155908\train\ok\ok_00008.jpg
train,ok,ok_05009.jpg,p5,,gestos_p5_20260916-155908,9,C:\Users\Javier\PIDS_HandPose\kit-grabacion\HAR_mediapipe\data\gestos_p5_20260916-155908\train\ok\ok_00009.jpg
train,ok,ok_05010.jpg,p5,,gestos_p5_20260916-155908,10,C:\Users\Javier\PIDS_HandPose\kit-grabacion\HAR_mediapipe\data\gestos_p5_20260916-155908\train\ok\ok_00010.jpg
train,ok,ok_05011.jpg,p5,,gestos_p5_20260916-155908,11,C:\Users\Javier\PIDS_HandPose\kit-grabacion\HAR_mediapipe\data\gestos_p5_20260916-155908\train\ok\ok_00011.jpg
train,ok,ok_05012.jpg,p5,,gestos_p5_20260916-155908,12,C:\Users\Javier\PIDS_HandPose\kit-grabacion\HAR_mediapipe\data\gestos_p5_20260916-155908\train\ok\ok_00012.jpg
train,ok,ok_05013.jpg,p5,,gestos_p5_20260916-155908,13,C:\Users\Javier\PIDS_HandPose\kit-grabacion\HAR_mediapipe\data\gestos_p5_20260916-155908\train\ok\ok_00013.jpg
train,ok,ok_05014.jpg,p5,,gestos_p5_20260916-155908,14,C:\Users\Javier\PIDS_HandPose\kit-grabacion\HAR_mediapipe\data\gestos_p5_20260916-155908\train\ok\ok_00014.jpg
train,ok,ok_05015.jpg,p5,,gestos_p5_20260916-155908,15,C:\Users\Javier\PIDS_HandPose\kit-grabacion\HAR_mediapipe\data\gestos_p5_20260916-155908\train\ok\ok_00015.jpg
train,ok,ok_05016.jpg,p5,,gestos_p5_20260916-155908,16,C:\Users\Javier\PIDS_HandPose\kit-grabacion\HAR_mediapipe\data\gestos_p5_20260916-155908\train\ok\ok_00016.jpg
train,ok,ok_05017.jpg,p5,,gestos_p5_20260916-155908,17,C:\Users\Javier\PIDS_HandPose\kit-grabacion\HAR_mediapipe\data\gestos_p5_20260916-155908\train\ok\ok_00017.jpg
train,ok,ok_05018.jpg,p5,,gestos_p5_20260916-155908,18,C:\Users\Javier\PIDS_HandPose\kit-grabacion\HAR_mediapipe\data\gestos_p5_20260916-155908\train\ok\ok_00018.jpg
train,ok,ok_05019.jpg,p5,,gestos_p5_20260916-155908,19,C:\Users\Javier\PIDS_HandPose\kit-grabacion\HAR_mediapipe\data\gestos_p5_20260916-155908\train\ok\ok_00019.jpg
train,ok,ok_05020.jpg,p5,,gestos_p5_20260916-155908,20,C:\Users\Javier\PIDS_HandPose\kit-grabacion\HAR_mediapipe\data\gestos_p5_20260916-155908\train\ok\ok_00020.jpg
train,ok,ok_05021.jpg,p5,,gestos_p5_20260916-155908,21,C:\Users\Javier\PIDS_HandPose\kit-grabacion\HAR_mediapipe\data\gestos_p5_20260916-155908\train\ok\ok_00021.jpg
train,ok,ok_05022.jpg,p5,,gestos_p5_20260916-155908,22,C:\Users\Javier\PIDS_HandPose\kit-grabacion\HAR_mediapipe\data\gestos_p5_20260916-155908\train\ok\ok_00022.jpg
train,ok,ok_05023.jpg,p5,,gestos_p5_20260916-155908,23,C:\Users\Javier\PIDS_HandPose\kit-grabacion\HAR_mediapipe\data\gestos_p5_20260916-155908\train\ok\ok_00023.jpg
train,ok,ok_05024.jpg,p5,,gestos_p5_20260916-155908,24,C:\Users\Javier\PIDS_HandPose\kit-grabacion\HAR_mediapipe\data\gestos_p5_20260916-155908\train\ok\ok_00024.jpg
train,ok,ok_05025.jpg,p5,,gestos_p5_20260916-155908,25,C:\Users\Javier\PIDS_HandPose\kit-grabacion\HAR_mediapipe\data\gestos_p5_20260916-155908\train\ok\ok_00025.jpg
train,ok,ok_05026.jpg,p5,,gestos_p5_20260916-155908,26,C:\Users\Javier\PIDS_HandPose\kit-grabacion\HAR_mediapipe\data\gestos_p5_20260916-155908\train\ok\ok_00026.jpg
train,ok,ok_05027.jpg,p5,,gestos_p5_20260916-155908,27,C:\Users\Javier\PIDS_HandPose\kit-grabacion\HAR_mediapipe\data\gestos_p5_20260916-155908\train\ok\ok_00027.jpg
train,ok,ok_05028.jpg,p5,,gestos_p5_20260916-155908,28,C:\Users\Javier\PIDS_HandPose\kit-grabacion\HAR_mediapipe\data\gestos_p5_20260916-155908\train\ok\ok_00028.jpg
train,ok,ok_05029.jpg,p5,,gestos_p5_20260916-155908,29,C:\Users\Javier\PIDS_HandPose\kit-grabacion\HAR_mediapipe\data\gestos_p5_20260916-155908\train\ok\ok_00029.jpg
train,ok,ok_05030.jpg,p5,,gestos_p5_20260916-155908,30,C:\Users\Javier\PIDS_HandPose\kit-grabacion\HAR_mediapipe\data\gestos_p5_20260916-155908\train\ok\ok_00030.jpg
train,ok,ok_05031.jpg,p5,,gestos_p5_20260916-155908,31,C:\Users\Javier\PIDS_HandPose\kit-grabacion\HAR_mediapipe\data\gestos_p5_20260916-155908\train\ok\ok_00031.jpg
train,ok,ok_05032.jpg,p5,,gestos_p5_20260916-155908,32,C:\Users\Javier\PIDS_HandPose\kit-grabacion\HAR_mediapipe\data\gestos_p5_20260916-155908\train\ok\ok_00032.jpg
train,ok,ok_05033.jpg,p5,,gestos_p5_20260916-155908,33,C:\Users\Javier\PIDS_HandPose\kit-grabacion\HAR_mediapipe\data\gestos_p5_20260916-155908\train\ok\ok_00033.jpg
train,ok,ok_05034.jpg,p5,,gestos_p5_20260916-155908,34,C:\Users\Javier\PIDS_HandPose\kit-grabacion\HAR_mediapipe\data\gestos_p5_20260916-155908\train\ok\ok_00034.jpg
train,ok,ok_05035.jpg,p5,,gestos_p5_20260916-155908,35,C:\Users\Javier\PIDS_HandPose\kit-grabacion\HAR_mediapipe\data\gestos_p5_20260916-155908\train\ok\ok_00035.jpg
train,ok,ok_05036.jpg,p5,,gestos_p5_20260916-155908,36,C:\Users\Javier\PIDS_HandPose\kit-grabacion\HAR_mediapipe\data\gestos_p5_20260916-155908\train\ok\ok_00036.jpg
train,ok,ok_05037.jpg,p5,,gestos_p5_20260916-155908,37,C:\Users\Javier\PIDS_HandPose\kit-grabacion\HAR_mediapipe\data\gestos_p5_20260916-155908\train\ok\ok_00037.jpg
train,ok,ok_05038.jpg,p5,,gestos_p5_20260916-155908,38,C:\Users\Javier\PIDS_HandPose\kit-grabacion\HAR_mediapipe\data\gestos_p5_20260916-155908\train\ok\ok_00038.jpg
train,ok,ok_05039.jpg,p5,,gestos_p5_20260916-155908,39,C:\Users\Javier\PIDS_HandPose\kit-grabacion\HAR_mediapipe\data\gestos_p5_20260916-155908\train\ok\ok_00039.jpg
train,ok,ok_05040.jpg,p5,,gestos_p5_20260916-155908,40,C:\Users\Javier\PIDS_HandPose\kit-grabacion\HAR_mediapipe\data\gestos_p5_20260916-155908\train\ok\ok_00040.jpg
train,ok,ok_05041.jpg,p5,,gestos_p5_20260916-155908,41,C:\Users\Javier\PIDS_HandPose\kit-grabacion\HAR_mediapipe\data\gestos_p5_20260916-155908\train\ok\ok_00041.jpg
train,ok,ok_05042.jpg,p5,,gestos_p5_20260916-155908,42,C:\Users\Javier\PIDS_HandPose\kit-grabacion\HAR_mediapipe\data\gestos_p5_20260916-155908\train\ok\ok_00042.jpg
train,ok,ok_05043.jpg,p5,,gestos_p5_20260916-155908,43,C:\Users\Javier\PIDS_HandPose\kit-grabacion\HAR_mediapipe\data\gestos_p5_20260916-155908\train\ok\ok_00043.jpg
train,ok,ok_05044.jpg,p5,,gestos_p5_20260916-155908,44,C:\Users\Javier\PIDS_HandPose\kit-grabacion\HAR_mediapipe\data\gestos_p5_20260916-155908\train\ok\ok_00044.jpg
train,ok,ok_05045.jpg,p5,,gestos_p5_20260916-155908,45,C:\Users\Javier\PIDS_HandPose\kit-grabacion\HAR_mediapipe\data\gestos_p5_20260916-155908\train\ok\ok_00045.jpg
train,ok,ok_05046.jpg,p5,,gestos_p5_20260916-155908,46,C:\Users\Javier\PIDS_HandPose\kit-grabacion\HAR_mediapipe\data\gestos_p5_20260916-155908\train\ok\ok_00046.jpg
train,ok,ok_05047.jpg,p5,,gestos_p5_20260916-155908,47,C:\Users\Javier\PIDS_HandPose\kit-grabacion\HAR_mediapipe\data\gestos_p5_20260916-155908\train\ok\ok_00047.jpg
train,ok,ok_05048.jpg,p5,,gestos_p5_20260916-155908,48,C:\Users\Javier\PIDS_HandPose\kit-grabacion\HAR_mediapipe\data\gestos_p5_20260916-155908\train\ok\ok_00048.jpg
train,ok,ok_05049.jpg,p5,,gestos_p5_20260916-155908,49,C:\Users\Javier\PIDS_HandPose\kit-grabacion\HAR_mediapipe\data\gestos_p5_20260916-155908\train\ok\ok_00049.jpg
train,ok,ok_05050.jpg,p5,,gestos_p5_20260916-155908,50,C:\Users\Javier\PIDS_HandPose\kit-grabacion\HAR_mediapipe\data\gestos_p5_20260916-155908\train\ok\ok_00050.jpg
train,ok,ok_05051.jpg,p5,,gestos_p5_20260916-155908,51,C:\Users\Javier\PIDS_HandPose\kit-grabacion\HAR_mediapipe\data\gestos_p5_20260916-155908\train\ok\ok_00051.jpg
train,ok,ok_05052.jpg,p5,,gestos_p5_20260916-155908,52,C:\Users\Javier\PIDS_HandPose\kit-grabacion\HAR_mediapipe\data\gestos_p5_20260916-155908\train\ok\ok_00052.jpg
train,ok,ok_05053.jpg,p5,,gestos_p5_20260916-155908,53,C:\Users\Javier\PIDS_HandPose\kit-grabacion\HAR_mediapipe\data\gestos_p5_20260916-155908\train\ok\ok_00053.jpg
train,ok,ok_05054.jpg,p5,,gestos_p5_20260916-155908,54,C:\Users\Javier\PIDS_HandPose\kit-grabacion\HAR_mediapipe\data\gestos_p5_20260916-155908\train\ok\ok_00054.jpg
train,ok,ok_05055.jpg,p5,,gestos_p5_20260916-155908,55,C:\Users\Javier\PIDS_HandPose\kit-grabacion\HAR_mediapipe\data\gestos_p5_20260916-155908\train\ok\ok_00055.jpg
train,ok,ok_05056.jpg,p5,,gestos_p5_20260916-155908,56,C:\Users\Javier\PIDS_HandPose\kit-grabacion\HAR_mediapipe\data\gestos_p5_20260916-155908\train\ok\ok_00056.jpg
train,ok,ok_05057.jpg,p5,,gestos_p5_20260916-155908,57,C:\Users\Javier\PIDS_HandPose\kit-grabacion\HAR_mediapipe\data\gestos_p5_20260916-155908\train\ok\ok_00057.jpg
train,ok,ok_05058.jpg,p5,,gestos_p5_20260916-155908,58,C:\Users\Javier\PIDS_HandPose\kit-grabacion\HAR_mediapipe\data\gestos_p5_20260916-155908\train\ok\ok_00058.jpg
train,ok,ok_05059.jpg,p5,,gestos_p5_20260916-155908,59,C:\Users\Javier\PIDS_HandPose\kit-grabacion\HAR_mediapipe\data\gestos_p5_20260916-155908\train\ok\ok_00059.jpg
train,ok,ok_05060.jpg,p5,,gestos_p5_20260916-155908,60,C:\Users\Javier\PIDS_HandPose\kit-grabacion\HAR_mediapipe\data\gestos_p5_20260916-155908\train\ok\ok_00060.jpg
train,ok,ok_05061.jpg,p5,,gestos_p5_20260916-155908,61,C:\Users\Javier\PIDS_HandPose\kit-grabacion\HAR_mediapipe\data\gestos_p5_20260916-155908\train\ok\ok_00061.jpg
train,ok,ok_05062.jpg,p5,,gestos_p5_20260916-155908,62,C:\Users\Javier\PIDS_HandPose\kit-grabacion\HAR_mediapipe\data\gestos_p5_20260916-155908\train\ok\ok_00062.jpg
train,ok,ok_05063.jpg,p5,,gestos_p5_20260916-155908,63,C:\Users\Javier\PIDS_HandPose\kit-grabacion\HAR_mediapipe\data\gestos_p5_20260916-155908\train\ok\ok_00063.jpg
train,ok,ok_05064.jpg,p5,,gestos_p5_20260916-155908,64,C:\Users\Javier\PIDS_HandPose\kit-grabacion\HAR_mediapipe\data\gestos_p5_20260916-155908\train\ok\ok_00064.jpg
train,ok,ok_05065.jpg,p5,,gestos_p5_20260916-155908,65,C:\Users\Javier\PIDS_HandPose\kit-grabacion\HAR_mediapipe\data\gestos_p5_20260916-155908\train\ok\ok_00065.jpg
train,ok,ok_05066.jpg,p5,,gestos_p5_20260916-155908,66,C:\Users\Javier\PIDS_HandPose\kit-grabacion\HAR_mediapipe\data\gestos_p5_20260916-155908\train\ok\ok_00066.jpg
train,ok,ok_05067.jpg,p5,,gestos_p5_20260916-155908,67,C:\Users\Javier\PIDS_HandPose\kit-grabacion\HAR_mediapipe\data\gestos_p5_20260916-155908\train\ok\ok_00067.jpg
train,ok,ok_05068.jpg,p5,,gestos_p5_20260916-155908,68,C:\Users\Javier\PIDS_HandPose\kit-grabacion\HAR_mediapipe\data\gestos_p5_20260916-155908\train\ok\ok_00068.jpg
train,ok,ok_05069.jpg,p5,,gestos_p5_20260916-155908,69,C:\Users\Javier\PIDS_HandPose\kit-grabacion\HAR_mediapipe\data\gestos_p5_20260916-155908\train\ok\ok_00069.jpg
train,ok,ok_05070.jpg,p5,,gestos_p5_20260916-155908,70,C:\Users\Javier\PIDS_HandPose\kit-grabacion\HAR_mediapipe\data\gestos_p5_20260916-155908\train\ok\ok_00070.jpg
train,paper,paper_05001.jpg,p5,,gestos_p5_20260916-155908,1,C:\Users\Javier\PIDS_HandPose\kit-grabacion\HAR_mediapipe\data\gestos_p5_20260916-155908\train\paper\paper_00001.jpg
train,paper,paper_05002.jpg,p5,,gestos_p5_20260916-155908,2,C:\Users\Javier\PIDS_HandPose\kit-grabacion\HAR_mediapipe\data\gestos_p5_20260916-155908\train\paper\paper_00002.jpg
train,paper,paper_05003.jpg,p5,,gestos_p5_20260916-155908,3,C:\Users\Javier\PIDS_HandPose\kit-grabacion\HAR_mediapipe\data\gestos_p5_20260916-155908\train\paper\paper_00003.jpg
train,paper,paper_05004.jpg,p5,,gestos_p5_20260916-155908,4,C:\Users\Javier\PIDS_HandPose\kit-grabacion\HAR_mediapipe\data\gestos_p5_20260916-155908\train\paper\paper_00004.jpg
train,paper,paper_05005.jpg,p5,,gestos_p5_20260916-155908,5,C:\Users\Javier\PIDS_HandPose\kit-grabacion\HAR_mediapipe\data\gestos_p5_20260916-155908\train\paper\paper_00005.jpg
train,paper,paper_05006.jpg,p5,,gestos_p5_20260916-155908,6,C:\Users\Javier\PIDS_HandPose\kit-grabacion\HAR_mediapipe\data\gestos_p5_20260916-155908\train\paper\paper_00006.jpg
train,paper,paper_05007.jpg,p5,,gestos_p5_20260916-155908,7,C:\Users\Javier\PIDS_HandPose\kit-grabacion\HAR_mediapipe\data\gestos_p5_20260916-155908\train\paper\paper_00007.jpg
train,paper,paper_05008.jpg,p5,,gestos_p5_20260916-155908,8,C:\Users\Javier\PIDS_HandPose\kit-grabacion\HAR_mediapipe\data\gestos_p5_20260916-155908\train\paper\paper_00008.jpg
train,paper,paper_05009.jpg,p5,,gestos_p5_20260916-155908,9,C:\Users\Javier\PIDS_HandPose\kit-grabacion\HAR_mediapipe\data\gestos_p5_20260916-155908\train\paper\paper_00009.jpg
train,paper,paper_05010.jpg,p5,,gestos_p5_20260916-155908,10,C:\Users\Javier\PIDS_HandPose\kit-grabacion\HAR_mediapipe\data\gestos_p5_20260916-155908\train\paper\paper_00010.jpg
train,paper,paper_05011.jpg,p5,,gestos_p5_20260916-155908,11,C:\Users\Javier\PIDS_HandPose\kit-grabacion\HAR_mediapipe\data\gestos_p5_20260916-155908\train\paper\paper_00011.jpg
train,paper,paper_05012.jpg,p5,,gestos_p5_20260916-155908,12,C:\Users\Javier\PIDS_HandPose\kit-grabacion\HAR_mediapipe\data\gestos_p5_20260916-155908\train\paper\paper_00012.jpg
train,paper,paper_05013.jpg,p5,,gestos_p5_20260916-155908,13,C:\Users\Javier\PIDS_HandPose\kit-grabacion\HAR_mediapipe\data\gestos_p5_20260916-155908\train\paper\paper_00013.jpg
train,paper,paper_05014.jpg,p5,,gestos_p5_20260916-155908,14,C:\Users\Javier\PIDS_HandPose\kit-grabacion\HAR_mediapipe\data\gestos_p5_20260916-155908\train\paper\paper_00014.jpg
train,paper,paper_05015.jpg,p5,,gestos_p5_20260916-155908,15,C:\Users\Javier\PIDS_HandPose\kit-grabacion\HAR_mediapipe\data\gestos_p5_20260916-155908\train\paper\paper_00015.jpg
train,paper,paper_05016.jpg,p5,,gestos_p5_20260916-155908,16,C:\Users\Javier\PIDS_HandPose\kit-grabacion\HAR_mediapipe\data\gestos_p5_20260916-155908\train\paper\paper_00016.jpg
train,paper,paper_05017.jpg,p5,,gestos_p5_20260916-155908,17,C:\Users\Javier\PIDS_HandPose\kit-grabacion\HAR_mediapipe\data\gestos_p5_20260916-155908\train\paper\paper_00017.jpg
train,paper,paper_05018.jpg,p5,,gestos_p5_20260916-155908,18,C:\Users\Javier\PIDS_HandPose\kit-grabacion\HAR_mediapipe\data\gestos_p5_20260916-155908\train\paper\paper_00018.jpg
train,paper,paper_05019.jpg,p5,,gestos_p5_20260916-155908,19,C:\Users\Javier\PIDS_HandPose\kit-grabacion\HAR_mediapipe\data\gestos_p5_20260916-155908\train\paper\paper_00019.jpg
train,paper,paper_05020.jpg,p5,,gestos_p5_20260916-155908,20,C:\Users\Javier\PIDS_HandPose\kit-grabacion\HAR_mediapipe\data\gestos_p5_20260916-155908\train\paper\paper_00020.jpg
train,paper,paper_05021.jpg,p5,,gestos_p5_20260916-155908,21,C:\Users\Javier\PIDS_HandPose\kit-grabacion\HAR_mediapipe\data\gestos_p5_20260916-155908\train\paper\paper_00021.jpg
train,paper,paper_05022.jpg,p5,,gestos_p5_20260916-155908,22,C:\Users\Javier\PIDS_HandPose\kit-grabacion\HAR_mediapipe\data\gestos_p5_20260916-155908\train\paper\paper_00022.jpg
train,paper,paper_05023.jpg,p5,,gestos_p5_20260916-155908,23,C:\Users\Javier\PIDS_HandPose\kit-grabacion\HAR_mediapipe\data\gestos_p5_20260916-155908\train\paper\paper_00023.jpg
train,paper,paper_05024.jpg,p5,,gestos_p5_20260916-155908,24,C:\Users\Javier\PIDS_HandPose\kit-grabacion\HAR_mediapipe\data\gestos_p5_20260916-155908\train\paper\paper_00024.jpg
train,paper,paper_05025.jpg,p5,,gestos_p5_20260916-155908,25,C:\Users\Javier\PIDS_HandPose\kit-grabacion\HAR_mediapipe\data\gestos_p5_20260916-155908\train\paper\paper_00025.jpg
train,paper,paper_05026.jpg,p5,,gestos_p5_20260916-155908,26,C:\Users\Javier\PIDS_HandPose\kit-grabacion\HAR_mediapipe\data\gestos_p5_20260916-155908\train\paper\paper_00026.jpg
train,paper,paper_05027.jpg,p5,,gestos_p5_20260916-155908,27,C:\Users\Javier\PIDS_HandPose\kit-grabacion\HAR_mediapipe\data\gestos_p5_20260916-155908\train\paper\paper_00027.jpg
train,paper,paper_05028.jpg,p5,,gestos_p5_20260916-155908,28,C:\Users\Javier\PIDS_HandPose\kit-grabacion\HAR_mediapipe\data\gestos_p5_20260916-155908\train\paper\paper_00028.jpg
train,paper,paper_05029.jpg,p5,,gestos_p5_20260916-155908,29,C:\Users\Javier\PIDS_HandPose\kit-grabacion\HAR_mediapipe\data\gestos_p5_20260916-155908\train\paper\paper_00029.jpg
train,paper,paper_05030.jpg,p5,,gestos_p5_20260916-155908,30,C:\Users\Javier\PIDS_HandPose\kit-grabacion\HAR_mediapipe\data\gestos_p5_20260916-155908\train\paper\paper_00030.jpg
train,paper,paper_05031.jpg,p5,,gestos_p5_20260916-155908,31,C:\Users\Javier\PIDS_HandPose\kit-grabacion\HAR_mediapipe\data\gestos_p5_20260916-155908\train\paper\paper_00031.jpg
train,paper,paper_05032.jpg,p5,,gestos_p5_20260916-155908,32,C:\Users\Javier\PIDS_HandPose\kit-grabacion\HAR_mediapipe\data\gestos_p5_20260916-155908\train\paper\paper_00032.jpg
train,paper,paper_05033.jpg,p5,,gestos_p5_20260916-155908,33,C:\Users\Javier\PIDS_HandPose\kit-grabacion\HAR_mediapipe\data\gestos_p5_20260916-155908\train\paper\paper_00033.jpg
train,paper,paper_05034.jpg,p5,,gestos_p5_20260916-155908,34,C:\Users\Javier\PIDS_HandPose\kit-grabacion\HAR_mediapipe\data\gestos_p5_20260916-155908\train\paper\paper_00034.jpg
train,paper,paper_05035.jpg,p5,,gestos_p5_20260916-155908,35,C:\Users\Javier\PIDS_HandPose\kit-grabacion\HAR_mediapipe\data\gestos_p5_20260916-155908\train\paper\paper_00035.jpg
train,paper,paper_05036.jpg,p5,,gestos_p5_20260916-155908,36,C:\Users\Javier\PIDS_HandPose\kit-grabacion\HAR_mediapipe\data\gestos_p5_20260916-155908\train\paper\paper_00036.jpg
train,paper,paper_05037.jpg,p5,,gestos_p5_20260916-155908,37,C:\Users\Javier\PIDS_HandPose\kit-grabacion\HAR_mediapipe\data\gestos_p5_20260916-155908\train\paper\paper_00037.jpg
train,paper,paper_05038.jpg,p5,,gestos_p5_20260916-155908,38,C:\Users\Javier\PIDS_HandPose\kit-grabacion\HAR_mediapipe\data\gestos_p5_20260916-155908\train\paper\paper_00038.jpg
train,paper,paper_05039.jpg,p5,,gestos_p5_20260916-155908,39,C:\Users\Javier\PIDS_HandPose\kit-grabacion\HAR_mediapipe\data\gestos_p5_20260916-155908\train\paper\paper_00039.jpg
train,paper,paper_05040.jpg,p5,,gestos_p5_20260916-155908,40,C:\Users\Javier\PIDS_HandPose\kit-grabacion\HAR_mediapipe\data\gestos_p5_20260916-155908\train\paper\paper_00040.jpg
train,paper,paper_05041.jpg,p5,,gestos_p5_20260916-155908,41,C:\Users\Javier\PIDS_HandPose\kit-grabacion\HAR_mediapipe\data\gestos_p5_20260916-155908\train\paper\paper_00041.jpg
train,paper,paper_05042.jpg,p5,,gestos_p5_20260916-155908,42,C:\Users\Javier\PIDS_HandPose\kit-grabacion\HAR_mediapipe\data\gestos_p5_20260916-155908\train\paper\paper_00042.jpg
train,paper,paper_05043.jpg,p5,,gestos_p5_20260916-155908,43,C:\Users\Javier\PIDS_HandPose\kit-grabacion\HAR_mediapipe\data\gestos_p5_20260916-155908\train\paper\paper_00043.jpg
train,paper,paper_05044.jpg,p5,,gestos_p5_20260916-155908,44,C:\Users\Javier\PIDS_HandPose\kit-grabacion\HAR_mediapipe\data\gestos_p5_20260916-155908\train\paper\paper_00044.jpg
train,paper,paper_05045.jpg,p5,,gestos_p5_20260916-155908,45,C:\Users\Javier\PIDS_HandPose\kit-grabacion\HAR_mediapipe\data\gestos_p5_20260916-155908\train\paper\paper_00045.jpg
train,paper,paper_05046.jpg,p5,,gestos_p5_20260916-155908,46,C:\Users\Javier\PIDS_HandPose\kit-grabacion\HAR_mediapipe\data\gestos_p5_20260916-155908\train\paper\paper_00046.jpg
train,paper,paper_05047.jpg,p5,,gestos_p5_20260916-155908,47,C:\Users\Javier\PIDS_HandPose\kit-grabacion\HAR_mediapipe\data\gestos_p5_20260916-155908\train\paper\paper_00047.jpg
train,paper,paper_05048.jpg,p5,,gestos_p5_20260916-155908,48,C:\Users\Javier\PIDS_HandPose\kit-grabacion\HAR_mediapipe\data\gestos_p5_20260916-155908\train\paper\paper_00048.jpg
train,paper,paper_05049.jpg,p5,,gestos_p5_20260916-155908,49,C:\Users\Javier\PIDS_HandPose\kit-grabacion\HAR_mediapipe\data\gestos_p5_20260916-155908\train\paper\paper_00049.jpg
train,paper,paper_05050.jpg,p5,,gestos_p5_20260916-155908,50,C:\Users\Javier\PIDS_HandPose\kit-grabacion\HAR_mediapipe\data\gestos_p5_20260916-155908\train\paper\paper_00050.jpg
train,paper,paper_05051.jpg,p5,,gestos_p5_20260916-155908,51,C:\Users\Javier\PIDS_HandPose\kit-grabacion\HAR_mediapipe\data\gestos_p5_20260916-155908\train\paper\paper_00051.jpg
train,paper,paper_05052.jpg,p5,,gestos_p5_20260916-155908,52,C:\Users\Javier\PIDS_HandPose\kit-grabacion\HAR_mediapipe\data\gestos_p5_20260916-155908\train\paper\paper_00052.jpg
train,paper,paper_05053.jpg,p5,,gestos_p5_20260916-155908,53,C:\Users\Javier\PIDS_HandPose\kit-grabacion\HAR_mediapipe\data\gestos_p5_20260916-155908\train\paper\paper_00053.jpg
train,paper,paper_05054.jpg,p5,,gestos_p5_20260916-155908,54,C:\Users\Javier\PIDS_HandPose\kit-grabacion\HAR_mediapipe\data\gestos_p5_20260916-155908\train\paper\paper_00054.jpg
train,paper,paper_05055.jpg,p5,,gestos_p5_20260916-155908,55,C:\Users\Javier\PIDS_HandPose\kit-grabacion\HAR_mediapipe\data\gestos_p5_20260916-155908\train\paper\paper_00055.jpg
train,paper,paper_05056.jpg,p5,,gestos_p5_20260916-155908,56,C:\Users\Javier\PIDS_HandPose\kit-grabacion\HAR_mediapipe\data\gestos_p5_20260916-155908\train\paper\paper_00056.jpg
train,paper,paper_05057.jpg,p5,,gestos_p5_20260916-155908,57,C:\Users\Javier\PIDS_HandPose\kit-grabacion\HAR_mediapipe\data\gestos_p5_20260916-155908\train\paper\paper_00057.jpg
train,paper,paper_05058.jpg,p5,,gestos_p5_20260916-155908,58,C:\Users\Javier\PIDS_HandPose\kit-grabacion\HAR_mediapipe\data\gestos_p5_20260916-155908\train\paper\paper_00058.jpg
train,paper,paper_05059.jpg,p5,,gestos_p5_20260916-155908,59,C:\Users\Javier\PIDS_HandPose\kit-grabacion\HAR_mediapipe\data\gestos_p5_20260916-155908\train\paper\paper_00059.jpg
train,paper,paper_05060.jpg,p5,,gestos_p5_20260916-155908,60,C:\Users\Javier\PIDS_HandPose\kit-grabacion\HAR_mediapipe\data\gestos_p5_20260916-155908\train\paper\paper_00060.jpg
train,paper,paper_05061.jpg,p5,,gestos_p5_20260916-155908,61,C:\Users\Javier\PIDS_HandPose\kit-grabacion\HAR_mediapipe\data\gestos_p5_20260916-155908\train\paper\paper_00061.jpg
train,paper,paper_05062.jpg,p5,,gestos_p5_20260916-155908,62,C:\Users\Javier\PIDS_HandPose\kit-grabacion\HAR_mediapipe\data\gestos_p5_20260916-155908\train\paper\paper_00062.jpg
train,paper,paper_05063.jpg,p5,,gestos_p5_20260916-155908,63,C:\Users\Javier\PIDS_HandPose\kit-grabacion\HAR_mediapipe\data\gestos_p5_20260916-155908\train\paper\paper_00063.jpg
train,paper,paper_05064.jpg,p5,,gestos_p5_20260916-155908,64,C:\Users\Javier\PIDS_HandPose\kit-grabacion\HAR_mediapipe\data\gestos_p5_20260916-155908\train\paper\paper_00064.jpg
train,paper,paper_05065.jpg,p5,,gestos_p5_20260916-155908,65,C:\Users\Javier\PIDS_HandPose\kit-grabacion\HAR_mediapipe\data\gestos_p5_20260916-155908\train\paper\paper_00065.jpg
train,paper,paper_05066.jpg,p5,,gestos_p5_20260916-155908,66,C:\Users\Javier\PIDS_HandPose\kit-grabacion\HAR_mediapipe\data\gestos_p5_20260916-155908\train\paper\paper_00066.jpg
train,paper,paper_05067.jpg,p5,,gestos_p5_20260916-155908,67,C:\Users\Javier\PIDS_HandPose\kit-grabacion\HAR_mediapipe\data\gestos_p5_20260916-155908\train\paper\paper_00067.jpg
train,paper,paper_05068.jpg,p5,,gestos_p5_20260916-155908,68,C:\Users\Javier\PIDS_HandPose\kit-grabacion\HAR_mediapipe\data\gestos_p5_20260916-155908\train\paper\paper_00068.jpg
train,paper,paper_05069.jpg,p5,,gestos_p5_20260916-155908,69,C:\Users\Javier\PIDS_HandPose\kit-grabacion\HAR_mediapipe\data\gestos_p5_20260916-155908\train\paper\paper_00069.jpg
train,paper,paper_05070.jpg,p5,,gestos_p5_20260916-155908,70,C:\Users\Javier\PIDS_HandPose\kit-grabacion\HAR_mediapipe\data\gestos_p5_20260916-155908\train\paper\paper_00070.jpg
train,rock,rock_05001.jpg,p5,,gestos_p5_20260916-155908,1,C:\Users\Javier\PIDS_HandPose\kit-grabacion\HAR_mediapipe\data\gestos_p5_20260916-155908\train\rock\rock_00001.jpg
train,rock,rock_05002.jpg,p5,,gestos_p5_20260916-155908,2,C:\Users\Javier\PIDS_HandPose\kit-grabacion\HAR_mediapipe\data\gestos_p5_20260916-155908\train\rock\rock_00002.jpg
train,rock,rock_05003.jpg,p5,,gestos_p5_20260916-155908,3,C:\Users\Javier\PIDS_HandPose\kit-grabacion\HAR_mediapipe\data\gestos_p5_20260916-155908\train\rock\rock_00003.jpg
train,rock,rock_05004.jpg,p5,,gestos_p5_20260916-155908,4,C:\Users\Javier\PIDS_HandPose\kit-grabacion\HAR_mediapipe\data\gestos_p5_20260916-155908\train\rock\rock_00004.jpg
train,rock,rock_05005.jpg,p5,,gestos_p5_20260916-155908,5,C:\Users\Javier\PIDS_HandPose\kit-grabacion\HAR_mediapipe\data\gestos_p5_20260916-155908\train\rock\rock_00005.jpg
train,rock,rock_05006.jpg,p5,,gestos_p5_20260916-155908,6,C:\Users\Javier\PIDS_HandPose\kit-grabacion\HAR_mediapipe\data\gestos_p5_20260916-155908\train\rock\rock_00006.jpg
train,rock,rock_05007.jpg,p5,,gestos_p5_20260916-155908,7,C:\Users\Javier\PIDS_HandPose\kit-grabacion\HAR_mediapipe\data\gestos_p5_20260916-155908\train\rock\rock_00007.jpg
train,rock,rock_05008.jpg,p5,,gestos_p5_20260916-155908,8,C:\Users\Javier\PIDS_HandPose\kit-grabacion\HAR_mediapipe\data\gestos_p5_20260916-155908\train\rock\rock_00008.jpg
train,rock,rock_05009.jpg,p5,,gestos_p5_20260916-155908,9,C:\Users\Javier\PIDS_HandPose\kit-grabacion\HAR_mediapipe\data\gestos_p5_20260916-155908\train\rock\rock_00009.jpg
train,rock,rock_05010.jpg,p5,,gestos_p5_20260916-155908,10,C:\Users\Javier\PIDS_HandPose\kit-grabacion\HAR_mediapipe\data\gestos_p5_20260916-155908\train\rock\rock_00010.jpg
train,rock,rock_05011.jpg,p5,,gestos_p5_20260916-155908,11,C:\Users\Javier\PIDS_HandPose\kit-grabacion\HAR_mediapipe\data\gestos_p5_20260916-155908\train\rock\rock_00011.jpg
train,rock,rock_05012.jpg,p5,,gestos_p5_20260916-155908,12,C:\Users\Javier\PIDS_HandPose\kit-grabacion\HAR_mediapipe\data\gestos_p5_20260916-155908\train\rock\rock_00012.jpg
train,rock,rock_05013.jpg,p5,,gestos_p5_20260916-155908,13,C:\Users\Javier\PIDS_HandPose\kit-grabacion\HAR_mediapipe\data\gestos_p5_20260916-155908\train\rock\rock_00013.jpg
train,rock,rock_05014.jpg,p5,,gestos_p5_20260916-155908,14,C:\Users\Javier\PIDS_HandPose\kit-grabacion\HAR_mediapipe\data\gestos_p5_20260916-155908\train\rock\rock_00014.jpg
train,rock,rock_05015.jpg,p5,,gestos_p5_20260916-155908,15,C:\Users\Javier\PIDS_HandPose\kit-grabacion\HAR_mediapipe\data\gestos_p5_20260916-155908\train\rock\rock_00015.jpg
train,rock,rock_05016.jpg,p5,,gestos_p5_20260916-155908,16,C:\Users\Javier\PIDS_HandPose\kit-grabacion\HAR_mediapipe\data\gestos_p5_20260916-155908\train\rock\rock_00016.jpg
train,rock,rock_05017.jpg,p5,,gestos_p5_20260916-155908,17,C:\Users\Javier\PIDS_HandPose\kit-grabacion\HAR_mediapipe\data\gestos_p5_20260916-155908\train\rock\rock_00017.jpg
train,rock,rock_05018.jpg,p5,,gestos_p5_20260916-155908,18,C:\Users\Javier\PIDS_HandPose\kit-grabacion\HAR_mediapipe\data\gestos_p5_20260916-155908\train\rock\rock_00018.jpg
train,rock,rock_05019.jpg,p5,,gestos_p5_20260916-155908,19,C:\Users\Javier\PIDS_HandPose\kit-grabacion\HAR_mediapipe\data\gestos_p5_20260916-155908\train\rock\rock_00019.jpg
train,rock,rock_05020.jpg,p5,,gestos_p5_20260916-155908,20,C:\Users\Javier\PIDS_HandPose\kit-grabacion\HAR_mediapipe\data\gestos_p5_20260916-155908\train\rock\rock_00020.jpg
train,rock,rock_05021.jpg,p5,,gestos_p5_20260916-155908,21,C:\Users\Javier\PIDS_HandPose\kit-grabacion\HAR_mediapipe\data\gestos_p5_20260916-155908\train\rock\rock_00021.jpg
train,rock,rock_05022.jpg,p5,,gestos_p5_20260916-155908,22,C:\Users\Javier\PIDS_HandPose\kit-grabacion\HAR_mediapipe\data\gestos_p5_20260916-155908\train\rock\rock_00022.jpg
train,rock,rock_05023.jpg,p5,,gestos_p5_20260916-155908,23,C:\Users\Javier\PIDS_HandPose\kit-grabacion\HAR_mediapipe\data\gestos_p5_20260916-155908\train\rock\rock_00023.jpg
train,rock,rock_05024.jpg,p5,,gestos_p5_20260916-155908,24,C:\Users\Javier\PIDS_HandPose\kit-grabacion\HAR_mediapipe\data\gestos_p5_20260916-155908\train\rock\rock_00024.jpg
train,rock,rock_05025.jpg,p5,,gestos_p5_20260916-155908,25,C:\Users\Javier\PIDS_HandPose\kit-grabacion\HAR_mediapipe\data\gestos_p5_20260916-155908\train\rock\rock_00025.jpg
train,rock,rock_05026.jpg,p5,,gestos_p5_20260916-155908,26,C:\Users\Javier\PIDS_HandPose\kit-grabacion\HAR_mediapipe\data\gestos_p5_20260916-155908\train\rock\rock_00026.jpg
train,rock,rock_05027.jpg,p5,,gestos_p5_20260916-155908,27,C:\Users\Javier\PIDS_HandPose\kit-grabacion\HAR_mediapipe\data\gestos_p5_20260916-155908\train\rock\rock_00027.jpg
train,rock,rock_05028.jpg,p5,,gestos_p5_20260916-155908,28,C:\Users\Javier\PIDS_HandPose\kit-grabacion\HAR_mediapipe\data\gestos_p5_20260916-155908\train\rock\rock_00028.jpg
train,rock,rock_05029.jpg,p5,,gestos_p5_20260916-155908,29,C:\Users\Javier\PIDS_HandPose\kit-grabacion\HAR_mediapipe\data\gestos_p5_20260916-155908\train\rock\rock_00029.jpg
train,rock,rock_05030.jpg,p5,,gestos_p5_20260916-155908,30,C:\Users\Javier\PIDS_HandPose\kit-grabacion\HAR_mediapipe\data\gestos_p5_20260916-155908\train\rock\rock_00030.jpg
train,rock,rock_05031.jpg,p5,,gestos_p5_20260916-155908,31,C:\Users\Javier\PIDS_HandPose\kit-grabacion\HAR_mediapipe\data\gestos_p5_20260916-155908\train\rock\rock_00031.jpg
train,rock,rock_05032.jpg,p5,,gestos_p5_20260916-155908,32,C:\Users\Javier\PIDS_HandPose\kit-grabacion\HAR_mediapipe\data\gestos_p5_20260916-155908\train\rock\rock_00032.jpg
train,rock,rock_05033.jpg,p5,,gestos_p5_20260916-155908,33,C:\Users\Javier\PIDS_HandPose\kit-grabacion\HAR_mediapipe\data\gestos_p5_20260916-155908\train\rock\rock_00033.jpg
train,rock,rock_05034.jpg,p5,,gestos_p5_20260916-155908,34,C:\Users\Javier\PIDS_HandPose\kit-grabacion\HAR_mediapipe\data\gestos_p5_20260916-155908\train\rock\rock_00034.jpg
train,rock,rock_05035.jpg,p5,,gestos_p5_20260916-155908,35,C:\Users\Javier\PIDS_HandPose\kit-grabacion\HAR_mediapipe\data\gestos_p5_20260916-155908\train\rock\rock_00035.jpg
train,rock,rock_05036.jpg,p5,,gestos_p5_20260916-155908,36,C:\Users\Javier\PIDS_HandPose\kit-grabacion\HAR_mediapipe\data\gestos_p5_20260916-155908\train\rock\rock_00036.jpg
train,rock,rock_05037.jpg,p5,,gestos_p5_20260916-155908,37,C:\Users\Javier\PIDS_HandPose\kit-grabacion\HAR_mediapipe\data\gestos_p5_20260916-155908\train\rock\rock_00037.jpg
train,rock,rock_05038.jpg,p5,,gestos_p5_20260916-155908,38,C:\Users\Javier\PIDS_HandPose\kit-grabacion\HAR_mediapipe\data\gestos_p5_20260916-155908\train\rock\rock_00038.jpg
train,rock,rock_05039.jpg,p5,,gestos_p5_20260916-155908,39,C:\Users\Javier\PIDS_HandPose\kit-grabacion\HAR_mediapipe\data\gestos_p5_20260916-155908\train\rock\rock_00039.jpg
train,rock,rock_05040.jpg,p5,,gestos_p5_20260916-155908,40,C:\Users\Javier\PIDS_HandPose\kit-grabacion\HAR_mediapipe\data\gestos_p5_20260916-155908\train\rock\rock_00040.jpg
train,rock,rock_05041.jpg,p5,,gestos_p5_20260916-155908,41,C:\Users\Javier\PIDS_HandPose\kit-grabacion\HAR_mediapipe\data\gestos_p5_20260916-155908\train\rock\rock_00041.jpg
train,rock,rock_05042.jpg,p5,,gestos_p5_20260916-155908,42,C:\Users\Javier\PIDS_HandPose\kit-grabacion\HAR_mediapipe\data\gestos_p5_20260916-155908\train\rock\rock_00042.jpg
train,rock,rock_05043.jpg,p5,,gestos_p5_20260916-155908,43,C:\Users\Javier\PIDS_HandPose\kit-grabacion\HAR_mediapipe\data\gestos_p5_20260916-155908\train\rock\rock_00043.jpg
train,rock,rock_05044.jpg,p5,,gestos_p5_20260916-155908,44,C:\Users\Javier\PIDS_HandPose\kit-grabacion\HAR_mediapipe\data\gestos_p5_20260916-155908\train\rock\rock_00044.jpg
train,rock,rock_05045.jpg,p5,,gestos_p5_20260916-155908,45,C:\Users\Javier\PIDS_HandPose\kit-grabacion\HAR_mediapipe\data\gestos_p5_20260916-155908\train\rock\rock_00045.jpg
train,rock,rock_05046.jpg,p5,,gestos_p5_20260916-155908,46,C:\Users\Javier\PIDS_HandPose\kit-grabacion\HAR_mediapipe\data\gestos_p5_20260916-155908\train\rock\rock_00046.jpg
train,rock,rock_05047.jpg,p5,,gestos_p5_20260916-155908,47,C:\Users\Javier\PIDS_HandPose\kit-grabacion\HAR_mediapipe\data\gestos_p5_20260916-155908\train\rock\rock_00047.jpg
train,rock,rock_05048.jpg,p5,,gestos_p5_20260916-155908,48,C:\Users\Javier\PIDS_HandPose\kit-grabacion\HAR_mediapipe\data\gestos_p5_20260916-155908\train\rock\rock_00048.jpg
train,rock,rock_05049.jpg,p5,,gestos_p5_20260916-155908,49,C:\Users\Javier\PIDS_HandPose\kit-grabacion\HAR_mediapipe\data\gestos_p5_20260916-155908\train\rock\rock_00049.jpg
train,rock,rock_05050.jpg,p5,,gestos_p5_20260916-155908,50,C:\Users\Javier\PIDS_HandPose\kit-grabacion\HAR_mediapipe\data\gestos_p5_20260916-155908\train\rock\rock_00050.jpg
train,rock,rock_05051.jpg,p5,,gestos_p5_20260916-155908,51,C:\Users\Javier\PIDS_HandPose\kit-grabacion\HAR_mediapipe\data\gestos_p5_20260916-155908\train\rock\rock_00051.jpg
train,rock,rock_05052.jpg,p5,,gestos_p5_20260916-155908,52,C:\Users\Javier\PIDS_HandPose\kit-grabacion\HAR_mediapipe\data\gestos_p5_20260916-155908\train\rock\rock_00052.jpg
train,rock,rock_05053.jpg,p5,,gestos_p5_20260916-155908,53,C:\Users\Javier\PIDS_HandPose\kit-grabacion\HAR_mediapipe\data\gestos_p5_20260916-155908\train\rock\rock_00053.jpg
train,rock,rock_05054.jpg,p5,,gestos_p5_20260916-155908,54,C:\Users\Javier\PIDS_HandPose\kit-grabacion\HAR_mediapipe\data\gestos_p5_20260916-155908\train\rock\rock_00054.jpg
train,rock,rock_05055.jpg,p5,,gestos_p5_20260916-155908,55,C:\Users\Javier\PIDS_HandPose\kit-grabacion\HAR_mediapipe\data\gestos_p5_20260916-155908\train\rock\rock_00055.jpg
train,rock,rock_05056.jpg,p5,,gestos_p5_20260916-155908,56,C:\Users\Javier\PIDS_HandPose\kit-grabacion\HAR_mediapipe\data\gestos_p5_20260916-155908\train\rock\rock_00056.jpg
train,rock,rock_05057.jpg,p5,,gestos_p5_20260916-155908,57,C:\Users\Javier\PIDS_HandPose\kit-grabacion\HAR_mediapipe\data\gestos_p5_20260916-155908\train\rock\rock_00057.jpg
train,rock,rock_05058.jpg,p5,,gestos_p5_20260916-155908,58,C:\Users\Javier\PIDS_HandPose\kit-grabacion\HAR_mediapipe\data\gestos_p5_20260916-155908\train\rock\rock_00058.jpg
train,rock,rock_05059.jpg,p5,,gestos_p5_20260916-155908,59,C:\Users\Javier\PIDS_HandPose\kit-grabacion\HAR_mediapipe\data\gestos_p5_20260916-155908\train\rock\rock_00059.jpg
train,rock,rock_05060.jpg,p5,,gestos_p5_20260916-155908,60,C:\Users\Javier\PIDS_HandPose\kit-grabacion\HAR_mediapipe\data\gestos_p5_20260916-155908\train\rock\rock_00060.jpg
train,rock,rock_05061.jpg,p5,,gestos_p5_20260916-155908,61,C:\Users\Javier\PIDS_HandPose\kit-grabacion\HAR_mediapipe\data\gestos_p5_20260916-155908\train\rock\rock_00061.jpg
train,rock,rock_05062.jpg,p5,,gestos_p5_20260916-155908,62,C:\Users\Javier\PIDS_HandPose\kit-grabacion\HAR_mediapipe\data\gestos_p5_20260916-155908\train\rock\rock_00062.jpg
train,rock,rock_05063.jpg,p5,,gestos_p5_20260916-155908,63,C:\Users\Javier\PIDS_HandPose\kit-grabacion\HAR_mediapipe\data\gestos_p5_20260916-155908\train\rock\rock_00063.jpg
train,rock,rock_05064.jpg,p5,,gestos_p5_20260916-155908,64,C:\Users\Javier\PIDS_HandPose\kit-grabacion\HAR_mediapipe\data\gestos_p5_20260916-155908\train\rock\rock_00064.jpg
train,rock,rock_05065.jpg,p5,,gestos_p5_20260916-155908,65,C:\Users\Javier\PIDS_HandPose\kit-grabacion\HAR_mediapipe\data\gestos_p5_20260916-155908\train\rock\rock_00065.jpg
train,rock,rock_05066.jpg,p5,,gestos_p5_20260916-155908,66,C:\Users\Javier\PIDS_HandPose\kit-grabacion\HAR_mediapipe\data\gestos_p5_20260916-155908\train\rock\rock_00066.jpg
train,rock,rock_05067.jpg,p5,,gestos_p5_20260916-155908,67,C:\Users\Javier\PIDS_HandPose\kit-grabacion\HAR_mediapipe\data\gestos_p5_20260916-155908\train\rock\rock_00067.jpg
train,rock,rock_05068.jpg,p5,,gestos_p5_20260916-155908,68,C:\Users\Javier\PIDS_HandPose\kit-grabacion\HAR_mediapipe\data\gestos_p5_20260916-155908\train\rock\rock_00068.jpg
train,rock,rock_05069.jpg,p5,,gestos_p5_20260916-155908,69,C:\Users\Javier\PIDS_HandPose\kit-grabacion\HAR_mediapipe\data\gestos_p5_20260916-155908\train\rock\rock_00069.jpg
train,rock,rock_05070.jpg,p5,,gestos_p5_20260916-155908,70,C:\Users\Javier\PIDS_HandPose\kit-grabacion\HAR_mediapipe\data\gestos_p5_20260916-155908\train\rock\rock_00070.jpg
train,rockandroll,rockandroll_05001.jpg,p5,,gestos_p5_20260916-155908,1,C:\Users\Javier\PIDS_HandPose\kit-grabacion\HAR_mediapipe\data\gestos_p5_20260916-155908\train\rockandroll\rockandroll_00001.jpg
train,rockandroll,rockandroll_05002.jpg,p5,,gestos_p5_20260916-155908,2,C:\Users\Javier\PIDS_HandPose\kit-grabacion\HAR_mediapipe\data\gestos_p5_20260916-155908\train\rockandroll\rockandroll_00002.jpg
train,rockandroll,rockandroll_05003.jpg,p5,,gestos_p5_20260916-155908,3,C:\Users\Javier\PIDS_HandPose\kit-grabacion\HAR_mediapipe\data\gestos_p5_20260916-155908\train\rockandroll\rockandroll_00003.jpg
train,rockandroll,rockandroll_05004.jpg,p5,,gestos_p5_20260916-155908,4,C:\Users\Javier\PIDS_HandPose\kit-grabacion\HAR_mediapipe\data\gestos_p5_20260916-155908\train\rockandroll\rockandroll_00004.jpg
train,rockandroll,rockandroll_05005.jpg,p5,,gestos_p5_20260916-155908,5,C:\Users\Javier\PIDS_HandPose\kit-grabacion\HAR_mediapipe\data\gestos_p5_20260916-155908\train\rockandroll\rockandroll_00005.jpg
train,rockandroll,rockandroll_05006.jpg,p5,,gestos_p5_20260916-155908,6,C:\Users\Javier\PIDS_HandPose\kit-grabacion\HAR_mediapipe\data\gestos_p5_20260916-155908\train\rockandroll\rockandroll_00006.jpg
train,rockandroll,rockandroll_05007.jpg,p5,,gestos_p5_20260916-155908,7,C:\Users\Javier\PIDS_HandPose\kit-grabacion\HAR_mediapipe\data\gestos_p5_20260916-155908\train\rockandroll\rockandroll_00007.jpg
train,rockandroll,rockandroll_05008.jpg,p5,,gestos_p5_20260916-155908,8,C:\Users\Javier\PIDS_HandPose\kit-grabacion\HAR_mediapipe\data\gestos_p5_20260916-155908\train\rockandroll\rockandroll_00008.jpg
train,rockandroll,rockandroll_05009.jpg,p5,,gestos_p5_20260916-155908,9,C:\Users\Javier\PIDS_HandPose\kit-grabacion\HAR_mediapipe\data\gestos_p5_20260916-155908\train\rockandroll\rockandroll_00009.jpg
train,rockandroll,rockandroll_05010.jpg,p5,,gestos_p5_20260916-155908,10,C:\Users\Javier\PIDS_HandPose\kit-grabacion\HAR_mediapipe\data\gestos_p5_20260916-155908\train\rockandroll\rockandroll_00010.jpg
train,rockandroll,rockandroll_05011.jpg,p5,,gestos_p5_20260916-155908,11,C:\Users\Javier\PIDS_HandPose\kit-grabacion\HAR_mediapipe\data\gestos_p5_20260916-155908\train\rockandroll\rockandroll_00011.jpg
train,rockandroll,rockandroll_05012.jpg,p5,,gestos_p5_20260916-155908,12,C:\Users\Javier\PIDS_HandPose\kit-grabacion\HAR_mediapipe\data\gestos_p5_20260916-155908\train\rockandroll\rockandroll_00012.jpg
train,rockandroll,rockandroll_05013.jpg,p5,,gestos_p5_20260916-155908,13,C:\Users\Javier\PIDS_HandPose\kit-grabacion\HAR_mediapipe\data\gestos_p5_20260916-155908\train\rockandroll\rockandroll_00013.jpg
train,rockandroll,rockandroll_05014.jpg,p5,,gestos_p5_20260916-155908,14,C:\Users\Javier\PIDS_HandPose\kit-grabacion\HAR_mediapipe\data\gestos_p5_20260916-155908\train\rockandroll\rockandroll_00014.jpg
train,rockandroll,rockandroll_05015.jpg,p5,,gestos_p5_20260916-155908,15,C:\Users\Javier\PIDS_HandPose\kit-grabacion\HAR_mediapipe\data\gestos_p5_20260916-155908\train\rockandroll\rockandroll_00015.jpg
train,rockandroll,rockandroll_05016.jpg,p5,,gestos_p5_20260916-155908,16,C:\Users\Javier\PIDS_HandPose\kit-grabacion\HAR_mediapipe\data\gestos_p5_20260916-155908\train\rockandroll\rockandroll_00016.jpg
train,rockandroll,rockandroll_05017.jpg,p5,,gestos_p5_20260916-155908,17,C:\Users\Javier\PIDS_HandPose\kit-grabacion\HAR_mediapipe\data\gestos_p5_20260916-155908\train\rockandroll\rockandroll_00017.jpg
train,rockandroll,rockandroll_05018.jpg,p5,,gestos_p5_20260916-155908,18,C:\Users\Javier\PIDS_HandPose\kit-grabacion\HAR_mediapipe\data\gestos_p5_20260916-155908\train\rockandroll\rockandroll_00018.jpg
train,rockandroll,rockandroll_05019.jpg,p5,,gestos_p5_20260916-155908,19,C:\Users\Javier\PIDS_HandPose\kit-grabacion\HAR_mediapipe\data\gestos_p5_20260916-155908\train\rockandroll\rockandroll_00019.jpg
train,rockandroll,rockandroll_05020.jpg,p5,,gestos_p5_20260916-155908,20,C:\Users\Javier\PIDS_HandPose\kit-grabacion\HAR_mediapipe\data\gestos_p5_20260916-155908\train\rockandroll\rockandroll_00020.jpg
train,rockandroll,rockandroll_05021.jpg,p5,,gestos_p5_20260916-155908,21,C:\Users\Javier\PIDS_HandPose\kit-grabacion\HAR_mediapipe\data\gestos_p5_20260916-155908\train\rockandroll\rockandroll_00021.jpg
train,rockandroll,rockandroll_05022.jpg,p5,,gestos_p5_20260916-155908,22,C:\Users\Javier\PIDS_HandPose\kit-grabacion\HAR_mediapipe\data\gestos_p5_20260916-155908\train\rockandroll\rockandroll_00022.jpg
train,rockandroll,rockandroll_05023.jpg,p5,,gestos_p5_20260916-155908,23,C:\Users\Javier\PIDS_HandPose\kit-grabacion\HAR_mediapipe\data\gestos_p5_20260916-155908\train\rockandroll\rockandroll_00023.jpg
train,rockandroll,rockandroll_05024.jpg,p5,,gestos_p5_20260916-155908,24,C:\Users\Javier\PIDS_HandPose\kit-grabacion\HAR_mediapipe\data\gestos_p5_20260916-155908\train\rockandroll\rockandroll_00024.jpg
train,rockandroll,rockandroll_05025.jpg,p5,,gestos_p5_20260916-155908,25,C:\Users\Javier\PIDS_HandPose\kit-grabacion\HAR_mediapipe\data\gestos_p5_20260916-155908\train\rockandroll\rockandroll_00025.jpg
train,rockandroll,rockandroll_05026.jpg,p5,,gestos_p5_20260916-155908,26,C:\Users\Javier\PIDS_HandPose\kit-grabacion\HAR_mediapipe\data\gestos_p5_20260916-155908\train\rockandroll\rockandroll_00026.jpg
train,rockandroll,rockandroll_05027.jpg,p5,,gestos_p5_20260916-155908,27,C:\Users\Javier\PIDS_HandPose\kit-grabacion\HAR_mediapipe\data\gestos_p5_20260916-155908\train\rockandroll\rockandroll_00027.jpg
train,rockandroll,rockandroll_05028.jpg,p5,,gestos_p5_20260916-155908,28,C:\Users\Javier\PIDS_HandPose\kit-grabacion\HAR_mediapipe\data\gestos_p5_20260916-155908\train\rockandroll\rockandroll_00028.jpg
train,rockandroll,rockandroll_05029.jpg,p5,,gestos_p5_20260916-155908,29,C:\Users\Javier\PIDS_HandPose\kit-grabacion\HAR_mediapipe\data\gestos_p5_20260916-155908\train\rockandroll\rockandroll_00029.jpg
train,rockandroll,rockandroll_05030.jpg,p5,,gestos_p5_20260916-155908,30,C:\Users\Javier\PIDS_HandPose\kit-grabacion\HAR_mediapipe\data\gestos_p5_20260916-155908\train\rockandroll\rockandroll_00030.jpg
train,rockandroll,rockandroll_05031.jpg,p5,,gestos_p5_20260916-155908,31,C:\Users\Javier\PIDS_HandPose\kit-grabacion\HAR_mediapipe\data\gestos_p5_20260916-155908\train\rockandroll\rockandroll_00031.jpg
train,rockandroll,rockandroll_05032.jpg,p5,,gestos_p5_20260916-155908,32,C:\Users\Javier\PIDS_HandPose\kit-grabacion\HAR_mediapipe\data\gestos_p5_20260916-155908\train\rockandroll\rockandroll_00032.jpg
train,rockandroll,rockandroll_05033.jpg,p5,,gestos_p5_20260916-155908,33,C:\Users\Javier\PIDS_HandPose\kit-grabacion\HAR_mediapipe\data\gestos_p5_20260916-155908\train\rockandroll\rockandroll_00033.jpg
train,rockandroll,rockandroll_05034.jpg,p5,,gestos_p5_20260916-155908,34,C:\Users\Javier\PIDS_HandPose\kit-grabacion\HAR_mediapipe\data\gestos_p5_20260916-155908\train\rockandroll\rockandroll_00034.jpg
train,rockandroll,rockandroll_05035.jpg,p5,,gestos_p5_20260916-155908,35,C:\Users\Javier\PIDS_HandPose\kit-grabacion\HAR_mediapipe\data\gestos_p5_20260916-155908\train\rockandroll\rockandroll_00035.jpg
train,rockandroll,rockandroll_05036.jpg,p5,,gestos_p5_20260916-155908,36,C:\Users\Javier\PIDS_HandPose\kit-grabacion\HAR_mediapipe\data\gestos_p5_20260916-155908\train\rockandroll\rockandroll_00036.jpg
train,rockandroll,rockandroll_05037.jpg,p5,,gestos_p5_20260916-155908,37,C:\Users\Javier\PIDS_HandPose\kit-grabacion\HAR_mediapipe\data\gestos_p5_20260916-155908\train\rockandroll\rockandroll_00037.jpg
train,rockandroll,rockandroll_05038.jpg,p5,,gestos_p5_20260916-155908,38,C:\Users\Javier\PIDS_HandPose\kit-grabacion\HAR_mediapipe\data\gestos_p5_20260916-155908\train\rockandroll\rockandroll_00038.jpg
train,rockandroll,rockandroll_05039.jpg,p5,,gestos_p5_20260916-155908,39,C:\Users\Javier\PIDS_HandPose\kit-grabacion\HAR_mediapipe\data\gestos_p5_20260916-155908\train\rockandroll\rockandroll_00039.jpg
train,rockandroll,rockandroll_05040.jpg,p5,,gestos_p5_20260916-155908,40,C:\Users\Javier\PIDS_HandPose\kit-grabacion\HAR_mediapipe\data\gestos_p5_20260916-155908\train\rockandroll\rockandroll_00040.jpg
train,rockandroll,rockandroll_05041.jpg,p5,,gestos_p5_20260916-155908,41,C:\Users\Javier\PIDS_HandPose\kit-grabacion\HAR_mediapipe\data\gestos_p5_20260916-155908\train\rockandroll\rockandroll_00041.jpg
train,rockandroll,rockandroll_05042.jpg,p5,,gestos_p5_20260916-155908,42,C:\Users\Javier\PIDS_HandPose\kit-grabacion\HAR_mediapipe\data\gestos_p5_20260916-155908\train\rockandroll\rockandroll_00042.jpg
train,rockandroll,rockandroll_05043.jpg,p5,,gestos_p5_20260916-155908,43,C:\Users\Javier\PIDS_HandPose\kit-grabacion\HAR_mediapipe\data\gestos_p5_20260916-155908\train\rockandroll\rockandroll_00043.jpg
train,rockandroll,rockandroll_05044.jpg,p5,,gestos_p5_20260916-155908,44,C:\Users\Javier\PIDS_HandPose\kit-grabacion\HAR_mediapipe\data\gestos_p5_20260916-155908\train\rockandroll\rockandroll_00044.jpg
train,rockandroll,rockandroll_05045.jpg,p5,,gestos_p5_20260916-155908,45,C:\Users\Javier\PIDS_HandPose\kit-grabacion\HAR_mediapipe\data\gestos_p5_20260916-155908\train\rockandroll\rockandroll_00045.jpg
train,rockandroll,rockandroll_05046.jpg,p5,,gestos_p5_20260916-155908,46,C:\Users\Javier\PIDS_HandPose\kit-grabacion\HAR_mediapipe\data\gestos_p5_20260916-155908\train\rockandroll\rockandroll_00046.jpg
train,rockandroll,rockandroll_05047.jpg,p5,,gestos_p5_20260916-155908,47,C:\Users\Javier\PIDS_HandPose\kit-grabacion\HAR_mediapipe\data\gestos_p5_20260916-155908\train\rockandroll\rockandroll_00047.jpg
train,rockandroll,rockandroll_05048.jpg,p5,,gestos_p5_20260916-155908,48,C:\Users\Javier\PIDS_HandPose\kit-grabacion\HAR_mediapipe\data\gestos_p5_20260916-155908\train\rockandroll\rockandroll_00048.jpg
train,rockandroll,rockandroll_05049.jpg,p5,,gestos_p5_20260916-155908,49,C:\Users\Javier\PIDS_HandPose\kit-grabacion\HAR_mediapipe\data\gestos_p5_20260916-155908\train\rockandroll\rockandroll_00049.jpg
train,rockandroll,rockandroll_05050.jpg,p5,,gestos_p5_20260916-155908,50,C:\Users\Javier\PIDS_HandPose\kit-grabacion\HAR_mediapipe\data\gestos_p5_20260916-155908\train\rockandroll\rockandroll_00050.jpg
train,rockandroll,rockandroll_05051.jpg,p5,,gestos_p5_20260916-155908,51,C:\Users\Javier\PIDS_HandPose\kit-grabacion\HAR_mediapipe\data\gestos_p5_20260916-155908\train\rockandroll\rockandroll_00051.jpg
train,rockandroll,rockandroll_05052.jpg,p5,,gestos_p5_20260916-155908,52,C:\Users\Javier\PIDS_HandPose\kit-grabacion\HAR_mediapipe\data\gestos_p5_20260916-155908\train\rockandroll\rockandroll_00052.jpg
train,rockandroll,rockandroll_05053.jpg,p5,,gestos_p5_20260916-155908,53,C:\Users\Javier\PIDS_HandPose\kit-grabacion\HAR_mediapipe\data\gestos_p5_20260916-155908\train\rockandroll\rockandroll_00053.jpg
train,rockandroll,rockandroll_05054.jpg,p5,,gestos_p5_20260916-155908,54,C:\Users\Javier\PIDS_HandPose\kit-grabacion\HAR_mediapipe\data\gestos_p5_20260916-155908\train\rockandroll\rockandroll_00054.jpg
train,rockandroll,rockandroll_05055.jpg,p5,,gestos_p5_20260916-155908,55,C:\Users\Javier\PIDS_HandPose\kit-grabacion\HAR_mediapipe\data\gestos_p5_20260916-155908\train\rockandroll\rockandroll_00055.jpg
train,rockandroll,rockandroll_05056.jpg,p5,,gestos_p5_20260916-155908,56,C:\Users\Javier\PIDS_HandPose\kit-grabacion\HAR_mediapipe\data\gestos_p5_20260916-155908\train\rockandroll\rockandroll_00056.jpg
train,rockandroll,rockandroll_05057.jpg,p5,,gestos_p5_20260916-155908,57,C:\Users\Javier\PIDS_HandPose\kit-grabacion\HAR_mediapipe\data\gestos_p5_20260916-155908\train\rockandroll\rockandroll_00057.jpg
train,rockandroll,rockandroll_05058.jpg,p5,,gestos_p5_20260916-155908,58,C:\Users\Javier\PIDS_HandPose\kit-grabacion\HAR_mediapipe\data\gestos_p5_20260916-155908\train\rockandroll\rockandroll_00058.jpg
train,rockandroll,rockandroll_05059.jpg,p5,,gestos_p5_20260916-155908,59,C:\Users\Javier\PIDS_HandPose\kit-grabacion\HAR_mediapipe\data\gestos_p5_20260916-155908\train\rockandroll\rockandroll_00059.jpg
train,rockandroll,rockandroll_05060.jpg,p5,,gestos_p5_20260916-155908,60,C:\Users\Javier\PIDS_HandPose\kit-grabacion\HAR_mediapipe\data\gestos_p5_20260916-155908\train\rockandroll\rockandroll_00060.jpg
train,rockandroll,rockandroll_05061.jpg,p5,,gestos_p5_20260916-155908,61,C:\Users\Javier\PIDS_HandPose\kit-grabacion\HAR_mediapipe\data\gestos_p5_20260916-155908\train\rockandroll\rockandroll_00061.jpg
train,rockandroll,rockandroll_05062.jpg,p5,,gestos_p5_20260916-155908,62,C:\Users\Javier\PIDS_HandPose\kit-grabacion\HAR_mediapipe\data\gestos_p5_20260916-155908\train\rockandroll\rockandroll_00062.jpg
train,rockandroll,rockandroll_05063.jpg,p5,,gestos_p5_20260916-155908,63,C:\Users\Javier\PIDS_HandPose\kit-grabacion\HAR_mediapipe\data\gestos_p5_20260916-155908\train\rockandroll\rockandroll_00063.jpg
train,rockandroll,rockandroll_05064.jpg,p5,,gestos_p5_20260916-155908,64,C:\Users\Javier\PIDS_HandPose\kit-grabacion\HAR_mediapipe\data\gestos_p5_20260916-155908\train\rockandroll\rockandroll_00064.jpg
train,rockandroll,rockandroll_05065.jpg,p5,,gestos_p5_20260916-155908,65,C:\Users\Javier\PIDS_HandPose\kit-grabacion\HAR_mediapipe\data\gestos_p5_20260916-155908\train\rockandroll\rockandroll_00065.jpg
train,rockandroll,rockandroll_05066.jpg,p5,,gestos_p5_20260916-155908,66,C:\Users\Javier\PIDS_HandPose\kit-grabacion\HAR_mediapipe\data\gestos_p5_20260916-155908\train\rockandroll\rockandroll_00066.jpg
train,rockandroll,rockandroll_05067.jpg,p5,,gestos_p5_20260916-155908,67,C:\Users\Javier\PIDS_HandPose\kit-grabacion\HAR_mediapipe\data\gestos_p5_20260916-155908\train\rockandroll\rockandroll_00067.jpg
train,rockandroll,rockandroll_05068.jpg,p5,,gestos_p5_20260916-155908,68,C:\Users\Javier\PIDS_HandPose\kit-grabacion\HAR_mediapipe\data\gestos_p5_20260916-155908\train\rockandroll\rockandroll_00068.jpg
train,rockandroll,rockandroll_05069.jpg,p5,,gestos_p5_20260916-155908,69,C:\Users\Javier\PIDS_HandPose\kit-grabacion\HAR_mediapipe\data\gestos_p5_20260916-155908\train\rockandroll\rockandroll_00069.jpg
train,rockandroll,rockandroll_05070.jpg,p5,,gestos_p5_20260916-155908,70,C:\Users\Javier\PIDS_HandPose\kit-grabacion\HAR_mediapipe\data\gestos_p5_20260916-155908\train\rockandroll\rockandroll_00070.jpg
train,scissors,scissors_05001.jpg,p5,,gestos_p5_20260916-155908,1,C:\Users\Javier\PIDS_HandPose\kit-grabacion\HAR_mediapipe\data\gestos_p5_20260916-155908\train\scissors\scissors_00001.jpg
train,scissors,scissors_05002.jpg,p5,,gestos_p5_20260916-155908,2,C:\Users\Javier\PIDS_HandPose\kit-grabacion\HAR_mediapipe\data\gestos_p5_20260916-155908\train\scissors\scissors_00002.jpg
train,scissors,scissors_05003.jpg,p5,,gestos_p5_20260916-155908,3,C:\Users\Javier\PIDS_HandPose\kit-grabacion\HAR_mediapipe\data\gestos_p5_20260916-155908\train\scissors\scissors_00003.jpg
train,scissors,scissors_05004.jpg,p5,,gestos_p5_20260916-155908,4,C:\Users\Javier\PIDS_HandPose\kit-grabacion\HAR_mediapipe\data\gestos_p5_20260916-155908\train\scissors\scissors_00004.jpg
train,scissors,scissors_05005.jpg,p5,,gestos_p5_20260916-155908,5,C:\Users\Javier\PIDS_HandPose\kit-grabacion\HAR_mediapipe\data\gestos_p5_20260916-155908\train\scissors\scissors_00005.jpg
train,scissors,scissors_05006.jpg,p5,,gestos_p5_20260916-155908,6,C:\Users\Javier\PIDS_HandPose\kit-grabacion\HAR_mediapipe\data\gestos_p5_20260916-155908\train\scissors\scissors_00006.jpg
train,scissors,scissors_05007.jpg,p5,,gestos_p5_20260916-155908,7,C:\Users\Javier\PIDS_HandPose\kit-grabacion\HAR_mediapipe\data\gestos_p5_20260916-155908\train\scissors\scissors_00007.jpg
train,scissors,scissors_05008.jpg,p5,,gestos_p5_20260916-155908,8,C:\Users\Javier\PIDS_HandPose\kit-grabacion\HAR_mediapipe\data\gestos_p5_20260916-155908\train\scissors\scissors_00008.jpg
train,scissors,scissors_05009.jpg,p5,,gestos_p5_20260916-155908,9,C:\Users\Javier\PIDS_HandPose\kit-grabacion\HAR_mediapipe\data\gestos_p5_20260916-155908\train\scissors\scissors_00009.jpg
train,scissors,scissors_05010.jpg,p5,,gestos_p5_20260916-155908,10,C:\Users\Javier\PIDS_HandPose\kit-grabacion\HAR_mediapipe\data\gestos_p5_20260916-155908\train\scissors\scissors_00010.jpg
train,scissors,scissors_05011.jpg,p5,,gestos_p5_20260916-155908,11,C:\Users\Javier\PIDS_HandPose\kit-grabacion\HAR_mediapipe\data\gestos_p5_20260916-155908\train\scissors\scissors_00011.jpg
train,scissors,scissors_05012.jpg,p5,,gestos_p5_20260916-155908,12,C:\Users\Javier\PIDS_HandPose\kit-grabacion\HAR_mediapipe\data\gestos_p5_20260916-155908\train\scissors\scissors_00012.jpg
train,scissors,scissors_05013.jpg,p5,,gestos_p5_20260916-155908,13,C:\Users\Javier\PIDS_HandPose\kit-grabacion\HAR_mediapipe\data\gestos_p5_20260916-155908\train\scissors\scissors_00013.jpg
train,scissors,scissors_05014.jpg,p5,,gestos_p5_20260916-155908,14,C:\Users\Javier\PIDS_HandPose\kit-grabacion\HAR_mediapipe\data\gestos_p5_20260916-155908\train\scissors\scissors_00014.jpg
train,scissors,scissors_05015.jpg,p5,,gestos_p5_20260916-155908,15,C:\Users\Javier\PIDS_HandPose\kit-grabacion\HAR_mediapipe\data\gestos_p5_20260916-155908\train\scissors\scissors_00015.jpg
train,scissors,scissors_05016.jpg,p5,,gestos_p5_20260916-155908,16,C:\Users\Javier\PIDS_HandPose\kit-grabacion\HAR_mediapipe\data\gestos_p5_20260916-155908\train\scissors\scissors_00016.jpg
train,scissors,scissors_05017.jpg,p5,,gestos_p5_20260916-155908,17,C:\Users\Javier\PIDS_HandPose\kit-grabacion\HAR_mediapipe\data\gestos_p5_20260916-155908\train\scissors\scissors_00017.jpg
train,scissors,scissors_05018.jpg,p5,,gestos_p5_20260916-155908,18,C:\Users\Javier\PIDS_HandPose\kit-grabacion\HAR_mediapipe\data\gestos_p5_20260916-155908\train\scissors\scissors_00018.jpg
train,scissors,scissors_05019.jpg,p5,,gestos_p5_20260916-155908,19,C:\Users\Javier\PIDS_HandPose\kit-grabacion\HAR_mediapipe\data\gestos_p5_20260916-155908\train\scissors\scissors_00019.jpg
train,scissors,scissors_05020.jpg,p5,,gestos_p5_20260916-155908,20,C:\Users\Javier\PIDS_HandPose\kit-grabacion\HAR_mediapipe\data\gestos_p5_20260916-155908\train\scissors\scissors_00020.jpg
train,scissors,scissors_05021.jpg,p5,,gestos_p5_20260916-155908,21,C:\Users\Javier\PIDS_HandPose\kit-grabacion\HAR_mediapipe\data\gestos_p5_20260916-155908\train\scissors\scissors_00021.jpg
train,scissors,scissors_05022.jpg,p5,,gestos_p5_20260916-155908,22,C:\Users\Javier\PIDS_HandPose\kit-grabacion\HAR_mediapipe\data\gestos_p5_20260916-155908\train\scissors\scissors_00022.jpg
train,scissors,scissors_05023.jpg,p5,,gestos_p5_20260916-155908,23,C:\Users\Javier\PIDS_HandPose\kit-grabacion\HAR_mediapipe\data\gestos_p5_20260916-155908\train\scissors\scissors_00023.jpg
train,scissors,scissors_05024.jpg,p5,,gestos_p5_20260916-155908,24,C:\Users\Javier\PIDS_HandPose\kit-grabacion\HAR_mediapipe\data\gestos_p5_20260916-155908\train\scissors\scissors_00024.jpg
train,scissors,scissors_05025.jpg,p5,,gestos_p5_20260916-155908,25,C:\Users\Javier\PIDS_HandPose\kit-grabacion\HAR_mediapipe\data\gestos_p5_20260916-155908\train\scissors\scissors_00025.jpg
train,scissors,scissors_05026.jpg,p5,,gestos_p5_20260916-155908,26,C:\Users\Javier\PIDS_HandPose\kit-grabacion\HAR_mediapipe\data\gestos_p5_20260916-155908\train\scissors\scissors_00026.jpg
train,scissors,scissors_05027.jpg,p5,,gestos_p5_20260916-155908,27,C:\Users\Javier\PIDS_HandPose\kit-grabacion\HAR_mediapipe\data\gestos_p5_20260916-155908\train\scissors\scissors_00027.jpg
train,scissors,scissors_05028.jpg,p5,,gestos_p5_20260916-155908,28,C:\Users\Javier\PIDS_HandPose\kit-grabacion\HAR_mediapipe\data\gestos_p5_20260916-155908\train\scissors\scissors_00028.jpg
train,scissors,scissors_05029.jpg,p5,,gestos_p5_20260916-155908,29,C:\Users\Javier\PIDS_HandPose\kit-grabacion\HAR_mediapipe\data\gestos_p5_20260916-155908\train\scissors\scissors_00029.jpg
train,scissors,scissors_05030.jpg,p5,,gestos_p5_20260916-155908,30,C:\Users\Javier\PIDS_HandPose\kit-grabacion\HAR_mediapipe\data\gestos_p5_20260916-155908\train\scissors\scissors_00030.jpg
train,scissors,scissors_05031.jpg,p5,,gestos_p5_20260916-155908,31,C:\Users\Javier\PIDS_HandPose\kit-grabacion\HAR_mediapipe\data\gestos_p5_20260916-155908\train\scissors\scissors_00031.jpg
train,scissors,scissors_05032.jpg,p5,,gestos_p5_20260916-155908,32,C:\Users\Javier\PIDS_HandPose\kit-grabacion\HAR_mediapipe\data\gestos_p5_20260916-155908\train\scissors\scissors_00032.jpg
train,scissors,scissors_05033.jpg,p5,,gestos_p5_20260916-155908,33,C:\Users\Javier\PIDS_HandPose\kit-grabacion\HAR_mediapipe\data\gestos_p5_20260916-155908\train\scissors\scissors_00033.jpg
train,scissors,scissors_05034.jpg,p5,,gestos_p5_20260916-155908,34,C:\Users\Javier\PIDS_HandPose\kit-grabacion\HAR_mediapipe\data\gestos_p5_20260916-155908\train\scissors\scissors_00034.jpg
train,scissors,scissors_05035.jpg,p5,,gestos_p5_20260916-155908,35,C:\Users\Javier\PIDS_HandPose\kit-grabacion\HAR_mediapipe\data\gestos_p5_20260916-155908\train\scissors\scissors_00035.jpg
train,scissors,scissors_05036.jpg,p5,,gestos_p5_20260916-155908,36,C:\Users\Javier\PIDS_HandPose\kit-grabacion\HAR_mediapipe\data\gestos_p5_20260916-155908\train\scissors\scissors_00036.jpg
train,scissors,scissors_05037.jpg,p5,,gestos_p5_20260916-155908,37,C:\Users\Javier\PIDS_HandPose\kit-grabacion\HAR_mediapipe\data\gestos_p5_20260916-155908\train\scissors\scissors_00037.jpg
train,scissors,scissors_05038.jpg,p5,,gestos_p5_20260916-155908,38,C:\Users\Javier\PIDS_HandPose\kit-grabacion\HAR_mediapipe\data\gestos_p5_20260916-155908\train\scissors\scissors_00038.jpg
train,scissors,scissors_05039.jpg,p5,,gestos_p5_20260916-155908,39,C:\Users\Javier\PIDS_HandPose\kit-grabacion\HAR_mediapipe\data\gestos_p5_20260916-155908\train\scissors\scissors_00039.jpg
train,scissors,scissors_05040.jpg,p5,,gestos_p5_20260916-155908,40,C:\Users\Javier\PIDS_HandPose\kit-grabacion\HAR_mediapipe\data\gestos_p5_20260916-155908\train\scissors\scissors_00040.jpg
train,scissors,scissors_05041.jpg,p5,,gestos_p5_20260916-155908,41,C:\Users\Javier\PIDS_HandPose\kit-grabacion\HAR_mediapipe\data\gestos_p5_20260916-155908\train\scissors\scissors_00041.jpg
train,scissors,scissors_05042.jpg,p5,,gestos_p5_20260916-155908,42,C:\Users\Javier\PIDS_HandPose\kit-grabacion\HAR_mediapipe\data\gestos_p5_20260916-155908\train\scissors\scissors_00042.jpg
train,scissors,scissors_05043.jpg,p5,,gestos_p5_20260916-155908,43,C:\Users\Javier\PIDS_HandPose\kit-grabacion\HAR_mediapipe\data\gestos_p5_20260916-155908\train\scissors\scissors_00043.jpg
train,scissors,scissors_05044.jpg,p5,,gestos_p5_20260916-155908,44,C:\Users\Javier\PIDS_HandPose\kit-grabacion\HAR_mediapipe\data\gestos_p5_20260916-155908\train\scissors\scissors_00044.jpg
train,scissors,scissors_05045.jpg,p5,,gestos_p5_20260916-155908,45,C:\Users\Javier\PIDS_HandPose\kit-grabacion\HAR_mediapipe\data\gestos_p5_20260916-155908\train\scissors\scissors_00045.jpg
train,scissors,scissors_05046.jpg,p5,,gestos_p5_20260916-155908,46,C:\Users\Javier\PIDS_HandPose\kit-grabacion\HAR_mediapipe\data\gestos_p5_20260916-155908\train\scissors\scissors_00046.jpg
train,scissors,scissors_05047.jpg,p5,,gestos_p5_20260916-155908,47,C:\Users\Javier\PIDS_HandPose\kit-grabacion\HAR_mediapipe\data\gestos_p5_20260916-155908\train\scissors\scissors_00047.jpg
train,scissors,scissors_05048.jpg,p5,,gestos_p5_20260916-155908,48,C:\Users\Javier\PIDS_HandPose\kit-grabacion\HAR_mediapipe\data\gestos_p5_20260916-155908\train\scissors\scissors_00048.jpg
train,scissors,scissors_05049.jpg,p5,,gestos_p5_20260916-155908,49,C:\Users\Javier\PIDS_HandPose\kit-grabacion\HAR_mediapipe\data\gestos_p5_20260916-155908\train\scissors\scissors_00049.jpg
train,scissors,scissors_05050.jpg,p5,,gestos_p5_20260916-155908,50,C:\Users\Javier\PIDS_HandPose\kit-grabacion\HAR_mediapipe\data\gestos_p5_20260916-155908\train\scissors\scissors_00050.jpg
train,scissors,scissors_05051.jpg,p5,,gestos_p5_20260916-155908,51,C:\Users\Javier\PIDS_HandPose\kit-grabacion\HAR_mediapipe\data\gestos_p5_20260916-155908\train\scissors\scissors_00051.jpg
train,scissors,scissors_05052.jpg,p5,,gestos_p5_20260916-155908,52,C:\Users\Javier\PIDS_HandPose\kit-grabacion\HAR_mediapipe\data\gestos_p5_20260916-155908\train\scissors\scissors_00052.jpg
train,scissors,scissors_05053.jpg,p5,,gestos_p5_20260916-155908,53,C:\Users\Javier\PIDS_HandPose\kit-grabacion\HAR_mediapipe\data\gestos_p5_20260916-155908\train\scissors\scissors_00053.jpg
train,scissors,scissors_05054.jpg,p5,,gestos_p5_20260916-155908,54,C:\Users\Javier\PIDS_HandPose\kit-grabacion\HAR_mediapipe\data\gestos_p5_20260916-155908\train\scissors\scissors_00054.jpg
train,scissors,scissors_05055.jpg,p5,,gestos_p5_20260916-155908,55,C:\Users\Javier\PIDS_HandPose\kit-grabacion\HAR_mediapipe\data\gestos_p5_20260916-155908\train\scissors\scissors_00055.jpg
train,scissors,scissors_05056.jpg,p5,,gestos_p5_20260916-155908,56,C:\Users\Javier\PIDS_HandPose\kit-grabacion\HAR_mediapipe\data\gestos_p5_20260916-155908\train\scissors\scissors_00056.jpg
train,scissors,scissors_05057.jpg,p5,,gestos_p5_20260916-155908,57,C:\Users\Javier\PIDS_HandPose\kit-grabacion\HAR_mediapipe\data\gestos_p5_20260916-155908\train\scissors\scissors_00057.jpg
train,scissors,scissors_05058.jpg,p5,,gestos_p5_20260916-155908,58,C:\Users\Javier\PIDS_HandPose\kit-grabacion\HAR_mediapipe\data\gestos_p5_20260916-155908\train\scissors\scissors_00058.jpg
train,scissors,scissors_05059.jpg,p5,,gestos_p5_20260916-155908,59,C:\Users\Javier\PIDS_HandPose\kit-grabacion\HAR_mediapipe\data\gestos_p5_20260916-155908\train\scissors\scissors_00059.jpg
train,scissors,scissors_05060.jpg,p5,,gestos_p5_20260916-155908,60,C:\Users\Javier\PIDS_HandPose\kit-grabacion\HAR_mediapipe\data\gestos_p5_20260916-155908\train\scissors\scissors_00060.jpg
train,scissors,scissors_05061.jpg,p5,,gestos_p5_20260916-155908,61,C:\Users\Javier\PIDS_HandPose\kit-grabacion\HAR_mediapipe\data\gestos_p5_20260916-155908\train\scissors\scissors_00061.jpg
train,scissors,scissors_05062.jpg,p5,,gestos_p5_20260916-155908,62,C:\Users\Javier\PIDS_HandPose\kit-grabacion\HAR_mediapipe\data\gestos_p5_20260916-155908\train\scissors\scissors_00062.jpg
train,scissors,scissors_05063.jpg,p5,,gestos_p5_20260916-155908,63,C:\Users\Javier\PIDS_HandPose\kit-grabacion\HAR_mediapipe\data\gestos_p5_20260916-155908\train\scissors\scissors_00063.jpg
train,scissors,scissors_05064.jpg,p5,,gestos_p5_20260916-155908,64,C:\Users\Javier\PIDS_HandPose\kit-grabacion\HAR_mediapipe\data\gestos_p5_20260916-155908\train\scissors\scissors_00064.jpg
train,scissors,scissors_05065.jpg,p5,,gestos_p5_20260916-155908,65,C:\Users\Javier\PIDS_HandPose\kit-grabacion\HAR_mediapipe\data\gestos_p5_20260916-155908\train\scissors\scissors_00065.jpg
train,scissors,scissors_05066.jpg,p5,,gestos_p5_20260916-155908,66,C:\Users\Javier\PIDS_HandPose\kit-grabacion\HAR_mediapipe\data\gestos_p5_20260916-155908\train\scissors\scissors_00066.jpg
train,scissors,scissors_05067.jpg,p5,,gestos_p5_20260916-155908,67,C:\Users\Javier\PIDS_HandPose\kit-grabacion\HAR_mediapipe\data\gestos_p5_20260916-155908\train\scissors\scissors_00067.jpg
train,scissors,scissors_05068.jpg,p5,,gestos_p5_20260916-155908,68,C:\Users\Javier\PIDS_HandPose\kit-grabacion\HAR_mediapipe\data\gestos_p5_20260916-155908\train\scissors\scissors_00068.jpg
train,scissors,scissors_05069.jpg,p5,,gestos_p5_20260916-155908,69,C:\Users\Javier\PIDS_HandPose\kit-grabacion\HAR_mediapipe\data\gestos_p5_20260916-155908\train\scissors\scissors_00069.jpg
train,scissors,scissors_05070.jpg,p5,,gestos_p5_20260916-155908,70,C:\Users\Javier\PIDS_HandPose\kit-grabacion\HAR_mediapipe\data\gestos_p5_20260916-155908\train\scissors\scissors_00070.jpg
train,thumbsup,thumbsup_05001.jpg,p5,,gestos_p5_20260916-155908,1,C:\Users\Javier\PIDS_HandPose\kit-grabacion\HAR_mediapipe\data\gestos_p5_20260916-155908\train\thumbsup\thumbsup_00001.jpg
train,thumbsup,thumbsup_05002.jpg,p5,,gestos_p5_20260916-155908,2,C:\Users\Javier\PIDS_HandPose\kit-grabacion\HAR_mediapipe\data\gestos_p5_20260916-155908\train\thumbsup\thumbsup_00002.jpg
train,thumbsup,thumbsup_05003.jpg,p5,,gestos_p5_20260916-155908,3,C:\Users\Javier\PIDS_HandPose\kit-grabacion\HAR_mediapipe\data\gestos_p5_20260916-155908\train\thumbsup\thumbsup_00003.jpg
train,thumbsup,thumbsup_05004.jpg,p5,,gestos_p5_20260916-155908,4,C:\Users\Javier\PIDS_HandPose\kit-grabacion\HAR_mediapipe\data\gestos_p5_20260916-155908\train\thumbsup\thumbsup_00004.jpg
train,thumbsup,thumbsup_05005.jpg,p5,,gestos_p5_20260916-155908,5,C:\Users\Javier\PIDS_HandPose\kit-grabacion\HAR_mediapipe\data\gestos_p5_20260916-155908\train\thumbsup\thumbsup_00005.jpg
train,thumbsup,thumbsup_05006.jpg,p5,,gestos_p5_20260916-155908,6,C:\Users\Javier\PIDS_HandPose\kit-grabacion\HAR_mediapipe\data\gestos_p5_20260916-155908\train\thumbsup\thumbsup_00006.jpg
train,thumbsup,thumbsup_05007.jpg,p5,,gestos_p5_20260916-155908,7,C:\Users\Javier\PIDS_HandPose\kit-grabacion\HAR_mediapipe\data\gestos_p5_20260916-155908\train\thumbsup\thumbsup_00007.jpg
train,thumbsup,thumbsup_05008.jpg,p5,,gestos_p5_20260916-155908,8,C:\Users\Javier\PIDS_HandPose\kit-grabacion\HAR_mediapipe\data\gestos_p5_20260916-155908\train\thumbsup\thumbsup_00008.jpg
train,thumbsup,thumbsup_05009.jpg,p5,,gestos_p5_20260916-155908,9,C:\Users\Javier\PIDS_HandPose\kit-grabacion\HAR_mediapipe\data\gestos_p5_20260916-155908\train\thumbsup\thumbsup_00009.jpg
train,thumbsup,thumbsup_05010.jpg,p5,,gestos_p5_20260916-155908,10,C:\Users\Javier\PIDS_HandPose\kit-grabacion\HAR_mediapipe\data\gestos_p5_20260916-155908\train\thumbsup\thumbsup_00010.jpg
train,thumbsup,thumbsup_05011.jpg,p5,,gestos_p5_20260916-155908,11,C:\Users\Javier\PIDS_HandPose\kit-grabacion\HAR_mediapipe\data\gestos_p5_20260916-155908\train\thumbsup\thumbsup_00011.jpg
train,thumbsup,thumbsup_05012.jpg,p5,,gestos_p5_20260916-155908,12,C:\Users\Javier\PIDS_HandPose\kit-grabacion\HAR_mediapipe\data\gestos_p5_20260916-155908\train\thumbsup\thumbsup_00012.jpg
train,thumbsup,thumbsup_05013.jpg,p5,,gestos_p5_20260916-155908,13,C:\Users\Javier\PIDS_HandPose\kit-grabacion\HAR_mediapipe\data\gestos_p5_20260916-155908\train\thumbsup\thumbsup_00013.jpg
train,thumbsup,thumbsup_05014.jpg,p5,,gestos_p5_20260916-155908,14,C:\Users\Javier\PIDS_HandPose\kit-grabacion\HAR_mediapipe\data\gestos_p5_20260916-155908\train\thumbsup\thumbsup_00014.jpg
train,thumbsup,thumbsup_05015.jpg,p5,,gestos_p5_20260916-155908,15,C:\Users\Javier\PIDS_HandPose\kit-grabacion\HAR_mediapipe\data\gestos_p5_20260916-155908\train\thumbsup\thumbsup_00015.jpg
train,thumbsup,thumbsup_05016.jpg,p5,,gestos_p5_20260916-155908,16,C:\Users\Javier\PIDS_HandPose\kit-grabacion\HAR_mediapipe\data\gestos_p5_20260916-155908\train\thumbsup\thumbsup_00016.jpg
train,thumbsup,thumbsup_05017.jpg,p5,,gestos_p5_20260916-155908,17,C:\Users\Javier\PIDS_HandPose\kit-grabacion\HAR_mediapipe\data\gestos_p5_20260916-155908\train\thumbsup\thumbsup_00017.jpg
train,thumbsup,thumbsup_05018.jpg,p5,,gestos_p5_20260916-155908,18,C:\Users\Javier\PIDS_HandPose\kit-grabacion\HAR_mediapipe\data\gestos_p5_20260916-155908\train\thumbsup\thumbsup_00018.jpg
train,thumbsup,thumbsup_05019.jpg,p5,,gestos_p5_20260916-155908,19,C:\Users\Javier\PIDS_HandPose\kit-grabacion\HAR_mediapipe\data\gestos_p5_20260916-155908\train\thumbsup\thumbsup_00019.jpg
train,thumbsup,thumbsup_05020.jpg,p5,,gestos_p5_20260916-155908,20,C:\Users\Javier\PIDS_HandPose\kit-grabacion\HAR_mediapipe\data\gestos_p5_20260916-155908\train\thumbsup\thumbsup_00020.jpg
train,thumbsup,thumbsup_05021.jpg,p5,,gestos_p5_20260916-155908,21,C:\Users\Javier\PIDS_HandPose\kit-grabacion\HAR_mediapipe\data\gestos_p5_20260916-155908\train\thumbsup\thumbsup_00021.jpg
train,thumbsup,thumbsup_05022.jpg,p5,,gestos_p5_20260916-155908,22,C:\Users\Javier\PIDS_HandPose\kit-grabacion\HAR_mediapipe\data\gestos_p5_20260916-155908\train\thumbsup\thumbsup_00022.jpg
train,thumbsup,thumbsup_05023.jpg,p5,,gestos_p5_20260916-155908,23,C:\Users\Javier\PIDS_HandPose\kit-grabacion\HAR_mediapipe\data\gestos_p5_20260916-155908\train\thumbsup\thumbsup_00023.jpg
train,thumbsup,thumbsup_05024.jpg,p5,,gestos_p5_20260916-155908,24,C:\Users\Javier\PIDS_HandPose\kit-grabacion\HAR_mediapipe\data\gestos_p5_20260916-155908\train\thumbsup\thumbsup_00024.jpg
train,thumbsup,thumbsup_05025.jpg,p5,,gestos_p5_20260916-155908,25,C:\Users\Javier\PIDS_HandPose\kit-grabacion\HAR_mediapipe\data\gestos_p5_20260916-155908\train\thumbsup\thumbsup_00025.jpg
train,thumbsup,thumbsup_05026.jpg,p5,,gestos_p5_20260916-155908,26,C:\Users\Javier\PIDS_HandPose\kit-grabacion\HAR_mediapipe\data\gestos_p5_20260916-155908\train\thumbsup\thumbsup_00026.jpg
train,thumbsup,thumbsup_05027.jpg,p5,,gestos_p5_20260916-155908,27,C:\Users\Javier\PIDS_HandPose\kit-grabacion\HAR_mediapipe\data\gestos_p5_20260916-155908\train\thumbsup\thumbsup_00027.jpg
train,thumbsup,thumbsup_05028.jpg,p5,,gestos_p5_20260916-155908,28,C:\Users\Javier\PIDS_HandPose\kit-grabacion\HAR_mediapipe\data\gestos_p5_20260916-155908\train\thumbsup\thumbsup_00028.jpg
train,thumbsup,thumbsup_05029.jpg,p5,,gestos_p5_20260916-155908,29,C:\Users\Javier\PIDS_HandPose\kit-grabacion\HAR_mediapipe\data\gestos_p5_20260916-155908\train\thumbsup\thumbsup_00029.jpg
train,thumbsup,thumbsup_05030.jpg,p5,,gestos_p5_20260916-155908,30,C:\Users\Javier\PIDS_HandPose\kit-grabacion\HAR_mediapipe\data\gestos_p5_20260916-155908\train\thumbsup\thumbsup_00030.jpg
train,thumbsup,thumbsup_05031.jpg,p5,,gestos_p5_20260916-155908,31,C:\Users\Javier\PIDS_HandPose\kit-grabacion\HAR_mediapipe\data\gestos_p5_20260916-155908\train\thumbsup\thumbsup_00031.jpg
train,thumbsup,thumbsup_05032.jpg,p5,,gestos_p5_20260916-155908,32,C:\Users\Javier\PIDS_HandPose\kit-grabacion\HAR_mediapipe\data\gestos_p5_20260916-155908\train\thumbsup\thumbsup_00032.jpg
train,thumbsup,thumbsup_05033.jpg,p5,,gestos_p5_20260916-155908,33,C:\Users\Javier\PIDS_HandPose\kit-grabacion\HAR_mediapipe\data\gestos_p5_20260916-155908\train\thumbsup\thumbsup_00033.jpg
train,thumbsup,thumbsup_05034.jpg,p5,,gestos_p5_20260916-155908,34,C:\Users\Javier\PIDS_HandPose\kit-grabacion\HAR_mediapipe\data\gestos_p5_20260916-155908\train\thumbsup\thumbsup_00034.jpg
train,thumbsup,thumbsup_05035.jpg,p5,,gestos_p5_20260916-155908,35,C:\Users\Javier\PIDS_HandPose\kit-grabacion\HAR_mediapipe\data\gestos_p5_20260916-155908\train\thumbsup\thumbsup_00035.jpg
train,thumbsup,thumbsup_05036.jpg,p5,,gestos_p5_20260916-155908,36,C:\Users\Javier\PIDS_HandPose\kit-grabacion\HAR_mediapipe\data\gestos_p5_20260916-155908\train\thumbsup\thumbsup_00036.jpg
train,thumbsup,thumbsup_05037.jpg,p5,,gestos_p5_20260916-155908,37,C:\Users\Javier\PIDS_HandPose\kit-grabacion\HAR_mediapipe\data\gestos_p5_20260916-155908\train\thumbsup\thumbsup_00037.jpg
train,thumbsup,thumbsup_05038.jpg,p5,,gestos_p5_20260916-155908,38,C:\Users\Javier\PIDS_HandPose\kit-grabacion\HAR_mediapipe\data\gestos_p5_20260916-155908\train\thumbsup\thumbsup_00038.jpg
train,thumbsup,thumbsup_05039.jpg,p5,,gestos_p5_20260916-155908,39,C:\Users\Javier\PIDS_HandPose\kit-grabacion\HAR_mediapipe\data\gestos_p5_20260916-155908\train\thumbsup\thumbsup_00039.jpg
train,thumbsup,thumbsup_05040.jpg,p5,,gestos_p5_20260916-155908,40,C:\Users\Javier\PIDS_HandPose\kit-grabacion\HAR_mediapipe\data\gestos_p5_20260916-155908\train\thumbsup\thumbsup_00040.jpg
train,thumbsup,thumbsup_05041.jpg,p5,,gestos_p5_20260916-155908,41,C:\Users\Javier\PIDS_HandPose\kit-grabacion\HAR_mediapipe\data\gestos_p5_20260916-155908\train\thumbsup\thumbsup_00041.jpg
train,thumbsup,thumbsup_05042.jpg,p5,,gestos_p5_20260916-155908,42,C:\Users\Javier\PIDS_HandPose\kit-grabacion\HAR_mediapipe\data\gestos_p5_20260916-155908\train\thumbsup\thumbsup_00042.jpg
train,thumbsup,thumbsup_05043.jpg,p5,,gestos_p5_20260916-155908,43,C:\Users\Javier\PIDS_HandPose\kit-grabacion\HAR_mediapipe\data\gestos_p5_20260916-155908\train\thumbsup\thumbsup_00043.jpg
train,thumbsup,thumbsup_05044.jpg,p5,,gestos_p5_20260916-155908,44,C:\Users\Javier\PIDS_HandPose\kit-grabacion\HAR_mediapipe\data\gestos_p5_20260916-155908\train\thumbsup\thumbsup_00044.jpg
train,thumbsup,thumbsup_05045.jpg,p5,,gestos_p5_20260916-155908,45,C:\Users\Javier\PIDS_HandPose\kit-grabacion\HAR_mediapipe\data\gestos_p5_20260916-155908\train\thumbsup\thumbsup_00045.jpg
train,thumbsup,thumbsup_05046.jpg,p5,,gestos_p5_20260916-155908,46,C:\Users\Javier\PIDS_HandPose\kit-grabacion\HAR_mediapipe\data\gestos_p5_20260916-155908\train\thumbsup\thumbsup_00046.jpg
train,thumbsup,thumbsup_05047.jpg,p5,,gestos_p5_20260916-155908,47,C:\Users\Javier\PIDS_HandPose\kit-grabacion\HAR_mediapipe\data\gestos_p5_20260916-155908\train\thumbsup\thumbsup_00047.jpg
train,thumbsup,thumbsup_05048.jpg,p5,,gestos_p5_20260916-155908,48,C:\Users\Javier\PIDS_HandPose\kit-grabacion\HAR_mediapipe\data\gestos_p5_20260916-155908\train\thumbsup\thumbsup_00048.jpg
train,thumbsup,thumbsup_05049.jpg,p5,,gestos_p5_20260916-155908,49,C:\Users\Javier\PIDS_HandPose\kit-grabacion\HAR_mediapipe\data\gestos_p5_20260916-155908\train\thumbsup\thumbsup_00049.jpg
train,thumbsup,thumbsup_05050.jpg,p5,,gestos_p5_20260916-155908,50,C:\Users\Javier\PIDS_HandPose\kit-grabacion\HAR_mediapipe\data\gestos_p5_20260916-155908\train\thumbsup\thumbsup_00050.jpg
train,thumbsup,thumbsup_05051.jpg,p5,,gestos_p5_20260916-155908,51,C:\Users\Javier\PIDS_HandPose\kit-grabacion\HAR_mediapipe\data\gestos_p5_20260916-155908\train\thumbsup\thumbsup_00051.jpg
train,thumbsup,thumbsup_05052.jpg,p5,,gestos_p5_20260916-155908,52,C:\Users\Javier\PIDS_HandPose\kit-grabacion\HAR_mediapipe\data\gestos_p5_20260916-155908\train\thumbsup\thumbsup_00052.jpg
train,thumbsup,thumbsup_05053.jpg,p5,,gestos_p5_20260916-155908,53,C:\Users\Javier\PIDS_HandPose\kit-grabacion\HAR_mediapipe\data\gestos_p5_20260916-155908\train\thumbsup\thumbsup_00053.jpg
train,thumbsup,thumbsup_05054.jpg,p5,,gestos_p5_20260916-155908,54,C:\Users\Javier\PIDS_HandPose\kit-grabacion\HAR_mediapipe\data\gestos_p5_20260916-155908\train\thumbsup\thumbsup_00054.jpg
train,thumbsup,thumbsup_05055.jpg,p5,,gestos_p5_20260916-155908,55,C:\Users\Javier\PIDS_HandPose\kit-grabacion\HAR_mediapipe\data\gestos_p5_20260916-155908\train\thumbsup\thumbsup_00055.jpg
train,thumbsup,thumbsup_05056.jpg,p5,,gestos_p5_20260916-155908,56,C:\Users\Javier\PIDS_HandPose\kit-grabacion\HAR_mediapipe\data\gestos_p5_20260916-155908\train\thumbsup\thumbsup_00056.jpg
train,thumbsup,thumbsup_05057.jpg,p5,,gestos_p5_20260916-155908,57,C:\Users\Javier\PIDS_HandPose\kit-grabacion\HAR_mediapipe\data\gestos_p5_20260916-155908\train\thumbsup\thumbsup_00057.jpg
train,thumbsup,thumbsup_05058.jpg,p5,,gestos_p5_20260916-155908,58,C:\Users\Javier\PIDS_HandPose\kit-grabacion\HAR_mediapipe\data\gestos_p5_20260916-155908\train\thumbsup\thumbsup_00058.jpg
train,thumbsup,thumbsup_05059.jpg,p5,,gestos_p5_20260916-155908,59,C:\Users\Javier\PIDS_HandPose\kit-grabacion\HAR_mediapipe\data\gestos_p5_20260916-155908\train\thumbsup\thumbsup_00059.jpg
train,thumbsup,thumbsup_05060.jpg,p5,,gestos_p5_20260916-155908,60,C:\Users\Javier\PIDS_HandPose\kit-grabacion\HAR_mediapipe\data\gestos_p5_20260916-155908\train\thumbsup\thumbsup_00060.jpg
train,thumbsup,thumbsup_05061.jpg,p5,,gestos_p5_20260916-155908,61,C:\Users\Javier\PIDS_HandPose\kit-grabacion\HAR_mediapipe\data\gestos_p5_20260916-155908\train\thumbsup\thumbsup_00061.jpg
train,thumbsup,thumbsup_05062.jpg,p5,,gestos_p5_20260916-155908,62,C:\Users\Javier\PIDS_HandPose\kit-grabacion\HAR_mediapipe\data\gestos_p5_20260916-155908\train\thumbsup\thumbsup_00062.jpg
train,thumbsup,thumbsup_05063.jpg,p5,,gestos_p5_20260916-155908,63,C:\Users\Javier\PIDS_HandPose\kit-grabacion\HAR_mediapipe\data\gestos_p5_20260916-155908\train\thumbsup\thumbsup_00063.jpg
train,thumbsup,thumbsup_05064.jpg,p5,,gestos_p5_20260916-155908,64,C:\Users\Javier\PIDS_HandPose\kit-grabacion\HAR_mediapipe\data\gestos_p5_20260916-155908\train\thumbsup\thumbsup_00064.jpg
train,thumbsup,thumbsup_05065.jpg,p5,,gestos_p5_20260916-155908,65,C:\Users\Javier\PIDS_HandPose\kit-grabacion\HAR_mediapipe\data\gestos_p5_20260916-155908\train\thumbsup\thumbsup_00065.jpg
train,thumbsup,thumbsup_05066.jpg,p5,,gestos_p5_20260916-155908,66,C:\Users\Javier\PIDS_HandPose\kit-grabacion\HAR_mediapipe\data\gestos_p5_20260916-155908\train\thumbsup\thumbsup_00066.jpg
train,thumbsup,thumbsup_05067.jpg,p5,,gestos_p5_20260916-155908,67,C:\Users\Javier\PIDS_HandPose\kit-grabacion\HAR_mediapipe\data\gestos_p5_20260916-155908\train\thumbsup\thumbsup_00067.jpg
train,thumbsup,thumbsup_05068.jpg,p5,,gestos_p5_20260916-155908,68,C:\Users\Javier\PIDS_HandPose\kit-grabacion\HAR_mediapipe\data\gestos_p5_20260916-155908\train\thumbsup\thumbsup_00068.jpg
train,thumbsup,thumbsup_05069.jpg,p5,,gestos_p5_20260916-155908,69,C:\Users\Javier\PIDS_HandPose\kit-grabacion\HAR_mediapipe\data\gestos_p5_20260916-155908\train\thumbsup\thumbsup_00069.jpg
train,thumbsup,thumbsup_05070.jpg,p5,,gestos_p5_20260916-155908,70,C:\Users\Javier\PIDS_HandPose\kit-grabacion\HAR_mediapipe\data\gestos_p5_20260916-155908\train\thumbsup\thumbsup_00070.jpg
test,ok,ok_05071.jpg,p5,,gestos_p5_20260916-155908,71,C:\Users\Javier\PIDS_HandPose\kit-grabacion\HAR_mediapipe\data\gestos_p5_20260916-155908\test\ok\ok_00071.jpg
test,ok,ok_05072.jpg,p5,,gestos_p5_20260916-155908,72,C:\Users\Javier\PIDS_HandPose\kit-grabacion\HAR_mediapipe\data\gestos_p5_20260916-155908\test\ok\ok_00072.jpg
test,ok,ok_05073.jpg,p5,,gestos_p5_20260916-155908,73,C:\Users\Javier\PIDS_HandPose\kit-grabacion\HAR_mediapipe\data\gestos_p5_20260916-155908\test\ok\ok_00073.jpg
test,ok,ok_05074.jpg,p5,,gestos_p5_20260916-155908,74,C:\Users\Javier\PIDS_HandPose\kit-grabacion\HAR_mediapipe\data\gestos_p5_20260916-155908\test\ok\ok_00074.jpg
test,ok,ok_05075.jpg,p5,,gestos_p5_20260916-155908,75,C:\Users\Javier\PIDS_HandPose\kit-grabacion\HAR_mediapipe\data\gestos_p5_20260916-155908\test\ok\ok_00075.jpg
test,ok,ok_05076.jpg,p5,,gestos_p5_20260916-155908,76,C:\Users\Javier\PIDS_HandPose\kit-grabacion\HAR_mediapipe\data\gestos_p5_20260916-155908\test\ok\ok_00076.jpg
test,ok,ok_05077.jpg,p5,,gestos_p5_20260916-155908,77,C:\Users\Javier\PIDS_HandPose\kit-grabacion\HAR_mediapipe\data\gestos_p5_20260916-155908\test\ok\ok_00077.jpg
test,ok,ok_05078.jpg,p5,,gestos_p5_20260916-155908,78,C:\Users\Javier\PIDS_HandPose\kit-grabacion\HAR_mediapipe\data\gestos_p5_20260916-155908\test\ok\ok_00078.jpg
test,ok,ok_05079.jpg,p5,,gestos_p5_20260916-155908,79,C:\Users\Javier\PIDS_HandPose\kit-grabacion\HAR_mediapipe\data\gestos_p5_20260916-155908\test\ok\ok_00079.jpg
test,ok,ok_05080.jpg,p5,,gestos_p5_20260916-155908,80,C:\Users\Javier\PIDS_HandPose\kit-grabacion\HAR_mediapipe\data\gestos_p5_20260916-155908\test\ok\ok_00080.jpg
test,ok,ok_05081.jpg,p5,,gestos_p5_20260916-155908,81,C:\Users\Javier\PIDS_HandPose\kit-grabacion\HAR_mediapipe\data\gestos_p5_20260916-155908\test\ok\ok_00081.jpg
test,ok,ok_05082.jpg,p5,,gestos_p5_20260916-155908,82,C:\Users\Javier\PIDS_HandPose\kit-grabacion\HAR_mediapipe\data\gestos_p5_20260916-155908\test\ok\ok_00082.jpg
test,ok,ok_05083.jpg,p5,,gestos_p5_20260916-155908,83,C:\Users\Javier\PIDS_HandPose\kit-grabacion\HAR_mediapipe\data\gestos_p5_20260916-155908\test\ok\ok_00083.jpg
test,ok,ok_05084.jpg,p5,,gestos_p5_20260916-155908,84,C:\Users\Javier\PIDS_HandPose\kit-grabacion\HAR_mediapipe\data\gestos_p5_20260916-155908\test\ok\ok_00084.jpg
test,ok,ok_05085.jpg,p5,,gestos_p5_20260916-155908,85,C:\Users\Javier\PIDS_HandPose\kit-grabacion\HAR_mediapipe\data\gestos_p5_20260916-155908\test\ok\ok_00085.jpg
test,ok,ok_05086.jpg,p5,,gestos_p5_20260916-155908,86,C:\Users\Javier\PIDS_HandPose\kit-grabacion\HAR_mediapipe\data\gestos_p5_20260916-155908\test\ok\ok_00086.jpg
test,ok,ok_05087.jpg,p5,,gestos_p5_20260916-155908,87,C:\Users\Javier\PIDS_HandPose\kit-grabacion\HAR_mediapipe\data\gestos_p5_20260916-155908\test\ok\ok_00087.jpg
test,ok,ok_05088.jpg,p5,,gestos_p5_20260916-155908,88,C:\Users\Javier\PIDS_HandPose\kit-grabacion\HAR_mediapipe\data\gestos_p5_20260916-155908\test\ok\ok_00088.jpg
test,ok,ok_05089.jpg,p5,,gestos_p5_20260916-155908,89,C:\Users\Javier\PIDS_HandPose\kit-grabacion\HAR_mediapipe\data\gestos_p5_20260916-155908\test\ok\ok_00089.jpg
test,ok,ok_05090.jpg,p5,,gestos_p5_20260916-155908,90,C:\Users\Javier\PIDS_HandPose\kit-grabacion\HAR_mediapipe\data\gestos_p5_20260916-155908\test\ok\ok_00090.jpg
test,ok,ok_05091.jpg,p5,,gestos_p5_20260916-155908,91,C:\Users\Javier\PIDS_HandPose\kit-grabacion\HAR_mediapipe\data\gestos_p5_20260916-155908\test\ok\ok_00091.jpg
test,ok,ok_05092.jpg,p5,,gestos_p5_20260916-155908,92,C:\Users\Javier\PIDS_HandPose\kit-grabacion\HAR_mediapipe\data\gestos_p5_20260916-155908\test\ok\ok_00092.jpg
test,ok,ok_05093.jpg,p5,,gestos_p5_20260916-155908,93,C:\Users\Javier\PIDS_HandPose\kit-grabacion\HAR_mediapipe\data\gestos_p5_20260916-155908\test\ok\ok_00093.jpg
test,ok,ok_05094.jpg,p5,,gestos_p5_20260916-155908,94,C:\Users\Javier\PIDS_HandPose\kit-grabacion\HAR_mediapipe\data\gestos_p5_20260916-155908\test\ok\ok_00094.jpg
test,ok,ok_05095.jpg,p5,,gestos_p5_20260916-155908,95,C:\Users\Javier\PIDS_HandPose\kit-grabacion\HAR_mediapipe\data\gestos_p5_20260916-155908\test\ok\ok_00095.jpg
test,ok,ok_05096.jpg,p5,,gestos_p5_20260916-155908,96,C:\Users\Javier\PIDS_HandPose\kit-grabacion\HAR_mediapipe\data\gestos_p5_20260916-155908\test\ok\ok_00096.jpg
test,ok,ok_05097.jpg,p5,,gestos_p5_20260916-155908,97,C:\Users\Javier\PIDS_HandPose\kit-grabacion\HAR_mediapipe\data\gestos_p5_20260916-155908\test\ok\ok_00097.jpg
test,ok,ok_05098.jpg,p5,,gestos_p5_20260916-155908,98,C:\Users\Javier\PIDS_HandPose\kit-grabacion\HAR_mediapipe\data\gestos_p5_20260916-155908\test\ok\ok_00098.jpg
test,ok,ok_05099.jpg,p5,,gestos_p5_20260916-155908,99,C:\Users\Javier\PIDS_HandPose\kit-grabacion\HAR_mediapipe\data\gestos_p5_20260916-155908\test\ok\ok_00099.jpg
test,ok,ok_05100.jpg,p5,,gestos_p5_20260916-155908,100,C:\Users\Javier\PIDS_HandPose\kit-grabacion\HAR_mediapipe\data\gestos_p5_20260916-155908\test\ok\ok_00100.jpg
test,paper,paper_05071.jpg,p5,,gestos_p5_20260916-155908,71,C:\Users\Javier\PIDS_HandPose\kit-grabacion\HAR_mediapipe\data\gestos_p5_20260916-155908\test\paper\paper_00071.jpg
test,paper,paper_05072.jpg,p5,,gestos_p5_20260916-155908,72,C:\Users\Javier\PIDS_HandPose\kit-grabacion\HAR_mediapipe\data\gestos_p5_20260916-155908\test\paper\paper_00072.jpg
test,paper,paper_05073.jpg,p5,,gestos_p5_20260916-155908,73,C:\Users\Javier\PIDS_HandPose\kit-grabacion\HAR_mediapipe\data\gestos_p5_20260916-155908\test\paper\paper_00073.jpg
test,paper,paper_05074.jpg,p5,,gestos_p5_20260916-155908,74,C:\Users\Javier\PIDS_HandPose\kit-grabacion\HAR_mediapipe\data\gestos_p5_20260916-155908\test\paper\paper_00074.jpg
test,paper,paper_05075.jpg,p5,,gestos_p5_20260916-155908,75,C:\Users\Javier\PIDS_HandPose\kit-grabacion\HAR_mediapipe\data\gestos_p5_20260916-155908\test\paper\paper_00075.jpg
test,paper,paper_05076.jpg,p5,,gestos_p5_20260916-155908,76,C:\Users\Javier\PIDS_HandPose\kit-grabacion\HAR_mediapipe\data\gestos_p5_20260916-155908\test\paper\paper_00076.jpg
test,paper,paper_05077.jpg,p5,,gestos_p5_20260916-155908,77,C:\Users\Javier\PIDS_HandPose\kit-grabacion\HAR_mediapipe\data\gestos_p5_20260916-155908\test\paper\paper_00077.jpg
test,paper,paper_05078.jpg,p5,,gestos_p5_20260916-155908,78,C:\Users\Javier\PIDS_HandPose\kit-grabacion\HAR_mediapipe\data\gestos_p5_20260916-155908\test\paper\paper_00078.jpg
test,paper,paper_05079.jpg,p5,,gestos_p5_20260916-155908,79,C:\Users\Javier\PIDS_HandPose\kit-grabacion\HAR_mediapipe\data\gestos_p5_20260916-155908\test\paper\paper_00079.jpg
test,paper,paper_05080.jpg,p5,,gestos_p5_20260916-155908,80,C:\Users\Javier\PIDS_HandPose\kit-grabacion\HAR_mediapipe\data\gestos_p5_20260916-155908\test\paper\paper_00080.jpg
test,paper,paper_05081.jpg,p5,,gestos_p5_20260916-155908,81,C:\Users\Javier\PIDS_HandPose\kit-grabacion\HAR_mediapipe\data\gestos_p5_20260916-155908\test\paper\paper_00081.jpg
test,paper,paper_05082.jpg,p5,,gestos_p5_20260916-155908,82,C:\Users\Javier\PIDS_HandPose\kit-grabacion\HAR_mediapipe\data\gestos_p5_20260916-155908\test\paper\paper_00082.jpg
test,paper,paper_05083.jpg,p5,,gestos_p5_20260916-155908,83,C:\Users\Javier\PIDS_HandPose\kit-grabacion\HAR_mediapipe\data\gestos_p5_20260916-155908\test\paper\paper_00083.jpg
test,paper,paper_05084.jpg,p5,,gestos_p5_20260916-155908,84,C:\Users\Javier\PIDS_HandPose\kit-grabacion\HAR_mediapipe\data\gestos_p5_20260916-155908\test\paper\paper_00084.jpg
test,paper,paper_05085.jpg,p5,,gestos_p5_20260916-155908,85,C:\Users\Javier\PIDS_HandPose\kit-grabacion\HAR_mediapipe\data\gestos_p5_20260916-155908\test\paper\paper_00085.jpg
test,paper,paper_05086.jpg,p5,,gestos_p5_20260916-155908,86,C:\Users\Javier\PIDS_HandPose\kit-grabacion\HAR_mediapipe\data\gestos_p5_20260916-155908\test\paper\paper_00086.jpg
test,paper,paper_05087.jpg,p5,,gestos_p5_20260916-155908,87,C:\Users\Javier\PIDS_HandPose\kit-grabacion\HAR_mediapipe\data\gestos_p5_20260916-155908\test\paper\paper_00087.jpg
test,paper,paper_05088.jpg,p5,,gestos_p5_20260916-155908,88,C:\Users\Javier\PIDS_HandPose\kit-grabacion\HAR_mediapipe\data\gestos_p5_20260916-155908\test\paper\paper_00088.jpg
test,paper,paper_05089.jpg,p5,,gestos_p5_20260916-155908,89,C:\Users\Javier\PIDS_HandPose\kit-grabacion\HAR_mediapipe\data\gestos_p5_20260916-155908\test\paper\paper_00089.jpg
test,paper,paper_05090.jpg,p5,,gestos_p5_20260916-155908,90,C:\Users\Javier\PIDS_HandPose\kit-grabacion\HAR_mediapipe\data\gestos_p5_20260916-155908\test\paper\paper_00090.jpg
test,paper,paper_05091.jpg,p5,,gestos_p5_20260916-155908,91,C:\Users\Javier\PIDS_HandPose\kit-grabacion\HAR_mediapipe\data\gestos_p5_20260916-155908\test\paper\paper_00091.jpg
test,paper,paper_05092.jpg,p5,,gestos_p5_20260916-155908,92,C:\Users\Javier\PIDS_HandPose\kit-grabacion\HAR_mediapipe\data\gestos_p5_20260916-155908\test\paper\paper_00092.jpg
test,paper,paper_05093.jpg,p5,,gestos_p5_20260916-155908,93,C:\Users\Javier\PIDS_HandPose\kit-grabacion\HAR_mediapipe\data\gestos_p5_20260916-155908\test\paper\paper_00093.jpg
test,paper,paper_05094.jpg,p5,,gestos_p5_20260916-155908,94,C:\Users\Javier\PIDS_HandPose\kit-grabacion\HAR_mediapipe\data\gestos_p5_20260916-155908\test\paper\paper_00094.jpg
test,paper,paper_05095.jpg,p5,,gestos_p5_20260916-155908,95,C:\Users\Javier\PIDS_HandPose\kit-grabacion\HAR_mediapipe\data\gestos_p5_20260916-155908\test\paper\paper_00095.jpg
test,paper,paper_05096.jpg,p5,,gestos_p5_20260916-155908,96,C:\Users\Javier\PIDS_HandPose\kit-grabacion\HAR_mediapipe\data\gestos_p5_20260916-155908\test\paper\paper_00096.jpg
test,paper,paper_05097.jpg,p5,,gestos_p5_20260916-155908,97,C:\Users\Javier\PIDS_HandPose\kit-grabacion\HAR_mediapipe\data\gestos_p5_20260916-155908\test\paper\paper_00097.jpg
test,paper,paper_05098.jpg,p5,,gestos_p5_20260916-155908,98,C:\Users\Javier\PIDS_HandPose\kit-grabacion\HAR_mediapipe\data\gestos_p5_20260916-155908\test\paper\paper_00098.jpg
test,paper,paper_05099.jpg,p5,,gestos_p5_20260916-155908,99,C:\Users\Javier\PIDS_HandPose\kit-grabacion\HAR_mediapipe\data\gestos_p5_20260916-155908\test\paper\paper_00099.jpg
test,paper,paper_05100.jpg,p5,,gestos_p5_20260916-155908,100,C:\Users\Javier\PIDS_HandPose\kit-grabacion\HAR_mediapipe\data\gestos_p5_20260916-155908\test\paper\paper_00100.jpg
test,rock,rock_05071.jpg,p5,,gestos_p5_20260916-155908,71,C:\Users\Javier\PIDS_HandPose\kit-grabacion\HAR_mediapipe\data\gestos_p5_20260916-155908\test\rock\rock_00071.jpg
test,rock,rock_05072.jpg,p5,,gestos_p5_20260916-155908,72,C:\Users\Javier\PIDS_HandPose\kit-grabacion\HAR_mediapipe\data\gestos_p5_20260916-155908\test\rock\rock_00072.jpg
test,rock,rock_05073.jpg,p5,,gestos_p5_20260916-155908,73,C:\Users\Javier\PIDS_HandPose\kit-grabacion\HAR_mediapipe\data\gestos_p5_20260916-155908\test\rock\rock_00073.jpg
test,rock,rock_05074.jpg,p5,,gestos_p5_20260916-155908,74,C:\Users\Javier\PIDS_HandPose\kit-grabacion\HAR_mediapipe\data\gestos_p5_20260916-155908\test\rock\rock_00074.jpg
test,rock,rock_05075.jpg,p5,,gestos_p5_20260916-155908,75,C:\Users\Javier\PIDS_HandPose\kit-grabacion\HAR_mediapipe\data\gestos_p5_20260916-155908\test\rock\rock_00075.jpg
test,rock,rock_05076.jpg,p5,,gestos_p5_20260916-155908,76,C:\Users\Javier\PIDS_HandPose\kit-grabacion\HAR_mediapipe\data\gestos_p5_20260916-155908\test\rock\rock_00076.jpg
test,rock,rock_05077.jpg,p5,,gestos_p5_20260916-155908,77,C:\Users\Javier\PIDS_HandPose\kit-grabacion\HAR_mediapipe\data\gestos_p5_20260916-155908\test\rock\rock_00077.jpg
test,rock,rock_05078.jpg,p5,,gestos_p5_20260916-155908,78,C:\Users\Javier\PIDS_HandPose\kit-grabacion\HAR_mediapipe\data\gestos_p5_20260916-155908\test\rock\rock_00078.jpg
test,rock,rock_05079.jpg,p5,,gestos_p5_20260916-155908,79,C:\Users\Javier\PIDS_HandPose\kit-grabacion\HAR_mediapipe\data\gestos_p5_20260916-155908\test\rock\rock_00079.jpg
test,rock,rock_05080.jpg,p5,,gestos_p5_20260916-155908,80,C:\Users\Javier\PIDS_HandPose\kit-grabacion\HAR_mediapipe\data\gestos_p5_20260916-155908\test\rock\rock_00080.jpg
test,rock,rock_05081.jpg,p5,,gestos_p5_20260916-155908,81,C:\Users\Javier\PIDS_HandPose\kit-grabacion\HAR_mediapipe\data\gestos_p5_20260916-155908\test\rock\rock_00081.jpg
test,rock,rock_05082.jpg,p5,,gestos_p5_20260916-155908,82,C:\Users\Javier\PIDS_HandPose\kit-grabacion\HAR_mediapipe\data\gestos_p5_20260916-155908\test\rock\rock_00082.jpg
test,rock,rock_05083.jpg,p5,,gestos_p5_20260916-155908,83,C:\Users\Javier\PIDS_HandPose\kit-grabacion\HAR_mediapipe\data\gestos_p5_20260916-155908\test\rock\rock_00083.jpg
test,rock,rock_05084.jpg,p5,,gestos_p5_20260916-155908,84,C:\Users\Javier\PIDS_HandPose\kit-grabacion\HAR_mediapipe\data\gestos_p5_20260916-155908\test\rock\rock_00084.jpg
test,rock,rock_05085.jpg,p5,,gestos_p5_20260916-155908,85,C:\Users\Javier\PIDS_HandPose\kit-grabacion\HAR_mediapipe\data\gestos_p5_20260916-155908\test\rock\rock_00085.jpg
test,rock,rock_05086.jpg,p5,,gestos_p5_20260916-155908,86,C:\Users\Javier\PIDS_HandPose\kit-grabacion\HAR_mediapipe\data\gestos_p5_20260916-155908\test\rock\rock_00086.jpg
test,rock,rock_05087.jpg,p5,,gestos_p5_20260916-155908,87,C:\Users\Javier\PIDS_HandPose\kit-grabacion\HAR_mediapipe\data\gestos_p5_20260916-155908\test\rock\rock_00087.jpg
test,rock,rock_05088.jpg,p5,,gestos_p5_20260916-155908,88,C:\Users\Javier\PIDS_HandPose\kit-grabacion\HAR_mediapipe\data\gestos_p5_20260916-155908\test\rock\rock_00088.jpg
test,rock,rock_05089.jpg,p5,,gestos_p5_20260916-155908,89,C:\Users\Javier\PIDS_HandPose\kit-grabacion\HAR_mediapipe\data\gestos_p5_20260916-155908\test\rock\rock_00089.jpg
test,rock,rock_05090.jpg,p5,,gestos_p5_20260916-155908,90,C:\Users\Javier\PIDS_HandPose\kit-grabacion\HAR_mediapipe\data\gestos_p5_20260916-155908\test\rock\rock_00090.jpg
test,rock,rock_05091.jpg,p5,,gestos_p5_20260916-155908,91,C:\Users\Javier\PIDS_HandPose\kit-grabacion\HAR_mediapipe\data\gestos_p5_20260916-155908\test\rock\rock_00091.jpg
test,rock,rock_05092.jpg,p5,,gestos_p5_20260916-155908,92,C:\Users\Javier\PIDS_HandPose\kit-grabacion\HAR_mediapipe\data\gestos_p5_20260916-155908\test\rock\rock_00092.jpg
test,rock,rock_05093.jpg,p5,,gestos_p5_20260916-155908,93,C:\Users\Javier\PIDS_HandPose\kit-grabacion\HAR_mediapipe\data\gestos_p5_20260916-155908\test\rock\rock_00093.jpg
test,rock,rock_05094.jpg,p5,,gestos_p5_20260916-155908,94,C:\Users\Javier\PIDS_HandPose\kit-grabacion\HAR_mediapipe\data\gestos_p5_20260916-155908\test\rock\rock_00094.jpg
test,rock,rock_05095.jpg,p5,,gestos_p5_20260916-155908,95,C:\Users\Javier\PIDS_HandPose\kit-grabacion\HAR_mediapipe\data\gestos_p5_20260916-155908\test\rock\rock_00095.jpg
test,rock,rock_05096.jpg,p5,,gestos_p5_20260916-155908,96,C:\Users\Javier\PIDS_HandPose\kit-grabacion\HAR_mediapipe\data\gestos_p5_20260916-155908\test\rock\rock_00096.jpg
test,rock,rock_05097.jpg,p5,,gestos_p5_20260916-155908,97,C:\Users\Javier\PIDS_HandPose\kit-grabacion\HAR_mediapipe\data\gestos_p5_20260916-155908\test\rock\rock_00097.jpg
test,rock,rock_05098.jpg,p5,,gestos_p5_20260916-155908,98,C:\Users\Javier\PIDS_HandPose\kit-grabacion\HAR_mediapipe\data\gestos_p5_20260916-155908\test\rock\rock_00098.jpg
test,rock,rock_05099.jpg,p5,,gestos_p5_20260916-155908,99,C:\Users\Javier\PIDS_HandPose\kit-grabacion\HAR_mediapipe\data\gestos_p5_20260916-155908\test\rock\rock_00099.jpg
test,rock,rock_05100.jpg,p5,,gestos_p5_20260916-155908,100,C:\Users\Javier\PIDS_HandPose\kit-grabacion\HAR_mediapipe\data\gestos_p5_20260916-155908\test\rock\rock_00100.jpg
test,rockandroll,rockandroll_05071.jpg,p5,,gestos_p5_20260916-155908,71,C:\Users\Javier\PIDS_HandPose\kit-grabacion\HAR_mediapipe\data\gestos_p5_20260916-155908\test\rockandroll\rockandroll_00071.jpg
test,rockandroll,rockandroll_05072.jpg,p5,,gestos_p5_20260916-155908,72,C:\Users\Javier\PIDS_HandPose\kit-grabacion\HAR_mediapipe\data\gestos_p5_20260916-155908\test\rockandroll\rockandroll_00072.jpg
test,rockandroll,rockandroll_05073.jpg,p5,,gestos_p5_20260916-155908,73,C:\Users\Javier\PIDS_HandPose\kit-grabacion\HAR_mediapipe\data\gestos_p5_20260916-155908\test\rockandroll\rockandroll_00073.jpg
test,rockandroll,rockandroll_05074.jpg,p5,,gestos_p5_20260916-155908,74,C:\Users\Javier\PIDS_HandPose\kit-grabacion\HAR_mediapipe\data\gestos_p5_20260916-155908\test\rockandroll\rockandroll_00074.jpg
test,rockandroll,rockandroll_05075.jpg,p5,,gestos_p5_20260916-155908,75,C:\Users\Javier\PIDS_HandPose\kit-grabacion\HAR_mediapipe\data\gestos_p5_20260916-155908\test\rockandroll\rockandroll_00075.jpg
test,rockandroll,rockandroll_05076.jpg,p5,,gestos_p5_20260916-155908,76,C:\Users\Javier\PIDS_HandPose\kit-grabacion\HAR_mediapipe\data\gestos_p5_20260916-155908\test\rockandroll\rockandroll_00076.jpg
test,rockandroll,rockandroll_05077.jpg,p5,,gestos_p5_20260916-155908,77,C:\Users\Javier\PIDS_HandPose\kit-grabacion\HAR_mediapipe\data\gestos_p5_20260916-155908\test\rockandroll\rockandroll_00077.jpg
test,rockandroll,rockandroll_05078.jpg,p5,,gestos_p5_20260916-155908,78,C:\Users\Javier\PIDS_HandPose\kit-grabacion\HAR_mediapipe\data\gestos_p5_20260916-155908\test\rockandroll\rockandroll_00078.jpg
test,rockandroll,rockandroll_05079.jpg,p5,,gestos_p5_20260916-155908,79,C:\Users\Javier\PIDS_HandPose\kit-grabacion\HAR_mediapipe\data\gestos_p5_20260916-155908\test\rockandroll\rockandroll_00079.jpg
test,rockandroll,rockandroll_05080.jpg,p5,,gestos_p5_20260916-155908,80,C:\Users\Javier\PIDS_HandPose\kit-grabacion\HAR_mediapipe\data\gestos_p5_20260916-155908\test\rockandroll\rockandroll_00080.jpg
test,rockandroll,rockandroll_05081.jpg,p5,,gestos_p5_20260916-155908,81,C:\Users\Javier\PIDS_HandPose\kit-grabacion\HAR_mediapipe\data\gestos_p5_20260916-155908\test\rockandroll\rockandroll_00081.jpg
test,rockandroll,rockandroll_05082.jpg,p5,,gestos_p5_20260916-155908,82,C:\Users\Javier\PIDS_HandPose\kit-grabacion\HAR_mediapipe\data\gestos_p5_20260916-155908\test\rockandroll\rockandroll_00082.jpg
test,rockandroll,rockandroll_05083.jpg,p5,,gestos_p5_20260916-155908,83,C:\Users\Javier\PIDS_HandPose\kit-grabacion\HAR_mediapipe\data\gestos_p5_20260916-155908\test\rockandroll\rockandroll_00083.jpg
test,rockandroll,rockandroll_05084.jpg,p5,,gestos_p5_20260916-155908,84,C:\Users\Javier\PIDS_HandPose\kit-grabacion\HAR_mediapipe\data\gestos_p5_20260916-155908\test\rockandroll\rockandroll_00084.jpg
test,rockandroll,rockandroll_05085.jpg,p5,,gestos_p5_20260916-155908,85,C:\Users\Javier\PIDS_HandPose\kit-grabacion\HAR_mediapipe\data\gestos_p5_20260916-155908\test\rockandroll\rockandroll_00085.jpg
test,rockandroll,rockandroll_05086.jpg,p5,,gestos_p5_20260916-155908,86,C:\Users\Javier\PIDS_HandPose\kit-grabacion\HAR_mediapipe\data\gestos_p5_20260916-155908\test\rockandroll\rockandroll_00086.jpg
test,rockandroll,rockandroll_05087.jpg,p5,,gestos_p5_20260916-155908,87,C:\Users\Javier\PIDS_HandPose\kit-grabacion\HAR_mediapipe\data\gestos_p5_20260916-155908\test\rockandroll\rockandroll_00087.jpg
test,rockandroll,rockandroll_05088.jpg,p5,,gestos_p5_20260916-155908,88,C:\Users\Javier\PIDS_HandPose\kit-grabacion\HAR_mediapipe\data\gestos_p5_20260916-155908\test\rockandroll\rockandroll_00088.jpg
test,rockandroll,rockandroll_05089.jpg,p5,,gestos_p5_20260916-155908,89,C:\Users\Javier\PIDS_HandPose\kit-grabacion\HAR_mediapipe\data\gestos_p5_20260916-155908\test\rockandroll\rockandroll_00089.jpg
test,rockandroll,rockandroll_05090.jpg,p5,,gestos_p5_20260916-155908,90,C:\Users\Javier\PIDS_HandPose\kit-grabacion\HAR_mediapipe\data\gestos_p5_20260916-155908\test\rockandroll\rockandroll_00090.jpg
test,rockandroll,rockandroll_05091.jpg,p5,,gestos_p5_20260916-155908,91,C:\Users\Javier\PIDS_HandPose\kit-grabacion\HAR_mediapipe\data\gestos_p5_20260916-155908\test\rockandroll\rockandroll_00091.jpg
test,rockandroll,rockandroll_05092.jpg,p5,,gestos_p5_20260916-155908,92,C:\Users\Javier\PIDS_HandPose\kit-grabacion\HAR_mediapipe\data\gestos_p5_20260916-155908\test\rockandroll\rockandroll_00092.jpg
test,rockandroll,rockandroll_05093.jpg,p5,,gestos_p5_20260916-155908,93,C:\Users\Javier\PIDS_HandPose\kit-grabacion\HAR_mediapipe\data\gestos_p5_20260916-155908\test\rockandroll\rockandroll_00093.jpg
test,rockandroll,rockandroll_05094.jpg,p5,,gestos_p5_20260916-155908,94,C:\Users\Javier\PIDS_HandPose\kit-grabacion\HAR_mediapipe\data\gestos_p5_20260916-155908\test\rockandroll\rockandroll_00094.jpg
test,rockandroll,rockandroll_05095.jpg,p5,,gestos_p5_20260916-155908,95,C:\Users\Javier\PIDS_HandPose\kit-grabacion\HAR_mediapipe\data\gestos_p5_20260916-155908\test\rockandroll\rockandroll_00095.jpg
test,rockandroll,rockandroll_05096.jpg,p5,,gestos_p5_20260916-155908,96,C:\Users\Javier\PIDS_HandPose\kit-grabacion\HAR_mediapipe\data\gestos_p5_20260916-155908\test\rockandroll\rockandroll_00096.jpg
test,rockandroll,rockandroll_05097.jpg,p5,,gestos_p5_20260916-155908,97,C:\Users\Javier\PIDS_HandPose\kit-grabacion\HAR_mediapipe\data\gestos_p5_20260916-155908\test\rockandroll\rockandroll_00097.jpg
test,rockandroll,rockandroll_05098.jpg,p5,,gestos_p5_20260916-155908,98,C:\Users\Javier\PIDS_HandPose\kit-grabacion\HAR_mediapipe\data\gestos_p5_20260916-155908\test\rockandroll\rockandroll_00098.jpg
test,rockandroll,rockandroll_05099.jpg,p5,,gestos_p5_20260916-155908,99,C:\Users\Javier\PIDS_HandPose\kit-grabacion\HAR_mediapipe\data\gestos_p5_20260916-155908\test\rockandroll\rockandroll_00099.jpg
test,rockandroll,rockandroll_05100.jpg,p5,,gestos_p5_20260916-155908,100,C:\Users\Javier\PIDS_HandPose\kit-grabacion\HAR_mediapipe\data\gestos_p5_20260916-155908\test\rockandroll\rockandroll_00100.jpg
test,scissors,scissors_05071.jpg,p5,,gestos_p5_20260916-155908,71,C:\Users\Javier\PIDS_HandPose\kit-grabacion\HAR_mediapipe\data\gestos_p5_20260916-155908\test\scissors\scissors_00071.jpg
test,scissors,scissors_05072.jpg,p5,,gestos_p5_20260916-155908,72,C:\Users\Javier\PIDS_HandPose\kit-grabacion\HAR_mediapipe\data\gestos_p5_20260916-155908\test\scissors\scissors_00072.jpg
test,scissors,scissors_05073.jpg,p5,,gestos_p5_20260916-155908,73,C:\Users\Javier\PIDS_HandPose\kit-grabacion\HAR_mediapipe\data\gestos_p5_20260916-155908\test\scissors\scissors_00073.jpg
test,scissors,scissors_05074.jpg,p5,,gestos_p5_20260916-155908,74,C:\Users\Javier\PIDS_HandPose\kit-grabacion\HAR_mediapipe\data\gestos_p5_20260916-155908\test\scissors\scissors_00074.jpg
test,scissors,scissors_05075.jpg,p5,,gestos_p5_20260916-155908,75,C:\Users\Javier\PIDS_HandPose\kit-grabacion\HAR_mediapipe\data\gestos_p5_20260916-155908\test\scissors\scissors_00075.jpg
test,scissors,scissors_05076.jpg,p5,,gestos_p5_20260916-155908,76,C:\Users\Javier\PIDS_HandPose\kit-grabacion\HAR_mediapipe\data\gestos_p5_20260916-155908\test\scissors\scissors_00076.jpg
test,scissors,scissors_05077.jpg,p5,,gestos_p5_20260916-155908,77,C:\Users\Javier\PIDS_HandPose\kit-grabacion\HAR_mediapipe\data\gestos_p5_20260916-155908\test\scissors\scissors_00077.jpg
test,scissors,scissors_05078.jpg,p5,,gestos_p5_20260916-155908,78,C:\Users\Javier\PIDS_HandPose\kit-grabacion\HAR_mediapipe\data\gestos_p5_20260916-155908\test\scissors\scissors_00078.jpg
test,scissors,scissors_05079.jpg,p5,,gestos_p5_20260916-155908,79,C:\Users\Javier\PIDS_HandPose\kit-grabacion\HAR_mediapipe\data\gestos_p5_20260916-155908\test\scissors\scissors_00079.jpg
test,scissors,scissors_05080.jpg,p5,,gestos_p5_20260916-155908,80,C:\Users\Javier\PIDS_HandPose\kit-grabacion\HAR_mediapipe\data\gestos_p5_20260916-155908\test\scissors\scissors_00080.jpg
test,scissors,scissors_05081.jpg,p5,,gestos_p5_20260916-155908,81,C:\Users\Javier\PIDS_HandPose\kit-grabacion\HAR_mediapipe\data\gestos_p5_20260916-155908\test\scissors\scissors_00081.jpg
test,scissors,scissors_05082.jpg,p5,,gestos_p5_20260916-155908,82,C:\Users\Javier\PIDS_HandPose\kit-grabacion\HAR_mediapipe\data\gestos_p5_20260916-155908\test\scissors\scissors_00082.jpg
test,scissors,scissors_05083.jpg,p5,,gestos_p5_20260916-155908,83,C:\Users\Javier\PIDS_HandPose\kit-grabacion\HAR_mediapipe\data\gestos_p5_20260916-155908\test\scissors\scissors_00083.jpg
test,scissors,scissors_05084.jpg,p5,,gestos_p5_20260916-155908,84,C:\Users\Javier\PIDS_HandPose\kit-grabacion\HAR_mediapipe\data\gestos_p5_20260916-155908\test\scissors\scissors_00084.jpg
test,scissors,scissors_05085.jpg,p5,,gestos_p5_20260916-155908,85,C:\Users\Javier\PIDS_HandPose\kit-grabacion\HAR_mediapipe\data\gestos_p5_20260916-155908\test\scissors\scissors_00085.jpg
test,scissors,scissors_05086.jpg,p5,,gestos_p5_20260916-155908,86,C:\Users\Javier\PIDS_HandPose\kit-grabacion\HAR_mediapipe\data\gestos_p5_20260916-155908\test\scissors\scissors_00086.jpg
test,scissors,scissors_05087.jpg,p5,,gestos_p5_20260916-155908,87,C:\Users\Javier\PIDS_HandPose\kit-grabacion\HAR_mediapipe\data\gestos_p5_20260916-155908\test\scissors\scissors_00087.jpg
test,scissors,scissors_05088.jpg,p5,,gestos_p5_20260916-155908,88,C:\Users\Javier\PIDS_HandPose\kit-grabacion\HAR_mediapipe\data\gestos_p5_20260916-155908\test\scissors\scissors_00088.jpg
test,scissors,scissors_05089.jpg,p5,,gestos_p5_20260916-155908,89,C:\Users\Javier\PIDS_HandPose\kit-grabacion\HAR_mediapipe\data\gestos_p5_20260916-155908\test\scissors\scissors_00089.jpg
test,scissors,scissors_05090.jpg,p5,,gestos_p5_20260916-155908,90,C:\Users\Javier\PIDS_HandPose\kit-grabacion\HAR_mediapipe\data\gestos_p5_20260916-155908\test\scissors\scissors_00090.jpg
test,scissors,scissors_05091.jpg,p5,,gestos_p5_20260916-155908,91,C:\Users\Javier\PIDS_HandPose\kit-grabacion\HAR_mediapipe\data\gestos_p5_20260916-155908\test\scissors\scissors_00091.jpg
test,scissors,scissors_05092.jpg,p5,,gestos_p5_20260916-155908,92,C:\Users\Javier\PIDS_HandPose\kit-grabacion\HAR_mediapipe\data\gestos_p5_20260916-155908\test\scissors\scissors_00092.jpg
test,scissors,scissors_05093.jpg,p5,,gestos_p5_20260916-155908,93,C:\Users\Javier\PIDS_HandPose\kit-grabacion\HAR_mediapipe\data\gestos_p5_20260916-155908\test\scissors\scissors_00093.jpg
test,scissors,scissors_05094.jpg,p5,,gestos_p5_20260916-155908,94,C:\Users\Javier\PIDS_HandPose\kit-grabacion\HAR_mediapipe\data\gestos_p5_20260916-155908\test\scissors\scissors_00094.jpg
test,scissors,scissors_05095.jpg,p5,,gestos_p5_20260916-155908,95,C:\Users\Javier\PIDS_HandPose\kit-grabacion\HAR_mediapipe\data\gestos_p5_20260916-155908\test\scissors\scissors_00095.jpg
test,scissors,scissors_05096.jpg,p5,,gestos_p5_20260916-155908,96,C:\Users\Javier\PIDS_HandPose\kit-grabacion\HAR_mediapipe\data\gestos_p5_20260916-155908\test\scissors\scissors_00096.jpg
test,scissors,scissors_05097.jpg,p5,,gestos_p5_20260916-155908,97,C:\Users\Javier\PIDS_HandPose\kit-grabacion\HAR_mediapipe\data\gestos_p5_20260916-155908\test\scissors\scissors_00097.jpg
test,scissors,scissors_05098.jpg,p5,,gestos_p5_20260916-155908,98,C:\Users\Javier\PIDS_HandPose\kit-grabacion\HAR_mediapipe\data\gestos_p5_20260916-155908\test\scissors\scissors_00098.jpg
test,scissors,scissors_05099.jpg,p5,,gestos_p5_20260916-155908,99,C:\Users\Javier\PIDS_HandPose\kit-grabacion\HAR_mediapipe\data\gestos_p5_20260916-155908\test\scissors\scissors_00099.jpg
test,scissors,scissors_05100.jpg,p5,,gestos_p5_20260916-155908,100,C:\Users\Javier\PIDS_HandPose\kit-grabacion\HAR_mediapipe\data\gestos_p5_20260916-155908\test\scissors\scissors_00100.jpg
test,thumbsup,thumbsup_05071.jpg,p5,,gestos_p5_20260916-155908,71,C:\Users\Javier\PIDS_HandPose\kit-grabacion\HAR_mediapipe\data\gestos_p5_20260916-155908\test\thumbsup\thumbsup_00071.jpg
test,thumbsup,thumbsup_05072.jpg,p5,,gestos_p5_20260916-155908,72,C:\Users\Javier\PIDS_HandPose\kit-grabacion\HAR_mediapipe\data\gestos_p5_20260916-155908\test\thumbsup\thumbsup_00072.jpg
test,thumbsup,thumbsup_05073.jpg,p5,,gestos_p5_20260916-155908,73,C:\Users\Javier\PIDS_HandPose\kit-grabacion\HAR_mediapipe\data\gestos_p5_20260916-155908\test\thumbsup\thumbsup_00073.jpg
test,thumbsup,thumbsup_05074.jpg,p5,,gestos_p5_20260916-155908,74,C:\Users\Javier\PIDS_HandPose\kit-grabacion\HAR_mediapipe\data\gestos_p5_20260916-155908\test\thumbsup\thumbsup_00074.jpg
test,thumbsup,thumbsup_05075.jpg,p5,,gestos_p5_20260916-155908,75,C:\Users\Javier\PIDS_HandPose\kit-grabacion\HAR_mediapipe\data\gestos_p5_20260916-155908\test\thumbsup\thumbsup_00075.jpg
test,thumbsup,thumbsup_05076.jpg,p5,,gestos_p5_20260916-155908,76,C:\Users\Javier\PIDS_HandPose\kit-grabacion\HAR_mediapipe\data\gestos_p5_20260916-155908\test\thumbsup\thumbsup_00076.jpg
test,thumbsup,thumbsup_05077.jpg,p5,,gestos_p5_20260916-155908,77,C:\Users\Javier\PIDS_HandPose\kit-grabacion\HAR_mediapipe\data\gestos_p5_20260916-155908\test\thumbsup\thumbsup_00077.jpg
test,thumbsup,thumbsup_05078.jpg,p5,,gestos_p5_20260916-155908,78,C:\Users\Javier\PIDS_HandPose\kit-grabacion\HAR_mediapipe\data\gestos_p5_20260916-155908\test\thumbsup\thumbsup_00078.jpg
test,thumbsup,thumbsup_05079.jpg,p5,,gestos_p5_20260916-155908,79,C:\Users\Javier\PIDS_HandPose\kit-grabacion\HAR_mediapipe\data\gestos_p5_20260916-155908\test\thumbsup\thumbsup_00079.jpg
test,thumbsup,thumbsup_05080.jpg,p5,,gestos_p5_20260916-155908,80,C:\Users\Javier\PIDS_HandPose\kit-grabacion\HAR_mediapipe\data\gestos_p5_20260916-155908\test\thumbsup\thumbsup_00080.jpg
test,thumbsup,thumbsup_05081.jpg,p5,,gestos_p5_20260916-155908,81,C:\Users\Javier\PIDS_HandPose\kit-grabacion\HAR_mediapipe\data\gestos_p5_20260916-155908\test\thumbsup\thumbsup_00081.jpg
test,thumbsup,thumbsup_05082.jpg,p5,,gestos_p5_20260916-155908,82,C:\Users\Javier\PIDS_HandPose\kit-grabacion\HAR_mediapipe\data\gestos_p5_20260916-155908\test\thumbsup\thumbsup_00082.jpg
test,thumbsup,thumbsup_05083.jpg,p5,,gestos_p5_20260916-155908,83,C:\Users\Javier\PIDS_HandPose\kit-grabacion\HAR_mediapipe\data\gestos_p5_20260916-155908\test\thumbsup\thumbsup_00083.jpg
test,thumbsup,thumbsup_05084.jpg,p5,,gestos_p5_20260916-155908,84,C:\Users\Javier\PIDS_HandPose\kit-grabacion\HAR_mediapipe\data\gestos_p5_20260916-155908\test\thumbsup\thumbsup_00084.jpg
test,thumbsup,thumbsup_05085.jpg,p5,,gestos_p5_20260916-155908,85,C:\Users\Javier\PIDS_HandPose\kit-grabacion\HAR_mediapipe\data\gestos_p5_20260916-155908\test\thumbsup\thumbsup_00085.jpg
test,thumbsup,thumbsup_05086.jpg,p5,,gestos_p5_20260916-155908,86,C:\Users\Javier\PIDS_HandPose\kit-grabacion\HAR_mediapipe\data\gestos_p5_20260916-155908\test\thumbsup\thumbsup_00086.jpg
test,thumbsup,thumbsup_05087.jpg,p5,,gestos_p5_20260916-155908,87,C:\Users\Javier\PIDS_HandPose\kit-grabacion\HAR_mediapipe\data\gestos_p5_20260916-155908\test\thumbsup\thumbsup_00087.jpg
test,thumbsup,thumbsup_05088.jpg,p5,,gestos_p5_20260916-155908,88,C:\Users\Javier\PIDS_HandPose\kit-grabacion\HAR_mediapipe\data\gestos_p5_20260916-155908\test\thumbsup\thumbsup_00088.jpg
test,thumbsup,thumbsup_05089.jpg,p5,,gestos_p5_20260916-155908,89,C:\Users\Javier\PIDS_HandPose\kit-grabacion\HAR_mediapipe\data\gestos_p5_20260916-155908\test\thumbsup\thumbsup_00089.jpg
test,thumbsup,thumbsup_05090.jpg,p5,,gestos_p5_20260916-155908,90,C:\Users\Javier\PIDS_HandPose\kit-grabacion\HAR_mediapipe\data\gestos_p5_20260916-155908\test\thumbsup\thumbsup_00090.jpg
test,thumbsup,thumbsup_05091.jpg,p5,,gestos_p5_20260916-155908,91,C:\Users\Javier\PIDS_HandPose\kit-grabacion\HAR_mediapipe\data\gestos_p5_20260916-155908\test\thumbsup\thumbsup_00091.jpg
test,thumbsup,thumbsup_05092.jpg,p5,,gestos_p5_20260916-155908,92,C:\Users\Javier\PIDS_HandPose\kit-grabacion\HAR_mediapipe\data\gestos_p5_20260916-155908\test\thumbsup\thumbsup_00092.jpg
test,thumbsup,thumbsup_05093.jpg,p5,,gestos_p5_20260916-155908,93,C:\Users\Javier\PIDS_HandPose\kit-grabacion\HAR_mediapipe\data\gestos_p5_20260916-155908\test\thumbsup\thumbsup_00093.jpg
test,thumbsup,thumbsup_05094.jpg,p5,,gestos_p5_20260916-155908,94,C:\Users\Javier\PIDS_HandPose\kit-grabacion\HAR_mediapipe\data\gestos_p5_20260916-155908\test\thumbsup\thumbsup_00094.jpg
test,thumbsup,thumbsup_05095.jpg,p5,,gestos_p5_20260916-155908,95,C:\Users\Javier\PIDS_HandPose\kit-grabacion\HAR_mediapipe\data\gestos_p5_20260916-155908\test\thumbsup\thumbsup_00095.jpg
test,thumbsup,thumbsup_05096.jpg,p5,,gestos_p5_20260916-155908,96,C:\Users\Javier\PIDS_HandPose\kit-grabacion\HAR_mediapipe\data\gestos_p5_20260916-155908\test\thumbsup\thumbsup_00096.jpg
test,thumbsup,thumbsup_05097.jpg,p5,,gestos_p5_20260916-155908,97,C:\Users\Javier\PIDS_HandPose\kit-grabacion\HAR_mediapipe\data\gestos_p5_20260916-155908\test\thumbsup\thumbsup_00097.jpg
test,thumbsup,thumbsup_05098.jpg,p5,,gestos_p5_20260916-155908,98,C:\Users\Javier\PIDS_HandPose\kit-grabacion\HAR_mediapipe\data\gestos_p5_20260916-155908\test\thumbsup\thumbsup_00098.jpg
test,thumbsup,thumbsup_05099.jpg,p5,,gestos_p5_20260916-155908,99,C:\Users\Javier\PIDS_HandPose\kit-grabacion\HAR_mediapipe\data\gestos_p5_20260916-155908\test\thumbsup\thumbsup_00099.jpg
test,thumbsup,thumbsup_05100.jpg,p5,,gestos_p5_20260916-155908,100,C:\Users\Javier\PIDS_HandPose\kit-grabacion\HAR_mediapipe\data\gestos_p5_20260916-155908\test\thumbsup\thumbsup_00100.jpg
