x0,y0,x1,y1,x2,y2,x3,y3,x4,y4,x5,y5,x6,y6,x7,y7,x8,y8,x9,y9,x10,y10,x11,y11,x12,y12,x13,y13,x14,y14,x15,y15,x16,y16,x17,y17,x18,y18,x19,y19,x20,y20,label,frame,path
0.48491111397743225,0.5908039808273315,0.5222878456115723,0.5865263938903809,0.5492002367973328,0.540236234664917,0.552488386631012,0.4819238781929016,0.5372573137283325,0.45153939723968506,0.5366871953010559,0.4971138536930084,0.5468679666519165,0.4570619761943817,0.5446042418479919,0.48763060569763184,0.5386990904808044,0.5117599964141846,0.5191973447799683,0.48932376503944397,0.5313009023666382,0.45427271723747253,0.5268707275390625,0.5024001002311707,0.5176512002944946,0.528858482837677,0.5013049840927124,0.48511460423469543,0.514584481716156,0.45600569248199463,0.5122298002243042,0.5065716505050659,0.5043909549713135,0.5317007303237915,0.4807143807411194,0.48398318886756897,0.496818482875824,0.46437299251556396,0.49704188108444214,0.4993237853050232,0.49022963643074036,0.518973171710968,rock,01001,C:/Users/Javier/PIDS_HandPose/work/HAR_mediapipe/data/gestos_pids/train//rock/rock_01001.jpg
0.4811549484729767,0.5899122953414917,0.5121968984603882,0.5797538757324219,0.5310013294219971,0.534092903137207,0.5301518440246582,0.4820478558540344,0.514329195022583,0.462124764919281,0.5199386477470398,0.5022384524345398,0.5261280536651611,0.4676257371902466,0.5270019769668579,0.4947795271873474,0.5243616700172424,0.5141385793685913,0.5056452751159668,0.4985683560371399,0.5136775970458984,0.4612372815608978,0.5140016078948975,0.4995305836200714,0.5089673399925232,0.518437385559082,0.4908725619316101,0.4973944127559662,0.5009143948554993,0.4712885916233063,0.5008471608161926,0.5134658813476562,0.49533939361572266,0.5292930006980896,0.4739622473716736,0.4988744556903839,0.48903411626815796,0.4827324151992798,0.4900195002555847,0.5121703147888184,0.4839259684085846,0.5244646668434143,rock,01002,C:/Users/Javier/PIDS_HandPose/work/HAR_mediapipe/data/gestos_pids/train//rock/rock_01002.jpg
0.4593501389026642,0.5903119444847107,0.49131667613983154,0.5733829736709595,0.509637713432312,0.528622567653656,0.5073826313018799,0.47722893953323364,0.4925646185874939,0.4597882628440857,0.5006213188171387,0.4952913224697113,0.5068047642707825,0.45454278588294983,0.5044424533843994,0.4848984479904175,0.5007956027984619,0.5064818859100342,0.48486390709877014,0.49354472756385803,0.49053680896759033,0.45847856998443604,0.4888204336166382,0.5021560788154602,0.4851123094558716,0.520499587059021,0.46871206164360046,0.49538034200668335,0.4750785827636719,0.46625858545303345,0.4753965139389038,0.5115825533866882,0.4723488390445709,0.5287073254585266,0.45045462250709534,0.5005990862846375,0.4609946012496948,0.47815829515457153,0.46250343322753906,0.5086405873298645,0.4585590362548828,0.5228808522224426,rock,01003,C:/Users/Javier/PIDS_HandPose/work/HAR_mediapipe/data/gestos_pids/train//rock/rock_01003.jpg
0.45804762840270996,0.6068391799926758,0.44391727447509766,0.5553450584411621,0.44858983159065247,0.5074278116226196,0.46651411056518555,0.476218581199646,0.48244571685791016,0.46701791882514954,0.43814802169799805,0.4834136962890625,0.4654669463634491,0.4379860460758209,0.468647301197052,0.45797091722488403,0.46275976300239563,0.4764338731765747,0.45523083209991455,0.5003170371055603,0.4816471338272095,0.4600735306739807,0.482007771730423,0.4804593026638031,0.47509750723838806,0.49576181173324585,0.4738302230834961,0.5202935338020325,0.492696613073349,0.488637238740921,0.4903070032596588,0.5066313147544861,0.48340389132499695,0.5202805399894714,0.49117469787597656,0.5408111214637756,0.49874383211135864,0.5142889022827148,0.4954361319541931,0.5285658836364746,0.49107247591018677,0.5412546992301941,rock,01004,C:/Users/Javier/PIDS_HandPose/work/HAR_mediapipe/data/gestos_pids/train//rock/rock_01004.jpg
0.39554089307785034,0.6631382703781128,0.38655877113342285,0.5918595790863037,0.3522718846797943,0.5195199847221375,0.31738147139549255,0.4885120093822479,0.28852173686027527,0.5018218159675598,0.30007684230804443,0.5250091552734375,0.2733590602874756,0.5168887376785278,0.3110787868499756,0.5421978831291199,0.3208135962486267,0.5465574860572815,0.2928885817527771,0.5748878717422485,0.28253012895584106,0.5672926902770996,0.3273458480834961,0.5881979465484619,0.32299360632896423,0.5759664177894592,0.29465770721435547,0.6233097314834595,0.2952629625797272,0.6233335733413696,0.33509284257888794,0.626814067363739,0.3303651511669159,0.6167300343513489,0.2993404269218445,0.6689245104789734,0.31005942821502686,0.669413685798645,0.33520060777664185,0.6656806468963623,0.3303248882293701,0.6633871793746948,rock,01006,C:/Users/Javier/PIDS_HandPose/work/HAR_mediapipe/data/gestos_pids/train//rock/rock_01006.jpg
0.43237391114234924,0.6606349945068359,0.4615875482559204,0.5795443654060364,0.5135470628738403,0.5413748621940613,0.5622616410255432,0.5464280843734741,0.5864473581314087,0.5777527689933777,0.514285683631897,0.5807971358299255,0.5719238519668579,0.594813346862793,0.5546930432319641,0.5903170704841614,0.5348774790763855,0.585451602935791,0.5101721882820129,0.642782986164093,0.5640371441841125,0.6456286311149597,0.5489732623100281,0.6337751746177673,0.5304133296012878,0.6248499751091003,0.5062699913978577,0.6911078691482544,0.546191930770874,0.6768537163734436,0.5327497124671936,0.6680744290351868,0.5160669088363647,0.6646109819412231,0.503235399723053,0.7268080115318298,0.5300756096839905,0.7005367875099182,0.5192252993583679,0.6927547454833984,0.5074383616447449,0.6956828832626343,rock,01007,C:/Users/Javier/PIDS_HandPose/work/HAR_mediapipe/data/gestos_pids/train//rock/rock_01007.jpg
0.44688743352890015,0.6277099251747131,0.47394534945487976,0.5517493486404419,0.5246706008911133,0.5150123238563538,0.5686702728271484,0.5204935073852539,0.5870445966720581,0.5547815561294556,0.5226230025291443,0.5397831797599792,0.5784157514572144,0.5659577250480652,0.5629978775978088,0.5604231357574463,0.543677031993866,0.5546336770057678,0.5176094174385071,0.6006501913070679,0.5716398358345032,0.6144562363624573,0.5564054846763611,0.6043177843093872,0.5366780161857605,0.5963631868362427,0.5129684209823608,0.6510810852050781,0.5593703985214233,0.6493062973022461,0.5451303124427795,0.6414636969566345,0.5264461040496826,0.6356610655784607,0.5093251466751099,0.6909540891647339,0.5422182083129883,0.6743781566619873,0.5315033197402954,0.6666951775550842,0.5178079009056091,0.6665618419647217,rock,01008,C:/Users/Javier/PIDS_HandPose/work/HAR_mediapipe/data/gestos_pids/train//rock/rock_01008.jpg
0.5888814926147461,0.44141197204589844,0.6148778796195984,0.38237640261650085,0.6578226685523987,0.36869221925735474,0.6926125288009644,0.38563084602355957,0.7138232588768005,0.410990446805954,0.6742079854011536,0.35663968324661255,0.7117583751678467,0.414016455411911,0.6959792971611023,0.4207674562931061,0.6816371083259583,0.4073295295238495,0.6666833758354187,0.4057079553604126,0.699435293674469,0.459869384765625,0.6821954846382141,0.4597034454345703,0.6688669919967651,0.44310426712036133,0.6564236283302307,0.4553309977054596,0.6812745332717896,0.4917701780796051,0.6646106839179993,0.48966148495674133,0.6517967581748962,0.47559937834739685,0.6458457708358765,0.4980742633342743,0.663881778717041,0.5135396122932434,0.6490175127983093,0.5112294554710388,0.6377779245376587,0.50407874584198,rock,01009,C:/Users/Javier/PIDS_HandPose/work/HAR_mediapipe/data/gestos_pids/train//rock/rock_01009.jpg
0.8804976344108582,0.6422407627105713,0.8374678492546082,0.6218546628952026,0.8216097950935364,0.5719295144081116,0.8395811915397644,0.5149221420288086,0.8656244874000549,0.4836321473121643,0.8590520620346069,0.5037250518798828,0.8861269354820251,0.5130285620689392,0.8736133575439453,0.5488290190696716,0.8625869750976562,0.5534247756004333,0.8922663331031799,0.47992023825645447,0.9070399403572083,0.49990731477737427,0.8908325433731079,0.5477301478385925,0.8822923302650452,0.5532627105712891,0.9179974794387817,0.4700704514980316,0.9246929287910461,0.4815486967563629,0.9093477725982666,0.5251314640045166,0.9009556174278259,0.5310748815536499,0.937749981880188,0.46812903881073,0.9346897602081299,0.4743843078613281,0.9256910085678101,0.5097944140434265,0.9217061400413513,0.5166836977005005,rock,01011,C:/Users/Javier/PIDS_HandPose/work/HAR_mediapipe/data/gestos_pids/train//rock/rock_01011.jpg
0.9247501492500305,0.6384806036949158,0.9083674550056458,0.5887773633003235,0.904945433139801,0.5184009671211243,0.9153358340263367,0.48123428225517273,0.9391629695892334,0.4900369346141815,0.9657464623451233,0.4977995753288269,0.9720394015312195,0.4995703101158142,0.9497009515762329,0.5285419225692749,0.9383715391159058,0.5404983162879944,0.9872704744338989,0.5389366149902344,0.9938679337501526,0.5453119277954102,0.9702691435813904,0.5712144374847412,0.9607577323913574,0.5811678767204285,1.000065565109253,0.5822200775146484,1.0074304342269897,0.5885645151138306,0.9873491525650024,0.6090291142463684,0.9777770042419434,0.6158211827278137,1.0069983005523682,0.6228400468826294,1.0141322612762451,0.6272667646408081,0.9989213347434998,0.6423659324645996,0.9911803007125854,0.6459448337554932,rock,01012,C:/Users/Javier/PIDS_HandPose/work/HAR_mediapipe/data/gestos_pids/train//rock/rock_01012.jpg
0.5001384615898132,0.9023039937019348,0.5310220718383789,0.8528724908828735,0.5495351552963257,0.8111353516578674,0.5616020560264587,0.7961596250534058,0.5638150572776794,0.8107115626335144,0.5006996989250183,0.7011245489120483,0.5568940043449402,0.7466863393783569,0.5544643998146057,0.7893017530441284,0.5375540256500244,0.7972695231437683,0.47982993721961975,0.735966145992279,0.5505033135414124,0.7959852814674377,0.5411592125892639,0.8313717842102051,0.5197271704673767,0.836001992225647,0.4688757658004761,0.7892465591430664,0.537642776966095,0.8369029760360718,0.5321192741394043,0.8650338053703308,0.513169527053833,0.8642603158950806,0.46447962522506714,0.8471888303756714,0.5228632688522339,0.8865927457809448,0.5220732092857361,0.9066333174705505,0.5061725378036499,0.9065511226654053,rock,01013,C:/Users/Javier/PIDS_HandPose/work/HAR_mediapipe/data/gestos_pids/train//rock/rock_01013.jpg
0.5303937792778015,0.7560088038444519,0.49687662720680237,0.7935699224472046,0.4540000557899475,0.8092660903930664,0.42954015731811523,0.8044275045394897,0.43801993131637573,0.7749239802360535,0.43493378162384033,0.6860650181770325,0.4546939432621002,0.7564783096313477,0.4637427031993866,0.7797836065292358,0.45950788259506226,0.7615454792976379,0.4591151475906372,0.644169270992279,0.48767441511154175,0.7398318648338318,0.49327847361564636,0.7630594968795776,0.48516085743904114,0.735338032245636,0.48943495750427246,0.6233239769935608,0.515941321849823,0.7175565958023071,0.518082857131958,0.7391983270645142,0.5090042948722839,0.7157362699508667,0.519801676273346,0.6163886785507202,0.5384891629219055,0.6916547417640686,0.5393282175064087,0.7156796455383301,0.5308460593223572,0.7025960087776184,rock,01014,C:/Users/Javier/PIDS_HandPose/work/HAR_mediapipe/data/gestos_pids/train//rock/rock_01014.jpg
0.5438795685768127,0.6841974258422852,0.5287786722183228,0.5980880260467529,0.4829990863800049,0.5519095659255981,0.44050565361976624,0.5542045831680298,0.42062613368034363,0.5896959900856018,0.48741063475608826,0.5835068821907043,0.43045058846473694,0.5923616290092468,0.4403856694698334,0.5933817028999329,0.4565194547176361,0.5894640684127808,0.48784688115119934,0.6429828405380249,0.4246435761451721,0.6466954350471497,0.4353042542934418,0.6392292976379395,0.4534003436565399,0.6343530416488647,0.48686206340789795,0.6957863569259644,0.429207980632782,0.6838695406913757,0.4400750994682312,0.6714738607406616,0.4573708474636078,0.6669741868972778,0.48604515194892883,0.7404809594154358,0.44271785020828247,0.7139518857002258,0.44976896047592163,0.7002111077308655,0.4630914628505707,0.698943555355072,rock,01015,C:/Users/Javier/PIDS_HandPose/work/HAR_mediapipe/data/gestos_pids/train//rock/rock_01015.jpg
0.5480078458786011,0.6618183851242065,0.5334964394569397,0.5804316997528076,0.4923507273197174,0.5145909190177917,0.45589932799339294,0.4910467267036438,0.43068867921829224,0.5068594217300415,0.4848082959651947,0.5251243114471436,0.4291403293609619,0.5382458567619324,0.44240373373031616,0.5554845333099365,0.46098509430885315,0.5533870458602905,0.4830867350101471,0.5804030299186707,0.4255417287349701,0.5901915431022644,0.4422232508659363,0.6018537878990173,0.46145081520080566,0.5982106328010559,0.4809112250804901,0.6374679207801819,0.42949509620666504,0.6378700137138367,0.4456537663936615,0.643357515335083,0.4646257162094116,0.6415330171585083,0.47938984632492065,0.6911529302597046,0.44160643219947815,0.6775188446044922,0.4533509612083435,0.6788707971572876,0.4683331847190857,0.6817641854286194,rock,01016,C:/Users/Javier/PIDS_HandPose/work/HAR_mediapipe/data/gestos_pids/train//rock/rock_01016.jpg
0.5496174693107605,0.6723215579986572,0.5349862575531006,0.5954610109329224,0.4951249659061432,0.5302503705024719,0.4582817852497101,0.50473952293396,0.43124404549598694,0.5117665529251099,0.48512640595436096,0.5294421315193176,0.4299190044403076,0.5450533628463745,0.4419788718223572,0.5660699009895325,0.4604842960834503,0.5656015276908875,0.4828723669052124,0.5817412734031677,0.4267409145832062,0.5950442552566528,0.4424375295639038,0.6102148294448853,0.46186885237693787,0.607903003692627,0.48079025745391846,0.6372388601303101,0.4297969341278076,0.6419488787651062,0.44617924094200134,0.652923047542572,0.4652095437049866,0.6520601511001587,0.47940269112586975,0.690938413143158,0.4412097930908203,0.6838619709014893,0.4543522596359253,0.6898793578147888,0.4703923463821411,0.6920017600059509,rock,01017,C:/Users/Javier/PIDS_HandPose/work/HAR_mediapipe/data/gestos_pids/train//rock/rock_01017.jpg
0.5370418429374695,0.6601879596710205,0.5193414688110352,0.5945594310760498,0.4893120229244232,0.5299961566925049,0.4577872157096863,0.4903635084629059,0.4330000877380371,0.4722987115383148,0.48969051241874695,0.4851484000682831,0.43410927057266235,0.5003441572189331,0.4374842643737793,0.5314016342163086,0.45234420895576477,0.5346745252609253,0.48597225546836853,0.5093180537223816,0.42607033252716064,0.5363205671310425,0.43696534633636475,0.5626062154769897,0.4516189396381378,0.5651352405548096,0.4793551564216614,0.5473706722259521,0.42534351348876953,0.573332667350769,0.4376053214073181,0.5983404517173767,0.4522398114204407,0.5992604494094849,0.4733026325702667,0.591546893119812,0.43349725008010864,0.613606333732605,0.44233381748199463,0.6314297914505005,0.45435142517089844,0.6320067644119263,rock,01018,C:/Users/Javier/PIDS_HandPose/work/HAR_mediapipe/data/gestos_pids/train//rock/rock_01018.jpg
0.5226065516471863,0.6720491647720337,0.472024530172348,0.6740550994873047,0.43159976601600647,0.678714394569397,0.4044005274772644,0.6960342526435852,0.40094196796417236,0.7165601849555969,0.4374646544456482,0.6172782778739929,0.4175303876399994,0.7270380258560181,0.42581865191459656,0.7429780960083008,0.431153804063797,0.7176102995872498,0.466525137424469,0.6225864887237549,0.44510698318481445,0.7560386061668396,0.45387399196624756,0.751928985118866,0.45719674229621887,0.716223955154419,0.4945945143699646,0.6427801251411438,0.4729020297527313,0.7706019878387451,0.4786805510520935,0.760482668876648,0.4832863509654999,0.7286271452903748,0.5201501250267029,0.6712662577629089,0.4990598261356354,0.7648768424987793,0.49835193157196045,0.7559100985527039,0.501107931137085,0.7291868925094604,rock,01019,C:/Users/Javier/PIDS_HandPose/work/HAR_mediapipe/data/gestos_pids/train//rock/rock_01019.jpg
0.6056067943572998,0.3552212715148926,0.5696621537208557,0.3612932562828064,0.5440075993537903,0.3325677812099457,0.5249569416046143,0.30385977029800415,0.5061992406845093,0.2792871296405792,0.5476842522621155,0.24076324701309204,0.5133424401283264,0.28153976798057556,0.5254800319671631,0.31087324023246765,0.5396124124526978,0.31323620676994324,0.5546413660049438,0.23045614361763,0.516207754611969,0.2859755754470825,0.5320174098014832,0.3185570240020752,0.5454006195068359,0.3179619610309601,0.5622442960739136,0.2359139323234558,0.5261618494987488,0.2919924259185791,0.542046070098877,0.32389339804649353,0.5548794269561768,0.3233543336391449,0.5711278915405273,0.25205355882644653,0.5442682504653931,0.3013835549354553,0.5546364188194275,0.32352346181869507,0.5665397047996521,0.3214530348777771,rock,01022,C:/Users/Javier/PIDS_HandPose/work/HAR_mediapipe/data/gestos_pids/train//rock/rock_01022.jpg
0.5854894518852234,0.4186563789844513,0.6418873071670532,0.44707298278808594,0.6944499611854553,0.43283867835998535,0.730535626411438,0.4257180690765381,0.7627767324447632,0.43049222230911255,0.7094413638114929,0.2799410820007324,0.7528445720672607,0.37152954936027527,0.7281873226165771,0.409626305103302,0.7132977247238159,0.39972811937332153,0.6910418272018433,0.26609092950820923,0.7331035137176514,0.38206416368484497,0.7025926113128662,0.4062250852584839,0.6899169683456421,0.38048529624938965,0.6706412434577942,0.27476271986961365,0.7040364146232605,0.39517438411712646,0.6765658259391785,0.41181284189224243,0.6661152839660645,0.3834574222564697,0.6488211154937744,0.29842618107795715,0.6768056154251099,0.39645493030548096,0.6564951539039612,0.40820610523223877,0.6447429060935974,0.3801092505455017,rock,01023,C:/Users/Javier/PIDS_HandPose/work/HAR_mediapipe/data/gestos_pids/train//rock/rock_01023.jpg
0.6389982104301453,0.3787328600883484,0.6875159740447998,0.4257678985595703,0.7365984320640564,0.41771331429481506,0.7721237540245056,0.4119502902030945,0.8048875331878662,0.4042600989341736,0.7553737759590149,0.254645973443985,0.7988994121551514,0.3429642617702484,0.7790356278419495,0.39203330874443054,0.7578192949295044,0.399198979139328,0.7484245300292969,0.24315154552459717,0.7903760671615601,0.3642888069152832,0.7577160596847534,0.3980259895324707,0.738025426864624,0.3817616403102875,0.7386791706085205,0.2556682229042053,0.7673436999320984,0.38480299711227417,0.7322545647621155,0.40835267305374146,0.7160252928733826,0.38375523686408997,0.7261173129081726,0.2823570966720581,0.7437198162078857,0.39367878437042236,0.7175838947296143,0.40652206540107727,0.7037871479988098,0.37653684616088867,rock,01024,C:/Users/Javier/PIDS_HandPose/work/HAR_mediapipe/data/gestos_pids/train//rock/rock_01024.jpg
0.2988993227481842,0.5502790212631226,0.3394280970096588,0.471993088722229,0.35308837890625,0.37705084681510925,0.30932918190956116,0.32226794958114624,0.26188695430755615,0.32535311579704285,0.30043748021125793,0.28946173191070557,0.2769557237625122,0.2423410266637802,0.27552568912506104,0.3214987814426422,0.27571308612823486,0.3628961741924286,0.2580467164516449,0.32426172494888306,0.23467592895030975,0.2762162685394287,0.25387144088745117,0.3373519778251648,0.26687926054000854,0.3474664092063904,0.2269567847251892,0.36839941143989563,0.21734924614429474,0.3696708083152771,0.248550683259964,0.43109387159347534,0.2680830955505371,0.43258488178253174,0.20654995739459991,0.41936224699020386,0.20813226699829102,0.44535931944847107,0.2295946627855301,0.48259589076042175,0.24052955210208893,0.4753170311450958,rock,01025,C:/Users/Javier/PIDS_HandPose/work/HAR_mediapipe/data/gestos_pids/train//rock/rock_01025.jpg
0.2763618230819702,0.6127980351448059,0.30437564849853516,0.5332883596420288,0.3084031641483307,0.4328671991825104,0.2667294442653656,0.37521234154701233,0.22303080558776855,0.3701114356517792,0.2715436816215515,0.35006237030029297,0.2471778690814972,0.29100143909454346,0.2400442510843277,0.35551318526268005,0.2321036159992218,0.3909894824028015,0.23571597039699554,0.3822263777256012,0.21163545548915863,0.3460368514060974,0.24013446271419525,0.4198783040046692,0.2585139572620392,0.42965736985206604,0.20678219199180603,0.4236362874507904,0.18606245517730713,0.41055768728256226,0.22035974264144897,0.47695302963256836,0.2415570467710495,0.4796108603477478,0.18393346667289734,0.4708230197429657,0.17367461323738098,0.4720280170440674,0.19798390567302704,0.512610912322998,0.21375679969787598,0.5118057727813721,rock,01026,C:/Users/Javier/PIDS_HandPose/work/HAR_mediapipe/data/gestos_pids/train//rock/rock_01026.jpg
0.2770623564720154,0.6703867316246033,0.32410919666290283,0.6171292066574097,0.3629531264305115,0.5236749053001404,0.375369668006897,0.43978917598724365,0.35552483797073364,0.3907286524772644,0.320641428232193,0.4238576889038086,0.3405994176864624,0.3728131353855133,0.3401137590408325,0.45569175481796265,0.32993003726005554,0.4782949686050415,0.2875247895717621,0.4282265901565552,0.3149007558822632,0.39382049441337585,0.31750524044036865,0.49589988589286804,0.3074157238006592,0.5015463829040527,0.2581380009651184,0.4443461000919342,0.2877045273780823,0.4252393841743469,0.29241859912872314,0.5161344408988953,0.28008759021759033,0.5176405906677246,0.22988927364349365,0.4676777720451355,0.2635120749473572,0.4564637243747711,0.2711765468120575,0.5132678747177124,0.25774121284484863,0.5182293057441711,rock,01027,C:/Users/Javier/PIDS_HandPose/work/HAR_mediapipe/data/gestos_pids/train//rock/rock_01027.jpg
0.2704395651817322,0.7647859454154968,0.27517738938331604,0.71281898021698,0.24256345629692078,0.670751690864563,0.18026089668273926,0.6870158910751343,0.13597223162651062,0.7056314945220947,0.20728397369384766,0.5464876890182495,0.16659864783287048,0.5796722173690796,0.14197170734405518,0.634842574596405,0.13383644819259644,0.6663007736206055,0.18832279741764069,0.5606567859649658,0.14754030108451843,0.5846796631813049,0.1343507468700409,0.6529585123062134,0.13906285166740417,0.6940047740936279,0.17838820815086365,0.5917260050773621,0.1450209617614746,0.6285257339477539,0.13894186913967133,0.6845962405204773,0.14479076862335205,0.7083200216293335,0.1783071756362915,0.6319916844367981,0.15413683652877808,0.671805739402771,0.14823684096336365,0.7067184448242188,0.14842714369297028,0.7187680006027222,rock,01028,C:/Users/Javier/PIDS_HandPose/work/HAR_mediapipe/data/gestos_pids/train//rock/rock_01028.jpg
0.254404753446579,0.7605727314949036,0.2190229594707489,0.6732396483421326,0.21810314059257507,0.5744906663894653,0.24469661712646484,0.49063146114349365,0.2705360949039459,0.4492990970611572,0.20398688316345215,0.5239614248275757,0.26389458775520325,0.44737595319747925,0.27002906799316406,0.488034725189209,0.25724363327026367,0.517063558101654,0.23744827508926392,0.5461875796318054,0.2910577654838562,0.48542171716690063,0.29235053062438965,0.5256567597389221,0.27825823426246643,0.5497344732284546,0.27326205372810364,0.5733391046524048,0.31403666734695435,0.524858295917511,0.31259098649024963,0.5615178942680359,0.2993999719619751,0.5862957835197449,0.3066788613796234,0.6008644104003906,0.3311169147491455,0.5639707446098328,0.3266400098800659,0.5977180004119873,0.3167867660522461,0.6203912496566772,rock,01029,C:/Users/Javier/PIDS_HandPose/work/HAR_mediapipe/data/gestos_pids/train//rock/rock_01029.jpg
0.4623967707157135,0.6236287355422974,0.5084834098815918,0.6566023826599121,0.5431461930274963,0.689592719078064,0.5525296926498413,0.7191311717033386,0.5321353077888489,0.7296498417854309,0.545765221118927,0.5717777013778687,0.5305969715118408,0.6674275398254395,0.5135613679885864,0.713273823261261,0.5048165321350098,0.7053907513618469,0.5099083185195923,0.541506290435791,0.49162614345550537,0.6553845405578613,0.4843180179595947,0.6922338604927063,0.48421987891197205,0.6766566038131714,0.47392892837524414,0.5407298803329468,0.45901480317115784,0.648906946182251,0.4586058557033539,0.6828474998474121,0.4620252847671509,0.668817400932312,0.4436337947845459,0.5543614029884338,0.437223881483078,0.6446404457092285,0.4400905966758728,0.6719279289245605,0.4414728581905365,0.663368284702301,rock,01030,C:/Users/Javier/PIDS_HandPose/work/HAR_mediapipe/data/gestos_pids/train//rock/rock_01030.jpg
0.46091228723526,0.7098734974861145,0.49840083718299866,0.7198135852813721,0.5307967662811279,0.7306753993034363,0.5454549193382263,0.7540941834449768,0.5460622310638428,0.7865687608718872,0.5292119979858398,0.6045728325843811,0.5180016756057739,0.7097330093383789,0.5137538909912109,0.7530232667922974,0.5178642868995667,0.742771327495575,0.4886510670185089,0.5944188237190247,0.48458361625671387,0.7248105406761169,0.4852508008480072,0.7566555142402649,0.49128031730651855,0.7226558327674866,0.45227643847465515,0.6086603403091431,0.4544071853160858,0.7336755990982056,0.4604233205318451,0.7576245665550232,0.46655160188674927,0.7244570851325989,0.4218801259994507,0.6328046917915344,0.42609646916389465,0.7279410362243652,0.4348210096359253,0.7521890997886658,0.4392230212688446,0.7349994778633118,rock,01031,C:/Users/Javier/PIDS_HandPose/work/HAR_mediapipe/data/gestos_pids/train//rock/rock_01031.jpg
0.5539585947990417,0.7741261124610901,0.5386547446250916,0.716080904006958,0.5453550219535828,0.6715982556343079,0.5636691451072693,0.6535307168960571,0.5801646709442139,0.6550970673561096,0.5472960472106934,0.6333463191986084,0.5597950220108032,0.6493931412696838,0.5592087507247925,0.6713221073150635,0.554773211479187,0.681652307510376,0.5675473213195801,0.6336439251899719,0.5763370394706726,0.6561229825019836,0.5732874274253845,0.6786986589431763,0.5685362219810486,0.688518762588501,0.5872274041175842,0.6474148035049438,0.5936247706413269,0.6732208728790283,0.5881766676902771,0.6966894865036011,0.5830103754997253,0.7056623697280884,0.6047112345695496,0.6680402159690857,0.6076610684394836,0.701339066028595,0.6016309261322021,0.7232730984687805,0.5969348549842834,0.7319934964179993,rock,01032,C:/Users/Javier/PIDS_HandPose/work/HAR_mediapipe/data/gestos_pids/train//rock/rock_01032.jpg
0.5478126406669617,0.48930323123931885,0.5024605989456177,0.5562760829925537,0.4394688010215759,0.5906038880348206,0.3967374563217163,0.5886569619178772,0.37366682291030884,0.5489766597747803,0.393417090177536,0.4616445302963257,0.3950102925300598,0.5420693755149841,0.4346427917480469,0.5716018676757812,0.45212921500205994,0.5610807538032532,0.412399023771286,0.4021943211555481,0.4268203377723694,0.5076008439064026,0.4661961793899536,0.5368779897689819,0.4766215980052948,0.5172556638717651,0.4429968595504761,0.36442187428474426,0.46216484904289246,0.4698340892791748,0.4925714135169983,0.5021734237670898,0.4975999891757965,0.4814779758453369,0.4772038757801056,0.34086331725120544,0.49381953477859497,0.42464742064476013,0.5132534503936768,0.4591633975505829,0.5161769986152649,0.44543612003326416,rock,01033,C:/Users/Javier/PIDS_HandPose/work/HAR_mediapipe/data/gestos_pids/train//rock/rock_01033.jpg
0.6240195035934448,0.49447014927864075,0.5626426339149475,0.5510901212692261,0.4907754063606262,0.5654367208480835,0.43712493777275085,0.551954448223114,0.4117763638496399,0.5092304944992065,0.4501798152923584,0.4853624105453491,0.41390764713287354,0.4679640531539917,0.4609547257423401,0.5068352222442627,0.4777944087982178,0.5112526416778564,0.46709030866622925,0.43183985352516174,0.43359073996543884,0.41522878408432007,0.4851527214050293,0.4694845974445343,0.4937816262245178,0.4712313413619995,0.4891440272331238,0.3810836970806122,0.462870329618454,0.3726363778114319,0.5082462430000305,0.43058690428733826,0.5146254301071167,0.4341045916080475,0.5151499509811401,0.3354582190513611,0.49326393008232117,0.3339594304561615,0.522528886795044,0.38474738597869873,0.5316540002822876,0.3927381634712219,rock,01034,C:/Users/Javier/PIDS_HandPose/work/HAR_mediapipe/data/gestos_pids/train//rock/rock_01034.jpg
0.6372711062431335,0.426903635263443,0.6024994850158691,0.33328840136528015,0.543644368648529,0.27910178899765015,0.49191814661026,0.26564821600914,0.4553227424621582,0.27061277627944946,0.5255991816520691,0.2750694155693054,0.46054506301879883,0.32611793279647827,0.4805120825767517,0.34109392762184143,0.5011894106864929,0.3289869725704193,0.5301369428634644,0.33688193559646606,0.469293475151062,0.3863471746444702,0.4898122549057007,0.3907085657119751,0.5084740519523621,0.37934088706970215,0.5364574790000916,0.40112245082855225,0.4854968786239624,0.4405885338783264,0.5050289034843445,0.43900787830352783,0.5229832530021667,0.42626968026161194,0.5435246229171753,0.4611580967903137,0.5059647560119629,0.4822787642478943,0.5232080221176147,0.48228204250335693,0.5391942858695984,0.4730594754219055,rock,01035,C:/Users/Javier/PIDS_HandPose/work/HAR_mediapipe/data/gestos_pids/train//rock/rock_01035.jpg
0.67100989818573,0.5037512183189392,0.6319596767425537,0.4092572033405304,0.5730034112930298,0.34698936343193054,0.5200625061988831,0.32284143567085266,0.48324114084243774,0.3191625773906708,0.5519811511039734,0.34175020456314087,0.4821602702140808,0.38088458776474,0.5013839602470398,0.4025663435459137,0.5242120623588562,0.39370158314704895,0.5575565099716187,0.40647152066230774,0.4910529851913452,0.4451952278614044,0.5117943286895752,0.4569483697414398,0.5328075289726257,0.44419458508491516,0.5636362433433533,0.471487820148468,0.5089398622512817,0.5031540393829346,0.5277774930000305,0.5096187591552734,0.5476582050323486,0.4961419999599457,0.570517361164093,0.5312882661819458,0.5280718803405762,0.541722297668457,0.5428393483161926,0.5462720394134521,0.5595795512199402,0.5393770337104797,rock,01036,C:/Users/Javier/PIDS_HandPose/work/HAR_mediapipe/data/gestos_pids/train//rock/rock_01036.jpg
0.6726078391075134,0.4308917820453644,0.6373478770256042,0.35081934928894043,0.5791924595832825,0.29856348037719727,0.5308184623718262,0.2821606993675232,0.49434205889701843,0.2843209505081177,0.565772533416748,0.28893810510635376,0.5029126405715942,0.3429844379425049,0.5194370746612549,0.3612152934074402,0.5390859246253967,0.34893929958343506,0.5718352198600769,0.3429149091243744,0.5108937621116638,0.39658012986183167,0.5306333899497986,0.40403199195861816,0.5492068529129028,0.3929569721221924,0.5787242650985718,0.40127065777778625,0.5260952711105347,0.4478033781051636,0.5464550256729126,0.4509904384613037,0.5648825764656067,0.4397504925727844,0.5866411924362183,0.4577710032463074,0.5466734170913696,0.484231173992157,0.5637938380241394,0.48796308040618896,0.5803207755088806,0.48046571016311646,rock,01037,C:/Users/Javier/PIDS_HandPose/work/HAR_mediapipe/data/gestos_pids/train//rock/rock_01037.jpg
0.6111441850662231,0.9261375665664673,0.5744746327400208,0.8475555181503296,0.5571242570877075,0.7689797282218933,0.5602616667747498,0.6889039278030396,0.5766865015029907,0.6459466814994812,0.5836638808250427,0.719635546207428,0.5949008464813232,0.6669702529907227,0.592164158821106,0.6972469091415405,0.5874596238136292,0.7283749580383301,0.6141782999038696,0.7290007472038269,0.6170667409896851,0.696166455745697,0.6127987504005432,0.7232896685600281,0.6096917390823364,0.7472017407417297,0.6422541737556458,0.7482799887657166,0.6372308731079102,0.7305336594581604,0.6338250637054443,0.7533965706825256,0.6308343410491943,0.7768030762672424,0.6658381819725037,0.7705296277999878,0.6594083905220032,0.758531391620636,0.6544076204299927,0.7809687852859497,0.6514685153961182,0.8018280863761902,rock,01038,C:/Users/Javier/PIDS_HandPose/work/HAR_mediapipe/data/gestos_pids/train//rock/rock_01038.jpg
0.883647620677948,0.6224672198295593,0.8365653157234192,0.5821373462677002,0.8058121204376221,0.5249407887458801,0.7876664996147156,0.47952350974082947,0.7746269702911377,0.4391280710697174,0.8439537882804871,0.4462559223175049,0.7887300848960876,0.4977884292602539,0.7930002808570862,0.547512412071228,0.8092723488807678,0.5518856644630432,0.8692404627799988,0.46889787912368774,0.8024046421051025,0.5368621945381165,0.8113073706626892,0.5758183002471924,0.8296734094619751,0.5722867250442505,0.8882815837860107,0.5089734196662903,0.8244474530220032,0.5756549835205078,0.8332368731498718,0.6070785522460938,0.8510104417800903,0.5988625884056091,0.9020218849182129,0.5538150668144226,0.8509936332702637,0.6089524030685425,0.8557241559028625,0.6294463276863098,0.8714627623558044,0.6216335296630859,rock,01039,C:/Users/Javier/PIDS_HandPose/work/HAR_mediapipe/data/gestos_pids/train//rock/rock_01039.jpg
0.6400271058082581,0.7916843891143799,0.5852696895599365,0.8326985239982605,0.5330881476402283,0.8464009761810303,0.4932861030101776,0.8609722852706909,0.4606694281101227,0.8716616034507751,0.5153524875640869,0.7176443338394165,0.5043298602104187,0.8505420684814453,0.5219022631645203,0.8718274235725403,0.5292075276374817,0.8448140025138855,0.5475555062294006,0.6900893449783325,0.5423705577850342,0.8509197235107422,0.5575379133224487,0.8559664487838745,0.5592077970504761,0.826690137386322,0.5847162008285522,0.687782883644104,0.5771669149398804,0.839730978012085,0.5926055908203125,0.8392543792724609,0.5988517999649048,0.8133452534675598,0.6204601526260376,0.7008541822433472,0.6111001968383789,0.8128473162651062,0.6185340881347656,0.8155902028083801,0.623522937297821,0.793647050857544,rock,01040,C:/Users/Javier/PIDS_HandPose/work/HAR_mediapipe/data/gestos_pids/train//rock/rock_01040.jpg
0.45910149812698364,0.7431081533432007,0.3986421227455139,0.7713955640792847,0.338008314371109,0.7603447437286377,0.2980383038520813,0.7407506108283997,0.2636244595050812,0.71596759557724,0.3200894296169281,0.6126390099525452,0.2999362349510193,0.7177045345306396,0.32616281509399414,0.7643258571624756,0.3430800139904022,0.7533022165298462,0.3516053855419159,0.5766423940658569,0.33570706844329834,0.7154601812362671,0.36436641216278076,0.761759340763092,0.37903058528900146,0.7392479181289673,0.38853272795677185,0.5693870186805725,0.37591442465782166,0.7061212658882141,0.3995082676410675,0.746646523475647,0.4100795388221741,0.7213109135627747,0.42549610137939453,0.5781123638153076,0.4144914150238037,0.685771107673645,0.42616045475006104,0.721126139163971,0.43267691135406494,0.700818657875061,rock,01041,C:/Users/Javier/PIDS_HandPose/work/HAR_mediapipe/data/gestos_pids/train//rock/rock_01041.jpg
0.5041449069976807,0.7305917143821716,0.45028528571128845,0.7523906230926514,0.3956497013568878,0.7361778616905212,0.36264920234680176,0.7193227410316467,0.3521798551082611,0.7032087445259094,0.3963871896266937,0.6030008792877197,0.38116398453712463,0.7109577059745789,0.40087446570396423,0.7579684257507324,0.4116828143596649,0.7450243830680847,0.43092405796051025,0.5814031362533569,0.4145689010620117,0.7154089212417603,0.43440914154052734,0.7627105712890625,0.4446442723274231,0.7376691699028015,0.4672256410121918,0.58641517162323,0.45202481746673584,0.7162008285522461,0.464910089969635,0.7553107142448425,0.47209447622299194,0.7306081652641296,0.5002468824386597,0.6036741137504578,0.4876302480697632,0.7028425931930542,0.49290722608566284,0.730960488319397,0.4976860284805298,0.7085304856300354,rock,01042,C:/Users/Javier/PIDS_HandPose/work/HAR_mediapipe/data/gestos_pids/train//rock/rock_01042.jpg
0.3119502365589142,0.7035555243492126,0.3628762364387512,0.6842840909957886,0.40042242407798767,0.6586427688598633,0.4250899851322174,0.6372871398925781,0.45642393827438354,0.6288205981254578,0.3705545663833618,0.5172998905181885,0.39537256956100464,0.6018810868263245,0.39762458205223083,0.6722657680511475,0.3914288878440857,0.6850100755691528,0.32101428508758545,0.5280367732048035,0.35374411940574646,0.6417525410652161,0.3630935251712799,0.7022328972816467,0.36202991008758545,0.6999409198760986,0.28148144483566284,0.5707365274429321,0.3177432417869568,0.6800466179847717,0.3349005877971649,0.7245729565620422,0.3355536162853241,0.7143983840942383,0.2526632249355316,0.6190772652626038,0.2846638560295105,0.7040679454803467,0.30178987979888916,0.731052815914154,0.30189234018325806,0.7186543345451355,rock,01043,C:/Users/Javier/PIDS_HandPose/work/HAR_mediapipe/data/gestos_pids/train//rock/rock_01043.jpg
0.25880661606788635,0.7342671155929565,0.3035641610622406,0.7415245771408081,0.35480186343193054,0.6775084733963013,0.3749716579914093,0.5983899831771851,0.3615323305130005,0.5513728857040405,0.3307424783706665,0.5742312073707581,0.34957143664360046,0.5181489586830139,0.3416445255279541,0.5949914455413818,0.3312228322029114,0.630378007888794,0.298019140958786,0.5675307512283325,0.32070866227149963,0.5348856449127197,0.3106917440891266,0.6287342309951782,0.30081477761268616,0.6435880661010742,0.26757749915122986,0.5708971619606018,0.29028499126434326,0.552327573299408,0.28232717514038086,0.6397148966789246,0.2738024592399597,0.6503593325614929,0.23554062843322754,0.5764934420585632,0.2588433623313904,0.5634497404098511,0.2575625479221344,0.6251835823059082,0.25088027119636536,0.6367906332015991,rock,01044,C:/Users/Javier/PIDS_HandPose/work/HAR_mediapipe/data/gestos_pids/train//rock/rock_01044.jpg
0.17826397716999054,0.8303563594818115,0.13954229652881622,0.7364893555641174,0.12902072072029114,0.6284973621368408,0.14225135743618011,0.5316731333732605,0.16601312160491943,0.48583754897117615,0.1258128583431244,0.6018288135528564,0.1716071218252182,0.5062912702560425,0.1736583560705185,0.5416188836097717,0.16433265805244446,0.5728901028633118,0.1635063886642456,0.6280373930931091,0.2023455649614334,0.5395361185073853,0.20193195343017578,0.5731886029243469,0.192743182182312,0.6032754182815552,0.2035776674747467,0.6523692011833191,0.2281876802444458,0.5771462917327881,0.2271074503660202,0.6052111387252808,0.2203817069530487,0.6333879232406616,0.24038061499595642,0.6717058420181274,0.24860689043998718,0.6047220230102539,0.24508896470069885,0.631445586681366,0.24214358627796173,0.6591374278068542,rock,01045,C:/Users/Javier/PIDS_HandPose/work/HAR_mediapipe/data/gestos_pids/train//rock/rock_01045.jpg
0.21748843789100647,0.6458443999290466,0.23659531772136688,0.5695348381996155,0.273020476102829,0.5394784212112427,0.3078954219818115,0.5472366809844971,0.32950517535209656,0.5703474879264832,0.29744017124176025,0.5022501945495605,0.34656205773353577,0.5421671867370605,0.33084774017333984,0.5659304857254028,0.312444269657135,0.5596815943717957,0.3027050793170929,0.5513982176780701,0.34212765097618103,0.5920165777206421,0.32361313700675964,0.6085238456726074,0.3065268099308014,0.599016547203064,0.3038754165172577,0.6072808504104614,0.33070480823516846,0.6395718455314636,0.3123537302017212,0.6527389883995056,0.29651209712028503,0.6468358039855957,0.3016572594642639,0.6606018543243408,0.3176259994506836,0.6811643838882446,0.29998868703842163,0.6890361309051514,0.2864952087402344,0.6859898567199707,rock,01046,C:/Users/Javier/PIDS_HandPose/work/HAR_mediapipe/data/gestos_pids/train//rock/rock_01046.jpg
0.2550048530101776,0.638299822807312,0.29656004905700684,0.6272261738777161,0.3294530212879181,0.5529484152793884,0.3343718349933624,0.4738199710845947,0.31916892528533936,0.4299192428588867,0.31168362498283386,0.49141833186149597,0.3110186755657196,0.43958747386932373,0.3089923858642578,0.49848151206970215,0.30783939361572266,0.5258114337921143,0.28324246406555176,0.49288880825042725,0.2846079468727112,0.4425639510154724,0.2885054349899292,0.5163935422897339,0.28807541728019714,0.538947582244873,0.2562829256057739,0.50160151720047,0.2596152424812317,0.4637860059738159,0.26489126682281494,0.5355692505836487,0.2640845775604248,0.5545148253440857,0.22880801558494568,0.5110672116279602,0.2369251698255539,0.48727673292160034,0.24140729010105133,0.5342013835906982,0.23926818370819092,0.5491849184036255,rock,01047,C:/Users/Javier/PIDS_HandPose/work/HAR_mediapipe/data/gestos_pids/train//rock/rock_01047.jpg
0.27632346749305725,0.7077216506004333,0.25035762786865234,0.6263788938522339,0.2493579089641571,0.5540050864219666,0.2681211531162262,0.49932584166526794,0.28483691811561584,0.47198933362960815,0.24669238924980164,0.5140636563301086,0.2801198959350586,0.4530756175518036,0.2846009135246277,0.4845501482486725,0.27782729268074036,0.5095582604408264,0.273909330368042,0.5281147360801697,0.30437320470809937,0.47935056686401367,0.3039504289627075,0.5101590752601624,0.29588696360588074,0.5304283499717712,0.3029826581478119,0.5482348203659058,0.32590538263320923,0.5049898028373718,0.3229633867740631,0.532643735408783,0.31517115235328674,0.5538583993911743,0.32938551902770996,0.5700258016586304,0.3415893316268921,0.5361030697822571,0.33684030175209045,0.5591848492622375,0.3308791220188141,0.5789073705673218,rock,01048,C:/Users/Javier/PIDS_HandPose/work/HAR_mediapipe/data/gestos_pids/train//rock/rock_01048.jpg
0.5881419777870178,0.5981161594390869,0.6174106001853943,0.5364207625389099,0.6296696662902832,0.45680469274520874,0.6287890672683716,0.38650649785995483,0.6090888977050781,0.3528193533420563,0.6115452647209167,0.42451730370521545,0.5896578431129456,0.3656575083732605,0.590671718120575,0.39310821890830994,0.5980077981948853,0.4182204008102417,0.5808203220367432,0.4399400055408478,0.5660768747329712,0.38872575759887695,0.5690234899520874,0.4117976427078247,0.5753500461578369,0.4327643811702728,0.5525952577590942,0.46086519956588745,0.5448209643363953,0.41565632820129395,0.5487664937973022,0.43520158529281616,0.5541922450065613,0.4563787579536438,0.5281100869178772,0.4833639860153198,0.5282154083251953,0.4449361562728882,0.5319011807441711,0.46241071820259094,0.535207211971283,0.4804161787033081,rock,01049,C:/Users/Javier/PIDS_HandPose/work/HAR_mediapipe/data/gestos_pids/train//rock/rock_01049.jpg
0.5874022245407104,0.5383867025375366,0.5547996163368225,0.5200009942054749,0.5288884043693542,0.47113364934921265,0.5178803205490112,0.4213510751724243,0.5183380246162415,0.38301777839660645,0.5407660007476807,0.4172484278678894,0.5378004312515259,0.37872448563575745,0.5415751338005066,0.4252316653728485,0.5424814820289612,0.4526574909687042,0.5620505213737488,0.414745956659317,0.5595811009407043,0.38240745663642883,0.5627360343933105,0.4417896866798401,0.5630919933319092,0.46091198921203613,0.5832012295722961,0.4165930449962616,0.5812303423881531,0.3868098855018616,0.5799949765205383,0.4443148970603943,0.5782174468040466,0.46325933933258057,0.6029742360115051,0.42376068234443665,0.5998925566673279,0.3979104161262512,0.5956940054893494,0.4386746883392334,0.5931037664413452,0.4551786184310913,rock,01050,C:/Users/Javier/PIDS_HandPose/work/HAR_mediapipe/data/gestos_pids/train//rock/rock_01050.jpg
0.5751317143440247,0.5907716751098633,0.5412061810493469,0.5590808391571045,0.5203719139099121,0.5004518628120422,0.5101834535598755,0.4538706839084625,0.5087442398071289,0.41554152965545654,0.5481494069099426,0.427916020154953,0.5247059464454651,0.4190651774406433,0.523005485534668,0.4700445532798767,0.5290091633796692,0.4910207986831665,0.5679827928543091,0.4296055734157562,0.5392838716506958,0.43619459867477417,0.5359018445014954,0.49262356758117676,0.5443430542945862,0.5026805400848389,0.5863759517669678,0.4452388882637024,0.5589278936386108,0.4503719210624695,0.5533727407455444,0.5008797645568848,0.5615037679672241,0.5082057118415833,0.6026596426963806,0.4690220355987549,0.5776074528694153,0.47622138261795044,0.5697880983352661,0.5088733434677124,0.5757878422737122,0.5141680240631104,rock,01051,C:/Users/Javier/PIDS_HandPose/work/HAR_mediapipe/data/gestos_pids/train//rock/rock_01051.jpg
0.5785045623779297,0.5964430570602417,0.5981245040893555,0.5434783697128296,0.5899235010147095,0.48169609904289246,0.5709360241889954,0.4381440281867981,0.559579074382782,0.41080567240715027,0.5671201944351196,0.4526696503162384,0.5457457304000854,0.43283259868621826,0.5477386713027954,0.4521391987800598,0.5563833713531494,0.46960869431495667,0.5455156564712524,0.4771844744682312,0.5330392718315125,0.46486473083496094,0.5387026071548462,0.47868436574935913,0.5485581755638123,0.4929314851760864,0.5312870740890503,0.5092242956161499,0.5266335606575012,0.4966355264186859,0.5329206585884094,0.5091959834098816,0.5405645370483398,0.5211299657821655,0.5221569538116455,0.5416823029518127,0.5221998691558838,0.5294029116630554,0.5268861651420593,0.5437468886375427,0.532709538936615,0.5549537539482117,rock,01052,C:/Users/Javier/PIDS_HandPose/work/HAR_mediapipe/data/gestos_pids/train//rock/rock_01052.jpg
0.5941116213798523,0.6350924968719482,0.5696520209312439,0.6482846140861511,0.5411469340324402,0.6389055848121643,0.5326420068740845,0.6151410937309265,0.5461651682853699,0.599868655204773,0.5402119755744934,0.5368701815605164,0.5593277812004089,0.5846714377403259,0.560359001159668,0.611778199672699,0.5543879270553589,0.6043152213096619,0.5599790811538696,0.5134212970733643,0.5813332200050354,0.5811693072319031,0.5794427990913391,0.6082103252410889,0.5722742080688477,0.5898942947387695,0.5818989872932434,0.5061653256416321,0.6007869243621826,0.571601390838623,0.5967544317245483,0.5915930867195129,0.5890002846717834,0.575718343257904,0.6031418442726135,0.5097424983978271,0.6146973967552185,0.5581701397895813,0.6117992401123047,0.5773631930351257,0.6047791242599487,0.5680049061775208,rock,01053,C:/Users/Javier/PIDS_HandPose/work/HAR_mediapipe/data/gestos_pids/train//rock/rock_01053.jpg
0.6006240844726562,0.6560802459716797,0.6148499846458435,0.6111299991607666,0.6203798651695251,0.5467173457145691,0.6131120920181274,0.4921327233314514,0.60398930311203,0.45794254541397095,0.6374046206474304,0.5230540037155151,0.6021992564201355,0.47444507479667664,0.5946648120880127,0.4980780780315399,0.6009905338287354,0.5143118500709534,0.6232579350471497,0.5339544415473938,0.5848889350891113,0.4858490824699402,0.5817784070968628,0.5121414661407471,0.588982880115509,0.5287020206451416,0.6046979427337646,0.5475178360939026,0.570214569568634,0.5073776245117188,0.5698280930519104,0.5328913331031799,0.5785814523696899,0.5474903583526611,0.5849781036376953,0.563391923904419,0.5595933794975281,0.5355019569396973,0.5607955455780029,0.5563572645187378,0.5689069628715515,0.5676985383033752,rock,01054,C:/Users/Javier/PIDS_HandPose/work/HAR_mediapipe/data/gestos_pids/train//rock/rock_01054.jpg
0.5761007070541382,0.6686469912528992,0.6033304929733276,0.6268918514251709,0.6184664964675903,0.5646251440048218,0.6167808175086975,0.5072430372238159,0.6031467914581299,0.47541192173957825,0.61330646276474,0.5405462384223938,0.5972872376441956,0.4919780194759369,0.5920879244804382,0.5128462910652161,0.5945165157318115,0.5335188508033752,0.5886580944061279,0.5419595241546631,0.5745304226875305,0.4984164834022522,0.5724496841430664,0.5190906524658203,0.5753668546676636,0.5392181873321533,0.5647812485694885,0.5496371984481812,0.5551929473876953,0.5119727849960327,0.5557742714881897,0.5321556925773621,0.5591278672218323,0.550721287727356,0.5432145595550537,0.5614486336708069,0.5415571331977844,0.5327508449554443,0.5417347550392151,0.5508028268814087,0.5433816909790039,0.5656635165214539,rock,01055,C:/Users/Javier/PIDS_HandPose/work/HAR_mediapipe/data/gestos_pids/train//rock/rock_01055.jpg
0.5736589431762695,0.6602700352668762,0.5333030819892883,0.6390842199325562,0.5006235241889954,0.6011830568313599,0.48578715324401855,0.5578102469444275,0.4867435097694397,0.5214560031890869,0.5281240940093994,0.529505729675293,0.5043371915817261,0.5185586214065552,0.5100312232971191,0.5666475892066956,0.5211505889892578,0.5772046446800232,0.5459550619125366,0.5213876962661743,0.5214301347732544,0.5164585709571838,0.5273942351341248,0.5730547904968262,0.5390487313270569,0.5741410255432129,0.5638967156410217,0.517720639705658,0.5405856370925903,0.511777400970459,0.5433251857757568,0.5674372315406799,0.5552983283996582,0.5718555450439453,0.5821220874786377,0.5215513706207275,0.5600323677062988,0.5166175365447998,0.5583810806274414,0.5568430423736572,0.5679112076759338,0.5648206472396851,rock,01056,C:/Users/Javier/PIDS_HandPose/work/HAR_mediapipe/data/gestos_pids/train//rock/rock_01056.jpg
0.5891731381416321,0.6618977189064026,0.561251699924469,0.6808689832687378,0.5376572012901306,0.6742977499961853,0.5283704996109009,0.6531218886375427,0.5254952907562256,0.625135064125061,0.5365278720855713,0.548108696937561,0.5527704358100891,0.5880101919174194,0.5640751719474792,0.6464595198631287,0.5661805868148804,0.663036048412323,0.5657802224159241,0.5135242938995361,0.5853258967399597,0.5808641314506531,0.5912248492240906,0.6446932554244995,0.5910137891769409,0.6509605050086975,0.594998300075531,0.5058513879776001,0.6131628155708313,0.5771088600158691,0.6122097373008728,0.631568193435669,0.607057511806488,0.6355802416801453,0.621311604976654,0.5135621428489685,0.6354456543922424,0.5676293969154358,0.6315633058547974,0.6089435815811157,0.6251876354217529,0.6142795085906982,rock,01057,C:/Users/Javier/PIDS_HandPose/work/HAR_mediapipe/data/gestos_pids/train//rock/rock_01057.jpg
0.5580754280090332,0.7033535242080688,0.5213639736175537,0.7578586935997009,0.47769802808761597,0.7758975028991699,0.47279128432273865,0.7547060251235962,0.4908970594406128,0.7296223044395447,0.4442683458328247,0.6003920435905457,0.5006483793258667,0.6503433585166931,0.5201424360275269,0.7070316076278687,0.5130666494369507,0.7128995656967163,0.4754601716995239,0.529455304145813,0.5407941341400146,0.609981119632721,0.5522153973579407,0.6742804646492004,0.5394825339317322,0.6672191619873047,0.5132470726966858,0.49130186438560486,0.5744324326515198,0.57002854347229,0.577769935131073,0.63130122423172,0.5615983009338379,0.6291947364807129,0.5524409413337708,0.47685307264328003,0.5933479070663452,0.5296226143836975,0.5946031808853149,0.5817822217941284,0.5788995027542114,0.5862794518470764,rock,01058,C:/Users/Javier/PIDS_HandPose/work/HAR_mediapipe/data/gestos_pids/train//rock/rock_01058.jpg
0.5390840768814087,0.5890514850616455,0.4780768156051636,0.6436653137207031,0.40664052963256836,0.6681344509124756,0.35042980313301086,0.6665335297584534,0.3166298270225525,0.6339249014854431,0.3646325170993805,0.5388862490653992,0.3307705223560333,0.5606622695922852,0.3817377984523773,0.6062673330307007,0.399352103471756,0.5978532433509827,0.38252419233322144,0.48340004682540894,0.35917016863822937,0.5143694281578064,0.41029974818229675,0.5690231323242188,0.4184266924858093,0.5554613471031189,0.40873587131500244,0.4348791837692261,0.3855586349964142,0.45764362812042236,0.43103837966918945,0.5209015607833862,0.43997710943222046,0.5102041363716125,0.44015175104141235,0.3932100832462311,0.4166918396949768,0.40392693877220154,0.442269504070282,0.4620649516582489,0.45228251814842224,0.4620898962020874,rock,01059,C:/Users/Javier/PIDS_HandPose/work/HAR_mediapipe/data/gestos_pids/train//rock/rock_01059.jpg
0.21275964379310608,0.6842254996299744,0.27401676774024963,0.7121945023536682,0.3148413300514221,0.7247810363769531,0.29303401708602905,0.758204460144043,0.24520310759544373,0.7854951024055481,0.2980774939060211,0.5623009204864502,0.28196483850479126,0.6263923048973083,0.2770596146583557,0.6758160591125488,0.2743924856185913,0.6686533689498901,0.24393215775489807,0.549675464630127,0.22290509939193726,0.6805078983306885,0.23372669517993927,0.7323470115661621,0.2431931346654892,0.7209412455558777,0.1988435983657837,0.5774779915809631,0.19204044342041016,0.7192327380180359,0.2119978815317154,0.7512425184249878,0.22559158504009247,0.7279196977615356,0.166921466588974,0.6191181540489197,0.173662468791008,0.7364439964294434,0.18992292881011963,0.7571916580200195,0.19948653876781464,0.7394376397132874,rock,01061,C:/Users/Javier/PIDS_HandPose/work/HAR_mediapipe/data/gestos_pids/train//rock/rock_01061.jpg
0.3036985695362091,0.6854070425033569,0.3705305755138397,0.657911479473114,0.4102727472782135,0.6213688254356384,0.39288651943206787,0.6544589996337891,0.3482753336429596,0.7161886096000671,0.3524910509586334,0.480166494846344,0.3656710684299469,0.5546362400054932,0.3730992376804352,0.6168762445449829,0.369428813457489,0.6285338997840881,0.3012737035751343,0.4999999403953552,0.3243770897388458,0.633590042591095,0.3452802002429962,0.6733977198600769,0.3494298458099365,0.6552098989486694,0.2650871276855469,0.5512405633926392,0.2985987365245819,0.6895377039909363,0.3215809166431427,0.7081853151321411,0.32828816771507263,0.6732077598571777,0.24454963207244873,0.6130765080451965,0.27941587567329407,0.7214957475662231,0.29906120896339417,0.7323861718177795,0.3025912344455719,0.7053520679473877,rock,01062,C:/Users/Javier/PIDS_HandPose/work/HAR_mediapipe/data/gestos_pids/train//rock/rock_01062.jpg
0.3089682161808014,0.7497103810310364,0.3119939863681793,0.6109958291053772,0.32158753275871277,0.5097078084945679,0.35022783279418945,0.4963919520378113,0.3686249256134033,0.5525971055030823,0.24221302568912506,0.5855532884597778,0.3037017285823822,0.5145261883735657,0.32776904106140137,0.5372247695922852,0.3222743272781372,0.5776289105415344,0.2513089179992676,0.6757742166519165,0.3294947147369385,0.594194769859314,0.33844929933547974,0.6118344664573669,0.31925517320632935,0.633467972278595,0.2800194025039673,0.744493842124939,0.35996225476264954,0.656806230545044,0.36100274324417114,0.6605366468429565,0.337283194065094,0.6750383973121643,0.3122825026512146,0.7915963530540466,0.3812541961669922,0.7103556394577026,0.3774697780609131,0.7067112326622009,0.3542269468307495,0.7197957634925842,rock,01063,C:/Users/Javier/PIDS_HandPose/work/HAR_mediapipe/data/gestos_pids/train//rock/rock_01063.jpg
0.3923334777355194,0.6413800716400146,0.3432493209838867,0.5497225522994995,0.332302987575531,0.4613715708255768,0.35239386558532715,0.40243276953697205,0.3802950978279114,0.3910583257675171,0.34706875681877136,0.4017869234085083,0.35540059208869934,0.31571608781814575,0.357862651348114,0.35216110944747925,0.3562399744987488,0.38980379700660706,0.386944442987442,0.406597763299942,0.39187106490135193,0.3383684456348419,0.3874407112598419,0.3745264410972595,0.3818637728691101,0.41147536039352417,0.4221053123474121,0.4211619794368744,0.4144529104232788,0.38744208216667175,0.409809410572052,0.4192543029785156,0.40634721517562866,0.45171573758125305,0.4496585428714752,0.44117143750190735,0.43616625666618347,0.41783180832862854,0.42858704924583435,0.4451732039451599,0.42454132437705994,0.4740704894065857,rock,01065,C:/Users/Javier/PIDS_HandPose/work/HAR_mediapipe/data/gestos_pids/train//rock/rock_01065.jpg
0.2808500826358795,0.6782322525978088,0.28517526388168335,0.6344334483146667,0.28452202677726746,0.5785133838653564,0.2756367325782776,0.5912301540374756,0.26963409781455994,0.6273909211158752,0.28586530685424805,0.4796901047229767,0.2731008231639862,0.4990445375442505,0.26379045844078064,0.5597676634788513,0.26493340730667114,0.5979558229446411,0.2941322326660156,0.5142152309417725,0.2752350866794586,0.5566735863685608,0.2643665075302124,0.615533709526062,0.26613494753837585,0.6360670924186707,0.2951643168926239,0.5663220882415771,0.2617654800415039,0.6296851634979248,0.24819132685661316,0.6691181659698486,0.2485354095697403,0.6636936664581299,0.2932513654232025,0.62105393409729,0.2606828808784485,0.6715885400772095,0.24490663409233093,0.6942591667175293,0.23877349495887756,0.6856785416603088,rock,01066,C:/Users/Javier/PIDS_HandPose/work/HAR_mediapipe/data/gestos_pids/train//rock/rock_01066.jpg
0.25617867708206177,0.7034862637519836,0.26601728796958923,0.661076545715332,0.2771284282207489,0.6367568373680115,0.2868212163448334,0.6963668465614319,0.29480209946632385,0.7441535592079163,0.28103792667388916,0.5312917232513428,0.29094523191452026,0.5975200533866882,0.28879863023757935,0.6715764999389648,0.28441840410232544,0.7122328281402588,0.2889106869697571,0.587207019329071,0.30522188544273376,0.6386170983314514,0.29377463459968567,0.6713516116142273,0.2829324007034302,0.6685972213745117,0.29213201999664307,0.6649085283279419,0.2961602509021759,0.741957426071167,0.27302974462509155,0.7640377283096313,0.2522955536842346,0.7395281195640564,0.2911009192466736,0.7351142764091492,0.2760081887245178,0.7970898747444153,0.25517916679382324,0.7997339367866516,0.24019372463226318,0.7696038484573364,rock,01067,C:/Users/Javier/PIDS_HandPose/work/HAR_mediapipe/data/gestos_pids/train//rock/rock_01067.jpg
0.19384771585464478,0.8154338002204895,0.20784249901771545,0.7462596893310547,0.18373289704322815,0.6892739534378052,0.13355112075805664,0.7478580474853516,0.09997732192277908,0.814739465713501,0.10178520530462265,0.5607818365097046,0.06344326585531235,0.6293419599533081,0.10708426684141159,0.6863044500350952,0.13153083622455597,0.6737039089202881,0.06942995637655258,0.6148265600204468,0.02128659188747406,0.6794213652610779,0.07085897028446198,0.7305112481117249,0.09027481079101562,0.7136223316192627,0.051756709814071655,0.6860520243644714,0.014260753989219666,0.7426713705062866,0.05968021601438522,0.7790960073471069,0.07961490750312805,0.7559179067611694,0.04234795272350311,0.7564907073974609,0.025148198008537292,0.8054928779602051,0.05715503171086311,0.8243288397789001,0.07430519163608551,0.8015876412391663,rock,01068,C:/Users/Javier/PIDS_HandPose/work/HAR_mediapipe/data/gestos_pids/train//rock/rock_01068.jpg
0.6039528250694275,0.6935151219367981,0.6580795645713806,0.6685847640037537,0.688946008682251,0.650918185710907,0.6985946297645569,0.6565454006195068,0.6929128766059875,0.6846132278442383,0.6763355135917664,0.49919649958610535,0.7309706807136536,0.5634356737136841,0.7228670716285706,0.624998927116394,0.7062490582466125,0.6368227601051331,0.64715176820755,0.5167120099067688,0.7154973149299622,0.5783351063728333,0.7056543231010437,0.6403942108154297,0.6844180226325989,0.6494574546813965,0.6240978240966797,0.5644772052764893,0.683342456817627,0.6117393970489502,0.6828640103340149,0.6674647927284241,0.665138840675354,0.6740679144859314,0.6063566207885742,0.6245114207267761,0.6539405584335327,0.6614871025085449,0.6603879332542419,0.692435622215271,0.6511759161949158,0.6912224292755127,rock,01070,C:/Users/Javier/PIDS_HandPose/work/HAR_mediapipe/data/gestos_pids/train//rock/rock_01070.jpg
0.3656397759914398,0.8065246343612671,0.43406397104263306,0.7672494649887085,0.4998583495616913,0.6604260206222534,0.5004798173904419,0.5506550073623657,0.438829243183136,0.5297247767448425,0.4865441918373108,0.5361928343772888,0.5173323154449463,0.4412440359592438,0.4930807054042816,0.5403090119361877,0.4790918827056885,0.5820281505584717,0.4448208510875702,0.5196948647499084,0.4747598171234131,0.4364112913608551,0.4554526209831238,0.5527864098548889,0.44318366050720215,0.5812662243843079,0.40247097611427307,0.5147690773010254,0.4262795150279999,0.44470152258872986,0.42009755969047546,0.554591715335846,0.40994518995285034,0.5915494561195374,0.360451877117157,0.5184030532836914,0.3945360481739044,0.45327216386795044,0.39437568187713623,0.5303087830543518,0.37987467646598816,0.5725152492523193,rock,02001,C:/Users/Javier/PIDS_HandPose/work/HAR_mediapipe/data/gestos_pids/train//rock/rock_02001.jpg
0.39856916666030884,0.6202126145362854,0.46152523159980774,0.5986438989639282,0.5159672498703003,0.5148838758468628,0.5087934732437134,0.4125775098800659,0.4540692865848541,0.3836519122123718,0.5094020962715149,0.41276809573173523,0.5408299565315247,0.33065012097358704,0.5136494040489197,0.41187745332717896,0.5000463128089905,0.44349780678749084,0.4730105698108673,0.3929280936717987,0.5007725954055786,0.3195297122001648,0.47640490531921387,0.4204796254634857,0.4675043821334839,0.4435504972934723,0.4363926649093628,0.3803987503051758,0.4577430486679077,0.31901124119758606,0.4440497159957886,0.4193318784236908,0.43508777022361755,0.44855985045433044,0.39789634943008423,0.3743666112422943,0.42722976207733154,0.3145623803138733,0.42485424876213074,0.38335925340652466,0.41336262226104736,0.41898953914642334,rock,02002,C:/Users/Javier/PIDS_HandPose/work/HAR_mediapipe/data/gestos_pids/train//rock/rock_02002.jpg
0.3519759774208069,0.6717474460601807,0.3993717133998871,0.6158213019371033,0.4316229522228241,0.4965221583843231,0.40706923604011536,0.41941916942596436,0.35692474246025085,0.43595507740974426,0.4043756127357483,0.4021194577217102,0.4194583594799042,0.31335175037384033,0.4158823788166046,0.40937358140945435,0.40878111124038696,0.44035065174102783,0.3664467930793762,0.4101773500442505,0.37981975078582764,0.3328244686126709,0.3815700113773346,0.44173771142959595,0.37415289878845215,0.4545649290084839,0.3295421302318573,0.4273965656757355,0.34049519896507263,0.36982420086860657,0.3519322872161865,0.4647083580493927,0.34730228781700134,0.4800363779067993,0.2944604754447937,0.44995659589767456,0.30860546231269836,0.3877274692058563,0.3240358233451843,0.44734087586402893,0.31959277391433716,0.47660908102989197,rock,02003,C:/Users/Javier/PIDS_HandPose/work/HAR_mediapipe/data/gestos_pids/train//rock/rock_02003.jpg
0.3409976363182068,0.7246570587158203,0.37425196170806885,0.6432852149009705,0.38171935081481934,0.5188170075416565,0.3459828495979309,0.4585312008857727,0.30459481477737427,0.5010080933570862,0.34448447823524475,0.4425969123840332,0.3387945592403412,0.3410004675388336,0.350055068731308,0.4249088764190674,0.35185080766677856,0.46791285276412964,0.3100179135799408,0.46837276220321655,0.3016539514064789,0.39101722836494446,0.3217005133628845,0.48241090774536133,0.3243216574192047,0.5077382326126099,0.2794261872768402,0.5043962597846985,0.27179425954818726,0.44577425718307495,0.299834668636322,0.517906904220581,0.3069736063480377,0.544403076171875,0.2531251311302185,0.5479356050491333,0.24737870693206787,0.48444119095802307,0.27268725633621216,0.5241827368736267,0.2820754647254944,0.558663010597229,rock,02004,C:/Users/Javier/PIDS_HandPose/work/HAR_mediapipe/data/gestos_pids/train//rock/rock_02004.jpg
0.26749101281166077,0.6435914039611816,0.26900070905685425,0.5585699677467346,0.2416064739227295,0.4842439889907837,0.19697751104831696,0.46396404504776,0.1626172512769699,0.46924418210983276,0.20234480500221252,0.4164467453956604,0.1555386483669281,0.35581204295158386,0.18131382763385773,0.41525164246559143,0.20233647525310516,0.442890465259552,0.17852644622325897,0.46788954734802246,0.13735155761241913,0.42071980237960815,0.17661072313785553,0.48523157835006714,0.19542565941810608,0.49663400650024414,0.1607370376586914,0.5203718543052673,0.12497318536043167,0.488535612821579,0.16473764181137085,0.5347942113876343,0.18434882164001465,0.5397638082504272,0.1482968032360077,0.5758889317512512,0.11664506793022156,0.5484940409660339,0.14675720036029816,0.571151614189148,0.16772831976413727,0.5800435543060303,rock,02005,C:/Users/Javier/PIDS_HandPose/work/HAR_mediapipe/data/gestos_pids/train//rock/rock_02005.jpg
0.26080629229545593,0.6592354774475098,0.25739219784736633,0.5752782225608826,0.22383464872837067,0.5054450035095215,0.17110620439052582,0.49887293577194214,0.13381841778755188,0.5229489803314209,0.17588874697685242,0.43828248977661133,0.12624773383140564,0.4000372588634491,0.15743887424468994,0.45094138383865356,0.17911671102046967,0.4681568443775177,0.15356993675231934,0.49725207686424255,0.10968571156263351,0.46681004762649536,0.15583516657352448,0.5201728940010071,0.17150536179542542,0.5210938453674316,0.13908904790878296,0.5583778619766235,0.10484573245048523,0.5409594774246216,0.14924770593643188,0.5737952589988708,0.16539256274700165,0.5706319212913513,0.13070952892303467,0.6223825216293335,0.10196232795715332,0.603675901889801,0.13025686144828796,0.6132341027259827,0.1459101140499115,0.6147915720939636,rock,02006,C:/Users/Javier/PIDS_HandPose/work/HAR_mediapipe/data/gestos_pids/train//rock/rock_02006.jpg
0.2289735972881317,0.6343857645988464,0.22710290551185608,0.5591496825218201,0.1893293410539627,0.4875302016735077,0.1324702799320221,0.4884622395038605,0.09343166649341583,0.5094907879829407,0.1351182907819748,0.42283016443252563,0.08515354245901108,0.3940649628639221,0.1199137270450592,0.43795353174209595,0.14437933266162872,0.44851547479629517,0.11582942306995392,0.4812396764755249,0.07480093836784363,0.461443692445755,0.12474201619625092,0.50766521692276,0.1412540078163147,0.5056749582290649,0.10335629433393478,0.5414454936981201,0.07122672349214554,0.531302273273468,0.11989230662584305,0.5642462372779846,0.13594335317611694,0.5576968789100647,0.0972481518983841,0.606792151927948,0.07042872905731201,0.591996431350708,0.10435491800308228,0.604454755783081,0.1206151694059372,0.6044887900352478,rock,02007,C:/Users/Javier/PIDS_HandPose/work/HAR_mediapipe/data/gestos_pids/train//rock/rock_02007.jpg
0.33268049359321594,0.6972304582595825,0.326405793428421,0.6048198342323303,0.285258024930954,0.5462673306465149,0.24157989025115967,0.5623070597648621,0.21492549777030945,0.6092270612716675,0.22660081088542938,0.5002162456512451,0.17604170739650726,0.476813942193985,0.20840713381767273,0.5143252611160278,0.23309092223644257,0.5274055004119873,0.21149316430091858,0.5639445781707764,0.16819548606872559,0.5557047724723816,0.21535132825374603,0.5910034775733948,0.23317794501781464,0.5846479535102844,0.20571911334991455,0.6311399340629578,0.17230692505836487,0.6322878003120422,0.2159711867570877,0.6485058069229126,0.2326790690422058,0.6365614533424377,0.20780877768993378,0.6956605911254883,0.18396595120429993,0.7022440433502197,0.2123795449733734,0.7035597562789917,0.22624602913856506,0.6922569274902344,rock,02008,C:/Users/Javier/PIDS_HandPose/work/HAR_mediapipe/data/gestos_pids/train//rock/rock_02008.jpg
0.31422358751296997,0.7497826814651489,0.31081005930900574,0.65416419506073,0.2756892740726471,0.5902997255325317,0.2380582094192505,0.635043740272522,0.22128914296627045,0.6934479475021362,0.16831716895103455,0.5961584448814392,0.15218982100486755,0.5940170288085938,0.20143966376781464,0.6095452904701233,0.22165343165397644,0.6148571372032166,0.16226980090141296,0.673825204372406,0.162404865026474,0.6783376932144165,0.21565179526805878,0.6835452914237976,0.21761800348758698,0.6725749969482422,0.17150026559829712,0.745653510093689,0.1850302368402481,0.7490767240524292,0.2297872006893158,0.7410300970077515,0.22601467370986938,0.7189054489135742,0.19068455696105957,0.8078036904335022,0.21400731801986694,0.8055624961853027,0.24687230587005615,0.7888996601104736,0.24438022077083588,0.771450400352478,rock,02009,C:/Users/Javier/PIDS_HandPose/work/HAR_mediapipe/data/gestos_pids/train//rock/rock_02009.jpg
0.28452348709106445,0.7536559700965881,0.29580599069595337,0.6213205456733704,0.28661563992500305,0.5347644686698914,0.27374327182769775,0.5727714896202087,0.2730918824672699,0.6589537262916565,0.152483269572258,0.5598912239074707,0.20753709971904755,0.5597568154335022,0.255424827337265,0.5846062302589417,0.2643622159957886,0.598905086517334,0.14580920338630676,0.653330385684967,0.21279525756835938,0.6410972476005554,0.25602608919143677,0.648368775844574,0.25418439507484436,0.6494247913360596,0.1622096598148346,0.7329826951026917,0.2305619865655899,0.7137312889099121,0.26464661955833435,0.7065184712409973,0.2546512186527252,0.6956215500831604,0.18782301247119904,0.7941401600837708,0.24836233258247375,0.7717909812927246,0.27461180090904236,0.7508450150489807,0.2677198052406311,0.7364864349365234,rock,02010,C:/Users/Javier/PIDS_HandPose/work/HAR_mediapipe/data/gestos_pids/train//rock/rock_02010.jpg
0.3259181082248688,0.7904576659202576,0.33029401302337646,0.6584678888320923,0.3353390395641327,0.5727600455284119,0.3535093665122986,0.5699056386947632,0.3627128005027771,0.6565396189689636,0.21041081845760345,0.6275548338890076,0.2866201102733612,0.5768904089927673,0.3238604664802551,0.5941802859306335,0.32001152634620667,0.6262360215187073,0.21713531017303467,0.7182193398475647,0.30767202377319336,0.6591713428497314,0.33030965924263,0.6664398908615112,0.31254667043685913,0.6850089430809021,0.24374482035636902,0.7881546020507812,0.33004432916641235,0.722598671913147,0.3404322564601898,0.7163684368133545,0.31727397441864014,0.727940022945404,0.2766724228858948,0.836948573589325,0.34356412291526794,0.773644208908081,0.3482915759086609,0.7571372985839844,0.3288860321044922,0.7681607007980347,rock,02011,C:/Users/Javier/PIDS_HandPose/work/HAR_mediapipe/data/gestos_pids/train//rock/rock_02011.jpg
0.3253905475139618,0.7920796871185303,0.3321150541305542,0.6505457758903503,0.3333965837955475,0.5586690902709961,0.3449742794036865,0.563044548034668,0.3504122495651245,0.6544985175132751,0.20595306158065796,0.6125975251197815,0.27198243141174316,0.5612824559211731,0.3146330714225769,0.5851355195045471,0.3160841166973114,0.6159146428108215,0.20883506536483765,0.6994735598564148,0.29117709398269653,0.6457498073577881,0.3186263144016266,0.6585224866867065,0.3033094108104706,0.6742371916770935,0.2324407696723938,0.7690567970275879,0.31479355692863464,0.7095105648040771,0.3305482268333435,0.7072103023529053,0.3099769949913025,0.7145362496376038,0.26340553164482117,0.8183943033218384,0.3299413025379181,0.7614225745201111,0.33814921975135803,0.7505855560302734,0.31910234689712524,0.7594541311264038,rock,02012,C:/Users/Javier/PIDS_HandPose/work/HAR_mediapipe/data/gestos_pids/train//rock/rock_02012.jpg
0.3290795683860779,0.7771589159965515,0.3347350060939789,0.6473748683929443,0.3370480537414551,0.5637363195419312,0.3515685796737671,0.5682794451713562,0.3608778119087219,0.6583961844444275,0.21115823090076447,0.6090541481971741,0.28457099199295044,0.570689857006073,0.32496291399002075,0.5910974740982056,0.32150697708129883,0.6148701906204224,0.21459034085273743,0.6989644765853882,0.3009916841983795,0.6538039445877075,0.3286324739456177,0.6657367944717407,0.3121042549610138,0.6775607466697693,0.23824159801006317,0.7702832221984863,0.32273373007774353,0.7167813181877136,0.3387739658355713,0.7139659523963928,0.317266047000885,0.7187144756317139,0.26955878734588623,0.8204692602157593,0.33539730310440063,0.7667293548583984,0.3448556959629059,0.7553300261497498,0.3274501860141754,0.7641067504882812,rock,02013,C:/Users/Javier/PIDS_HandPose/work/HAR_mediapipe/data/gestos_pids/train//rock/rock_02013.jpg
0.32424360513687134,0.772496223449707,0.33534008264541626,0.6452252268791199,0.3459886908531189,0.5637961030006409,0.366832971572876,0.5640527009963989,0.37265545129776,0.6488155722618103,0.2247803807258606,0.6048482060432434,0.30276355147361755,0.5628954768180847,0.3384324014186859,0.5790682435035706,0.33637261390686035,0.6076577305793762,0.22891271114349365,0.691944420337677,0.3226534128189087,0.6477917432785034,0.342118501663208,0.6548458933830261,0.3233304023742676,0.6650000214576721,0.25184905529022217,0.7625038027763367,0.34037965536117554,0.7109236121177673,0.34870481491088867,0.7051576375961304,0.3253505229949951,0.709990918636322,0.2813054621219635,0.8148959279060364,0.3505546748638153,0.763684093952179,0.3549650311470032,0.7476940155029297,0.33592766523361206,0.7542125582695007,rock,02014,C:/Users/Javier/PIDS_HandPose/work/HAR_mediapipe/data/gestos_pids/train//rock/rock_02014.jpg
0.33252453804016113,0.7954316735267639,0.3382367789745331,0.6596222519874573,0.34376221895217896,0.5740564465522766,0.36188608407974243,0.5731807947158813,0.36969128251075745,0.6623352766036987,0.21760337054729462,0.6215204000473022,0.28473541140556335,0.5694068074226379,0.32970571517944336,0.5890277028083801,0.334839791059494,0.6215453147888184,0.22202903032302856,0.7094879150390625,0.3076466917991638,0.6547844409942627,0.3372342884540558,0.6673307418823242,0.3225358724594116,0.6835182309150696,0.24719448387622833,0.7807114124298096,0.33068034052848816,0.7202639579772949,0.34804749488830566,0.7157139182090759,0.32797911763191223,0.7245466113090515,0.27900633215904236,0.8316947817802429,0.3441755771636963,0.7755638360977173,0.35378745198249817,0.7585734724998474,0.3368898630142212,0.7660393118858337,rock,02015,C:/Users/Javier/PIDS_HandPose/work/HAR_mediapipe/data/gestos_pids/train//rock/rock_02015.jpg
0.3272133469581604,0.785991907119751,0.3351573050022125,0.6591099500656128,0.344363272190094,0.5803536772727966,0.36626777052879333,0.5805741548538208,0.37621745467185974,0.656181812286377,0.2237434685230255,0.6270872354507446,0.3034707307815552,0.5873301029205322,0.34150686860084534,0.6007974147796631,0.3428115248680115,0.6234663128852844,0.22870999574661255,0.7158462405204773,0.32653844356536865,0.6677141189575195,0.3454132676124573,0.6748747825622559,0.32853084802627563,0.6890302300453186,0.25272050499916077,0.7886015176773071,0.34443944692611694,0.7317352294921875,0.3524048328399658,0.7239856719970703,0.3305965065956116,0.7280985713005066,0.28322935104370117,0.8418790102005005,0.3538471460342407,0.7885447144508362,0.3589489161968231,0.7668774724006653,0.34127920866012573,0.7674649953842163,rock,02016,C:/Users/Javier/PIDS_HandPose/work/HAR_mediapipe/data/gestos_pids/train//rock/rock_02016.jpg
0.41631758213043213,0.9278810024261475,0.38404732942581177,0.8226619958877563,0.39673349261283875,0.6942277550697327,0.4394901394844055,0.623663067817688,0.48121607303619385,0.6095866560935974,0.3782288432121277,0.7092755436897278,0.44619235396385193,0.5496927499771118,0.4460615813732147,0.6019822955131531,0.4322391450405121,0.6549317836761475,0.42056024074554443,0.7636847496032715,0.4873385429382324,0.5977603197097778,0.4783548414707184,0.6484526991844177,0.457686185836792,0.7007359266281128,0.46361851692199707,0.8048146367073059,0.5184818506240845,0.6544380784034729,0.504848301410675,0.6940448880195618,0.4856666922569275,0.7390691041946411,0.5031730532646179,0.833244800567627,0.5374869704246521,0.7038081288337708,0.5263617038726807,0.7249858975410461,0.5130470991134644,0.7667043209075928,rock,02017,C:/Users/Javier/PIDS_HandPose/work/HAR_mediapipe/data/gestos_pids/train//rock/rock_02017.jpg
0.4067525863647461,0.9061511754989624,0.3756216764450073,0.7948504090309143,0.38222798705101013,0.6678141951560974,0.4154368042945862,0.5848340392112732,0.4507477879524231,0.5565366744995117,0.3684331476688385,0.6599228382110596,0.4325692653656006,0.5144103169441223,0.4337160587310791,0.5649480223655701,0.42026835680007935,0.6094692945480347,0.40838152170181274,0.7077434062957764,0.4684179127216339,0.5642164945602417,0.4633716344833374,0.6140071153640747,0.4462226927280426,0.6557292938232422,0.45105642080307007,0.7481010556221008,0.4998129606246948,0.6123619675636292,0.49049344658851624,0.654373288154602,0.4746541678905487,0.6956014037132263,0.4903069734573364,0.7775341868400574,0.5224710702896118,0.655157744884491,0.513039767742157,0.6797231435775757,0.49999335408210754,0.7183509469032288,rock,02018,C:/Users/Javier/PIDS_HandPose/work/HAR_mediapipe/data/gestos_pids/train//rock/rock_02018.jpg
0.443541944026947,0.8798291683197021,0.4200310707092285,0.768145740032196,0.42739546298980713,0.6527729630470276,0.4570995271205902,0.5681458711624146,0.4861939251422882,0.5374667644500732,0.4303969442844391,0.6376051306724548,0.4761016070842743,0.5271661877632141,0.4721965193748474,0.5630573034286499,0.4627571702003479,0.6033479571342468,0.46688607335090637,0.6803621053695679,0.5069591403007507,0.5707148909568787,0.49793747067451477,0.6033591032028198,0.48771342635154724,0.6394620537757874,0.5047604441642761,0.7183308601379395,0.5322436690330505,0.6142412424087524,0.5220406651496887,0.6410577893257141,0.5133007764816284,0.6756659746170044,0.5398726463317871,0.7491839528083801,0.55705726146698,0.6494317650794983,0.546302318572998,0.6676099300384521,0.5394473075866699,0.7013909220695496,rock,02019,C:/Users/Javier/PIDS_HandPose/work/HAR_mediapipe/data/gestos_pids/train//rock/rock_02019.jpg
0.4525831937789917,0.8573513031005859,0.43237608671188354,0.7421586513519287,0.4439796507358551,0.6380560398101807,0.4777119755744934,0.5732195973396301,0.5076960921287537,0.5584756731987,0.45163148641586304,0.6153818368911743,0.4973480701446533,0.516987681388855,0.49271970987319946,0.5522814989089966,0.4822571873664856,0.5889062881469727,0.4860976040363312,0.6590907573699951,0.525563657283783,0.5633582472801208,0.5163351893424988,0.5961649417877197,0.503934919834137,0.6280034184455872,0.5203405022621155,0.7012599110603333,0.5464071035385132,0.6099908351898193,0.536933422088623,0.6384684443473816,0.5269825458526611,0.6702601909637451,0.551628828048706,0.7390540242195129,0.568980872631073,0.6473976373672485,0.5592967867851257,0.667879045009613,0.5511142611503601,0.7006842494010925,rock,02020,C:/Users/Javier/PIDS_HandPose/work/HAR_mediapipe/data/gestos_pids/train//rock/rock_02020.jpg
0.4634132981300354,0.8534992933273315,0.44502025842666626,0.7316567301750183,0.4553641676902771,0.6181219816207886,0.4809343218803406,0.5279107689857483,0.49018722772598267,0.471186101436615,0.4697393774986267,0.6026539206504822,0.5110272765159607,0.5127882361412048,0.5013831853866577,0.5482767224311829,0.4895486831665039,0.5814545154571533,0.5033872127532959,0.6459682583808899,0.5368474721908569,0.5586475729942322,0.5243139863014221,0.5905749797821045,0.512994110584259,0.6187819242477417,0.5357587933540344,0.6911327242851257,0.5576227307319641,0.6065272092819214,0.5452352166175842,0.6341866254806519,0.5354053974151611,0.6634016036987305,0.565418541431427,0.7344863414764404,0.5784911513328552,0.6468369364738464,0.5663973689079285,0.6674672365188599,0.5577002167701721,0.6976431608200073,rock,02021,C:/Users/Javier/PIDS_HandPose/work/HAR_mediapipe/data/gestos_pids/train//rock/rock_02021.jpg
0.4673722982406616,0.8580990433692932,0.4493502676486969,0.7347437143325806,0.46151894330978394,0.6416760683059692,0.4982011616230011,0.6000095009803772,0.5275366306304932,0.6097326278686523,0.4789436459541321,0.6087573766708374,0.5128068327903748,0.5115334391593933,0.5046524405479431,0.5436489582061768,0.49579739570617676,0.5836067199707031,0.5136807560920715,0.6495678424835205,0.5412290096282959,0.5572885870933533,0.5290193557739258,0.584446132183075,0.5180830955505371,0.6170990467071533,0.5452805161476135,0.6927430033683777,0.5616647601127625,0.6070743799209595,0.5500024557113647,0.6303078532218933,0.5407038331031799,0.6618986129760742,0.573127269744873,0.7344582080841064,0.5827293395996094,0.6480522155761719,0.5703085660934448,0.6641153693199158,0.5614526867866516,0.6948540210723877,rock,02022,C:/Users/Javier/PIDS_HandPose/work/HAR_mediapipe/data/gestos_pids/train//rock/rock_02022.jpg
0.46851646900177,0.8523030281066895,0.45175620913505554,0.7403751611709595,0.4687451422214508,0.6287893652915955,0.5099561810493469,0.562756359577179,0.5445433855056763,0.5553773641586304,0.46931445598602295,0.6089310646057129,0.5336772799491882,0.5052317380905151,0.5273860096931458,0.5447973012924194,0.5126108527183533,0.5824699401855469,0.5021803975105286,0.6634554862976074,0.5615432262420654,0.5605291128158569,0.5498868823051453,0.5992631316184998,0.5326881408691406,0.6320157647132874,0.5376304984092712,0.7142729163169861,0.5838188529014587,0.6128987073898315,0.5715613961219788,0.6475010514259338,0.5567932724952698,0.6827373504638672,0.5716632008552551,0.7571771740913391,0.6051889657974243,0.6573783159255981,0.5934092998504639,0.6814601421356201,0.5806952118873596,0.7183505296707153,rock,02023,C:/Users/Javier/PIDS_HandPose/work/HAR_mediapipe/data/gestos_pids/train//rock/rock_02023.jpg
0.24199670553207397,0.6780917644500732,0.22602519392967224,0.5970358848571777,0.18381939828395844,0.5387461185455322,0.14047998189926147,0.5629309415817261,0.11924044787883759,0.6090700626373291,0.1151643767952919,0.5374417901039124,0.06380375474691391,0.5037740468978882,0.09564852714538574,0.5210420489311218,0.12417903542518616,0.541393518447876,0.10860762745141983,0.6001477241516113,0.06534449011087418,0.579931378364563,0.11299882084131241,0.595372200012207,0.13723251223564148,0.6033884882926941,0.11081407964229584,0.6645054817199707,0.07766902446746826,0.6525969505310059,0.1220187246799469,0.6517088413238525,0.14344178140163422,0.6499377489089966,0.11949358135461807,0.7318717837333679,0.08887757360935211,0.7249412536621094,0.11873988062143326,0.7098485231399536,0.13995596766471863,0.6994233727455139,rock,02024,C:/Users/Javier/PIDS_HandPose/work/HAR_mediapipe/data/gestos_pids/train//rock/rock_02024.jpg
0.1877634972333908,0.7570836544036865,0.16217435896396637,0.6916770935058594,0.11428802460432053,0.6610780954360962,0.07394569367170334,0.6994439959526062,0.0500975027680397,0.7473463416099548,0.04679018631577492,0.6600524187088013,-0.0012547746300697327,0.6585282683372498,-0.02360668033361435,0.6610477566719055,-0.038517825305461884,0.6692022681236267,0.04796115681529045,0.7222254276275635,0.01144295185804367,0.736045777797699,0.052180495113134384,0.7356378436088562,0.07478004693984985,0.7255334854125977,0.05799904838204384,0.7808272242546082,0.032818835228681564,0.7948511838912964,0.07315661758184433,0.7808264493942261,0.09000912308692932,0.7663499116897583,0.07347259670495987,0.8373076915740967,0.04903620481491089,0.8425769209861755,0.07683596760034561,0.8258458375930786,0.09224098175764084,0.8120206594467163,rock,02025,C:/Users/Javier/PIDS_HandPose/work/HAR_mediapipe/data/gestos_pids/train//rock/rock_02025.jpg
0.38712605834007263,0.7882962226867676,0.3784305155277252,0.7101665139198303,0.3398527503013611,0.6726129055023193,0.3056742548942566,0.7201394438743591,0.29126906394958496,0.7756620049476624,0.26796606183052063,0.6853822469711304,0.23150230944156647,0.6989826560020447,0.2683092951774597,0.7080934643745422,0.28730785846710205,0.7009545564651489,0.26879483461380005,0.7478135228157043,0.23453055322170258,0.7617034912109375,0.2790250778198242,0.7598928213119507,0.2874373495578766,0.7439849376678467,0.2782248854637146,0.806928277015686,0.2638510763645172,0.8197132349014282,0.30343297123908997,0.8067125082015991,0.3065643608570099,0.7833955883979797,0.2946491539478302,0.8591763973236084,0.29134663939476013,0.8691596388816833,0.3188990652561188,0.850389838218689,0.3227923512458801,0.8313515782356262,rock,02026,C:/Users/Javier/PIDS_HandPose/work/HAR_mediapipe/data/gestos_pids/train//rock/rock_02026.jpg
0.39831817150115967,0.7618597745895386,0.39700981974601746,0.6643314957618713,0.36895447969436646,0.6111437082290649,0.33767062425613403,0.653684675693512,0.326595276594162,0.7108955979347229,0.28342944383621216,0.6349126100540161,0.26346316933631897,0.6432402729988098,0.30555641651153564,0.650488555431366,0.3252622187137604,0.6494277715682983,0.2823338806629181,0.7033316493034363,0.26809126138687134,0.7096123099327087,0.3165108561515808,0.7055373787879944,0.32853204011917114,0.6950191259384155,0.29336339235305786,0.7657221555709839,0.2937440574169159,0.7705462574958801,0.33431771397590637,0.756401538848877,0.34003934264183044,0.7396739721298218,0.31142184138298035,0.8195974230766296,0.3256336450576782,0.8163727521896362,0.353326678276062,0.7943097352981567,0.356667160987854,0.7760728597640991,rock,02027,C:/Users/Javier/PIDS_HandPose/work/HAR_mediapipe/data/gestos_pids/train//rock/rock_02027.jpg
0.3930025100708008,0.7638047337532043,0.3957206904888153,0.662632405757904,0.36988312005996704,0.6087351441383362,0.33944183588027954,0.6600318551063538,0.329070121049881,0.7237379550933838,0.28272897005081177,0.628523588180542,0.26673978567123413,0.6339006423950195,0.3106772303581238,0.6456669569015503,0.3305460810661316,0.6536331176757812,0.2772406339645386,0.6986483335494995,0.26711639761924744,0.696800947189331,0.31622377038002014,0.6992424130439758,0.32767245173454285,0.6959145069122314,0.28802189230918884,0.7610411643981934,0.29514244198799133,0.7617989778518677,0.3359617590904236,0.7530515193939209,0.3371657729148865,0.743126630783081,0.3063017427921295,0.8148110508918762,0.33017003536224365,0.8082743883132935,0.3563365340232849,0.7882940769195557,0.3537766933441162,0.7744431495666504,rock,02028,C:/Users/Javier/PIDS_HandPose/work/HAR_mediapipe/data/gestos_pids/train//rock/rock_02028.jpg
0.3944324851036072,0.7561272382736206,0.400368869304657,0.655474066734314,0.3917529582977295,0.5938307046890259,0.3837969899177551,0.623235285282135,0.3838115632534027,0.6773591637611389,0.28392428159713745,0.6095093488693237,0.3103684186935425,0.597655713558197,0.3572940230369568,0.608170211315155,0.3689662218093872,0.6198492050170898,0.2798353135585785,0.690016508102417,0.3245413601398468,0.6682925820350647,0.3674813508987427,0.668949544429779,0.36501070857048035,0.6695681810379028,0.29928329586982727,0.7564541101455688,0.3483857810497284,0.7318593859672546,0.37857386469841003,0.7166702747344971,0.3656517565250397,0.7095378041267395,0.3223240375518799,0.8059647083282471,0.37159281969070435,0.780073881149292,0.38999125361442566,0.7582004070281982,0.37641018629074097,0.7510570287704468,rock,02029,C:/Users/Javier/PIDS_HandPose/work/HAR_mediapipe/data/gestos_pids/train//rock/rock_02029.jpg
0.30831992626190186,0.7001430988311768,0.28718993067741394,0.6210699081420898,0.23969918489456177,0.5767251253128052,0.19174419343471527,0.6037973165512085,0.1662212610244751,0.6440473794937134,0.19019800424575806,0.5702719688415527,0.1377803385257721,0.5523651242256165,0.16252009570598602,0.5695194602012634,0.18744714558124542,0.5794054269790649,0.18575596809387207,0.6295927166938782,0.14043927192687988,0.6206092238426208,0.1798560917377472,0.6324986815452576,0.20139366388320923,0.6289189457893372,0.189870685338974,0.6885612607002258,0.1564582735300064,0.6842127442359924,0.1936643421649933,0.6841109991073608,0.21078449487686157,0.6758372187614441,0.20077158510684967,0.7474027872085571,0.1707402765750885,0.7423260807991028,0.1962542086839676,0.7320655584335327,0.2139613777399063,0.7211495041847229,rock,02030,C:/Users/Javier/PIDS_HandPose/work/HAR_mediapipe/data/gestos_pids/train//rock/rock_02030.jpg
0.30776941776275635,0.7159245610237122,0.28894859552383423,0.641506552696228,0.23568621277809143,0.5920830965042114,0.18658800423145294,0.6162303686141968,0.16493858397006989,0.6676132678985596,0.17916278541088104,0.5874047875404358,0.12804868817329407,0.5775913596153259,0.1597995162010193,0.5921662449836731,0.1824602484703064,0.5972278714179993,0.1749473661184311,0.6475154757499695,0.13421130180358887,0.6435480713844299,0.18333160877227783,0.6522970795631409,0.1961006224155426,0.6421749591827393,0.17936190962791443,0.7074089050292969,0.15135331451892853,0.7059778571128845,0.19830219447612762,0.7009332776069641,0.20929928123950958,0.6866089105606079,0.18979625403881073,0.7649950385093689,0.17028269171714783,0.760952353477478,0.20135855674743652,0.748558521270752,0.21222299337387085,0.7363427877426147,rock,02031,C:/Users/Javier/PIDS_HandPose/work/HAR_mediapipe/data/gestos_pids/train//rock/rock_02031.jpg
0.30547285079956055,0.8689265251159668,0.303215891122818,0.7801738977432251,0.2713066339492798,0.7290159463882446,0.23396767675876617,0.7407116293907166,0.21030589938163757,0.7702171206474304,0.20613454282283783,0.7224920392036438,0.16906458139419556,0.7293245792388916,0.18809427320957184,0.7367867827415466,0.2077844887971878,0.7335910797119141,0.19681157171726227,0.777846097946167,0.165728360414505,0.794909656047821,0.18665944039821625,0.7982932925224304,0.20392659306526184,0.7881662845611572,0.19857904314994812,0.8395682573318481,0.18015386164188385,0.857028067111969,0.2031751126050949,0.8537040948867798,0.2185448408126831,0.8340157866477966,0.2093164473772049,0.8999810218811035,0.1997956484556198,0.9144656658172607,0.2178090214729309,0.9044769406318665,0.22981159389019012,0.8865188956260681,rock,02033,C:/Users/Javier/PIDS_HandPose/work/HAR_mediapipe/data/gestos_pids/train//rock/rock_02033.jpg
0.5886304378509521,0.7462058067321777,0.5587077140808105,0.6332524418830872,0.49993962049484253,0.5871846079826355,0.44411370158195496,0.6015797257423401,0.41054999828338623,0.6382508873939514,0.4858035445213318,0.5891725420951843,0.4221116602420807,0.5922533869743347,0.43861329555511475,0.6081894040107727,0.4616733491420746,0.6149435639381409,0.4786926805973053,0.6656201481819153,0.4258176386356354,0.6600288152694702,0.44357556104660034,0.6640990972518921,0.464169979095459,0.6679447293281555,0.47598227858543396,0.7375462651252747,0.43013501167297363,0.7179912328720093,0.4465638995170593,0.7165389060974121,0.46521466970443726,0.7226268649101257,0.47732579708099365,0.8004401922225952,0.43753352761268616,0.7660554647445679,0.4510968029499054,0.7625835537910461,0.4662744700908661,0.7697171568870544,rock,02034,C:/Users/Javier/PIDS_HandPose/work/HAR_mediapipe/data/gestos_pids/train//rock/rock_02034.jpg
0.5371854305267334,0.7185673117637634,0.5094524621963501,0.6032962203025818,0.46594375371932983,0.5533425211906433,0.4275120496749878,0.5514551401138306,0.40156158804893494,0.5763392448425293,0.42235085368156433,0.562372624874115,0.3822230398654938,0.5677393674850464,0.40140801668167114,0.5843231678009033,0.4235393702983856,0.5891865491867065,0.4135185480117798,0.6351987719535828,0.3937948942184448,0.6419490575790405,0.41356557607650757,0.6486700177192688,0.4338696002960205,0.6476864814758301,0.4158051609992981,0.7027407884597778,0.40408262610435486,0.6979448795318604,0.42031025886535645,0.7005829811096191,0.43747928738594055,0.7024827599525452,0.4227026402950287,0.7591560482978821,0.41129642724990845,0.7431865930557251,0.42588552832603455,0.742587149143219,0.44149115681648254,0.7434022426605225,rock,02035,C:/Users/Javier/PIDS_HandPose/work/HAR_mediapipe/data/gestos_pids/train//rock/rock_02035.jpg
0.5074223279953003,0.734329342842102,0.490354061126709,0.6194114089012146,0.4546145796775818,0.551508367061615,0.414289653301239,0.5302283763885498,0.3949349522590637,0.551071047782898,0.3895088732242584,0.5847486853599548,0.37114617228507996,0.5697972774505615,0.3934430181980133,0.5764928460121155,0.4130606949329376,0.5833455920219421,0.3814796209335327,0.6543014049530029,0.3787563443183899,0.6380792260169983,0.4000369608402252,0.6354612112045288,0.4166799485683441,0.6389113068580627,0.39003145694732666,0.717918872833252,0.3902261257171631,0.6965442895889282,0.4080677032470703,0.6877628564834595,0.42357581853866577,0.6947206854820251,0.4032108783721924,0.7687781453132629,0.40208902955055237,0.7456429600715637,0.4159795343875885,0.7357796430587769,0.42823782563209534,0.738804280757904,rock,02036,C:/Users/Javier/PIDS_HandPose/work/HAR_mediapipe/data/gestos_pids/train//rock/rock_02036.jpg
0.528292179107666,0.7399010062217712,0.5080779790878296,0.6336119771003723,0.4707452654838562,0.5719871520996094,0.4312836825847626,0.5485320687294006,0.4074550271034241,0.5599937438964844,0.413970410823822,0.5971962213516235,0.3863297998905182,0.5814083814620972,0.40611159801483154,0.5891910195350647,0.4255600869655609,0.596428632736206,0.4042733907699585,0.6624505519866943,0.39585790038108826,0.6487411260604858,0.4150872230529785,0.6487438678741455,0.43173402547836304,0.6522478461265564,0.40903621912002563,0.7244707345962524,0.4055366516113281,0.7063696384429932,0.42223238945007324,0.7016594409942627,0.4383244514465332,0.7087359428405762,0.4186786413192749,0.7762002348899841,0.4142583906650543,0.7574036717414856,0.4281184673309326,0.7503079771995544,0.441549688577652,0.7544502019882202,rock,02037,C:/Users/Javier/PIDS_HandPose/work/HAR_mediapipe/data/gestos_pids/train//rock/rock_02037.jpg
0.6505640149116516,0.8959295749664307,0.634918749332428,0.8034896850585938,0.6416504383087158,0.6955857872962952,0.6687188744544983,0.6469119787216187,0.7085449695587158,0.6620408296585083,0.7510342001914978,0.6397274136543274,0.7151173949241638,0.5980914831161499,0.6809582710266113,0.6401654481887817,0.6828453540802002,0.66104656457901,0.7823883295059204,0.6950159072875977,0.7304484248161316,0.6709463596343994,0.6923217177391052,0.7293019890785217,0.7046321034431458,0.7545477151870728,0.7965827584266663,0.7623156309127808,0.7383396029472351,0.7467418313026428,0.7022643089294434,0.7889354825019836,0.7163070440292358,0.8036743402481079,0.8002063035964966,0.837820291519165,0.7548544406890869,0.8143300414085388,0.7242077589035034,0.8350090980529785,0.7320380210876465,0.8462344408035278,rock,02038,C:/Users/Javier/PIDS_HandPose/work/HAR_mediapipe/data/gestos_pids/train//rock/rock_02038.jpg
0.7837108373641968,0.8289669752120972,0.7807670831680298,0.7319337725639343,0.8124152421951294,0.6218902468681335,0.8620922565460205,0.5660077333450317,0.9077203869819641,0.595747172832489,0.8891301155090332,0.5845150351524353,0.9082872867584229,0.5358836650848389,0.8648620247840881,0.5819520950317383,0.860348641872406,0.6081423163414001,0.9087060689926147,0.6492311954498291,0.9228522181510925,0.6140769720077515,0.8617262244224548,0.6714751720428467,0.8680515885353088,0.685987651348114,0.9243791103363037,0.7240942120552063,0.9372847676277161,0.6934493184089661,0.8757146596908569,0.7325888276100159,0.8792490363121033,0.7436234951019287,0.9343491792678833,0.7994165420532227,0.9461039304733276,0.7679263949394226,0.89983069896698,0.7819742560386658,0.8947354555130005,0.7899811267852783,rock,02039,C:/Users/Javier/PIDS_HandPose/work/HAR_mediapipe/data/gestos_pids/train//rock/rock_02039.jpg
0.826141893863678,0.9132286310195923,0.7728320360183716,0.8246604204177856,0.7355446219444275,0.7018370628356934,0.7289822697639465,0.5954779386520386,0.7639793157577515,0.547587513923645,0.7658706307411194,0.5959020256996155,0.7428147792816162,0.5339959859848022,0.742876410484314,0.6318149566650391,0.7603354454040527,0.6507707238197327,0.8078400492668152,0.6079965829849243,0.7874205708503723,0.5494703650474548,0.7821943163871765,0.6748079657554626,0.8003608584403992,0.676751971244812,0.8504155874252319,0.6294216513633728,0.831116795539856,0.5820598602294922,0.8162694573402405,0.6964914798736572,0.8303786516189575,0.6967126131057739,0.8881010413169861,0.6572561264038086,0.8691844344139099,0.6199572086334229,0.8520210981369019,0.6951231360435486,0.8604938983917236,0.7074118852615356,rock,02040,C:/Users/Javier/PIDS_HandPose/work/HAR_mediapipe/data/gestos_pids/train//rock/rock_02040.jpg
0.9277834892272949,0.8045681715011597,0.8620333671569824,0.7483844757080078,0.8130010962486267,0.6266104578971863,0.8006126880645752,0.5119081139564514,0.8283999562263489,0.45500561594963074,0.8382020592689514,0.524169921875,0.8111483454704285,0.4567350745201111,0.8222593069076538,0.5396891832351685,0.8364458084106445,0.5560817718505859,0.8764948844909668,0.5221779346466064,0.8531786799430847,0.464862197637558,0.8606391549110413,0.5868775248527527,0.8749012351036072,0.5785104632377625,0.9175336956977844,0.5286267399787903,0.8949825763702393,0.47809135913848877,0.8934219479560852,0.590129017829895,0.9081346988677979,0.5901902318000793,0.9586448669433594,0.5398215651512146,0.9373866319656372,0.4956178069114685,0.9279361367225647,0.5712710022926331,0.9360474944114685,0.5830577611923218,rock,02041,C:/Users/Javier/PIDS_HandPose/work/HAR_mediapipe/data/gestos_pids/train//rock/rock_02041.jpg
0.8880652189254761,0.7876111268997192,0.826266884803772,0.7178208827972412,0.7802775502204895,0.5995044708251953,0.7660181522369385,0.4887659549713135,0.8009803295135498,0.43716564774513245,0.8086128830909729,0.49821245670318604,0.7812982797622681,0.44350799918174744,0.7908780574798584,0.5377103686332703,0.8106216192245483,0.5485055446624756,0.8486215472221375,0.4972590208053589,0.8228602409362793,0.44299036264419556,0.8290018439292908,0.5657099485397339,0.8477535247802734,0.5577859878540039,0.8880409598350525,0.504623532295227,0.8651872873306274,0.4578574597835541,0.8598096966743469,0.5708215236663818,0.8748468160629272,0.5688658356666565,0.9238478541374207,0.5168298482894897,0.9034113883972168,0.47678840160369873,0.8918101787567139,0.5495708584785461,0.9002205729484558,0.5605979561805725,rock,02042,C:/Users/Javier/PIDS_HandPose/work/HAR_mediapipe/data/gestos_pids/train//rock/rock_02042.jpg
0.8478360176086426,0.7635356187820435,0.7832983136177063,0.6925945281982422,0.7378851175308228,0.5800898671150208,0.7255529165267944,0.4770021140575409,0.7576704025268555,0.420489102602005,0.7683151960372925,0.4711316227912903,0.7335796356201172,0.42410334944725037,0.7432383298873901,0.5164678692817688,0.7642914652824402,0.5256824493408203,0.8068036437034607,0.4724224805831909,0.7723262310028076,0.4271484911441803,0.781691312789917,0.5457319617271423,0.804456353187561,0.5383398532867432,0.8458904027938843,0.48034510016441345,0.8159014582633972,0.44227516651153564,0.8133333325386047,0.5552897453308105,0.8320196866989136,0.5500368475914001,0.882181704044342,0.4936757981777191,0.8587119579315186,0.46052995324134827,0.8470563888549805,0.5363764762878418,0.8569139838218689,0.546177089214325,rock,02043,C:/Users/Javier/PIDS_HandPose/work/HAR_mediapipe/data/gestos_pids/train//rock/rock_02043.jpg
0.8001480102539062,0.754006028175354,0.7417132258415222,0.687484622001648,0.6954895257949829,0.5767949819564819,0.6792446374893188,0.4727817475795746,0.7073847651481628,0.41646212339401245,0.7207967042922974,0.46652135252952576,0.687735915184021,0.41225504875183105,0.6995142698287964,0.5024384260177612,0.7204533815383911,0.522835910320282,0.7581918239593506,0.46462297439575195,0.726511538028717,0.4125514030456543,0.7356649041175842,0.5324985980987549,0.7547256350517273,0.5339869260787964,0.7961091995239258,0.4716954529285431,0.7671610116958618,0.43067383766174316,0.7671522498130798,0.5451779365539551,0.7834455370903015,0.5503264665603638,0.8319282531738281,0.48918649554252625,0.806316614151001,0.44925829768180847,0.7976354360580444,0.525169849395752,0.8058724999427795,0.5409029722213745,rock,02044,C:/Users/Javier/PIDS_HandPose/work/HAR_mediapipe/data/gestos_pids/train//rock/rock_02044.jpg
0.7818760275840759,0.732294499874115,0.7236095666885376,0.6716094017028809,0.6773640513420105,0.5686911344528198,0.6598740816116333,0.4680732488632202,0.6883014440536499,0.4104840159416199,0.7062914967536926,0.45699071884155273,0.6741001009941101,0.4052109718322754,0.6846107244491577,0.4971311092376709,0.7051778435707092,0.5125762224197388,0.7419648170471191,0.456521213054657,0.7094947695732117,0.40781068801879883,0.7181969285011292,0.5252963304519653,0.7373291254043579,0.5225419998168945,0.7786770462989807,0.4625539779663086,0.7480434775352478,0.4239141047000885,0.7490181922912598,0.5357129573822021,0.7664907574653625,0.5390505194664001,0.8131914138793945,0.4777776002883911,0.7862748503684998,0.4393913447856903,0.77898108959198,0.5147576928138733,0.7891010046005249,0.5313116908073425,rock,02045,C:/Users/Javier/PIDS_HandPose/work/HAR_mediapipe/data/gestos_pids/train//rock/rock_02045.jpg
0.7529597878456116,0.7216110229492188,0.694885790348053,0.6578754782676697,0.6471658945083618,0.5602351427078247,0.6319711804389954,0.46661752462387085,0.660026490688324,0.4085768461227417,0.6724523901939392,0.44927260279655457,0.6442358493804932,0.3982509970664978,0.6511330604553223,0.4872432351112366,0.6674840450286865,0.5058256387710571,0.7080194354057312,0.4494795501232147,0.6782743334770203,0.40673306584358215,0.6883297562599182,0.5187332630157471,0.7057206630706787,0.5236530900001526,0.7460957765579224,0.45617762207984924,0.7162535786628723,0.42374297976493835,0.7195701599121094,0.5334550142288208,0.7346046566963196,0.5407409071922302,0.7826855778694153,0.4732527732849121,0.7546393871307373,0.4400693476200104,0.7486260533332825,0.5162729620933533,0.7582783699035645,0.5329302549362183,rock,02046,C:/Users/Javier/PIDS_HandPose/work/HAR_mediapipe/data/gestos_pids/train//rock/rock_02046.jpg
0.7648667097091675,0.8048970699310303,0.6830301880836487,0.7213790416717529,0.6127493381500244,0.5927139520645142,0.5813305377960205,0.4668121933937073,0.6151837110519409,0.37802010774612427,0.6568963527679443,0.4360915720462799,0.6133822798728943,0.37870922684669495,0.6272757649421692,0.507256269454956,0.6556403040885925,0.5224875211715698,0.7008082270622253,0.43612149357795715,0.6544061899185181,0.38783320784568787,0.6700975298881531,0.5365976095199585,0.6978554725646973,0.5296450257301331,0.7470864653587341,0.44168123602867126,0.7037115693092346,0.40111953020095825,0.709062933921814,0.5439579486846924,0.7338089942932129,0.5416706800460815,0.7921903729438782,0.45942598581314087,0.754870593547821,0.4152005612850189,0.7469486594200134,0.5135472416877747,0.7630528807640076,0.529818594455719,rock,02047,C:/Users/Javier/PIDS_HandPose/work/HAR_mediapipe/data/gestos_pids/train//rock/rock_02047.jpg
0.8031962513923645,0.8657820224761963,0.6998974680900574,0.768299400806427,0.6113458871841431,0.619290292263031,0.5680407285690308,0.47983670234680176,0.6042336821556091,0.3808893859386444,0.6567453145980835,0.40526098012924194,0.5913617610931396,0.3442521095275879,0.6161578893661499,0.4949309527873993,0.6534444093704224,0.5049513578414917,0.709818959236145,0.39400336146354675,0.6410732865333557,0.34187328815460205,0.6671204566955566,0.524512767791748,0.7021733522415161,0.5115259885787964,0.7679118514060974,0.3949244022369385,0.7049140930175781,0.35361576080322266,0.7174285650253296,0.5351513624191284,0.7493072748184204,0.5298642516136169,0.8251286149024963,0.41286978125572205,0.7729938626289368,0.36912691593170166,0.7645735740661621,0.4942368268966675,0.7838461995124817,0.5105742812156677,rock,02048,C:/Users/Javier/PIDS_HandPose/work/HAR_mediapipe/data/gestos_pids/train//rock/rock_02048.jpg
0.8687295913696289,0.82914799451828,0.7691138982772827,0.7529371976852417,0.6751973628997803,0.5766274929046631,0.630964994430542,0.41096508502960205,0.6659919023513794,0.28540149331092834,0.6874357461929321,0.3821257948875427,0.6369965076446533,0.2944665849208832,0.6638734340667725,0.4472619593143463,0.6904535293579102,0.4556882977485657,0.7529618740081787,0.3649127781391144,0.7036700248718262,0.2823714017868042,0.7333123087882996,0.48638564348220825,0.7547664642333984,0.4691373407840729,0.8222875595092773,0.35414278507232666,0.7733660936355591,0.28140589594841003,0.7880511283874512,0.48558658361434937,0.8066604733467102,0.48289597034454346,0.8890272378921509,0.3532918393611908,0.8470149040222168,0.28484198451042175,0.8432007431983948,0.42832595109939575,0.855040431022644,0.4512045681476593,rock,02049,C:/Users/Javier/PIDS_HandPose/work/HAR_mediapipe/data/gestos_pids/train//rock/rock_02049.jpg
0.8759697675704956,0.8698856234550476,0.7753429412841797,0.7949222326278687,0.676581859588623,0.6042198538780212,0.6277668476104736,0.4347843825817108,0.6741712689399719,0.309553861618042,0.6960680484771729,0.40297383069992065,0.6535853743553162,0.3193891942501068,0.6817691922187805,0.48686444759368896,0.7080934643745422,0.48850929737091064,0.7632967829704285,0.38310688734054565,0.7203904390335083,0.30414098501205444,0.7492077946662903,0.5186418890953064,0.7688038349151611,0.49447593092918396,0.8329796195030212,0.3787825405597687,0.7905983328819275,0.30246201157569885,0.8022018074989319,0.514228105545044,0.819510817527771,0.5081543922424316,0.9006127119064331,0.38490092754364014,0.8604668974876404,0.3211802542209625,0.854316234588623,0.46775633096694946,0.8655687570571899,0.48362070322036743,rock,02050,C:/Users/Javier/PIDS_HandPose/work/HAR_mediapipe/data/gestos_pids/train//rock/rock_02050.jpg
0.8513640761375427,0.8855850696563721,0.7460768222808838,0.7918221950531006,0.6472265124320984,0.6079942584037781,0.5954358577728271,0.441813588142395,0.6429400444030762,0.32450270652770996,0.6753321290016174,0.4011511504650116,0.6151063442230225,0.32871925830841064,0.6449353694915771,0.4788053035736084,0.6806316375732422,0.4768732190132141,0.7379189729690552,0.38580697774887085,0.6827878952026367,0.3146178126335144,0.7121486663818359,0.518970251083374,0.7387221455574036,0.4878672957420349,0.8056491613388062,0.3842933773994446,0.755694568157196,0.31485411524772644,0.7682747840881348,0.5126638412475586,0.7920209169387817,0.5006886124610901,0.8708996772766113,0.3974079191684723,0.83003830909729,0.32820191979408264,0.8210999369621277,0.4641941785812378,0.8324853777885437,0.4842246174812317,rock,02051,C:/Users/Javier/PIDS_HandPose/work/HAR_mediapipe/data/gestos_pids/train//rock/rock_02051.jpg
0.6383203268051147,0.8525255918502808,0.5389344692230225,0.7879224419593811,0.4432975649833679,0.6681148409843445,0.3954762816429138,0.53505939245224,0.4234704375267029,0.41918033361434937,0.47316649556159973,0.4550226926803589,0.39946913719177246,0.3513372540473938,0.40756887197494507,0.48118239641189575,0.43517136573791504,0.5293071269989014,0.518741250038147,0.4382975697517395,0.45487791299819946,0.38941240310668945,0.48508375883102417,0.5770513415336609,0.5218932032585144,0.563504695892334,0.5723040103912354,0.42973729968070984,0.5065505504608154,0.4136365056037903,0.5312814712524414,0.586906909942627,0.5690613985061646,0.5794244408607483,0.6277007460594177,0.43755096197128296,0.5623817443847656,0.4168800711631775,0.5677741765975952,0.533216655254364,0.5966576337814331,0.5463683009147644,rock,02052,C:/Users/Javier/PIDS_HandPose/work/HAR_mediapipe/data/gestos_pids/train//rock/rock_02052.jpg
0.5487613081932068,0.9304605722427368,0.4505844712257385,0.8813223838806152,0.36212682723999023,0.7750979661941528,0.3137816786766052,0.6707240343093872,0.3377622961997986,0.5685127973556519,0.3990486264228821,0.5737061500549316,0.33407503366470337,0.5474107265472412,0.3568613529205322,0.6799249053001404,0.3905388116836548,0.6777636408805847,0.44295376539230347,0.5582683086395264,0.371623158454895,0.531339168548584,0.40169864892959595,0.6905471086502075,0.4378599524497986,0.6700587272644043,0.489859938621521,0.5495493412017822,0.41425982117652893,0.5404346585273743,0.4394499659538269,0.6954652667045593,0.47743290662765503,0.6759922504425049,0.5365090370178223,0.5541415214538574,0.4598047733306885,0.5498074293136597,0.4679812788963318,0.6559260487556458,0.49965280294418335,0.6563414931297302,rock,02053,C:/Users/Javier/PIDS_HandPose/work/HAR_mediapipe/data/gestos_pids/train//rock/rock_02053.jpg
0.500827968120575,0.8521078824996948,0.39379122853279114,0.7875607013702393,0.30315864086151123,0.6827940344810486,0.2474808245897293,0.5803189277648926,0.26760563254356384,0.47052738070487976,0.34020885825157166,0.480528861284256,0.2652822732925415,0.43273672461509705,0.2911209464073181,0.5647165179252625,0.33011895418167114,0.5738358497619629,0.3828580379486084,0.4628821611404419,0.30465418100357056,0.4235161542892456,0.3418460488319397,0.5826970934867859,0.3841584324836731,0.5707904100418091,0.43003591895103455,0.44877660274505615,0.34826159477233887,0.42319875955581665,0.38087061047554016,0.5822606682777405,0.42626431584358215,0.5772750377655029,0.4770122170448303,0.45009711384773254,0.39398449659347534,0.4210571050643921,0.40478286147117615,0.5342456698417664,0.4411619007587433,0.552690863609314,rock,02054,C:/Users/Javier/PIDS_HandPose/work/HAR_mediapipe/data/gestos_pids/train//rock/rock_02054.jpg
0.4706297516822815,0.8069921135902405,0.36257290840148926,0.7458946704864502,0.26306623220443726,0.6323234438896179,0.20842507481575012,0.5090596675872803,0.2303999811410904,0.38655203580856323,0.3154073655605316,0.42618948221206665,0.23069047927856445,0.36864614486694336,0.25818467140197754,0.5042092800140381,0.302171915769577,0.5176444053649902,0.3565083146095276,0.4084010124206543,0.2696199119091034,0.36062195897102356,0.30804529786109924,0.5300594568252563,0.3547619879245758,0.5212126970291138,0.4007861912250519,0.3893164396286011,0.31148838996887207,0.35887715220451355,0.3445788323879242,0.5274387001991272,0.39442649483680725,0.5239886045455933,0.448172390460968,0.3833382725715637,0.3616863191127777,0.3538058400154114,0.3725048899650574,0.47072282433509827,0.41162237524986267,0.48929738998413086,rock,02055,C:/Users/Javier/PIDS_HandPose/work/HAR_mediapipe/data/gestos_pids/train//rock/rock_02055.jpg
0.39738893508911133,0.7961137294769287,0.289226233959198,0.7439252734184265,0.18766704201698303,0.6374057531356812,0.1300816535949707,0.5201727151870728,0.14674153923988342,0.39387139678001404,0.23122045397758484,0.43610286712646484,0.1505800485610962,0.3719457983970642,0.17794489860534668,0.5109894275665283,0.21736887097358704,0.52387934923172,0.2731737792491913,0.4160468876361847,0.1897345334291458,0.3594687581062317,0.22950312495231628,0.5322783589363098,0.2761181592941284,0.5255341529846191,0.31844884157180786,0.3943015933036804,0.23200266063213348,0.35799938440322876,0.26804453134536743,0.5269026756286621,0.31934648752212524,0.5236444473266602,0.36726143956184387,0.38173341751098633,0.280396044254303,0.3433819115161896,0.29055511951446533,0.46237456798553467,0.32987168431282043,0.4855601191520691,rock,02056,C:/Users/Javier/PIDS_HandPose/work/HAR_mediapipe/data/gestos_pids/train//rock/rock_02056.jpg
0.4280005991458893,0.7525562047958374,0.33004024624824524,0.6692397594451904,0.24238000810146332,0.5260983109474182,0.2097434252500534,0.3807659149169922,0.24966131150722504,0.2617400288581848,0.3062177896499634,0.2675064504146576,0.23827210068702698,0.2286432534456253,0.24695470929145813,0.38216710090637207,0.28243035078048706,0.410239577293396,0.37398630380630493,0.26877790689468384,0.3052899241447449,0.2401745617389679,0.30990439653396606,0.4465339779853821,0.34684640169143677,0.45080476999282837,0.4413779079914093,0.2967793345451355,0.36979150772094727,0.2860836982727051,0.36557140946388245,0.48632168769836426,0.4016048312187195,0.49290764331817627,0.5055696964263916,0.34909000992774963,0.4385402202606201,0.33362022042274475,0.420584499835968,0.4676719903945923,0.44411489367485046,0.4850422739982605,rock,02057,C:/Users/Javier/PIDS_HandPose/work/HAR_mediapipe/data/gestos_pids/train//rock/rock_02057.jpg
0.4345615804195404,0.8677550554275513,0.31585371494293213,0.7792439460754395,0.21096129715442657,0.6322900652885437,0.1704282909631729,0.49714553356170654,0.23070640861988068,0.40048763155937195,0.2733294665813446,0.3194315731525421,0.19069384038448334,0.31140875816345215,0.2053070366382599,0.49312928318977356,0.24918434023857117,0.5178576707839966,0.35400211811065674,0.3060722053050995,0.26759201288223267,0.3336280882358551,0.28283607959747314,0.5453870892524719,0.32690152525901794,0.5444128513336182,0.43010085821151733,0.3362225592136383,0.34449928998947144,0.3806920051574707,0.34429943561553955,0.5827593803405762,0.3826075792312622,0.5749779939651489,0.49885088205337524,0.39550119638442993,0.4165351390838623,0.4383634328842163,0.40498730540275574,0.5763082504272461,0.43593716621398926,0.5751023292541504,rock,02058,C:/Users/Javier/PIDS_HandPose/work/HAR_mediapipe/data/gestos_pids/train//rock/rock_02058.jpg
0.41010043025016785,0.8058355450630188,0.30857130885124207,0.7088539600372314,0.23029708862304688,0.5779672861099243,0.19661101698875427,0.4589759111404419,0.22673332691192627,0.35769781470298767,0.2990283668041229,0.3318501114845276,0.23437680304050446,0.31325647234916687,0.2426629215478897,0.4695862829685211,0.2773538827896118,0.4987737834453583,0.3621921241283417,0.33307111263275146,0.28777581453323364,0.32651737332344055,0.294355571269989,0.5103756785392761,0.33047953248023987,0.5223277807235718,0.4224655330181122,0.36113888025283813,0.3444633483886719,0.36398282647132874,0.34476059675216675,0.5408886075019836,0.38040176033973694,0.5501400828361511,0.4778028726577759,0.41037702560424805,0.40140533447265625,0.4118068814277649,0.3925101161003113,0.5309767723083496,0.4211929440498352,0.5447238087654114,rock,02059,C:/Users/Javier/PIDS_HandPose/work/HAR_mediapipe/data/gestos_pids/train//rock/rock_02059.jpg
0.43948090076446533,0.6458932161331177,0.38610097765922546,0.5837883353233337,0.3422720432281494,0.49696943163871765,0.3229040503501892,0.41735920310020447,0.34031397104263306,0.3488476276397705,0.37617504596710205,0.35784420371055603,0.33375415205955505,0.33050405979156494,0.34037500619888306,0.414079874753952,0.3615010380744934,0.4284942150115967,0.4085295796394348,0.35663679242134094,0.3641708791255951,0.3375147581100464,0.36696913838386536,0.44580328464508057,0.3886421024799347,0.44761714339256287,0.44129693508148193,0.3699597716331482,0.3978006839752197,0.3593624234199524,0.39527180790901184,0.46501827239990234,0.41647636890411377,0.4728570878505707,0.473097026348114,0.3975958526134491,0.4357285499572754,0.380944162607193,0.4252834618091583,0.4496801197528839,0.4394439160823822,0.4643872380256653,rock,02060,C:/Users/Javier/PIDS_HandPose/work/HAR_mediapipe/data/gestos_pids/train//rock/rock_02060.jpg
0.4694111943244934,0.6303805112838745,0.4291759133338928,0.589552104473114,0.397580087184906,0.5126884579658508,0.3857017755508423,0.44656074047088623,0.40214037895202637,0.3983004689216614,0.42975345253944397,0.39364093542099,0.39212119579315186,0.38446497917175293,0.3990638852119446,0.44996652007102966,0.4151186943054199,0.4594632387161255,0.455951988697052,0.39116019010543823,0.41713979840278625,0.39201319217681885,0.4220801591873169,0.4806534945964813,0.43915924429893494,0.47689273953437805,0.4819144904613495,0.4053393006324768,0.4454149007797241,0.41060757637023926,0.4448036849498749,0.4950295090675354,0.46054354310035706,0.4963048994541168,0.5057925581932068,0.43277478218078613,0.47436702251434326,0.4340245723724365,0.46717697381973267,0.4894789159297943,0.4780000150203705,0.495503306388855,rock,02061,C:/Users/Javier/PIDS_HandPose/work/HAR_mediapipe/data/gestos_pids/train//rock/rock_02061.jpg
0.691795825958252,0.5461978912353516,0.6699119210243225,0.46476173400878906,0.6478708386421204,0.39266255497932434,0.6320338845252991,0.39189356565475464,0.638741672039032,0.45394402742385864,0.7588680386543274,0.33983930945396423,0.6755786538124084,0.3513624668121338,0.6616477966308594,0.387524276971817,0.685501754283905,0.3915705978870392,0.7753637433052063,0.42708370089530945,0.6779351234436035,0.4402676820755005,0.669617772102356,0.46013298630714417,0.6978700757026672,0.45015987753868103,0.7712348103523254,0.5182687640190125,0.675621509552002,0.5264520645141602,0.669073760509491,0.5268120169639587,0.693517804145813,0.5166376233100891,0.7557288408279419,0.5959053039550781,0.6817429065704346,0.5899940729141235,0.6767258048057556,0.5835992097854614,0.6972518563270569,0.5752659440040588,rock,02062,C:/Users/Javier/PIDS_HandPose/work/HAR_mediapipe/data/gestos_pids/train//rock/rock_02062.jpg
0.6405957937240601,0.5520763397216797,0.6114438772201538,0.48168718814849854,0.5878960490226746,0.4208682179450989,0.5776220560073853,0.40633758902549744,0.5968143343925476,0.4429597556591034,0.6889225244522095,0.337604820728302,0.621740996837616,0.36025941371917725,0.6053560972213745,0.4017987549304962,0.6205271482467651,0.40638068318367004,0.7115358114242554,0.4128588140010834,0.6250737905502319,0.4466455578804016,0.6077864766120911,0.4710589647293091,0.6253821849822998,0.4579020142555237,0.7143350839614868,0.49628952145576477,0.6271049976348877,0.5296611785888672,0.6123812198638916,0.5318659543991089,0.6260385513305664,0.5162267684936523,0.7025953531265259,0.568205714225769,0.6376701593399048,0.583234429359436,0.6314845085144043,0.5824964642524719,0.6470860242843628,0.5717026591300964,rock,02063,C:/Users/Javier/PIDS_HandPose/work/HAR_mediapipe/data/gestos_pids/train//rock/rock_02063.jpg
0.6191834211349487,0.5276646018028259,0.5883786678314209,0.46203500032424927,0.5589034557342529,0.40963587164878845,0.5439066290855408,0.43905457854270935,0.5547005534172058,0.49975380301475525,0.6543272733688354,0.36397692561149597,0.574180006980896,0.39915403723716736,0.5637499094009399,0.4147847592830658,0.585541844367981,0.4127817153930664,0.6756423711776733,0.446810781955719,0.5758051872253418,0.4903646409511566,0.5737088918685913,0.4836770296096802,0.5976850986480713,0.46509596705436707,0.678604781627655,0.5280590057373047,0.5786266922950745,0.558383584022522,0.5739960670471191,0.5373843312263489,0.5955500602722168,0.5127925276756287,0.6685705780982971,0.5939055681228638,0.5889526605606079,0.6048165559768677,0.5867608785629272,0.5886576771736145,0.6108791828155518,0.5707769393920898,rock,02064,C:/Users/Javier/PIDS_HandPose/work/HAR_mediapipe/data/gestos_pids/train//rock/rock_02064.jpg
0.947277307510376,0.7089649438858032,0.9352625608444214,0.7316688299179077,0.9294266104698181,0.7594887018203735,0.9294118285179138,0.7837527394294739,0.9337986707687378,0.8013803362846375,0.9239754676818848,0.767311692237854,0.9228891730308533,0.808663010597229,0.9303611516952515,0.8265544772148132,0.9372583031654358,0.8330487012863159,0.9323788285255432,0.7633911371231079,0.9346210956573486,0.8092717528343201,0.9434390664100647,0.8297762870788574,0.9504317045211792,0.8369917869567871,0.9435487389564514,0.758861780166626,0.9486047625541687,0.8024820685386658,0.9577168226242065,0.8192691802978516,0.9639174342155457,0.8241870999336243,0.9554957747459412,0.7534314393997192,0.9615142345428467,0.7887089252471924,0.9674127697944641,0.8023178577423096,0.9717287421226501,0.8082485198974609,rock,02066,C:/Users/Javier/PIDS_HandPose/work/HAR_mediapipe/data/gestos_pids/train//rock/rock_02066.jpg
0.5496008396148682,0.663578987121582,0.5243602395057678,0.5785377025604248,0.4881848394870758,0.5510212182998657,0.4584699273109436,0.563552737236023,0.44002610445022583,0.5926545858383179,0.45308688282966614,0.5399937033653259,0.41406872868537903,0.5492448806762695,0.4255107045173645,0.568427324295044,0.4423508644104004,0.5728181600570679,0.4459834098815918,0.6001660227775574,0.4191635251045227,0.6058440208435059,0.4355880618095398,0.6188971996307373,0.4529915452003479,0.6161069273948669,0.4497331976890564,0.6563287973403931,0.434709757566452,0.6535421013832092,0.44922345876693726,0.6585361361503601,0.4623384177684784,0.6596289277076721,0.4575728476047516,0.7100743055343628,0.44487839937210083,0.692946195602417,0.4577183127403259,0.6950116157531738,0.47064274549484253,0.694264829158783,rock,02067,C:/Users/Javier/PIDS_HandPose/work/HAR_mediapipe/data/gestos_pids/train//rock/rock_02067.jpg
0.5299847722053528,0.6618852019309998,0.511283814907074,0.5792616605758667,0.4765450954437256,0.5564101934432983,0.45109984278678894,0.575443685054779,0.43806833028793335,0.6063046455383301,0.44043561816215515,0.5461820363998413,0.40517768263816833,0.5528749227523804,0.417852520942688,0.5702945590019226,0.4358265995979309,0.5729466676712036,0.4339240491390228,0.6050878763198853,0.408551424741745,0.6044892072677612,0.4246933162212372,0.6171643733978271,0.4426437318325043,0.6156244277954102,0.4381543695926666,0.6587218046188354,0.4265892803668976,0.6538587212562561,0.4410322308540344,0.6605123281478882,0.45315173268318176,0.6606080532073975,0.44684064388275146,0.7097501158714294,0.43816983699798584,0.6957051157951355,0.45103296637535095,0.6994950771331787,0.46284276247024536,0.6982642412185669,rock,02068,C:/Users/Javier/PIDS_HandPose/work/HAR_mediapipe/data/gestos_pids/train//rock/rock_02068.jpg
0.532309353351593,0.6504828333854675,0.5050060749053955,0.5717455148696899,0.4712524116039276,0.5528115034103394,0.4450528919696808,0.5684224963188171,0.4316876530647278,0.6004117727279663,0.43346425890922546,0.5432820916175842,0.4017683267593384,0.5529050230979919,0.4144786298274994,0.5716787576675415,0.4301426112651825,0.5744364261627197,0.4270266890525818,0.5985078811645508,0.40618234872817993,0.6039581894874573,0.4220021069049835,0.6167474985122681,0.43829452991485596,0.6147117614746094,0.4324505031108856,0.6521831750869751,0.42315933108329773,0.653522253036499,0.4376654326915741,0.6592194437980652,0.4500216841697693,0.6602702140808105,0.44234928488731384,0.7043516635894775,0.4343683421611786,0.69492506980896,0.4473159909248352,0.6968461871147156,0.45937517285346985,0.6949413418769836,rock,02069,C:/Users/Javier/PIDS_HandPose/work/HAR_mediapipe/data/gestos_pids/train//rock/rock_02069.jpg
0.5289309620857239,0.6587438583374023,0.49817439913749695,0.5836969017982483,0.4641526937484741,0.5705049633979797,0.437751442193985,0.5857650637626648,0.4236350357532501,0.6147598028182983,0.4292483627796173,0.5597761869430542,0.3970819115638733,0.5694940090179443,0.40986624360084534,0.5876720547676086,0.4244788587093353,0.5898334980010986,0.4235575795173645,0.6146724224090576,0.40265971422195435,0.6195406913757324,0.4189665615558624,0.6331402659416199,0.43428874015808105,0.6310851573944092,0.42880094051361084,0.6674962639808655,0.4190672039985657,0.6677453517913818,0.4339272379875183,0.6731457710266113,0.44658163189888,0.6742183566093445,0.43860432505607605,0.7190406918525696,0.4308428466320038,0.7094376683235168,0.4439684748649597,0.7103406190872192,0.45635995268821716,0.7070846557617188,rock,02070,C:/Users/Javier/PIDS_HandPose/work/HAR_mediapipe/data/gestos_pids/train//rock/rock_02070.jpg
0.27084487676620483,0.6029871702194214,0.32707148790359497,0.5888347625732422,0.37656381726264954,0.5241624116897583,0.3774661719799042,0.4279882311820984,0.3435268998146057,0.38688284158706665,0.3616860508918762,0.43462124466896057,0.3771686553955078,0.3751750588417053,0.3604463040828705,0.4508126378059387,0.35563918948173523,0.4743941128253937,0.3274815082550049,0.4223096966743469,0.34006771445274353,0.3689596354961395,0.3266885280609131,0.4611605703830719,0.3277859091758728,0.4642658829689026,0.2938465476036072,0.41619792580604553,0.30536866188049316,0.36506372690200806,0.2971724569797516,0.452970951795578,0.2989717721939087,0.45832619071006775,0.25783899426460266,0.4120161533355713,0.26988065242767334,0.3760077655315399,0.26938241720199585,0.43577122688293457,0.2660242021083832,0.4471357464790344,rock,03001,C:/Users/Javier/PIDS_HandPose/work/HAR_mediapipe/data/gestos_pids/train//rock/rock_03001.jpg
0.2633552849292755,0.6187021136283875,0.324799120426178,0.6089223623275757,0.3738030791282654,0.5536074638366699,0.373389333486557,0.4651317596435547,0.332227498292923,0.42417487502098083,0.36421793699264526,0.4347251355648041,0.38132038712501526,0.3651425242424011,0.36355170607566833,0.43284592032432556,0.35333502292633057,0.4678942859172821,0.3303273022174835,0.4112665355205536,0.34354257583618164,0.3412962555885315,0.33052101731300354,0.42277267575263977,0.32597577571868896,0.4487486779689789,0.29705339670181274,0.3975904881954193,0.30939894914627075,0.324666827917099,0.30270546674728394,0.3997739255428314,0.2985237240791321,0.42997968196868896,0.2624247372150421,0.38869282603263855,0.2730781137943268,0.33195948600769043,0.2738332748413086,0.37941429018974304,0.27237582206726074,0.4058186113834381,rock,03002,C:/Users/Javier/PIDS_HandPose/work/HAR_mediapipe/data/gestos_pids/train//rock/rock_03002.jpg
0.24955452978610992,0.622499406337738,0.30762287974357605,0.5951483845710754,0.3534362018108368,0.5367209911346436,0.35419201850891113,0.4583832025527954,0.32315242290496826,0.4054114818572998,0.3428327143192291,0.45301133394241333,0.35862138867378235,0.39528247714042664,0.33847787976264954,0.4503592550754547,0.3295886516571045,0.4800719618797302,0.31346169114112854,0.4253052771091461,0.32862693071365356,0.36291447281837463,0.31331905722618103,0.43564894795417786,0.30685025453567505,0.4636860489845276,0.2826717793941498,0.405657559633255,0.297782301902771,0.32847943902015686,0.28858450055122375,0.40324369072914124,0.28172028064727783,0.4416825473308563,0.2492128163576126,0.3918125331401825,0.2598840594291687,0.32820987701416016,0.26152798533439636,0.36543378233909607,0.2603001296520233,0.39097118377685547,rock,03003,C:/Users/Javier/PIDS_HandPose/work/HAR_mediapipe/data/gestos_pids/train//rock/rock_03003.jpg
0.18035945296287537,0.7367069125175476,0.23410600423812866,0.711887538433075,0.27484869956970215,0.6538724899291992,0.2688863277435303,0.5784004330635071,0.23333047330379486,0.5400820374488831,0.267686665058136,0.5826421976089478,0.28239136934280396,0.5236707329750061,0.26112961769104004,0.5746902823448181,0.25465261936187744,0.6049083471298218,0.23845288157463074,0.5523293614387512,0.24704647064208984,0.49997323751449585,0.22705096006393433,0.5683508515357971,0.2261255979537964,0.5897288918495178,0.20802848041057587,0.5330504775047302,0.21552421152591705,0.4816129803657532,0.2017870545387268,0.5488587617874146,0.2014487385749817,0.572036623954773,0.17455196380615234,0.523528516292572,0.17932343482971191,0.465347021818161,0.1785886287689209,0.49867168068885803,0.17858383059501648,0.521422803401947,rock,03004,C:/Users/Javier/PIDS_HandPose/work/HAR_mediapipe/data/gestos_pids/train//rock/rock_03004.jpg
0.7980992197990417,0.6892154812812805,0.7493531703948975,0.6390842199325562,0.7117924094200134,0.558610200881958,0.7090566754341125,0.47871115803718567,0.738292932510376,0.4411785304546356,0.7404387593269348,0.43499186635017395,0.7195678353309631,0.4058385193347931,0.7196763157844543,0.4844694137573242,0.7322458624839783,0.506411075592041,0.7781941890716553,0.4299781024456024,0.7555887699127197,0.4168208837509155,0.7492044568061829,0.5101239085197449,0.7596672177314758,0.5207236409187317,0.8112762570381165,0.4486289322376251,0.7877298593521118,0.45894595980644226,0.7744808793067932,0.5406215786933899,0.7836982011795044,0.5417826175689697,0.840811550617218,0.48446404933929443,0.8110652565956116,0.5160630345344543,0.7982675433158875,0.5674694776535034,0.8072062134742737,0.5645595192909241,rock,03005,C:/Users/Javier/PIDS_HandPose/work/HAR_mediapipe/data/gestos_pids/train//rock/rock_03005.jpg
0.698318362236023,0.6213686466217041,0.6390403509140015,0.6207175254821777,0.5753905773162842,0.5813702940940857,0.5526787042617798,0.5216240882873535,0.5820826888084412,0.4872235059738159,0.5895892381668091,0.43869566917419434,0.5645214915275574,0.4214418828487396,0.5856568217277527,0.49621886014938354,0.5958912968635559,0.4926333725452423,0.6230225563049316,0.417767196893692,0.5974639058113098,0.4033387005329132,0.6191256046295166,0.48957228660583496,0.6286715865135193,0.4800271987915039,0.6568536758422852,0.40946900844573975,0.6342822909355164,0.39278262853622437,0.6483652591705322,0.47658461332321167,0.6588138341903687,0.47327443957328796,0.6924704313278198,0.4102911949157715,0.6718025207519531,0.40902844071388245,0.6749746799468994,0.46877166628837585,0.6821621656417847,0.46770066022872925,rock,03006,C:/Users/Javier/PIDS_HandPose/work/HAR_mediapipe/data/gestos_pids/train//rock/rock_03006.jpg
0.890241265296936,0.6795348525047302,0.8405481576919556,0.636628270149231,0.792662501335144,0.5562602281570435,0.7885335087776184,0.4844423532485962,0.8313503861427307,0.4665583670139313,0.8115348815917969,0.43143802881240845,0.794236421585083,0.4142380952835083,0.800039529800415,0.49167943000793457,0.8061100840568542,0.4971253275871277,0.8516429662704468,0.4221230745315552,0.8401579260826111,0.4104134738445282,0.8403289914131165,0.5078258514404297,0.8405662775039673,0.4966946542263031,0.8914235234260559,0.43359142541885376,0.8854087591171265,0.4339659810066223,0.8778278231620789,0.5254893898963928,0.8731876611709595,0.5154619216918945,0.9267193078994751,0.4605264365673065,0.9211626648902893,0.4773564338684082,0.9111084938049316,0.5421507358551025,0.907170295715332,0.5394744873046875,rock,03007,C:/Users/Javier/PIDS_HandPose/work/HAR_mediapipe/data/gestos_pids/train//rock/rock_03007.jpg
0.34004345536231995,0.7038373947143555,0.3843740224838257,0.7003880143165588,0.4276435077190399,0.6487553119659424,0.447939932346344,0.5864011645317078,0.4317348301410675,0.5448989272117615,0.41434773802757263,0.5540685653686523,0.43013009428977966,0.5099308490753174,0.41715195775032043,0.5742875933647156,0.40702977776527405,0.5988538265228271,0.3892529606819153,0.5381145477294922,0.405651330947876,0.4921109080314636,0.3941617012023926,0.5690943002700806,0.3862101435661316,0.5863162875175476,0.36154353618621826,0.5305266380310059,0.37700986862182617,0.4848661422729492,0.37080618739128113,0.5596855282783508,0.36445704102516174,0.5801709294319153,0.3305359482765198,0.5280982851982117,0.3457390367984772,0.4920288622379303,0.34740012884140015,0.5442891120910645,0.3430032432079315,0.5682489275932312,rock,03008,C:/Users/Javier/PIDS_HandPose/work/HAR_mediapipe/data/gestos_pids/train//rock/rock_03008.jpg
0.7674288749694824,0.6340756416320801,0.7074213624000549,0.6212932467460632,0.6486477255821228,0.557115912437439,0.6338565349578857,0.4813319146633148,0.6693082451820374,0.4620389938354492,0.6728562712669373,0.4045808017253876,0.6413494944572449,0.4056178629398346,0.655533492565155,0.4822400212287903,0.670428991317749,0.4840700924396515,0.7068278789520264,0.37975144386291504,0.675108015537262,0.40029942989349365,0.689887285232544,0.4922129511833191,0.7039287686347961,0.48422202467918396,0.7396681308746338,0.3838426172733307,0.7127218842506409,0.4153205454349518,0.7192466259002686,0.5003983378410339,0.7317280769348145,0.49328842759132385,0.7740477919578552,0.4063769578933716,0.7473517656326294,0.4485161602497101,0.7470809817314148,0.5064249634742737,0.757918655872345,0.49845194816589355,rock,03009,C:/Users/Javier/PIDS_HandPose/work/HAR_mediapipe/data/gestos_pids/train//rock/rock_03009.jpg
0.3217458426952362,0.604421854019165,0.3733842968940735,0.5956254005432129,0.4178999960422516,0.5434569120407104,0.42280474305152893,0.464807391166687,0.38951998949050903,0.4322841763496399,0.40613871812820435,0.4572628140449524,0.41488221287727356,0.401891827583313,0.3974439203739166,0.4613593816757202,0.3937194347381592,0.4945622980594635,0.3790120482444763,0.43916812539100647,0.38337570428848267,0.39075520634651184,0.36914604902267456,0.46207526326179504,0.369769811630249,0.48160266876220703,0.3517875373363495,0.4294743239879608,0.35546112060546875,0.3809993267059326,0.3451498746871948,0.449986070394516,0.34607815742492676,0.47147879004478455,0.3222595453262329,0.42306622862815857,0.3287140130996704,0.38244175910949707,0.3250212073326111,0.4294641613960266,0.3237075209617615,0.451215922832489,rock,03010,C:/Users/Javier/PIDS_HandPose/work/HAR_mediapipe/data/gestos_pids/train//rock/rock_03010.jpg
0.4873393774032593,0.6589890718460083,0.538348913192749,0.6765038371086121,0.5900470018386841,0.6678507924079895,0.6206520199775696,0.6232662200927734,0.6121723055839539,0.5670831799507141,0.6088176369667053,0.5896273851394653,0.6397897005081177,0.5486323833465576,0.6121574640274048,0.5883579254150391,0.5985753536224365,0.6078031063079834,0.5885461568832397,0.554082989692688,0.6136109828948975,0.520018458366394,0.5839970707893372,0.5748717188835144,0.5791067481040955,0.5849570631980896,0.5651071071624756,0.5249972343444824,0.5891855955123901,0.49370285868644714,0.5639112591743469,0.5497633218765259,0.556821346282959,0.5613253116607666,0.5387247800827026,0.49567949771881104,0.5635886788368225,0.47626620531082153,0.550078809261322,0.51766037940979,0.5410929918289185,0.5308875441551208,rock,03011,C:/Users/Javier/PIDS_HandPose/work/HAR_mediapipe/data/gestos_pids/train//rock/rock_03011.jpg
0.2796756625175476,0.5305727124214172,0.3360881507396698,0.5149720907211304,0.3788008689880371,0.47029000520706177,0.384716659784317,0.38756227493286133,0.3558374345302582,0.3476201891899109,0.37257280945777893,0.40290504693984985,0.3869999647140503,0.3493901789188385,0.36577948927879333,0.4006778299808502,0.358585923910141,0.43024787306785583,0.3472844660282135,0.378997266292572,0.3558122515678406,0.32273852825164795,0.3384648263454437,0.38935235142707825,0.3388931453227997,0.40979570150375366,0.3217943012714386,0.36154261231422424,0.3296460807323456,0.3050788640975952,0.3169308006763458,0.3712649941444397,0.31617119908332825,0.39425432682037354,0.292782723903656,0.34628069400787354,0.30221182107925415,0.30033862590789795,0.2981463372707367,0.34186166524887085,0.29533547163009644,0.36376824975013733,rock,03012,C:/Users/Javier/PIDS_HandPose/work/HAR_mediapipe/data/gestos_pids/train//rock/rock_03012.jpg
0.2370929718017578,0.6950041055679321,0.2955652177333832,0.6630950570106506,0.34363633394241333,0.6050362586975098,0.34408408403396606,0.5187704563140869,0.3044024705886841,0.484530508518219,0.32975080609321594,0.5226694941520691,0.3380291759967804,0.4604586362838745,0.3183159828186035,0.5279659032821655,0.3177325427532196,0.5579761862754822,0.2979559600353241,0.5088703036308289,0.29946282505989075,0.44745826721191406,0.2858991324901581,0.5267965793609619,0.29110753536224365,0.5445202589035034,0.26692432165145874,0.5045270919799805,0.2685624361038208,0.443279892206192,0.2606848478317261,0.5208024382591248,0.2661009132862091,0.5424036383628845,0.2345379889011383,0.504287600517273,0.23611772060394287,0.4643935263156891,0.2348673939704895,0.5140095353126526,0.23726168274879456,0.5341131091117859,rock,03013,C:/Users/Javier/PIDS_HandPose/work/HAR_mediapipe/data/gestos_pids/train//rock/rock_03013.jpg
0.3806241452693939,0.818590521812439,0.43287530541419983,0.8098100423812866,0.47235381603240967,0.7530419230461121,0.48333120346069336,0.6862174868583679,0.45846039056777954,0.6535075306892395,0.45531728863716125,0.671419084072113,0.46735015511512756,0.6234357357025146,0.45722493529319763,0.6884844303131104,0.4490429759025574,0.7122293710708618,0.43127763271331787,0.6605191230773926,0.4448080360889435,0.6113686561584473,0.43721237778663635,0.6875241994857788,0.4304087162017822,0.7013194561004639,0.4058845639228821,0.6555182337760925,0.42113062739372253,0.6061819195747375,0.4170353412628174,0.6805304884910583,0.410042405128479,0.6960651874542236,0.37713783979415894,0.6549256443977356,0.39678308367729187,0.6227627396583557,0.39607399702072144,0.6719244718551636,0.38733524084091187,0.6859686970710754,rock,03014,C:/Users/Javier/PIDS_HandPose/work/HAR_mediapipe/data/gestos_pids/train//rock/rock_03014.jpg
0.3691481947898865,0.8711750507354736,0.4208741784095764,0.8476053476333618,0.46125543117523193,0.783406138420105,0.46990489959716797,0.7147325277328491,0.4415498673915863,0.690571129322052,0.4368865489959717,0.704129159450531,0.45318472385406494,0.6543083786964417,0.44293633103370667,0.7191015481948853,0.43440884351730347,0.7454164624214172,0.4117518365383148,0.694607675075531,0.42763447761535645,0.6482141613960266,0.4195491373538971,0.7194544076919556,0.41181832551956177,0.7343600988388062,0.3860521912574768,0.6911869645118713,0.4036397337913513,0.64468914270401,0.39841848611831665,0.7147478461265564,0.3905349373817444,0.7332066893577576,0.3573926091194153,0.6912739872932434,0.3768484890460968,0.6648669242858887,0.3769667148590088,0.7118374109268188,0.3700953722000122,0.727780282497406,rock,03015,C:/Users/Javier/PIDS_HandPose/work/HAR_mediapipe/data/gestos_pids/train//rock/rock_03015.jpg
0.4819607734680176,0.8197232484817505,0.535395622253418,0.8064681887626648,0.5755490064620972,0.7482002377510071,0.5913865566253662,0.683603048324585,0.5705121755599976,0.6419476866722107,0.5601506233215332,0.663834273815155,0.573832631111145,0.6083820462226868,0.5652072429656982,0.674494206905365,0.5585513114929199,0.7029615044593811,0.5365732908248901,0.6521676778793335,0.5518944263458252,0.5981135368347168,0.5451473593711853,0.6743311285972595,0.5370150804519653,0.6965894103050232,0.5105908513069153,0.6453145742416382,0.5301783680915833,0.5910434722900391,0.5262654423713684,0.6661060452461243,0.5169234871864319,0.6930684447288513,0.4814103841781616,0.6438936591148376,0.5056436657905579,0.6104949116706848,0.5065320134162903,0.6615068912506104,0.4972813129425049,0.6846745014190674,rock,03016,C:/Users/Javier/PIDS_HandPose/work/HAR_mediapipe/data/gestos_pids/train//rock/rock_03016.jpg
0.5296096801757812,0.695257842540741,0.6035510301589966,0.6857297420501709,0.6623270511627197,0.6297017335891724,0.6819036602973938,0.5543171763420105,0.6466643214225769,0.50138920545578,0.6526055335998535,0.5361326336860657,0.6745562553405762,0.49070727825164795,0.6519527435302734,0.5543614029884338,0.6419912576675415,0.5794105529785156,0.6221669316291809,0.5104809403419495,0.6402974128723145,0.4645937979221344,0.6211566925048828,0.5395456552505493,0.6136904358863831,0.5573424100875854,0.589568555355072,0.4958095848560333,0.6117011904716492,0.45129653811454773,0.5964017510414124,0.5267141461372375,0.5871006846427917,0.5476101636886597,0.5548849701881409,0.48832967877388,0.5792363882064819,0.46566343307495117,0.5738254189491272,0.5146754384040833,0.5646401047706604,0.5318988561630249,rock,03017,C:/Users/Javier/PIDS_HandPose/work/HAR_mediapipe/data/gestos_pids/train//rock/rock_03017.jpg
0.3637223541736603,0.619436502456665,0.4238693416118622,0.5977311134338379,0.47574979066848755,0.5303004384040833,0.4778861403465271,0.44052043557167053,0.4384617209434509,0.40632545948028564,0.45548146963119507,0.43347254395484924,0.46363702416419983,0.37056779861450195,0.448326051235199,0.4468599557876587,0.4438744783401489,0.47821304202079773,0.4215242862701416,0.4204171299934387,0.42820629477500916,0.36295127868652344,0.41673141717910767,0.45521169900894165,0.41476908326148987,0.47071507573127747,0.3877168297767639,0.41708967089653015,0.39528003334999084,0.3605818748474121,0.38897085189819336,0.449728786945343,0.3880861699581146,0.467056006193161,0.35155031085014343,0.4194507300853729,0.361371248960495,0.3850649297237396,0.36045289039611816,0.4421359896659851,0.35770151019096375,0.45596203207969666,rock,03018,C:/Users/Javier/PIDS_HandPose/work/HAR_mediapipe/data/gestos_pids/train//rock/rock_03018.jpg
0.22757962346076965,0.5913730263710022,0.284254252910614,0.546318531036377,0.32613590359687805,0.4641856253147125,0.3132966160774231,0.37122854590415955,0.26675328612327576,0.3479296565055847,0.30369409918785095,0.37626609206199646,0.30359768867492676,0.31234821677207947,0.29289281368255615,0.38996651768684387,0.2937501072883606,0.42186519503593445,0.2676917314529419,0.3709872364997864,0.2636379301548004,0.30643710494041443,0.2596525549888611,0.402514785528183,0.2663660943508148,0.4178932309150696,0.23319438099861145,0.3757592737674713,0.22883500158786774,0.3114456236362457,0.23018786311149597,0.4026479721069336,0.23753270506858826,0.4215942621231079,0.19744423031806946,0.38395240902900696,0.19685637950897217,0.3438534140586853,0.20170539617538452,0.40108606219291687,0.20667047798633575,0.41823336482048035,rock,03019,C:/Users/Javier/PIDS_HandPose/work/HAR_mediapipe/data/gestos_pids/train//rock/rock_03019.jpg
0.4427693486213684,0.5102766752243042,0.5085828900337219,0.5051352977752686,0.5701311230659485,0.43591809272766113,0.5840365886688232,0.3353235125541687,0.542357325553894,0.2954069674015045,0.5510901212692261,0.31682607531547546,0.5613899827003479,0.25854605436325073,0.5426519513130188,0.3448011875152588,0.5371185541152954,0.3783908188343048,0.514864444732666,0.29635515809059143,0.5259642601013184,0.23729363083839417,0.5118646621704102,0.3391723930835724,0.508188009262085,0.35840409994125366,0.47872495651245117,0.2877626419067383,0.4915420413017273,0.23185738921165466,0.4822169542312622,0.33061903715133667,0.47870808839797974,0.352142870426178,0.4399721920490265,0.285747230052948,0.45799699425697327,0.2518112063407898,0.45523571968078613,0.31584632396698,0.4497430920600891,0.33379656076431274,rock,03020,C:/Users/Javier/PIDS_HandPose/work/HAR_mediapipe/data/gestos_pids/train//rock/rock_03020.jpg
0.5800895690917969,0.4165928363800049,0.6596648097038269,0.4574725031852722,0.7414756417274475,0.4119393527507782,0.7750959396362305,0.3135749399662018,0.7343437671661377,0.23824433982372284,0.7384760975837708,0.30508527159690857,0.7644604444503784,0.23422491550445557,0.7277474403381348,0.3078537583351135,0.7144447565078735,0.3437618613243103,0.7065771222114563,0.260250449180603,0.7325717806816101,0.19102609157562256,0.6993985176086426,0.28621765971183777,0.6924167275428772,0.3106652796268463,0.6714202761650085,0.2267870008945465,0.7008681893348694,0.16403357684612274,0.6705145835876465,0.2581024169921875,0.6600860357284546,0.28315144777297974,0.6324564814567566,0.1989336460828781,0.6616756916046143,0.17046748101711273,0.6452844142913818,0.2314630150794983,0.6331527233123779,0.2454208880662918,rock,03021,C:/Users/Javier/PIDS_HandPose/work/HAR_mediapipe/data/gestos_pids/train//rock/rock_03021.jpg
0.6005690097808838,0.46123847365379333,0.6807956099510193,0.5064265131950378,0.7578434944152832,0.4839189052581787,0.7967567443847656,0.3978021442890167,0.7724229693412781,0.31880784034729004,0.7682520151138306,0.3667604327201843,0.7992844581604004,0.3030422031879425,0.7596553564071655,0.37595388293266296,0.7438045144081116,0.40336793661117554,0.7369191646575928,0.31362384557724,0.7712462544441223,0.24995741248130798,0.7306337952613831,0.3499063551425934,0.7189185619354248,0.3706676661968231,0.7006406188011169,0.27321285009384155,0.7372835874557495,0.21546544134616852,0.7027851343154907,0.315950870513916,0.689353883266449,0.33600518107414246,0.6596469879150391,0.2371155023574829,0.6941708326339722,0.21733789145946503,0.6763867735862732,0.2827583849430084,0.6624783873558044,0.2925577759742737,rock,03022,C:/Users/Javier/PIDS_HandPose/work/HAR_mediapipe/data/gestos_pids/train//rock/rock_03022.jpg
0.7943432331085205,0.5614265203475952,0.7414810061454773,0.5448286533355713,0.6933724880218506,0.49231889843940735,0.6692766547203064,0.43054527044296265,0.6622774600982666,0.36574816703796387,0.691007137298584,0.36755651235580444,0.6781319379806519,0.29766029119491577,0.6939394474029541,0.37140658497810364,0.7042758464813232,0.41683149337768555,0.7281438708305359,0.3494904041290283,0.7153863310813904,0.2796851396560669,0.7275179028511047,0.3747687041759491,0.7319905161857605,0.41466429829597473,0.7668757438659668,0.3427692651748657,0.755529522895813,0.2715758979320526,0.7605153322219849,0.3682560324668884,0.7624121904373169,0.4115907847881317,0.8045588135719299,0.3488418459892273,0.7952085733413696,0.30797719955444336,0.7918734550476074,0.3782375752925873,0.7909296751022339,0.41265547275543213,rock,03023,C:/Users/Javier/PIDS_HandPose/work/HAR_mediapipe/data/gestos_pids/train//rock/rock_03023.jpg
0.6618218421936035,0.5216328501701355,0.602611243724823,0.5170856714248657,0.5381960272789001,0.45395439863204956,0.5129245519638062,0.36606869101524353,0.5388938188552856,0.30317455530166626,0.548098623752594,0.31580567359924316,0.5249916315078735,0.2789716124534607,0.5433738231658936,0.3615033030509949,0.5550051927566528,0.36410894989967346,0.5841975808143616,0.29245829582214355,0.5638591051101685,0.2567192018032074,0.582682192325592,0.36776262521743774,0.5897236466407776,0.3588630259037018,0.6241377592086792,0.28315243124961853,0.6075311303138733,0.2517847418785095,0.618269145488739,0.3615078926086426,0.6236234903335571,0.3596625328063965,0.6645424365997314,0.2834422290325165,0.6505162715911865,0.27140581607818604,0.6512538194656372,0.34775716066360474,0.6547943949699402,0.34919634461402893,rock,03024,C:/Users/Javier/PIDS_HandPose/work/HAR_mediapipe/data/gestos_pids/train//rock/rock_03024.jpg
0.6997454762458801,0.49645015597343445,0.6464831233024597,0.47406673431396484,0.5994271039962769,0.40083640813827515,0.6052161455154419,0.30854499340057373,0.6388179063796997,0.2484753131866455,0.5924989581108093,0.301281213760376,0.5578796863555908,0.2531048357486725,0.5741386413574219,0.32008352875709534,0.5917896032333374,0.3480565547943115,0.6299517154693604,0.27316296100616455,0.6020109057426453,0.22784262895584106,0.619232177734375,0.3251596689224243,0.6319563388824463,0.3417743444442749,0.6686343550682068,0.2600821852684021,0.648709237575531,0.21386674046516418,0.654357373714447,0.31270572543144226,0.6630410552024841,0.3309270441532135,0.7065818309783936,0.26133835315704346,0.6886661052703857,0.23896056413650513,0.689630389213562,0.30818313360214233,0.6986847519874573,0.3237241208553314,rock,03025,C:/Users/Javier/PIDS_HandPose/work/HAR_mediapipe/data/gestos_pids/train//rock/rock_03025.jpg
0.7323998808860779,0.47073280811309814,0.6758394837379456,0.4426236152648926,0.6250084638595581,0.3823971748352051,0.6368098855018616,0.2986897826194763,0.6861447691917419,0.2652558982372284,0.6169942617416382,0.2767499089241028,0.6028969287872314,0.22378985583782196,0.6242110133171082,0.30523881316185,0.6342172026634216,0.3260219097137451,0.6562833786010742,0.24811388552188873,0.641038179397583,0.19901779294013977,0.6661643385887146,0.29527586698532104,0.6728081703186035,0.3029617667198181,0.6958509683609009,0.23237201571464539,0.6866397857666016,0.17416591942310333,0.6998506784439087,0.2689768075942993,0.7011972069740295,0.2882692813873291,0.7340242266654968,0.2300856113433838,0.7270984649658203,0.19396033883094788,0.7313114404678345,0.2571304440498352,0.7314380407333374,0.2769250273704529,rock,03026,C:/Users/Javier/PIDS_HandPose/work/HAR_mediapipe/data/gestos_pids/train//rock/rock_03026.jpg
0.6228353381156921,0.5304930806159973,0.5613831281661987,0.5261889100074768,0.49643468856811523,0.47075313329696655,0.4924940764904022,0.38213300704956055,0.5382145643234253,0.3491056263446808,0.4947977662086487,0.34083545207977295,0.4710557162761688,0.3004753291606903,0.4937530755996704,0.3761810064315796,0.5092644691467285,0.383552610874176,0.532892107963562,0.31117403507232666,0.5077184438705444,0.2709868848323822,0.5325964689254761,0.3649555444717407,0.5440127849578857,0.36232537031173706,0.570938766002655,0.29615435004234314,0.5521924495697021,0.25003084540367126,0.5671816468238831,0.3480393588542938,0.577301561832428,0.35828885436058044,0.6127659678459167,0.29276132583618164,0.5946916341781616,0.2681094706058502,0.5986629128456116,0.3369798958301544,0.6051525473594666,0.3474113345146179,rock,03027,C:/Users/Javier/PIDS_HandPose/work/HAR_mediapipe/data/gestos_pids/train//rock/rock_03027.jpg
0.7730072736740112,0.5247228145599365,0.7221118807792664,0.4880618453025818,0.6824885606765747,0.40127554535865784,0.7011143565177917,0.3239477872848511,0.7516903877258301,0.3187107443809509,0.6999362111091614,0.29052719473838806,0.6792433857917786,0.24619174003601074,0.6863987445831299,0.32440173625946045,0.697746753692627,0.34538936614990234,0.7406108975410461,0.27158233523368835,0.7235140204429626,0.23093456029891968,0.7315289378166199,0.3283822536468506,0.7409942746162415,0.3386073410511017,0.7783560156822205,0.2685363292694092,0.7664051055908203,0.22592204809188843,0.7652576565742493,0.31843486428260803,0.7686455845832825,0.33612751960754395,0.8128896355628967,0.2780134081840515,0.8035961389541626,0.24886222183704376,0.798693060874939,0.31427183747291565,0.7998303174972534,0.33806976675987244,rock,03028,C:/Users/Javier/PIDS_HandPose/work/HAR_mediapipe/data/gestos_pids/train//rock/rock_03028.jpg
0.8788785338401794,0.6180917024612427,0.8379009366035461,0.5336713194847107,0.8297333121299744,0.4312109053134918,0.8696202635765076,0.3909374475479126,0.9241756200790405,0.40496811270713806,0.8651329278945923,0.3255104422569275,0.8458742499351501,0.2917286455631256,0.8361482620239258,0.36809879541397095,0.8497517108917236,0.3851143419742584,0.9072544574737549,0.33582139015197754,0.9040078520774841,0.288125216960907,0.8820245265960693,0.37827926874160767,0.8840422034263611,0.389364093542099,0.9429576992988586,0.3623531758785248,0.9456996321678162,0.30751845240592957,0.9214065670967102,0.3840298652648926,0.9191958904266357,0.3964346647262573,0.9709092378616333,0.39972808957099915,0.9717127084732056,0.35228630900382996,0.9556122422218323,0.39964842796325684,0.9517614245414734,0.41442224383354187,rock,03029,C:/Users/Javier/PIDS_HandPose/work/HAR_mediapipe/data/gestos_pids/train//rock/rock_03029.jpg
0.8012648224830627,0.6185590028762817,0.7486882209777832,0.5671764612197876,0.7092684507369995,0.4868510663509369,0.7350335717201233,0.4298749268054962,0.7884120941162109,0.4188426434993744,0.7207372784614563,0.353767991065979,0.7044001221656799,0.3310113847255707,0.7155395150184631,0.4178008437156677,0.7250373363494873,0.4227048456668854,0.7652984857559204,0.3390090763568878,0.7530643343925476,0.31266072392463684,0.7608643174171448,0.4178256690502167,0.7663836479187012,0.4069482684135437,0.8091288208961487,0.34597206115722656,0.8024232387542725,0.3147241175174713,0.8007113933563232,0.4158817231655121,0.7990114092826843,0.4166312515735626,0.8470172882080078,0.36554136872291565,0.8438860177993774,0.35319578647613525,0.8368017673492432,0.42226651310920715,0.8323352336883545,0.43009302020072937,rock,03030,C:/Users/Javier/PIDS_HandPose/work/HAR_mediapipe/data/gestos_pids/train//rock/rock_03030.jpg
0.7477720975875854,0.6835405826568604,0.6910322904586792,0.6670499444007874,0.6383810639381409,0.6007077693939209,0.6531928777694702,0.542103111743927,0.7084468603134155,0.5538673400878906,0.6443138122558594,0.43734210729599,0.6263893842697144,0.4320683479309082,0.6402623653411865,0.5166544318199158,0.6530369520187378,0.5257524251937866,0.691048264503479,0.41005104780197144,0.6746771335601807,0.42033690214157104,0.6872661113739014,0.52325040102005,0.6955835223197937,0.5209624171257019,0.7338155508041382,0.4105665683746338,0.7238247990608215,0.4246147572994232,0.7256442308425903,0.5225921273231506,0.7275622487068176,0.5256582498550415,0.7745769023895264,0.4306873381137848,0.7653157711029053,0.44398805499076843,0.7601051926612854,0.5157027840614319,0.7598543763160706,0.5255129933357239,rock,03031,C:/Users/Javier/PIDS_HandPose/work/HAR_mediapipe/data/gestos_pids/train//rock/rock_03031.jpg
0.7634798288345337,0.6794646382331848,0.7089042067527771,0.6847907304763794,0.6641797423362732,0.6597203612327576,0.6825740933418274,0.6503880620002747,0.7238328456878662,0.6371331214904785,0.6608694791793823,0.4558771252632141,0.6712900996208191,0.5263047814369202,0.6831116080284119,0.5823134779930115,0.6853516697883606,0.5622673034667969,0.7112264037132263,0.42308923602104187,0.7241498231887817,0.520790696144104,0.7279616594314575,0.5974411368370056,0.7240643501281738,0.5716090202331543,0.7595338821411133,0.42726266384124756,0.7737624645233154,0.5205331444740295,0.7692723870277405,0.5942409038543701,0.7596364617347717,0.5714408159255981,0.8048998713493347,0.4555762708187103,0.8158862590789795,0.521966278553009,0.8035275936126709,0.5845831036567688,0.7901473641395569,0.5771985650062561,rock,03032,C:/Users/Javier/PIDS_HandPose/work/HAR_mediapipe/data/gestos_pids/train//rock/rock_03032.jpg
0.7644965052604675,0.6942802667617798,0.7081767916679382,0.6796694993972778,0.6650351285934448,0.6245317459106445,0.6931518912315369,0.5823555588722229,0.744661808013916,0.5633073449134827,0.6656208634376526,0.43425071239471436,0.6673462986946106,0.4738326668739319,0.6749379634857178,0.5378233790397644,0.6766627430915833,0.5235204696655273,0.7170803546905518,0.4012092351913452,0.7241185903549194,0.46638989448547363,0.724638044834137,0.5536739826202393,0.7203235030174255,0.533868134021759,0.7650651335716248,0.4050717353820801,0.775908887386322,0.4746399521827698,0.7673251628875732,0.5592399835586548,0.7563959956169128,0.5398961305618286,0.8096648454666138,0.43390387296676636,0.8180639743804932,0.49347901344299316,0.8022394180297852,0.5609002113342285,0.7868171334266663,0.5547841191291809,rock,03033,C:/Users/Javier/PIDS_HandPose/work/HAR_mediapipe/data/gestos_pids/train//rock/rock_03033.jpg
0.6753542423248291,0.6773209571838379,0.611960232257843,0.680694580078125,0.5520151257514954,0.6342906355857849,0.5519144535064697,0.5749881267547607,0.604983925819397,0.5566689968109131,0.5574362874031067,0.4346731901168823,0.5285295248031616,0.463741272687912,0.5516602396965027,0.5444942116737366,0.5693609118461609,0.5387455224990845,0.5992427468299866,0.4031701385974884,0.5715471506118774,0.4517822861671448,0.5915398001670837,0.5420963168144226,0.6043044328689575,0.5250758528709412,0.6403791308403015,0.40835312008857727,0.6193622946739197,0.4574752151966095,0.6284176707267761,0.5460795164108276,0.6384677886962891,0.5334622859954834,0.6824634075164795,0.4324463903903961,0.6630359888076782,0.48240309953689575,0.663222074508667,0.5417055487632751,0.6701093316078186,0.5312939286231995,rock,03034,C:/Users/Javier/PIDS_HandPose/work/HAR_mediapipe/data/gestos_pids/train//rock/rock_03034.jpg
0.7439044117927551,0.7107013463973999,0.6835158467292786,0.6910500526428223,0.6288762092590332,0.6206762194633484,0.6448814868927002,0.5663884878158569,0.702255368232727,0.5726090669631958,0.6397936344146729,0.45315423607826233,0.6152681112289429,0.4550495743751526,0.6271172165870667,0.5372564792633057,0.6417936086654663,0.5383541584014893,0.6864211559295654,0.4269763231277466,0.664852499961853,0.4429025650024414,0.6740778684616089,0.5422245264053345,0.6836521625518799,0.5335498452186584,0.7293169498443604,0.43116843700408936,0.7158135175704956,0.44911205768585205,0.7140198945999146,0.547562301158905,0.7180153727531433,0.5424354672431946,0.7708479762077332,0.45567014813423157,0.7577297687530518,0.47830742597579956,0.7512099742889404,0.5507764220237732,0.7544989585876465,0.5525268316268921,rock,03035,C:/Users/Javier/PIDS_HandPose/work/HAR_mediapipe/data/gestos_pids/train//rock/rock_03035.jpg
0.34780198335647583,0.6913977861404419,0.3991433084011078,0.6997539401054382,0.4543263614177704,0.6507346034049988,0.48075637221336365,0.5871206521987915,0.4590873122215271,0.540784478187561,0.4452055096626282,0.535559892654419,0.45864418148994446,0.4938317537307739,0.4368487596511841,0.5718275308609009,0.4255386292934418,0.5901627540588379,0.40999773144721985,0.5164567232131958,0.4240795373916626,0.47874972224235535,0.40816378593444824,0.5697958469390869,0.4045826494693756,0.5753139853477478,0.3747824430465698,0.5124565958976746,0.38955143094062805,0.4815656840801239,0.38034072518348694,0.566111147403717,0.37564218044281006,0.5706254243850708,0.33978986740112305,0.5117656588554382,0.35533443093299866,0.49831604957580566,0.3529265522956848,0.5536900758743286,0.34653961658477783,0.5596818327903748,rock,03037,C:/Users/Javier/PIDS_HandPose/work/HAR_mediapipe/data/gestos_pids/train//rock/rock_03037.jpg
0.4365253448486328,0.6398757696151733,0.49456092715263367,0.6465830206871033,0.5513758659362793,0.612379789352417,0.5849837064743042,0.5540742874145508,0.5703219771385193,0.49539101123809814,0.548512876033783,0.49746519327163696,0.5681927800178528,0.4457014501094818,0.5467268824577332,0.515622079372406,0.5318646430969238,0.5440877079963684,0.5204911231994629,0.47424519062042236,0.5424510836601257,0.4229374825954437,0.5247892737388611,0.5062914490699768,0.5141892433166504,0.5298477411270142,0.4895598590373993,0.4596387445926666,0.5129318237304688,0.4136359691619873,0.5017443299293518,0.49345988035202026,0.491502583026886,0.5189670324325562,0.4548690915107727,0.44850924611091614,0.47998809814453125,0.41651052236557007,0.47761809825897217,0.4732697606086731,0.46804380416870117,0.5007100701332092,rock,03038,C:/Users/Javier/PIDS_HandPose/work/HAR_mediapipe/data/gestos_pids/train//rock/rock_03038.jpg
0.3829452395439148,0.6453106999397278,0.4431993365287781,0.6471395492553711,0.494086354970932,0.5964000225067139,0.51912921667099,0.5311463475227356,0.49829575419425964,0.48400092124938965,0.48938727378845215,0.5012286305427551,0.5014869570732117,0.44343888759613037,0.4836829900741577,0.4959827661514282,0.46676093339920044,0.5426241755485535,0.46097052097320557,0.47478440403938293,0.47580486536026,0.40783244371414185,0.46312686800956726,0.47004225850105286,0.44525662064552307,0.5248798727989197,0.4311184287071228,0.45519351959228516,0.4431402087211609,0.38587889075279236,0.4406417906284332,0.4436446726322174,0.4304860234260559,0.4985005855560303,0.3980102837085724,0.4417150318622589,0.4081612229347229,0.37772074341773987,0.4177283048629761,0.4043017625808716,0.42196881771087646,0.4433148503303528,rock,03039,C:/Users/Javier/PIDS_HandPose/work/HAR_mediapipe/data/gestos_pids/train//rock/rock_03039.jpg
0.33626723289489746,0.7014352083206177,0.38895341753959656,0.6845055222511292,0.43113234639167786,0.6265843510627747,0.450602263212204,0.5580518841743469,0.4355762004852295,0.5023424625396729,0.41818466782569885,0.5312721729278564,0.42999008297920227,0.47161391377449036,0.41724681854248047,0.5309664607048035,0.4038280248641968,0.5809672474861145,0.39063626527786255,0.5104594230651855,0.40520554780960083,0.44106659293174744,0.3965439200401306,0.510086715221405,0.383888304233551,0.5650763511657715,0.3611166477203369,0.496754914522171,0.3734464943408966,0.4212731122970581,0.3734995424747467,0.48444557189941406,0.3664487898349762,0.5389208793640137,0.3293697237968445,0.4905245006084442,0.34133797883987427,0.42305809259414673,0.35087472200393677,0.45773613452911377,0.35366883873939514,0.5013764500617981,rock,03040,C:/Users/Javier/PIDS_HandPose/work/HAR_mediapipe/data/gestos_pids/train//rock/rock_03040.jpg
0.3605886697769165,0.6852307915687561,0.4136984050273895,0.6720420718193054,0.4595791697502136,0.6197823286056519,0.4761016070842743,0.5478106737136841,0.458298921585083,0.4935057461261749,0.4482112228870392,0.5181127190589905,0.45766788721084595,0.4721846580505371,0.4434216320514679,0.533915638923645,0.4282078444957733,0.583011269569397,0.41774314641952515,0.49434179067611694,0.4333849251270294,0.43124067783355713,0.4233825206756592,0.5069325566291809,0.40900030732154846,0.5611902475357056,0.38547196984291077,0.48174160718917847,0.39946770668029785,0.4173797369003296,0.3973373472690582,0.4913381040096283,0.38822615146636963,0.5432605147361755,0.3496118187904358,0.47892922163009644,0.3638557195663452,0.419246107339859,0.3702218532562256,0.46530747413635254,0.3690029978752136,0.5096486210823059,rock,03041,C:/Users/Javier/PIDS_HandPose/work/HAR_mediapipe/data/gestos_pids/train//rock/rock_03041.jpg
0.3852229714393616,0.6673076152801514,0.44250425696372986,0.6583179235458374,0.4909619688987732,0.6004530787467957,0.5043842792510986,0.5232939720153809,0.47184184193611145,0.48477768898010254,0.4778270423412323,0.49962398409843445,0.4952745735645294,0.44334250688552856,0.4816664755344391,0.5025780200958252,0.4693627953529358,0.5395728945732117,0.4495805501937866,0.48088836669921875,0.46585848927497864,0.4204949140548706,0.45412805676460266,0.49282407760620117,0.44130557775497437,0.5294567346572876,0.4198785126209259,0.46886885166168213,0.43521758913993835,0.40640753507614136,0.42938530445098877,0.47789010405540466,0.4190465807914734,0.5170112252235413,0.3867470920085907,0.4618282616138458,0.4043269157409668,0.4051100015640259,0.40673863887786865,0.4544544517993927,0.4013770818710327,0.49273747205734253,rock,03042,C:/Users/Javier/PIDS_HandPose/work/HAR_mediapipe/data/gestos_pids/train//rock/rock_03042.jpg
0.300368070602417,0.735562264919281,0.3521011471748352,0.6933019757270813,0.3964690566062927,0.6239588856697083,0.39988958835601807,0.5486158728599548,0.36016377806663513,0.5246560573577881,0.37669387459754944,0.5334035158157349,0.3878030776977539,0.4701172709465027,0.3762253224849701,0.5330597758293152,0.3705452084541321,0.5672675967216492,0.3438774645328522,0.5180186033248901,0.3527929186820984,0.4553082287311554,0.34511739015579224,0.5365851521492004,0.33948880434036255,0.5674519538879395,0.31162703037261963,0.5123485922813416,0.31715863943099976,0.44525906443595886,0.3165828585624695,0.5257211327552795,0.31297767162323,0.5633221864700317,0.27809765934944153,0.5139071941375732,0.2833258807659149,0.455836683511734,0.2887795567512512,0.5055433511734009,0.288421094417572,0.5401967763900757,rock,03043,C:/Users/Javier/PIDS_HandPose/work/HAR_mediapipe/data/gestos_pids/train//rock/rock_03043.jpg
0.34749147295951843,0.654789924621582,0.4014335870742798,0.6360923647880554,0.4453216791152954,0.5839816331863403,0.45459628105163574,0.5122225880622864,0.4259847104549408,0.47041380405426025,0.4302867650985718,0.49088066816329956,0.4428853392601013,0.4344261884689331,0.43055257201194763,0.48854267597198486,0.4227972626686096,0.5203471779823303,0.4011988937854767,0.4714696407318115,0.41323667764663696,0.41207438707351685,0.40524303913116455,0.48296916484832764,0.40112751722335815,0.5127171874046326,0.37042734026908875,0.460182785987854,0.3812652826309204,0.39939433336257935,0.3786395192146301,0.47121304273605347,0.37601980566978455,0.5051547288894653,0.33713671565055847,0.454985111951828,0.3485663831233978,0.4021265208721161,0.3527628481388092,0.44844603538513184,0.352973997592926,0.4819367527961731,rock,03044,C:/Users/Javier/PIDS_HandPose/work/HAR_mediapipe/data/gestos_pids/train//rock/rock_03044.jpg
0.3196348547935486,0.6542797684669495,0.3720318078994751,0.6400986909866333,0.4161454439163208,0.5837708711624146,0.4214548170566559,0.5059912204742432,0.39014169573783875,0.4705265760421753,0.4010467827320099,0.49334797263145447,0.40651291608810425,0.4317723512649536,0.39015576243400574,0.4858166575431824,0.384009450674057,0.5287072062492371,0.370985209941864,0.4740699231624603,0.3741278350353241,0.41320401430130005,0.36232542991638184,0.47842326760292053,0.3593018651008606,0.5174483060836792,0.3416907787322998,0.46362724900245667,0.3435403108596802,0.39954012632369995,0.33695274591445923,0.4648353159427643,0.33600306510925293,0.504240095615387,0.31114426255226135,0.4598105251789093,0.3140362501144409,0.40113693475723267,0.3135583996772766,0.44663599133491516,0.3150624632835388,0.48399144411087036,rock,03045,C:/Users/Javier/PIDS_HandPose/work/HAR_mediapipe/data/gestos_pids/train//rock/rock_03045.jpg
0.3401941657066345,0.6440595388412476,0.3925502300262451,0.6325700879096985,0.43723735213279724,0.5818868279457092,0.4466775357723236,0.5118698477745056,0.418435662984848,0.47047674655914307,0.42504820227622986,0.4889655113220215,0.4373793303966522,0.434420108795166,0.4232756197452545,0.4888668358325958,0.41350245475769043,0.5249865055084229,0.3956789970397949,0.47048550844192505,0.40876540541648865,0.4105560779571533,0.3991062641143799,0.48402416706085205,0.3910389840602875,0.5234998464584351,0.36492910981178284,0.4601987600326538,0.3760063946247101,0.39946305751800537,0.3719378411769867,0.4730004072189331,0.3666140139102936,0.513644814491272,0.33175602555274963,0.45643743872642517,0.34254205226898193,0.400781512260437,0.34659191966056824,0.4459921717643738,0.34624966979026794,0.4821644127368927,rock,03046,C:/Users/Javier/PIDS_HandPose/work/HAR_mediapipe/data/gestos_pids/train//rock/rock_03046.jpg
0.32881954312324524,0.6829705834388733,0.38248276710510254,0.6635618805885315,0.42605113983154297,0.607851505279541,0.43613481521606445,0.5384671092033386,0.408791720867157,0.49798333644866943,0.41071081161499023,0.5158465504646301,0.42422008514404297,0.45817258954048157,0.4147075116634369,0.5101788640022278,0.405758261680603,0.5446327924728394,0.38171952962875366,0.4982028603553772,0.3955404460430145,0.4342012405395508,0.38925057649612427,0.5043607354164124,0.38115713000297546,0.5422267913818359,0.35090503096580505,0.4889296889305115,0.3614245355129242,0.4258020520210266,0.3611207902431488,0.49391651153564453,0.3566584587097168,0.5320448279380798,0.31761473417282104,0.4859852194786072,0.3277941346168518,0.42729175090789795,0.33370572328567505,0.46745240688323975,0.3334270715713501,0.5005208849906921,rock,03047,C:/Users/Javier/PIDS_HandPose/work/HAR_mediapipe/data/gestos_pids/train//rock/rock_03047.jpg
0.33610865473747253,0.7186171412467957,0.3841097950935364,0.7041549682617188,0.4291823208332062,0.6516839265823364,0.44147151708602905,0.5855257511138916,0.41550496220588684,0.5453304648399353,0.4155489504337311,0.5557851195335388,0.4294646978378296,0.5051472187042236,0.41824430227279663,0.5615752935409546,0.4097803235054016,0.58971107006073,0.3866075277328491,0.5361353754997253,0.4014844298362732,0.4808616042137146,0.3925515115261078,0.5554222464561462,0.3855758309364319,0.582391083240509,0.355566143989563,0.5269346237182617,0.36864468455314636,0.4755385220050812,0.3651072382926941,0.5497583746910095,0.35997167229652405,0.5774998068809509,0.3220120072364807,0.5240352153778076,0.3353129029273987,0.4786345362663269,0.33910301327705383,0.5261985063552856,0.33656951785087585,0.5540244579315186,rock,03048,C:/Users/Javier/PIDS_HandPose/work/HAR_mediapipe/data/gestos_pids/train//rock/rock_03048.jpg
0.3319282531738281,0.7276744842529297,0.38083893060684204,0.7085171937942505,0.4261380434036255,0.6563162207603455,0.4378666579723358,0.5869758129119873,0.408638060092926,0.5491189956665039,0.4109799265861511,0.558579683303833,0.42514362931251526,0.5062858462333679,0.4127947986125946,0.5682090520858765,0.404131144285202,0.5970577001571655,0.38150227069854736,0.5409882664680481,0.39575493335723877,0.4857499897480011,0.3864479064941406,0.5648339986801147,0.37975144386291504,0.5903448462486267,0.35044199228286743,0.5329515933990479,0.3633914887905121,0.4802558422088623,0.3594359755516052,0.5576971769332886,0.3540627360343933,0.5855971574783325,0.3168083727359772,0.531642496585846,0.33018726110458374,0.48000118136405945,0.3345410227775574,0.529755711555481,0.3319140672683716,0.5609713792800903,rock,03049,C:/Users/Javier/PIDS_HandPose/work/HAR_mediapipe/data/gestos_pids/train//rock/rock_03049.jpg
0.30653560161590576,0.7339435815811157,0.3567196726799011,0.7052364349365234,0.3948463499546051,0.6501324772834778,0.4040150046348572,0.5882689356803894,0.38096073269844055,0.5502825975418091,0.3825342655181885,0.56050044298172,0.3933732509613037,0.49929574131965637,0.38423144817352295,0.5565738081932068,0.37892991304397583,0.5906283855438232,0.35270950198173523,0.5486608147621155,0.36208873987197876,0.48862987756729126,0.35545533895492554,0.5622524619102478,0.3517502248287201,0.5908194184303284,0.3214171528816223,0.5440369844436646,0.3299516439437866,0.48072898387908936,0.32864874601364136,0.550818145275116,0.32570916414260864,0.5832257866859436,0.28842660784721375,0.5432823896408081,0.29510730504989624,0.48199254274368286,0.30105987191200256,0.5249283909797668,0.3013310432434082,0.5574786067008972,rock,03050,C:/Users/Javier/PIDS_HandPose/work/HAR_mediapipe/data/gestos_pids/train//rock/rock_03050.jpg
0.33847278356552124,0.627726674079895,0.3906099498271942,0.6295594573020935,0.43944427371025085,0.579407811164856,0.4516637623310089,0.5017251968383789,0.42177069187164307,0.4556088149547577,0.42887553572654724,0.48388707637786865,0.44204211235046387,0.4281949996948242,0.4281352460384369,0.4788047969341278,0.4162251353263855,0.5181536078453064,0.39983201026916504,0.4618430733680725,0.4144626557826996,0.4017539620399475,0.40222564339637756,0.4724663197994232,0.3888150453567505,0.5160419940948486,0.3698170781135559,0.448394238948822,0.383318692445755,0.388280987739563,0.3765506148338318,0.4577834904193878,0.3667573034763336,0.4997996389865875,0.3369297385215759,0.44136515259742737,0.35118183493614197,0.38636520504951477,0.35190629959106445,0.43147537112236023,0.34683603048324585,0.46887749433517456,rock,03051,C:/Users/Javier/PIDS_HandPose/work/HAR_mediapipe/data/gestos_pids/train//rock/rock_03051.jpg
0.3686875104904175,0.6259620189666748,0.4220842123031616,0.6302152872085571,0.4707895815372467,0.5823140144348145,0.4865930378437042,0.5103188157081604,0.45949095487594604,0.46303310990333557,0.46446743607521057,0.4847833216190338,0.4798396825790405,0.4280829429626465,0.46445509791374207,0.4807705581188202,0.4523714780807495,0.5185861587524414,0.4361744523048401,0.46304622292518616,0.4505414068698883,0.4026671350002289,0.43876904249191284,0.47249263525009155,0.42873308062553406,0.5120005011558533,0.4058011770248413,0.4478752613067627,0.42048701643943787,0.3892686665058136,0.4139357805252075,0.45905330777168274,0.4055619537830353,0.4988323152065277,0.37271592020988464,0.4378833472728729,0.3883401155471802,0.38825517892837524,0.3881004750728607,0.43421685695648193,0.38262301683425903,0.4688933789730072,rock,03052,C:/Users/Javier/PIDS_HandPose/work/HAR_mediapipe/data/gestos_pids/train//rock/rock_03052.jpg
0.39969438314437866,0.6419788002967834,0.45355507731437683,0.6451138854026794,0.5033032894134521,0.5964521765708923,0.524534285068512,0.5246913433074951,0.5004755258560181,0.4750695526599884,0.49561169743537903,0.4943925738334656,0.5116726160049438,0.44142869114875793,0.49805498123168945,0.49854472279548645,0.484374463558197,0.5348565578460693,0.46897655725479126,0.47199398279190063,0.4881398677825928,0.4134024381637573,0.4765609800815582,0.4853973686695099,0.46153831481933594,0.5252799391746521,0.4400169849395752,0.4559902548789978,0.4574090838432312,0.4043218791484833,0.45206418633461,0.47490760684013367,0.4406089782714844,0.514564573764801,0.4072906970977783,0.4456593990325928,0.4266693592071533,0.40293681621551514,0.42924898862838745,0.4485805928707123,0.4233701527118683,0.4822806715965271,rock,03053,C:/Users/Javier/PIDS_HandPose/work/HAR_mediapipe/data/gestos_pids/train//rock/rock_03053.jpg
0.3724804222583771,0.678601086139679,0.42649713158607483,0.6761094927787781,0.4788486957550049,0.6250022649765015,0.498391330242157,0.5520729422569275,0.47102585434913635,0.5016872882843018,0.47126129269599915,0.5223753452301025,0.48668569326400757,0.46421730518341064,0.4695909917354584,0.5199753642082214,0.4556257426738739,0.5591418743133545,0.4420701265335083,0.49943384528160095,0.4578566551208496,0.44052040576934814,0.4417423903942108,0.51508629322052,0.4280983507633209,0.555735170841217,0.4109286367893219,0.4840814173221588,0.4271186292171478,0.4248100221157074,0.41801124811172485,0.4982492923736572,0.4071938693523407,0.5388351678848267,0.3760441839694977,0.47385174036026,0.39349305629730225,0.41921311616897583,0.39369404315948486,0.46862661838531494,0.38764989376068115,0.507165789604187,rock,03054,C:/Users/Javier/PIDS_HandPose/work/HAR_mediapipe/data/gestos_pids/train//rock/rock_03054.jpg
0.39650142192840576,0.6351470351219177,0.4531335234642029,0.6354786157608032,0.5055564045906067,0.5813884139060974,0.5254098176956177,0.5018935203552246,0.4983479380607605,0.4556540548801422,0.496751606464386,0.4754703938961029,0.5140506625175476,0.4151020646095276,0.4976389408111572,0.4755310118198395,0.48496904969215393,0.5152026414871216,0.4677985906600952,0.45256686210632324,0.4832099378108978,0.39247408509254456,0.46974116563796997,0.46564793586730957,0.458842009305954,0.5017449259757996,0.43702781200408936,0.43727385997772217,0.45309481024742126,0.37814217805862427,0.44473591446876526,0.44881901144981384,0.4354618191719055,0.48543745279312134,0.4025753438472748,0.42643603682518005,0.4208739995956421,0.3708266019821167,0.4216952919960022,0.42019009590148926,0.41679078340530396,0.45761337876319885,rock,03055,C:/Users/Javier/PIDS_HandPose/work/HAR_mediapipe/data/gestos_pids/train//rock/rock_03055.jpg
0.22684012353420258,0.6908499002456665,0.2827080190181732,0.6572356820106506,0.32739147543907166,0.6041693091392517,0.3333084285259247,0.5238264203071594,0.30400896072387695,0.4764006733894348,0.3131602704524994,0.504866898059845,0.32243865728378296,0.4354540705680847,0.30692988634109497,0.49887388944625854,0.3017657697200775,0.5398780703544617,0.28218182921409607,0.4898914396762848,0.2879195809364319,0.4215730130672455,0.2765839993953705,0.4988381266593933,0.27417874336242676,0.5338898301124573,0.2517887055873871,0.48349469900131226,0.2548355460166931,0.41275304555892944,0.24913665652275085,0.4872123599052429,0.24805568158626556,0.5243650078773499,0.21883748471736908,0.48044830560684204,0.22113054990768433,0.41983482241630554,0.22265732288360596,0.4701443314552307,0.22370290756225586,0.5054237246513367,rock,03056,C:/Users/Javier/PIDS_HandPose/work/HAR_mediapipe/data/gestos_pids/train//rock/rock_03056.jpg
0.13433043658733368,0.6985567212104797,0.1849936991930008,0.664626955986023,0.22777821123600006,0.6085860133171082,0.2325677126646042,0.5355710387229919,0.20079708099365234,0.4929332435131073,0.21716275811195374,0.5184016823768616,0.22503423690795898,0.45983409881591797,0.21054376661777496,0.5218600034713745,0.20733493566513062,0.5524551868438721,0.1852138638496399,0.4990469515323639,0.19260594248771667,0.44051387906074524,0.18154314160346985,0.520591676235199,0.17925086617469788,0.5459970235824585,0.1518201231956482,0.4907591938972473,0.15746226906776428,0.4272474944591522,0.15222984552383423,0.5064902901649475,0.15037226676940918,0.5392389297485352,0.11613277345895767,0.48875609040260315,0.12144619971513748,0.4294748306274414,0.1251504123210907,0.4749053120613098,0.12564611434936523,0.505268931388855,rock,03057,C:/Users/Javier/PIDS_HandPose/work/HAR_mediapipe/data/gestos_pids/train//rock/rock_03057.jpg
0.820521891117096,0.46645107865333557,0.7627514004707336,0.46299049258232117,0.7062032222747803,0.4305536448955536,0.6768778562545776,0.36393803358078003,0.6888068318367004,0.3038460910320282,0.7156937122344971,0.3216657340526581,0.7021608352661133,0.2826213538646698,0.7210960984230042,0.346454381942749,0.7282702326774597,0.36139923334121704,0.7462222576141357,0.3012334406375885,0.7307005524635315,0.2609865665435791,0.7496515512466431,0.3452518582344055,0.7530820369720459,0.3480388820171356,0.7794511318206787,0.2890617847442627,0.7658176422119141,0.24364981055259705,0.7771958112716675,0.32824796438217163,0.7804861664772034,0.33653414249420166,0.8134569525718689,0.2865823209285736,0.8034018278121948,0.2636359632015228,0.8041322231292725,0.32327568531036377,0.8058988451957703,0.3320183753967285,rock,03058,C:/Users/Javier/PIDS_HandPose/work/HAR_mediapipe/data/gestos_pids/train//rock/rock_03058.jpg
0.8013729453086853,0.44380080699920654,0.7438107132911682,0.4369639456272125,0.6900676488876343,0.4014885425567627,0.6634030342102051,0.3386792540550232,0.6803498268127441,0.28440824151039124,0.7066818475723267,0.2987188994884491,0.6899716854095459,0.2530466616153717,0.7061647772789001,0.3152525722980499,0.7183425426483154,0.34790900349617004,0.736831545829773,0.2778071463108063,0.7163645625114441,0.22981874644756317,0.7331874966621399,0.3135121166706085,0.7432708740234375,0.33724164962768555,0.7686566114425659,0.265340119600296,0.7493745684623718,0.20967458188533783,0.760368287563324,0.2966163158416748,0.7685486674308777,0.32607728242874146,0.8025436401367188,0.2651364803314209,0.7854371666908264,0.2263849824666977,0.7865709662437439,0.28954699635505676,0.7909631133079529,0.3148457109928131,rock,03059,C:/Users/Javier/PIDS_HandPose/work/HAR_mediapipe/data/gestos_pids/train//rock/rock_03059.jpg
0.7940645217895508,0.44093090295791626,0.7362907528877258,0.43070274591445923,0.6826527118682861,0.38918447494506836,0.6567431688308716,0.3246840834617615,0.6779026389122009,0.2780558168888092,0.7034776210784912,0.283912718296051,0.6840797662734985,0.2435360699892044,0.6990834474563599,0.3078967034816742,0.71181321144104,0.33721762895584106,0.7343646883964539,0.26490676403045654,0.7128725647926331,0.2220664620399475,0.7276359796524048,0.3069983720779419,0.7381715774536133,0.3308716118335724,0.7663650512695312,0.25451216101646423,0.745790421962738,0.20363090932369232,0.7549321055412292,0.2918469309806824,0.7635788321495056,0.320745587348938,0.8003073930740356,0.2574409246444702,0.7810018062591553,0.2200060933828354,0.7806890606880188,0.28548723459243774,0.7855399250984192,0.3122345209121704,rock,03060,C:/Users/Javier/PIDS_HandPose/work/HAR_mediapipe/data/gestos_pids/train//rock/rock_03060.jpg
0.817036509513855,0.4337153136730194,0.7516223192214966,0.42466649413108826,0.6919872164726257,0.38100573420524597,0.6630963087081909,0.3116621971130371,0.6845012903213501,0.2664867341518402,0.7112532258033752,0.26458725333213806,0.691494882106781,0.22302497923374176,0.7098308801651001,0.2952575087547302,0.7226836085319519,0.3199009895324707,0.7441180348396301,0.2445555031299591,0.7223703861236572,0.20218047499656677,0.7418932318687439,0.29542794823646545,0.7521355152130127,0.31290990114212036,0.7790544629096985,0.23164679110050201,0.7575132250785828,0.18041843175888062,0.769996702671051,0.27773618698120117,0.7789822220802307,0.3027152419090271,0.8163281679153442,0.2315433919429779,0.7950045466423035,0.194412499666214,0.796551525592804,0.2651722729206085,0.8028000593185425,0.2886142134666443,rock,03061,C:/Users/Javier/PIDS_HandPose/work/HAR_mediapipe/data/gestos_pids/train//rock/rock_03061.jpg
0.8675475120544434,0.21090008318424225,0.8039268255233765,0.20198024809360504,0.7392577528953552,0.15144026279449463,0.7133693099021912,0.06507377326488495,0.7420994639396667,0.0119409691542387,0.7632260918617249,0.013202100992202759,0.7501710057258606,-0.04371238127350807,0.7675598859786987,0.04955992475152016,0.7762081623077393,0.07740899920463562,0.8023216724395752,-0.00903004128485918,0.789418637752533,-0.06215061992406845,0.8058129549026489,0.048593103885650635,0.8085174560546875,0.07202790677547455,0.8409019708633423,-0.023387636989355087,0.8317945003509521,-0.06884652376174927,0.8416681289672852,0.037673454731702805,0.8429431319236755,0.06508991122245789,0.8790412545204163,-0.02636459469795227,0.8700295686721802,-0.06108054518699646,0.8715897798538208,0.015794873237609863,0.8724440336227417,0.03661973029375076,rock,03062,C:/Users/Javier/PIDS_HandPose/work/HAR_mediapipe/data/gestos_pids/train//rock/rock_03062.jpg
0.8846817016601562,0.4234505891799927,0.8306262493133545,0.408733069896698,0.777563750743866,0.3727521300315857,0.7523918151855469,0.3025113344192505,0.76687091588974,0.2372780740261078,0.776167631149292,0.26640090346336365,0.7533605694770813,0.2246088683605194,0.7722482681274414,0.28727462887763977,0.7840033769607544,0.3023681640625,0.8085071444511414,0.2423456311225891,0.7845630645751953,0.19688425958156586,0.8034507632255554,0.2786261737346649,0.811233639717102,0.28349852561950684,0.8438664078712463,0.22928449511528015,0.8206683993339539,0.17774848639965057,0.8335205316543579,0.26518377661705017,0.8419472575187683,0.27651727199554443,0.8801337480545044,0.2270391285419464,0.8625292778015137,0.21085108816623688,0.8638227581977844,0.27017003297805786,0.8693214058876038,0.27864545583724976,rock,03063,C:/Users/Javier/PIDS_HandPose/work/HAR_mediapipe/data/gestos_pids/train//rock/rock_03063.jpg
0.846685528755188,0.5071338415145874,0.7855584621429443,0.5207816362380981,0.7155280113220215,0.5051765441894531,0.6732445955276489,0.45310354232788086,0.6934542059898376,0.39858198165893555,0.7214272618293762,0.36676397919654846,0.6932774186134338,0.33938533067703247,0.7244865298271179,0.4116513729095459,0.7327636480331421,0.4075480103492737,0.7509964108467102,0.334902822971344,0.725751519203186,0.30662432312965393,0.757805347442627,0.39492911100387573,0.7619081735610962,0.38531261682510376,0.7860425710678101,0.30898067355155945,0.7589972019195557,0.26601850986480713,0.7840171456336975,0.3555179238319397,0.7914480566978455,0.35997796058654785,0.8206923007965088,0.29068341851234436,0.8014545440673828,0.2523430585861206,0.8109545707702637,0.3192484378814697,0.8171792030334473,0.33265820145606995,rock,03064,C:/Users/Javier/PIDS_HandPose/work/HAR_mediapipe/data/gestos_pids/train//rock/rock_03064.jpg
0.3035227656364441,0.6261744499206543,0.3498617112636566,0.6204631328582764,0.39641594886779785,0.5838395357131958,0.42227718234062195,0.5336614847183228,0.41103434562683105,0.4880262613296509,0.3896943926811218,0.4827975034713745,0.4064870774745941,0.4396272599697113,0.38825079798698425,0.5019800066947937,0.3794734477996826,0.522254467010498,0.362354040145874,0.46343326568603516,0.3770694136619568,0.42349496483802795,0.36221444606781006,0.49640321731567383,0.3579721748828888,0.5055453181266785,0.3331778049468994,0.45453283190727234,0.3487936556339264,0.41606760025024414,0.33817368745803833,0.4853898286819458,0.33266395330429077,0.49762192368507385,0.3021482229232788,0.44927090406417847,0.3176935613155365,0.4222853183746338,0.31531640887260437,0.4709281921386719,0.3095284402370453,0.4864056408405304,rock,03065,C:/Users/Javier/PIDS_HandPose/work/HAR_mediapipe/data/gestos_pids/train//rock/rock_03065.jpg
0.317022442817688,0.5897680521011353,0.3629424273967743,0.5758165717124939,0.40671882033348083,0.5329645276069641,0.4231855571269989,0.4741063714027405,0.40339940786361694,0.43491628766059875,0.39480891823768616,0.4481484591960907,0.4051610827445984,0.40007483959198,0.39204999804496765,0.46350452303886414,0.38653749227523804,0.4856404662132263,0.36662158370018005,0.4338512420654297,0.376490980386734,0.3872523009777069,0.3668974041938782,0.4615573585033417,0.36529141664505005,0.47226572036743164,0.33796560764312744,0.42876461148262024,0.3486800193786621,0.3861792981624603,0.34358540177345276,0.456359326839447,0.3406601846218109,0.46938657760620117,0.307527631521225,0.42623502016067505,0.3212139904499054,0.39307910203933716,0.3213866353034973,0.4405391812324524,0.31629860401153564,0.45690885186195374,rock,03066,C:/Users/Javier/PIDS_HandPose/work/HAR_mediapipe/data/gestos_pids/train//rock/rock_03066.jpg
0.3133887052536011,0.6275754570960999,0.3536120355129242,0.6130407452583313,0.38757744431495667,0.5787057280540466,0.3976851999759674,0.5284554362297058,0.38116785883903503,0.4975681006908417,0.3762268126010895,0.5012825727462769,0.38214656710624695,0.4628494679927826,0.37223151326179504,0.5172075629234314,0.367827832698822,0.539671003818512,0.3498074412345886,0.4923151135444641,0.35627782344818115,0.45455020666122437,0.348746120929718,0.5210788249969482,0.3485480546951294,0.5323384404182434,0.32378384470939636,0.49024397134780884,0.329429030418396,0.4558960795402527,0.32512933015823364,0.5177611112594604,0.32468658685684204,0.5303084850311279,0.29623943567276,0.4892268776893616,0.3019270896911621,0.4605908989906311,0.30348193645477295,0.5040307641029358,0.30233219265937805,0.5212512612342834,rock,03067,C:/Users/Javier/PIDS_HandPose/work/HAR_mediapipe/data/gestos_pids/train//rock/rock_03067.jpg
0.33682918548583984,0.6052247881889343,0.3751395344734192,0.5905513167381287,0.40824073553085327,0.5577656626701355,0.41963279247283936,0.5076931715011597,0.4041549861431122,0.47605377435684204,0.39733296632766724,0.4912487864494324,0.40472498536109924,0.456240713596344,0.39531445503234863,0.5048778057098389,0.39150428771972656,0.5249688625335693,0.3743017017841339,0.48056545853614807,0.38182953000068665,0.44600701332092285,0.3749011158943176,0.503078043460846,0.37415415048599243,0.5135754942893982,0.3510134518146515,0.476591557264328,0.3593478202819824,0.4434937536716461,0.35513824224472046,0.4971844255924225,0.3533298373222351,0.5091802477836609,0.3257456123828888,0.4740384519100189,0.3354021906852722,0.44737786054611206,0.33589255809783936,0.4844098687171936,0.3329005837440491,0.4990136921405792,rock,03068,C:/Users/Javier/PIDS_HandPose/work/HAR_mediapipe/data/gestos_pids/train//rock/rock_03068.jpg
0.3653385639190674,0.47390028834342957,0.4143390655517578,0.46610575914382935,0.46590691804885864,0.419638991355896,0.4790371358394623,0.349378764629364,0.45176735520362854,0.3056311011314392,0.44996869564056396,0.31392908096313477,0.4640752077102661,0.267162561416626,0.4460810720920563,0.33772003650665283,0.44007164239883423,0.3611220121383667,0.42005282640457153,0.2991863787174225,0.43083369731903076,0.25817230343818665,0.4167536497116089,0.3388811945915222,0.41470956802368164,0.34772998094558716,0.3901953399181366,0.2933122217655182,0.40072381496429443,0.2527196407318115,0.39038822054862976,0.3271777331829071,0.3876509964466095,0.3379151523113251,0.35870251059532166,0.2878923714160919,0.370128870010376,0.25516316294670105,0.36666736006736755,0.3075881600379944,0.3620968163013458,0.32339194416999817,rock,03069,C:/Users/Javier/PIDS_HandPose/work/HAR_mediapipe/data/gestos_pids/train//rock/rock_03069.jpg
0.33156776428222656,0.48618823289871216,0.38316982984542847,0.47349339723587036,0.4335635006427765,0.4318629205226898,0.4463176131248474,0.36173853278160095,0.41786834597587585,0.3245784640312195,0.4216868281364441,0.32873445749282837,0.4298636019229889,0.28248730301856995,0.41408029198646545,0.34925535321235657,0.41133350133895874,0.37313219904899597,0.3887213468551636,0.31012097001075745,0.39623960852622986,0.2642369270324707,0.38233447074890137,0.34857678413391113,0.38361260294914246,0.358975350856781,0.3558698892593384,0.3023935854434967,0.362949401140213,0.25593867897987366,0.3540008068084717,0.33495667576789856,0.35553622245788574,0.3477849066257477,0.32141053676605225,0.29775261878967285,0.3287230134010315,0.25889891386032104,0.3279392719268799,0.31284037232398987,0.3275184631347656,0.33084774017333984,rock,03070,C:/Users/Javier/PIDS_HandPose/work/HAR_mediapipe/data/gestos_pids/train//rock/rock_03070.jpg
0.13328200578689575,0.5346340537071228,0.18787571787834167,0.5696551203727722,0.23325054347515106,0.5587050914764404,0.2625752389431,0.5408840179443359,0.2860651910305023,0.5345878005027771,0.2531631290912628,0.4395967125892639,0.2559072971343994,0.529938280582428,0.23528128862380981,0.5439121723175049,0.2292185127735138,0.5211227536201477,0.22387489676475525,0.4137781858444214,0.22717876732349396,0.5293895602226257,0.2063867747783661,0.5379371047019958,0.20124119520187378,0.5067129135131836,0.18839605152606964,0.4152541160583496,0.19176346063613892,0.5250194668769836,0.17696283757686615,0.5374206900596619,0.17301194369792938,0.5076583027839661,0.15211720764636993,0.4276730716228485,0.15514837205410004,0.5147791504859924,0.15023568272590637,0.5250802040100098,0.14948871731758118,0.49750837683677673,rock,04001,C:/Users/Javier/PIDS_HandPose/work/HAR_mediapipe/data/gestos_pids/train//rock/rock_04001.jpg
0.14237523078918457,0.6010696887969971,0.19033794105052948,0.6266944408416748,0.23209568858146667,0.6134809255599976,0.2601395845413208,0.6017451286315918,0.28255242109298706,0.598086953163147,0.24224205315113068,0.4921707808971405,0.25729480385780334,0.584178626537323,0.23441959917545319,0.6078016757965088,0.22302500903606415,0.5887940526008606,0.21516457200050354,0.47186580300331116,0.22807496786117554,0.5841657519340515,0.20711776614189148,0.6029307842254639,0.19899512827396393,0.5773676633834839,0.18416045606136322,0.4763945937156677,0.19611544907093048,0.5812277793884277,0.18045929074287415,0.6008179187774658,0.1738031953573227,0.5761814713478088,0.15363138914108276,0.49109387397766113,0.16259557008743286,0.5714359283447266,0.15514490008354187,0.5870852470397949,0.1506926715373993,0.5639597773551941,rock,04002,C:/Users/Javier/PIDS_HandPose/work/HAR_mediapipe/data/gestos_pids/train//rock/rock_04002.jpg
0.09832020848989487,0.6153537631034851,0.14372749626636505,0.6210102438926697,0.19150327146053314,0.5780091881752014,0.21193954348564148,0.5259392261505127,0.20970405638217926,0.4799615144729614,0.1858333796262741,0.508111834526062,0.19774316251277924,0.4778355062007904,0.17656491696834564,0.5330511927604675,0.1703895628452301,0.5329288840293884,0.15668025612831116,0.4894435405731201,0.17160366475582123,0.4648279547691345,0.15304505825042725,0.5357105135917664,0.15176047384738922,0.5298097729682922,0.12698806822299957,0.48719924688339233,0.14157919585704803,0.4628773033618927,0.13079968094825745,0.5323750972747803,0.1266927570104599,0.5287636518478394,0.10173188894987106,0.4824061989784241,0.11052438616752625,0.4849509000778198,0.10563858598470688,0.5288069844245911,0.10186626762151718,0.524776041507721,rock,04003,C:/Users/Javier/PIDS_HandPose/work/HAR_mediapipe/data/gestos_pids/train//rock/rock_04003.jpg
0.31982195377349854,0.6268861889839172,0.3595069646835327,0.6420769691467285,0.4067375659942627,0.6045728921890259,0.43371766805648804,0.5651663541793823,0.4465886652469635,0.5272912383079529,0.4092637896537781,0.5255712866783142,0.4317668080329895,0.5119054317474365,0.4103800356388092,0.5584388971328735,0.3978032171726227,0.5617963075637817,0.38940173387527466,0.5025890469551086,0.416103720664978,0.4847358465194702,0.3935266435146332,0.546440839767456,0.3811658024787903,0.5496799945831299,0.3661862015724182,0.4870801568031311,0.3953167200088501,0.47023487091064453,0.37554532289505005,0.536114513874054,0.3620183765888214,0.5389714241027832,0.34013041853904724,0.4738251566886902,0.3675563931465149,0.4745795726776123,0.35791924595832825,0.5191307663917542,0.34646451473236084,0.5201265215873718,rock,04004,C:/Users/Javier/PIDS_HandPose/work/HAR_mediapipe/data/gestos_pids/train//rock/rock_04004.jpg
0.08134133368730545,0.5915040373802185,0.12291566282510757,0.6058081984519958,0.17085663974285126,0.5575425028800964,0.18610890209674835,0.49946343898773193,0.17697001993656158,0.4557479918003082,0.16707280278205872,0.48623692989349365,0.17224498093128204,0.4543270468711853,0.150094673037529,0.5094736218452454,0.14554697275161743,0.5126050114631653,0.13578616082668304,0.4683193862438202,0.14420989155769348,0.44458910822868347,0.12656554579734802,0.5148306488990784,0.12809322774410248,0.5120781064033508,0.1063704639673233,0.46302324533462524,0.1146407425403595,0.442767471075058,0.10335027426481247,0.507169783115387,0.10368644446134567,0.5069318413734436,0.08244908601045609,0.4560277462005615,0.08464795351028442,0.45444780588150024,0.07972382009029388,0.49906888604164124,0.08048950135707855,0.5019912719726562,rock,04005,C:/Users/Javier/PIDS_HandPose/work/HAR_mediapipe/data/gestos_pids/train//rock/rock_04005.jpg
0.4988097548484802,0.7243950366973877,0.4441610872745514,0.6851350665092468,0.4056941568851471,0.6166805028915405,0.3844137191772461,0.5634479522705078,0.3736279606819153,0.5202393531799316,0.4344978928565979,0.5287453532218933,0.4012325406074524,0.510666012763977,0.4123765528202057,0.5721893310546875,0.4273967742919922,0.5745505690574646,0.45971471071243286,0.5227950215339661,0.42048341035842896,0.5033762454986572,0.4294990301132202,0.5772367715835571,0.44677504897117615,0.5720462799072266,0.48405295610427856,0.5285435318946838,0.448103666305542,0.5156732201576233,0.4521403908729553,0.5855389833450317,0.46955108642578125,0.5823976397514343,0.5065395832061768,0.5410446524620056,0.4753528833389282,0.5366390347480774,0.473121702671051,0.5833444595336914,0.48763638734817505,0.5834057331085205,rock,04006,C:/Users/Javier/PIDS_HandPose/work/HAR_mediapipe/data/gestos_pids/train//rock/rock_04006.jpg
0.34454846382141113,0.6872949600219727,0.29306259751319885,0.6621469259262085,0.25357237458229065,0.6108733415603638,0.22832262516021729,0.5677058100700378,0.21805709600448608,0.5254175662994385,0.27293285727500916,0.5160143375396729,0.23802626132965088,0.49945253133773804,0.25149452686309814,0.5586816072463989,0.26568490266799927,0.56291264295578,0.2934969961643219,0.5048578977584839,0.2564150094985962,0.4958777129650116,0.27070870995521545,0.5626205205917358,0.2862235903739929,0.556454062461853,0.3170609772205353,0.5009623765945435,0.28194543719291687,0.5049813985824585,0.293670654296875,0.5714397430419922,0.308806836605072,0.5641493201255798,0.34127187728881836,0.5049157738685608,0.3090972304344177,0.5162062048912048,0.3126201331615448,0.5610415935516357,0.326565146446228,0.5572085976600647,rock,04007,C:/Users/Javier/PIDS_HandPose/work/HAR_mediapipe/data/gestos_pids/train//rock/rock_04007.jpg
0.5067826509475708,0.6486591100692749,0.4574095904827118,0.5884464383125305,0.4209989607334137,0.5099813342094421,0.4021950364112854,0.45205584168434143,0.4002424478530884,0.4163794219493866,0.45721274614334106,0.43296018242836,0.4284988045692444,0.4086551070213318,0.42972514033317566,0.4636456072330475,0.4439800977706909,0.46317750215530396,0.48152583837509155,0.43275320529937744,0.4486628472805023,0.4123459458351135,0.4493553638458252,0.47950509190559387,0.465492308139801,0.47566619515419006,0.5050997138023376,0.4419478178024292,0.4723880887031555,0.426957368850708,0.4697784185409546,0.49493277072906494,0.4860001504421234,0.49312078952789307,0.527461051940918,0.45969724655151367,0.4983569383621216,0.44734203815460205,0.49278536438941956,0.4924812316894531,0.50633305311203,0.4966469407081604,rock,04008,C:/Users/Javier/PIDS_HandPose/work/HAR_mediapipe/data/gestos_pids/train//rock/rock_04008.jpg
0.6035975813865662,0.6447467803955078,0.5636661052703857,0.5923662781715393,0.5373225808143616,0.5203731060028076,0.5256701707839966,0.4589672386646271,0.5286414623260498,0.4144055247306824,0.5692833065986633,0.46000295877456665,0.5542008876800537,0.41582241654396057,0.5544424057006836,0.47906094789505005,0.5617498755455017,0.49480140209198,0.5939669013023376,0.4689313471317291,0.5756486058235168,0.4239238500595093,0.5727285146713257,0.49693048000335693,0.5824935436248779,0.5012576580047607,0.6185828447341919,0.48351097106933594,0.5993187427520752,0.4542497396469116,0.5931061506271362,0.5216414332389832,0.6043081283569336,0.5231800675392151,0.6413848400115967,0.5025185346603394,0.6215181946754456,0.4794430732727051,0.6135210990905762,0.5234676599502563,0.6231368184089661,0.5307208895683289,rock,04009,C:/Users/Javier/PIDS_HandPose/work/HAR_mediapipe/data/gestos_pids/train//rock/rock_04009.jpg
0.6277226805686951,0.6682168245315552,0.5847275257110596,0.6128507852554321,0.5562441945075989,0.5438635945320129,0.5434126853942871,0.47990545630455017,0.5444362759590149,0.4324190318584442,0.5815262794494629,0.472965806722641,0.5702594518661499,0.4293762743473053,0.5726969838142395,0.4959760904312134,0.5802042484283447,0.5082921385765076,0.6086646914482117,0.48050957918167114,0.5929360389709473,0.4347497224807739,0.5906327366828918,0.5120348334312439,0.5979676842689514,0.5127333402633667,0.6360438466072083,0.4936210513114929,0.6203120350837708,0.45978519320487976,0.6133710741996765,0.5317249894142151,0.6212594509124756,0.5319288969039917,0.6611831188201904,0.510853111743927,0.6454136371612549,0.4880653917789459,0.6374976634979248,0.5349318981170654,0.6444882750511169,0.5417344570159912,rock,04010,C:/Users/Javier/PIDS_HandPose/work/HAR_mediapipe/data/gestos_pids/train//rock/rock_04010.jpg
0.5330629944801331,0.6465471386909485,0.4916514456272125,0.6002717018127441,0.46006762981414795,0.5358261466026306,0.44403523206710815,0.47878193855285645,0.43695634603500366,0.43491265177726746,0.49249008297920227,0.46654465794563293,0.47286519408226013,0.42641472816467285,0.47118499875068665,0.4817720353603363,0.4802330434322357,0.49756187200546265,0.5169761180877686,0.4688023328781128,0.4939294159412384,0.43261563777923584,0.4901867210865021,0.4985203146934509,0.5014964938163757,0.5055590867996216,0.5416301488876343,0.4777146875858307,0.5191641449928284,0.44687262177467346,0.5117903351783752,0.5110660791397095,0.5233396887779236,0.5198032855987549,0.5654246807098389,0.4941197335720062,0.5440898537635803,0.4661450684070587,0.5340967178344727,0.5093581080436707,0.5422126650810242,0.5226069688796997,rock,04011,C:/Users/Javier/PIDS_HandPose/work/HAR_mediapipe/data/gestos_pids/train//rock/rock_04011.jpg
0.7038069367408752,0.7183551788330078,0.6667459607124329,0.6516927480697632,0.6430498957633972,0.5678926110267639,0.635657548904419,0.49815356731414795,0.6380732655525208,0.44717538356781006,0.6682851910591125,0.4974680542945862,0.6650378108024597,0.4518163204193115,0.6630849838256836,0.5245338082313538,0.6691088080406189,0.53270423412323,0.6994890570640564,0.5125947594642639,0.6910155415534973,0.45914191007614136,0.6815966367721558,0.5437870621681213,0.688027024269104,0.5436823964118958,0.7270976901054382,0.5351345539093018,0.7177397608757019,0.49344101548194885,0.7036641836166382,0.5666714310646057,0.7116549611091614,0.5674331188201904,0.7508534789085388,0.5578203201293945,0.7394780516624451,0.5327231287956238,0.7264633178710938,0.5787540674209595,0.7337996363639832,0.5830821990966797,rock,04012,C:/Users/Javier/PIDS_HandPose/work/HAR_mediapipe/data/gestos_pids/train//rock/rock_04012.jpg
0.6957129240036011,0.6529716849327087,0.646394670009613,0.6191936731338501,0.6065797209739685,0.5583750605583191,0.5868836045265198,0.49841734766960144,0.5787777304649353,0.45094534754753113,0.6272881031036377,0.48143935203552246,0.6077424883842468,0.44328033924102783,0.6161624789237976,0.5080475807189941,0.6272587180137634,0.5189167261123657,0.6545892357826233,0.47848087549209595,0.6317504048347473,0.4383995532989502,0.6379005908966064,0.5187435746192932,0.6487287282943726,0.521411120891571,0.6828286647796631,0.48150065541267395,0.6610310673713684,0.449329137802124,0.6628402471542358,0.5257320404052734,0.674483060836792,0.5300055146217346,0.7105386853218079,0.49038976430892944,0.6893775463104248,0.4654906392097473,0.686139702796936,0.5166681408882141,0.6961091756820679,0.5244166851043701,rock,04013,C:/Users/Javier/PIDS_HandPose/work/HAR_mediapipe/data/gestos_pids/train//rock/rock_04013.jpg
0.2733091711997986,0.4725947976112366,0.31911501288414,0.48789045214653015,0.3716793656349182,0.44058218598365784,0.3993360996246338,0.3815356194972992,0.3938172161579132,0.32791733741760254,0.3676619231700897,0.3474070429801941,0.37898147106170654,0.3002093732357025,0.35974034667015076,0.36525797843933105,0.3523460328578949,0.3890160918235779,0.33790987730026245,0.3275584876537323,0.3486456573009491,0.2782585620880127,0.33323585987091064,0.3606513738632202,0.3308272659778595,0.37843015789985657,0.30599769949913025,0.3180622458457947,0.317577600479126,0.27609768509864807,0.30654197931289673,0.35312679409980774,0.30373162031173706,0.3713657557964325,0.2736995816230774,0.312319278717041,0.28241515159606934,0.2885463833808899,0.27885639667510986,0.34079524874687195,0.2767861783504486,0.35665515065193176,rock,04014,C:/Users/Javier/PIDS_HandPose/work/HAR_mediapipe/data/gestos_pids/train//rock/rock_04014.jpg
0.25303155183792114,0.9091350436210632,0.2935962975025177,0.8880156874656677,0.3311057984828949,0.8217621445655823,0.34642305970191956,0.7610751986503601,0.3371546268463135,0.7187014818191528,0.31176403164863586,0.7404432892799377,0.3204554319381714,0.7026920914649963,0.3128746747970581,0.7670680284500122,0.3070681393146515,0.7841718792915344,0.28287890553474426,0.7337565422058105,0.292074054479599,0.6977784633636475,0.2876329720020294,0.7744010090827942,0.28294312953948975,0.7796167731285095,0.2537081837654114,0.7391360402107239,0.26429709792137146,0.702530562877655,0.26451316475868225,0.7749838829040527,0.2598767876625061,0.7843837738037109,0.2241230458021164,0.7492059469223022,0.23378297686576843,0.7270589470863342,0.23835420608520508,0.7737610936164856,0.23498134315013885,0.7844923138618469,rock,04015,C:/Users/Javier/PIDS_HandPose/work/HAR_mediapipe/data/gestos_pids/train//rock/rock_04015.jpg
0.8935785293579102,0.6981325149536133,0.8456276655197144,0.6741359829902649,0.8064121603965759,0.6071422696113586,0.7858195304870605,0.5422871112823486,0.7777557373046875,0.49490609765052795,0.8210434317588806,0.5278735160827637,0.8095782399177551,0.4845922887325287,0.8188403248786926,0.5495340824127197,0.8246180415153503,0.5559080839157104,0.8503967523574829,0.5234139561653137,0.8352927565574646,0.4741038680076599,0.8398040533065796,0.5580040216445923,0.8455935120582581,0.5539913773536682,0.8798275589942932,0.5276957154273987,0.8675114512443542,0.4916389584541321,0.8673801422119141,0.570438027381897,0.8744986057281494,0.5659663677215576,0.9084025025367737,0.535784125328064,0.8966889381408691,0.517202615737915,0.8931098580360413,0.566756546497345,0.8999287486076355,0.563690721988678,rock,04016,C:/Users/Javier/PIDS_HandPose/work/HAR_mediapipe/data/gestos_pids/train//rock/rock_04016.jpg
0.8870211243629456,0.8857845067977905,0.8387835025787354,0.8468565940856934,0.8009139895439148,0.7789979577064514,0.7813120484352112,0.7156817317008972,0.7766591310501099,0.6689345836639404,0.8231682181358337,0.6933130621910095,0.8081908822059631,0.660070538520813,0.8165535926818848,0.7260132431983948,0.8243269920349121,0.7397472262382507,0.8535709381103516,0.6873375177383423,0.8348323106765747,0.6562924385070801,0.839358925819397,0.7375925183296204,0.8463090062141418,0.7427449226379395,0.8837031722068787,0.692774772644043,0.8658335208892822,0.6745277047157288,0.865516722202301,0.7512556314468384,0.8738959431648254,0.754320502281189,0.9114311337471008,0.7072648406028748,0.8943078517913818,0.6966061592102051,0.889072597026825,0.7490633726119995,0.8964160084724426,0.7550097703933716,rock,04017,C:/Users/Javier/PIDS_HandPose/work/HAR_mediapipe/data/gestos_pids/train//rock/rock_04017.jpg
0.22551727294921875,0.5517528057098389,0.2759284973144531,0.5434801578521729,0.3182580769062042,0.4823262393474579,0.3375822603702545,0.42355775833129883,0.3257814049720764,0.38014769554138184,0.30045878887176514,0.40905365347862244,0.30723822116851807,0.3623327910900116,0.2982233464717865,0.42149895429611206,0.2920815050601959,0.4499320089817047,0.27370503544807434,0.400004118680954,0.2818615138530731,0.34974148869514465,0.27570998668670654,0.42304176092147827,0.27055591344833374,0.44825518131256104,0.24609063565731049,0.39825239777565,0.2551271915435791,0.35211172699928284,0.2533523142337799,0.42223256826400757,0.2499876767396927,0.4486026465892792,0.21783240139484406,0.40106016397476196,0.2261699140071869,0.37196534872055054,0.22833332419395447,0.41877228021621704,0.2265864610671997,0.44194963574409485,rock,04018,C:/Users/Javier/PIDS_HandPose/work/HAR_mediapipe/data/gestos_pids/train//rock/rock_04018.jpg
0.2685910165309906,0.8435307741165161,0.3113529086112976,0.8199670910835266,0.3444613516330719,0.7557727694511414,0.3637109398841858,0.6983433365821838,0.3564837574958801,0.652100682258606,0.32607439160346985,0.6809523701667786,0.33705201745033264,0.6381382942199707,0.32978132367134094,0.698619544506073,0.32132381200790405,0.7205750942230225,0.2993820309638977,0.6740471720695496,0.3111220896244049,0.6281688213348389,0.3067186772823334,0.700011134147644,0.2997123897075653,0.7144003510475159,0.27179697155952454,0.6786733269691467,0.285115122795105,0.6320096850395203,0.28497573733329773,0.700542151927948,0.27817249298095703,0.7152035236358643,0.24302804470062256,0.6876630783081055,0.2562939524650574,0.6574004292488098,0.25971609354019165,0.7001738548278809,0.25441405177116394,0.7120192050933838,rock,04019,C:/Users/Javier/PIDS_HandPose/work/HAR_mediapipe/data/gestos_pids/train//rock/rock_04019.jpg
0.2806392312049866,0.8588986396789551,0.322770357131958,0.8395346403121948,0.3580783009529114,0.7779890298843384,0.37758204340934753,0.7275539636611938,0.37535184621810913,0.6871680021286011,0.34356045722961426,0.7045468091964722,0.35612985491752625,0.6637523174285889,0.3479282855987549,0.7217211127281189,0.3390897810459137,0.7454396486282349,0.31835225224494934,0.6966660618782043,0.3315626382827759,0.6531878709793091,0.3254326283931732,0.7222610116004944,0.3169541656970978,0.7384533882141113,0.2910071015357971,0.6993308067321777,0.30484145879745483,0.6538890600204468,0.30344048142433167,0.7218461632728577,0.29650208353996277,0.7383925914764404,0.2616516351699829,0.707105278968811,0.27608543634414673,0.6764229536056519,0.2799917459487915,0.7193223237991333,0.27512282133102417,0.7328585982322693,rock,04020,C:/Users/Javier/PIDS_HandPose/work/HAR_mediapipe/data/gestos_pids/train//rock/rock_04020.jpg
0.2636016309261322,0.8827879428863525,0.3064808249473572,0.8513311743736267,0.3398049771785736,0.7795151472091675,0.3578221797943115,0.728075385093689,0.35568270087242126,0.6955646872520447,0.32058554887771606,0.7117395997047424,0.33702555298805237,0.6834728717803955,0.3255656659603119,0.7458851337432861,0.31626200675964355,0.7490413188934326,0.29114097356796265,0.7071251273155212,0.30949801206588745,0.6769337058067322,0.3035944402217865,0.7498708367347717,0.2966929078102112,0.7454034090042114,0.26335644721984863,0.7164331078529358,0.2828867733478546,0.6784171462059021,0.28246235847473145,0.7503242492675781,0.2726505398750305,0.7525960803031921,0.23701249063014984,0.7262479066848755,0.2552123963832855,0.7053709030151367,0.25941139459609985,0.7504138350486755,0.2514777183532715,0.7555235624313354,rock,04021,C:/Users/Javier/PIDS_HandPose/work/HAR_mediapipe/data/gestos_pids/train//rock/rock_04021.jpg
0.7409150004386902,0.7347754240036011,0.706505298614502,0.6524863839149475,0.6977333426475525,0.5690670013427734,0.6991000175476074,0.5165536403656006,0.7031084299087524,0.4821496605873108,0.7586701512336731,0.49498409032821655,0.6946620345115662,0.46323731541633606,0.6850101351737976,0.5156716108322144,0.6989338397979736,0.5387189388275146,0.7701770663261414,0.5053930282592773,0.6943698525428772,0.4808986783027649,0.6939454078674316,0.5409413576126099,0.71346515417099,0.5613740086555481,0.7721417546272278,0.528178870677948,0.702100932598114,0.5142754912376404,0.7016620635986328,0.5691681504249573,0.7197489738464355,0.5839572548866272,0.7684465050697327,0.5565885305404663,0.7144073247909546,0.5495776534080505,0.7133047580718994,0.5865411758422852,0.7282257676124573,0.601132333278656,rock,04022,C:/Users/Javier/PIDS_HandPose/work/HAR_mediapipe/data/gestos_pids/train//rock/rock_04022.jpg
0.7535718083381653,0.7389078736305237,0.7702142000198364,0.6608695387840271,0.7686346173286438,0.5856775641441345,0.7536109685897827,0.5313696265220642,0.7330365777015686,0.511451005935669,0.7918473482131958,0.5262688398361206,0.7423551082611084,0.47317177057266235,0.7327175736427307,0.5071027278900146,0.7435044646263123,0.5290152430534363,0.7771464586257935,0.5424513220787048,0.7201734185218811,0.4835473299026489,0.7167210578918457,0.5229200124740601,0.7303177118301392,0.5463454723358154,0.7566118240356445,0.5638831853866577,0.7028992772102356,0.5206522941589355,0.7044062614440918,0.5589454770088196,0.7204245328903198,0.5786288380622864,0.7354415655136108,0.5901990532875061,0.6962394118309021,0.5632824301719666,0.6992103457450867,0.5936092734336853,0.7133220434188843,0.6099237203598022,rock,04023,C:/Users/Javier/PIDS_HandPose/work/HAR_mediapipe/data/gestos_pids/train//rock/rock_04023.jpg
0.2593367397785187,0.8616744875907898,0.2284858524799347,0.7854423522949219,0.21519985795021057,0.7117815613746643,0.21896351873874664,0.6510431170463562,0.23257231712341309,0.6233087778091431,0.21149444580078125,0.6610093712806702,0.24119685590267181,0.5939964652061462,0.2501752972602844,0.6207494735717773,0.24691475927829742,0.6509985327720642,0.2399452179670334,0.6659499406814575,0.26714107394218445,0.5998691916465759,0.27199670672416687,0.6305617690086365,0.2664250135421753,0.6608226895332336,0.27139443159103394,0.6809386014938354,0.29159724712371826,0.6196963787078857,0.29343751072883606,0.6509947180747986,0.2875770628452301,0.6802651882171631,0.3004244565963745,0.7040387392044067,0.3110477328300476,0.6614827513694763,0.3090626895427704,0.6871589422225952,0.3049390912055969,0.7121460437774658,rock,04024,C:/Users/Javier/PIDS_HandPose/work/HAR_mediapipe/data/gestos_pids/train//rock/rock_04024.jpg
0.7181015014648438,0.9458740949630737,0.7556294202804565,0.8795545101165771,0.7783552408218384,0.7941115498542786,0.7804822325706482,0.7168868184089661,0.761445164680481,0.6788532137870789,0.7683272361755371,0.7593970894813538,0.7426320314407349,0.6715511083602905,0.7332072257995605,0.6998644471168518,0.7368300557136536,0.7301088571548462,0.7393540740013123,0.7709452509880066,0.7137329578399658,0.6832390427589417,0.7095783948898315,0.7150804400444031,0.714867889881134,0.7457810044288635,0.7101052403450012,0.7873974442481995,0.6882869005203247,0.7159894704818726,0.6885886192321777,0.7467396855354309,0.6959298253059387,0.7750283479690552,0.6822032928466797,0.8069411516189575,0.6697303056716919,0.7475892901420593,0.6706053018569946,0.7733802795410156,0.6756001114845276,0.7984381914138794,rock,04025,C:/Users/Javier/PIDS_HandPose/work/HAR_mediapipe/data/gestos_pids/train//rock/rock_04025.jpg
0.2765127718448639,0.6566166877746582,0.25772708654403687,0.5744999647140503,0.2619207501411438,0.5079731941223145,0.2876518666744232,0.47413477301597595,0.3127470910549164,0.47544214129447937,0.2671324908733368,0.43277594447135925,0.30660247802734375,0.41380682587623596,0.3102993071079254,0.45282384753227234,0.30324462056159973,0.48066914081573486,0.2935478091239929,0.4388105273246765,0.33013710379600525,0.43013671040534973,0.32743868231773376,0.46847981214523315,0.316812664270401,0.4908371865749359,0.3197319209575653,0.4620133340358734,0.34865885972976685,0.4538632333278656,0.34299761056900024,0.4872242212295532,0.3309636414051056,0.5087938904762268,0.3429103195667267,0.49462446570396423,0.357700377702713,0.49408507347106934,0.35127997398376465,0.522262454032898,0.34215879440307617,0.541746199131012,rock,04026,C:/Users/Javier/PIDS_HandPose/work/HAR_mediapipe/data/gestos_pids/train//rock/rock_04026.jpg
0.6020789742469788,0.7753773927688599,0.635802686214447,0.6987802982330322,0.6373865604400635,0.6260566115379333,0.6196054220199585,0.5917688608169556,0.5950542092323303,0.5866284370422363,0.6361950039863586,0.5683814883232117,0.614369809627533,0.5276895761489868,0.6091291308403015,0.5607326030731201,0.614089846611023,0.5887197852134705,0.6045027375221252,0.5705318450927734,0.5874156951904297,0.5392827391624451,0.5839446783065796,0.5729374289512634,0.5885921716690063,0.6022878885269165,0.5734845399856567,0.5897713303565979,0.5617730617523193,0.574326753616333,0.5626587271690369,0.6053048372268677,0.5683697462081909,0.6281177997589111,0.5456715226173401,0.616389274597168,0.5415999293327332,0.6090872287750244,0.5441317558288574,0.637432873249054,0.5491189956665039,0.6573914885520935,rock,04027,C:/Users/Javier/PIDS_HandPose/work/HAR_mediapipe/data/gestos_pids/train//rock/rock_04027.jpg
0.6219524145126343,0.9258987903594971,0.5925536751747131,0.8163908123970032,0.5913364887237549,0.7067269682884216,0.6046877503395081,0.6431027054786682,0.6215512156486511,0.6541325449943542,0.6691399812698364,0.7036013007164001,0.6337591409683228,0.6612493395805359,0.6135290861129761,0.6904918551445007,0.6097118258476257,0.7191282510757446,0.6945536732673645,0.7464746832847595,0.6581540703773499,0.7022726535797119,0.6374129056930542,0.7227657437324524,0.632095992565155,0.7535980343818665,0.7061136960983276,0.7944848537445068,0.6778692603111267,0.7485149502754211,0.6598674654960632,0.7659222483634949,0.6511985659599304,0.7961405515670776,0.7098941802978516,0.8367037773132324,0.6910021305084229,0.795846700668335,0.6738629937171936,0.8089274168014526,0.6657873392105103,0.8338791131973267,rock,04028,C:/Users/Javier/PIDS_HandPose/work/HAR_mediapipe/data/gestos_pids/train//rock/rock_04028.jpg
0.6954911947250366,0.8893500566482544,0.6831926107406616,0.7784835696220398,0.6970857381820679,0.6918115019798279,0.7216240763664246,0.6445319056510925,0.7328396439552307,0.6544682383537292,0.7747633457183838,0.724264919757843,0.7600359320640564,0.6934348940849304,0.7385936975479126,0.7045173645019531,0.7259840369224548,0.7241004109382629,0.7908719182014465,0.7797684073448181,0.7726330757141113,0.7394041419029236,0.7518107891082764,0.7440615296363831,0.7398730516433716,0.7664162516593933,0.7920172810554504,0.8309930562973022,0.782067060470581,0.789974570274353,0.7643734216690063,0.7947648167610168,0.7500991225242615,0.81415855884552,0.7862597703933716,0.8771256804466248,0.7828409075737,0.8430964350700378,0.7673473358154297,0.8434611558914185,0.7539712190628052,0.8554955124855042,rock,04029,C:/Users/Javier/PIDS_HandPose/work/HAR_mediapipe/data/gestos_pids/train//rock/rock_04029.jpg
0.7173803448677063,0.6208248138427734,0.7081778645515442,0.5306942462921143,0.7164995670318604,0.4557713270187378,0.7335715293884277,0.4335452616214752,0.7438658475875854,0.45841994881629944,0.7895671129226685,0.47284963726997375,0.7735502123832703,0.4738050699234009,0.7593101263046265,0.4873640537261963,0.749802827835083,0.5002577304840088,0.8041046261787415,0.5256862640380859,0.7865990996360779,0.5175103545188904,0.7716395258903503,0.5238308906555176,0.7604115009307861,0.53804612159729,0.8051115870475769,0.5789092183113098,0.7897467017173767,0.5630509257316589,0.7753263711929321,0.5694059729576111,0.7627645134925842,0.5803789496421814,0.7986370921134949,0.6271743178367615,0.7852855920791626,0.6161812543869019,0.7711919546127319,0.6169041991233826,0.7595198750495911,0.6205176711082458,rock,04030,C:/Users/Javier/PIDS_HandPose/work/HAR_mediapipe/data/gestos_pids/train//rock/rock_04030.jpg
0.7441001534461975,0.7472384572029114,0.7423506379127502,0.6774479150772095,0.7231205105781555,0.6122469902038574,0.6949639320373535,0.5822280645370483,0.6715871095657349,0.5827663540840149,0.7195364832878113,0.5667053461074829,0.6707855463027954,0.5459042191505432,0.668630838394165,0.5763649344444275,0.6817707419395447,0.5898606181144714,0.7116094827651978,0.591241180896759,0.6592021584510803,0.5726809501647949,0.6636719107627869,0.6036754250526428,0.6779124736785889,0.6148678064346313,0.7022101879119873,0.6252195835113525,0.6551071405410767,0.618111252784729,0.663523256778717,0.6459560394287109,0.6790542602539062,0.6520004868507385,0.6930938959121704,0.665036141872406,0.6589328646659851,0.6601624488830566,0.6676563620567322,0.6807337403297424,0.6812828779220581,0.688032865524292,rock,04031,C:/Users/Javier/PIDS_HandPose/work/HAR_mediapipe/data/gestos_pids/train//rock/rock_04031.jpg
0.2824510335922241,0.5142134428024292,0.2863945960998535,0.43179577589035034,0.30427753925323486,0.37688612937927246,0.33184394240379333,0.3614429831504822,0.3531929850578308,0.37669727206230164,0.3213113248348236,0.3088798522949219,0.36937108635902405,0.3288841247558594,0.366023451089859,0.36439064145088196,0.3529832661151886,0.37817540764808655,0.3371117115020752,0.3283698856830597,0.3873240351676941,0.35096609592437744,0.37878820300102234,0.385358065366745,0.36246711015701294,0.39464232325553894,0.3516849875450134,0.36334896087646484,0.39641860127449036,0.38249409198760986,0.38581719994544983,0.4125974774360657,0.36938467621803284,0.4201507270336151,0.36387941241264343,0.4074554741382599,0.394199937582016,0.42580342292785645,0.3825196921825409,0.4490639269351959,0.36773237586021423,0.4548324942588806,rock,04032,C:/Users/Javier/PIDS_HandPose/work/HAR_mediapipe/data/gestos_pids/train//rock/rock_04032.jpg
0.28971266746520996,0.5003543496131897,0.3248230218887329,0.5267853140830994,0.3709337115287781,0.4776118993759155,0.39301496744155884,0.43145498633384705,0.3943856358528137,0.396226704120636,0.3671478033065796,0.3923075497150421,0.38256609439849854,0.3675321042537689,0.3670029938220978,0.4211752414703369,0.35363176465034485,0.44341662526130676,0.34389200806617737,0.37443915009498596,0.3585880696773529,0.3544313311576843,0.3448692858219147,0.4191070795059204,0.33506348729133606,0.43613070249557495,0.3193911910057068,0.36633390188217163,0.334316611289978,0.3521873652935028,0.32409077882766724,0.4146426320075989,0.3157206177711487,0.4324398338794708,0.29512742161750793,0.36298584938049316,0.3101156949996948,0.3608977496623993,0.3031969666481018,0.4054320156574249,0.29537445306777954,0.4202798008918762,rock,04033,C:/Users/Javier/PIDS_HandPose/work/HAR_mediapipe/data/gestos_pids/train//rock/rock_04033.jpg
0.27164703607559204,0.3885806202888489,0.30208730697631836,0.4237630367279053,0.3582848310470581,0.40210583806037903,0.3864864110946655,0.35571491718292236,0.38035163283348083,0.31064337491989136,0.365042507648468,0.32602208852767944,0.37500935792922974,0.2938743531703949,0.3470059633255005,0.3418039381504059,0.3435547947883606,0.346341609954834,0.3381786644458771,0.29395389556884766,0.35236772894859314,0.2690538763999939,0.32632768154144287,0.332893431186676,0.3294464647769928,0.33240097761154175,0.31273937225341797,0.2762519121170044,0.3260793089866638,0.2500617504119873,0.30721545219421387,0.309859961271286,0.307649165391922,0.31286561489105225,0.29469168186187744,0.25442540645599365,0.2972230017185211,0.2467614710330963,0.28513088822364807,0.2880241572856903,0.28540319204330444,0.29295510053634644,rock,04034,C:/Users/Javier/PIDS_HandPose/work/HAR_mediapipe/data/gestos_pids/train//rock/rock_04034.jpg
0.7193196415901184,0.6085617542266846,0.670883297920227,0.5887737274169922,0.6251702308654785,0.5513313412666321,0.5982293486595154,0.5092462301254272,0.6001476049423218,0.469610333442688,0.6375165581703186,0.46344828605651855,0.6137639880180359,0.44577571749687195,0.6296286582946777,0.4981297254562378,0.6402937769889832,0.4978179633617401,0.662489116191864,0.44854557514190674,0.6356045007705688,0.42620089650154114,0.6504330039024353,0.49386611580848694,0.6598828434944153,0.4886242747306824,0.689916729927063,0.4402911067008972,0.6653382778167725,0.4219959080219269,0.6744935512542725,0.48944640159606934,0.6853669285774231,0.4848131537437439,0.7160817980766296,0.44082799553871155,0.6942956447601318,0.4278581440448761,0.6955189108848572,0.47534894943237305,0.7055914402008057,0.4759557247161865,rock,04035,C:/Users/Javier/PIDS_HandPose/work/HAR_mediapipe/data/gestos_pids/train//rock/rock_04035.jpg
0.7236931920051575,0.4017459750175476,0.6730300188064575,0.3896327614784241,0.6249872446060181,0.3579407036304474,0.5952812433242798,0.3163127303123474,0.5922353863716125,0.2745647132396698,0.6318492889404297,0.26915785670280457,0.6082189083099365,0.24283036589622498,0.6253508925437927,0.30242666602134705,0.6373391151428223,0.3080300986766815,0.65629643201828,0.2529318332672119,0.6311476826667786,0.2240118384361267,0.6485437154769897,0.29642337560653687,0.6589975357055664,0.29578524827957153,0.6835425496101379,0.23929756879806519,0.6599273681640625,0.21338032186031342,0.6726000308990479,0.2871987819671631,0.6839904189109802,0.286979079246521,0.7121718525886536,0.23270882666110992,0.6901772618293762,0.21641020476818085,0.6938157081604004,0.2690023183822632,0.7038993835449219,0.2734251618385315,rock,04036,C:/Users/Javier/PIDS_HandPose/work/HAR_mediapipe/data/gestos_pids/train//rock/rock_04036.jpg
0.909447968006134,0.44491878151893616,0.8707577586174011,0.4210963547229767,0.8323487043380737,0.3796762228012085,0.8137474060058594,0.3286161422729492,0.8232726454734802,0.29182976484298706,0.8438885807991028,0.3066393733024597,0.8386193513870239,0.27235856652259827,0.8474434614181519,0.3316953182220459,0.8485512733459473,0.3369685113430023,0.8671534657478333,0.2982601523399353,0.860516369342804,0.25860369205474854,0.8671467900276184,0.32935622334480286,0.8662505149841309,0.3290163576602936,0.8921728730201721,0.2983410060405731,0.8885936141014099,0.2625313401222229,0.8907621502876282,0.328012615442276,0.8894332051277161,0.33271291851997375,0.9144989848136902,0.3016490638256073,0.9132992625236511,0.2792344093322754,0.910196840763092,0.32402855157852173,0.9084277749061584,0.3307889997959137,rock,04037,C:/Users/Javier/PIDS_HandPose/work/HAR_mediapipe/data/gestos_pids/train//rock/rock_04037.jpg
0.6069515943527222,0.35667553544044495,0.561683714389801,0.36867111921310425,0.5098411440849304,0.343769907951355,0.48122432827949524,0.2987913489341736,0.4765348732471466,0.2537291646003723,0.5167340040206909,0.25551164150238037,0.49168989062309265,0.22981004416942596,0.5085884928703308,0.28330206871032715,0.5215080380439758,0.29107385873794556,0.5391303300857544,0.23646380007266998,0.5123261213302612,0.2067178338766098,0.5308216214179993,0.27319565415382385,0.543398380279541,0.2777450382709503,0.5638267993927002,0.21928909420967102,0.5375714898109436,0.19161495566368103,0.5534647107124329,0.25989192724227905,0.5665466785430908,0.26653778553009033,0.591820240020752,0.206983745098114,0.5654852986335754,0.1893642246723175,0.5733239054679871,0.24001829326152802,0.5852789878845215,0.24893271923065186,rock,04038,C:/Users/Javier/PIDS_HandPose/work/HAR_mediapipe/data/gestos_pids/train//rock/rock_04038.jpg
0.35619983077049255,0.33361029624938965,0.3193405866622925,0.3735358715057373,0.2788403630256653,0.3828151226043701,0.25162437558174133,0.36274629831314087,0.23972448706626892,0.3309263586997986,0.27019184827804565,0.3069368898868561,0.24331258237361908,0.3035413324832916,0.2660944163799286,0.33529943227767944,0.28189828991889954,0.33742332458496094,0.2822585701942444,0.27941223978996277,0.25316470861434937,0.27175694704055786,0.2809540033340454,0.314182311296463,0.2979535758495331,0.3123750686645508,0.29692643880844116,0.25009971857070923,0.26885780692100525,0.2468043863773346,0.29481828212738037,0.29199135303497314,0.3114966154098511,0.28952306509017944,0.3166578412055969,0.22205795347690582,0.28808489441871643,0.21985073387622833,0.3040463924407959,0.25706946849823,0.31940171122550964,0.26115739345550537,rock,04039,C:/Users/Javier/PIDS_HandPose/work/HAR_mediapipe/data/gestos_pids/train//rock/rock_04039.jpg
0.20781037211418152,0.8836905360221863,0.2546045780181885,0.8507450222969055,0.28844207525253296,0.7854272723197937,0.3067939877510071,0.736002504825592,0.30670490860939026,0.6998549699783325,0.26505008339881897,0.6976044178009033,0.2727357745170593,0.6556028127670288,0.27571043372154236,0.7252821922302246,0.27359825372695923,0.7668555974960327,0.2310626208782196,0.6982534527778625,0.2397930920124054,0.6584514379501343,0.2463054358959198,0.7380557060241699,0.2434939444065094,0.7700297236442566,0.19641920924186707,0.7132265567779541,0.2067916989326477,0.6722310185432434,0.21708045899868011,0.7490639686584473,0.21658551692962646,0.7806817889213562,0.16163021326065063,0.7380867600440979,0.17247751355171204,0.7161615490913391,0.185779869556427,0.7675579786300659,0.18746158480644226,0.794732928276062,rock,04040,C:/Users/Javier/PIDS_HandPose/work/HAR_mediapipe/data/gestos_pids/train//rock/rock_04040.jpg
0.22088463604450226,0.4025737941265106,0.26948338747024536,0.42074453830718994,0.3206476867198944,0.36911582946777344,0.3471153974533081,0.3133542537689209,0.34023499488830566,0.2650377154350281,0.3167322874069214,0.2858993113040924,0.3250136375427246,0.24310168623924255,0.3051685094833374,0.30350354313850403,0.2998462915420532,0.3161264955997467,0.28632670640945435,0.2633422315120697,0.29648521542549133,0.22585412859916687,0.27964431047439575,0.3025711476802826,0.2802295684814453,0.3049158453941345,0.256107896566391,0.25375252962112427,0.2667931020259857,0.22029346227645874,0.25597360730171204,0.29324018955230713,0.2545296251773834,0.2982322573661804,0.22934748232364655,0.24566486477851868,0.23641237616539001,0.23332259058952332,0.2313235104084015,0.28074556589126587,0.22862514853477478,0.28662630915641785,rock,04041,C:/Users/Javier/PIDS_HandPose/work/HAR_mediapipe/data/gestos_pids/train//rock/rock_04041.jpg
0.295754611492157,0.42295634746551514,0.3323744237422943,0.4579992890357971,0.3856225609779358,0.43013912439346313,0.41494157910346985,0.3826456367969513,0.4163811206817627,0.33452296257019043,0.38992446660995483,0.3552775979042053,0.4015876054763794,0.31801342964172363,0.3780427873134613,0.3668941259384155,0.3703719973564148,0.38189631700515747,0.36563122272491455,0.3248603343963623,0.379978746175766,0.2892356812953949,0.3567548096179962,0.3552413880825043,0.3546240031719208,0.3645099699497223,0.33896762132644653,0.3056420683860779,0.35407984256744385,0.27075135707855225,0.3354594111442566,0.33674395084381104,0.33206087350845337,0.34843799471855164,0.3134882152080536,0.28735944628715515,0.32174456119537354,0.2728586494922638,0.3111304044723511,0.3179624676704407,0.30737683176994324,0.3277491331100464,rock,04042,C:/Users/Javier/PIDS_HandPose/work/HAR_mediapipe/data/gestos_pids/train//rock/rock_04042.jpg
0.7759193181991577,0.9573541283607483,0.7339709997177124,0.904077410697937,0.7100213766098022,0.8250442743301392,0.7004079222679138,0.7673426866531372,0.7032164335250854,0.730594277381897,0.7525664567947388,0.7572486400604248,0.7239515781402588,0.7258616089820862,0.7226199507713318,0.7855761647224426,0.7341619729995728,0.8005059957504272,0.7727965712547302,0.7650656700134277,0.7387245297431946,0.7343777418136597,0.7347056269645691,0.8053609132766724,0.7504703998565674,0.8127153515815735,0.7920337915420532,0.7823507785797119,0.7595945596694946,0.7593187093734741,0.7516432404518127,0.8242544531822205,0.7668543457984924,0.8321394920349121,0.8086856603622437,0.8085540533065796,0.7792075276374817,0.790094256401062,0.7703517079353333,0.8304978013038635,0.7827243208885193,0.8402081727981567,rock,04043,C:/Users/Javier/PIDS_HandPose/work/HAR_mediapipe/data/gestos_pids/train//rock/rock_04043.jpg
0.1966104358434677,0.3669917583465576,0.24458953738212585,0.37217092514038086,0.29464995861053467,0.31320786476135254,0.31498634815216064,0.25023508071899414,0.3008212149143219,0.20386260747909546,0.2845211923122406,0.2233426719903946,0.2851952016353607,0.17434965074062347,0.27209505438804626,0.2402573525905609,0.2708006799221039,0.2666982114315033,0.2543744146823883,0.20787402987480164,0.25622472167015076,0.15979227423667908,0.2477688491344452,0.23969726264476776,0.25161102414131165,0.25406214594841003,0.22394895553588867,0.20227473974227905,0.22777923941612244,0.15658614039421082,0.22267673909664154,0.2319095879793167,0.22513896226882935,0.2512606680393219,0.19484838843345642,0.20154231786727905,0.19678813219070435,0.1775502860546112,0.19593772292137146,0.2267604023218155,0.19796247780323029,0.24231646955013275,rock,04044,C:/Users/Javier/PIDS_HandPose/work/HAR_mediapipe/data/gestos_pids/train//rock/rock_04044.jpg
0.21849271655082703,0.36041945219039917,0.2603222727775574,0.38861018419265747,0.31594371795654297,0.34733638167381287,0.34041452407836914,0.2857504189014435,0.32686856389045715,0.2390177845954895,0.3150745928287506,0.2587811052799225,0.3191029727458954,0.21391497552394867,0.2980852425098419,0.27518537640571594,0.29415959119796753,0.29481613636016846,0.2849979102611542,0.23613899946212769,0.29266583919525146,0.1959008276462555,0.2749669551849365,0.2720344662666321,0.27780425548553467,0.28041043877601624,0.2563863694667816,0.22458767890930176,0.26341313123703003,0.1893267035484314,0.2513997256755829,0.2575454115867615,0.25210097432136536,0.270254909992218,0.2320021688938141,0.21281972527503967,0.23468171060085297,0.19591474533081055,0.22786229848861694,0.24136027693748474,0.22892522811889648,0.25176501274108887,rock,04045,C:/Users/Javier/PIDS_HandPose/work/HAR_mediapipe/data/gestos_pids/train//rock/rock_04045.jpg
0.8216882944107056,0.9337654113769531,0.7884101867675781,0.8764302134513855,0.7672294974327087,0.8028915524482727,0.7571269273757935,0.7497338056564331,0.7584059834480286,0.7112780213356018,0.8263989090919495,0.7405410408973694,0.7888987064361572,0.7202457785606384,0.7832987904548645,0.7688589692115784,0.7955890893936157,0.7842954993247986,0.8496446013450623,0.7492184638977051,0.7999048829078674,0.7397399544715881,0.7945010662078857,0.7974343299865723,0.8111746907234192,0.8054656386375427,0.8657359480857849,0.7713775038719177,0.8173072338104248,0.7698871493339539,0.8116793036460876,0.8222770690917969,0.8290328979492188,0.8290536999702454,0.8772485256195068,0.8032671213150024,0.8365013599395752,0.8016130924224854,0.8284759521484375,0.835556149482727,0.8407593369483948,0.8433670997619629,rock,04046,C:/Users/Javier/PIDS_HandPose/work/HAR_mediapipe/data/gestos_pids/train//rock/rock_04046.jpg
0.8193706274032593,0.934525191783905,0.7895685434341431,0.8827415704727173,0.7667320370674133,0.807263195514679,0.7534250617027283,0.7516337633132935,0.7552303075790405,0.7158286571502686,0.8261898159980774,0.7347387671470642,0.7788251638412476,0.7237292528152466,0.7742881178855896,0.7709273099899292,0.7869683504104614,0.7878832221031189,0.8495423793792725,0.7455273866653442,0.7901333570480347,0.7487411499023438,0.7890565991401672,0.8029053211212158,0.8052838444709778,0.8151553869247437,0.8633840680122375,0.7708790898323059,0.8071871995925903,0.7798098921775818,0.8064541220664978,0.8305185437202454,0.8228424787521362,0.8407338261604309,0.871029257774353,0.806896448135376,0.8281203508377075,0.8145935535430908,0.8244011402130127,0.8468114137649536,0.8364280462265015,0.8550769090652466,rock,04047,C:/Users/Javier/PIDS_HandPose/work/HAR_mediapipe/data/gestos_pids/train//rock/rock_04047.jpg
0.22349798679351807,0.4233402609825134,0.2657361626625061,0.43248072266578674,0.3181026577949524,0.40184876322746277,0.3414514660835266,0.35929805040359497,0.3362397253513336,0.31607872247695923,0.31739047169685364,0.2784229516983032,0.317242830991745,0.30249372124671936,0.29927772283554077,0.3521541357040405,0.29412972927093506,0.3476938307285309,0.2892083525657654,0.24786166846752167,0.28493019938468933,0.28151410818099976,0.27059832215309143,0.3465062975883484,0.27426877617836,0.3369459807872772,0.25707006454467773,0.24000999331474304,0.2547414004802704,0.268401175737381,0.24572816491127014,0.3292156457901001,0.249628484249115,0.3244127333164215,0.2265981286764145,0.2417374551296234,0.2240898162126541,0.2659664750099182,0.22158479690551758,0.30724895000457764,0.22356253862380981,0.3064222037792206,rock,04048,C:/Users/Javier/PIDS_HandPose/work/HAR_mediapipe/data/gestos_pids/train//rock/rock_04048.jpg
0.22385689616203308,0.4248383641242981,0.26305240392684937,0.43472105264663696,0.31429335474967957,0.4059600830078125,0.3404167890548706,0.36605018377304077,0.33951640129089355,0.3196646571159363,0.3214039206504822,0.29090625047683716,0.3185374140739441,0.2991923689842224,0.298084020614624,0.3517376184463501,0.29521000385284424,0.34603455662727356,0.2925253212451935,0.25831857323646545,0.28869447112083435,0.274094820022583,0.2710226774215698,0.3417987823486328,0.27514466643333435,0.33073511719703674,0.25994250178337097,0.24869093298912048,0.2586234211921692,0.25827428698539734,0.24732577800750732,0.320546418428421,0.24986204504966736,0.31436994671821594,0.2304854393005371,0.24363216757774353,0.22643017768859863,0.25705796480178833,0.22277992963790894,0.29953494668006897,0.2248125970363617,0.3001796305179596,rock,04049,C:/Users/Javier/PIDS_HandPose/work/HAR_mediapipe/data/gestos_pids/train//rock/rock_04049.jpg
0.239436075091362,0.4804733991622925,0.2933334410190582,0.47305387258529663,0.33819589018821716,0.4294985234737396,0.36091578006744385,0.3934837579727173,0.36875879764556885,0.35980966687202454,0.32647526264190674,0.292666494846344,0.35188931226730347,0.3466756045818329,0.33648350834846497,0.39598798751831055,0.3232329487800598,0.3897402882575989,0.2973441481590271,0.27729523181915283,0.32349929213523865,0.3443312644958496,0.31085655093193054,0.3969736397266388,0.3009607791900635,0.3817662000656128,0.26603755354881287,0.28689777851104736,0.290344774723053,0.34589317440986633,0.28393974900245667,0.39873817563056946,0.27606481313705444,0.388925164937973,0.23671597242355347,0.3071413040161133,0.25770333409309387,0.35402292013168335,0.25815096497535706,0.3922732472419739,0.2515464425086975,0.3889007866382599,rock,04050,C:/Users/Javier/PIDS_HandPose/work/HAR_mediapipe/data/gestos_pids/train//rock/rock_04050.jpg
0.27755260467529297,0.6234078407287598,0.32331326603889465,0.5705422759056091,0.3480018973350525,0.5057511925697327,0.3647356927394867,0.4609394967556,0.3826848864555359,0.4287375509738922,0.3180886507034302,0.3891434073448181,0.3783647418022156,0.41701534390449524,0.366632878780365,0.4538789689540863,0.34837624430656433,0.45401495695114136,0.3034626543521881,0.4033590853214264,0.37218397855758667,0.4344298541545868,0.3580090403556824,0.4711541533470154,0.3391268849372864,0.47105345129966736,0.294076532125473,0.43623000383377075,0.36031365394592285,0.4653838574886322,0.34762299060821533,0.5009499788284302,0.33011263608932495,0.49999046325683594,0.28882285952568054,0.48129576444625854,0.3428935408592224,0.5088597536087036,0.3320392072200775,0.5360005497932434,0.31478631496429443,0.5328457355499268,rock,04051,C:/Users/Javier/PIDS_HandPose/work/HAR_mediapipe/data/gestos_pids/train//rock/rock_04051.jpg
0.8361365795135498,0.9640876054763794,0.8565321564674377,0.8882884979248047,0.8568059206008911,0.7976654767990112,0.8444751501083374,0.7247092723846436,0.8356204628944397,0.679832935333252,0.8778459429740906,0.7656115889549255,0.8344117403030396,0.6968269348144531,0.8232633471488953,0.7275815010070801,0.8320574760437012,0.7499132752418518,0.8602460622787476,0.7786432504653931,0.810837984085083,0.7128133773803711,0.8063129186630249,0.7491782903671265,0.8159689903259277,0.7708408236503601,0.8362670540809631,0.7965242862701416,0.7905121445655823,0.745097815990448,0.7904567718505859,0.7809572815895081,0.8025258183479309,0.8006737232208252,0.8108789324760437,0.8182323575019836,0.7787545919418335,0.7828208208084106,0.7797467112541199,0.8112415671348572,0.7895102500915527,0.8280153870582581,rock,04052,C:/Users/Javier/PIDS_HandPose/work/HAR_mediapipe/data/gestos_pids/train//rock/rock_04052.jpg
0.2585103213787079,0.7308518290519714,0.24145883321762085,0.6411906480789185,0.2417217195034027,0.5564213395118713,0.2619398832321167,0.4927535057067871,0.2853434085845947,0.4691203832626343,0.24226273596286774,0.5053028464317322,0.287874311208725,0.4526304602622986,0.29087427258491516,0.48899614810943604,0.28016388416290283,0.5143638849258423,0.26794058084487915,0.5266129970550537,0.31151649355888367,0.4751088619232178,0.3106301426887512,0.5120930671691895,0.29807189106941223,0.5346918702125549,0.2961917519569397,0.5576282143592834,0.3326548933982849,0.5074825882911682,0.3284633457660675,0.5423752665519714,0.3157716393470764,0.5653323531150818,0.3219376802444458,0.594748318195343,0.3455975651741028,0.5579319000244141,0.33765581250190735,0.5860781669616699,0.3272024095058441,0.6075515747070312,rock,04053,C:/Users/Javier/PIDS_HandPose/work/HAR_mediapipe/data/gestos_pids/train//rock/rock_04053.jpg
0.6904458999633789,0.8287041783332825,0.7228705883026123,0.7457246780395508,0.7292933464050293,0.6829813718795776,0.7202125191688538,0.6395383477210999,0.7007831335067749,0.6192858815193176,0.7234781980514526,0.6166033744812012,0.7131726145744324,0.5714161992073059,0.7098034620285034,0.6051743626594543,0.7121873497962952,0.6323782205581665,0.690770149230957,0.6205106973648071,0.6879813075065613,0.5880747437477112,0.6871588826179504,0.6200267672538757,0.6894113421440125,0.6484841704368591,0.6604925990104675,0.6412584185600281,0.6617914438247681,0.62445467710495,0.6645007133483887,0.6506707668304443,0.6670886278152466,0.6767324805259705,0.6350832581520081,0.6672476530075073,0.6414194703102112,0.6562150120735168,0.6458443403244019,0.6782931685447693,0.6487724781036377,0.6987037062644958,rock,04054,C:/Users/Javier/PIDS_HandPose/work/HAR_mediapipe/data/gestos_pids/train//rock/rock_04054.jpg
0.22196197509765625,0.7445394396781921,0.20157390832901,0.645919919013977,0.20085236430168152,0.5616334080696106,0.22474521398544312,0.5079687237739563,0.25327610969543457,0.5040377974510193,0.2198910117149353,0.4883595407009125,0.2669605314731598,0.4680432081222534,0.26842254400253296,0.5165216326713562,0.2546107769012451,0.5460497140884399,0.25216519832611084,0.5071933269500732,0.2967904806137085,0.48759013414382935,0.29226014018058777,0.5357687473297119,0.2741824984550476,0.5622487664222717,0.2831968367099762,0.5429381728172302,0.3201054036617279,0.5260490775108337,0.3122047185897827,0.5697620511054993,0.2937781810760498,0.5961482524871826,0.3090437650680542,0.5887762308120728,0.32999786734580994,0.5930119752883911,0.3194866180419922,0.62604159116745,0.3047485053539276,0.647127091884613,rock,04055,C:/Users/Javier/PIDS_HandPose/work/HAR_mediapipe/data/gestos_pids/train//rock/rock_04055.jpg
0.5561075210571289,0.8336012363433838,0.5730322599411011,0.7471752166748047,0.565215528011322,0.6817903518676758,0.5463717579841614,0.6467808485031128,0.5272919535636902,0.6337989568710327,0.5584402084350586,0.6323952078819275,0.5340370535850525,0.5794362425804138,0.5288130044937134,0.6098662614822388,0.5338782072067261,0.6353822350502014,0.5314019322395325,0.6498745083808899,0.5085429549217224,0.607314944267273,0.5086642503738403,0.6391938924789429,0.5176088809967041,0.6629341840744019,0.5062697529792786,0.6788769364356995,0.49113836884498596,0.6514924168586731,0.495713472366333,0.6790701150894165,0.5042272806167603,0.7008581161499023,0.48429861664772034,0.7130025625228882,0.4795551896095276,0.691169023513794,0.48525241017341614,0.7121710777282715,0.49217990040779114,0.7309092283248901,rock,04056,C:/Users/Javier/PIDS_HandPose/work/HAR_mediapipe/data/gestos_pids/train//rock/rock_04056.jpg
0.18014219403266907,0.7257765531539917,0.17395544052124023,0.6202064156532288,0.19005636870861053,0.5464155077934265,0.2274433672428131,0.5292000770568848,0.2587352395057678,0.5546181797981262,0.1984676718711853,0.47950634360313416,0.252513587474823,0.48285025358200073,0.25328806042671204,0.5304701328277588,0.24097125232219696,0.5580555200576782,0.2233153134584427,0.49767357110977173,0.28023838996887207,0.5079690217971802,0.27389249205589294,0.5550706386566162,0.2550688683986664,0.5744271278381348,0.24873840808868408,0.5305089354515076,0.2955736815929413,0.5485072135925293,0.28541138768196106,0.5932068824768066,0.2657977044582367,0.6125664710998535,0.2715996503829956,0.5741012692451477,0.3008072078227997,0.5971809029579163,0.2894335687160492,0.6315091252326965,0.27306365966796875,0.6485236287117004,rock,04057,C:/Users/Javier/PIDS_HandPose/work/HAR_mediapipe/data/gestos_pids/train//rock/rock_04057.jpg
0.23074647784233093,0.7434120178222656,0.22316578030586243,0.6457398533821106,0.24005670845508575,0.5776058435440063,0.27637729048728943,0.5664781332015991,0.3039650022983551,0.5962947607040405,0.2619064152240753,0.5139511227607727,0.30950111150741577,0.5280879735946655,0.3057675361633301,0.5721256732940674,0.29264119267463684,0.5962421894073486,0.2888389527797699,0.5372033715248108,0.3339189291000366,0.559731125831604,0.32405078411102295,0.600906252861023,0.3057701587677002,0.6188510656356812,0.3120013177394867,0.5762157440185547,0.3451922535896301,0.5991619825363159,0.3328701853752136,0.6346755623817444,0.3132723569869995,0.6502929925918579,0.33119699358940125,0.6238997578620911,0.35155683755874634,0.6408149600028992,0.3378835916519165,0.6674614548683167,0.32043135166168213,0.6823300719261169,rock,04058,C:/Users/Javier/PIDS_HandPose/work/HAR_mediapipe/data/gestos_pids/train//rock/rock_04058.jpg
0.22490879893302917,0.7340203523635864,0.21008095145225525,0.6651554107666016,0.20759102702140808,0.6095450520515442,0.2076200395822525,0.5592623353004456,0.20387333631515503,0.5168253183364868,0.2614970803260803,0.5300737619400024,0.2879641056060791,0.43802231550216675,0.30503201484680176,0.3855654001235962,0.31734535098075867,0.3455706834793091,0.28442731499671936,0.5420836806297302,0.3229179084300995,0.4446997046470642,0.34766334295272827,0.39189374446868896,0.3640197515487671,0.3552010953426361,0.3035339117050171,0.5696836113929749,0.34019604325294495,0.47552186250686646,0.3650349974632263,0.4217597246170044,0.38129568099975586,0.38269248604774475,0.3226376473903656,0.6108037233352661,0.3602203130722046,0.5564007759094238,0.38313373923301697,0.5218358635902405,0.40054282546043396,0.49083012342453003,rock,04059,C:/Users/Javier/PIDS_HandPose/work/HAR_mediapipe/data/gestos_pids/train//rock/rock_04059.jpg
0.6105827689170837,0.8620504140853882,0.6165618300437927,0.7846729755401611,0.603484570980072,0.6971820592880249,0.5796332955360413,0.6329534649848938,0.5647392868995667,0.5921829342842102,0.6192189455032349,0.6521137356758118,0.567452609539032,0.6094356775283813,0.5624131560325623,0.6470193266868591,0.5749353170394897,0.6675271987915039,0.6052739024162292,0.6758118867874146,0.5479157567024231,0.6357009410858154,0.550683856010437,0.6735919713973999,0.5659178495407104,0.6898168325424194,0.5875481367111206,0.7059018015861511,0.5362840294837952,0.6679806709289551,0.5411504507064819,0.7051050662994385,0.556874692440033,0.7198753356933594,0.569595217704773,0.7398565411567688,0.5319110155105591,0.7109529972076416,0.5366364121437073,0.7390093803405762,0.550029993057251,0.7531512975692749,rock,04060,C:/Users/Javier/PIDS_HandPose/work/HAR_mediapipe/data/gestos_pids/train//rock/rock_04060.jpg
0.6204030513763428,0.8615769147872925,0.6245980858802795,0.7862764000892639,0.6110005974769592,0.7007002234458923,0.5870080590248108,0.6385478973388672,0.5728074908256531,0.600369930267334,0.6273871064186096,0.6552416086196899,0.5768664479255676,0.6186046600341797,0.5721439719200134,0.6552989482879639,0.5844959616661072,0.6731218695640564,0.6158412098884583,0.6789823174476624,0.5584681034088135,0.6437025666236877,0.5604196786880493,0.6819751858711243,0.5746201276779175,0.6966380476951599,0.5997346043586731,0.710413932800293,0.5477505326271057,0.6777673959732056,0.5519756078720093,0.7133484482765198,0.5665098428726196,0.7271386981010437,0.5828027725219727,0.7457810044288635,0.5443503856658936,0.7219383716583252,0.548784613609314,0.747154712677002,0.5613296627998352,0.7595521211624146,rock,04061,C:/Users/Javier/PIDS_HandPose/work/HAR_mediapipe/data/gestos_pids/train//rock/rock_04061.jpg
0.6017539501190186,0.8635926246643066,0.6051044464111328,0.7835033535957336,0.5898476839065552,0.6982167363166809,0.5646018981933594,0.6359604597091675,0.5488860607147217,0.5976396203041077,0.6053621172904968,0.6499369740486145,0.5527077317237854,0.6132374405860901,0.54793781042099,0.6493225693702698,0.5606858134269714,0.6665695905685425,0.591358482837677,0.6746326684951782,0.5330387949943542,0.6417014002799988,0.5361954569816589,0.6770685315132141,0.5519891977310181,0.6907088160514832,0.5736184120178223,0.7059018611907959,0.5216671824455261,0.6747521162033081,0.5266010165214539,0.7086516618728638,0.5423576235771179,0.721352756023407,0.5559665560722351,0.7402015328407288,0.5181704163551331,0.7166978120803833,0.5225818753242493,0.7420396208763123,0.5355855822563171,0.7544873952865601,rock,04062,C:/Users/Javier/PIDS_HandPose/work/HAR_mediapipe/data/gestos_pids/train//rock/rock_04062.jpg
0.2134750336408615,0.7315602898597717,0.20686951279640198,0.6379740238189697,0.2254207283258438,0.5662606954574585,0.26375406980514526,0.5525877475738525,0.29320067167282104,0.57818204164505,0.23497256636619568,0.4996066391468048,0.2903614938259125,0.5101107358932495,0.28916582465171814,0.5553273558616638,0.27458763122558594,0.5818580389022827,0.25851041078567505,0.5194277763366699,0.31275230646133423,0.5333643555641174,0.30457937717437744,0.576053261756897,0.2850753664970398,0.5928122401237488,0.2821512818336487,0.5540405511856079,0.32653486728668213,0.5692755579948425,0.31569933891296387,0.608467161655426,0.29670485854148865,0.6241573095321655,0.30296799540519714,0.5990666151046753,0.33424457907676697,0.6088063716888428,0.3227478861808777,0.6424202919006348,0.30661964416503906,0.6615520715713501,rock,04063,C:/Users/Javier/PIDS_HandPose/work/HAR_mediapipe/data/gestos_pids/train//rock/rock_04063.jpg
0.22765779495239258,0.7522069215774536,0.20595601201057434,0.6472824811935425,0.20823554694652557,0.5629013180732727,0.2355988472700119,0.5245998501777649,0.26112574338912964,0.539634644985199,0.23314908146858215,0.4988741874694824,0.27287009358406067,0.49627262353897095,0.27145224809646606,0.5419707894325256,0.25892603397369385,0.5705921053886414,0.2661826014518738,0.5186327695846558,0.29886648058891296,0.5188721418380737,0.2910600006580353,0.56328284740448,0.2746358811855316,0.5902119278907776,0.29657676815986633,0.5550357699394226,0.3171175420284271,0.5595183968544006,0.30777376890182495,0.5996493101119995,0.2917504608631134,0.6257483959197998,0.3217262327671051,0.6004986763000488,0.32951459288597107,0.6135454773902893,0.31841856241226196,0.642440140247345,0.30614739656448364,0.6620619297027588,rock,04064,C:/Users/Javier/PIDS_HandPose/work/HAR_mediapipe/data/gestos_pids/train//rock/rock_04064.jpg
0.33072808384895325,0.7871410250663757,0.30984267592430115,0.7043107748031616,0.307573139667511,0.6342452168464661,0.3238886296749115,0.5868745446205139,0.3439643681049347,0.5783877372741699,0.31656646728515625,0.5764042139053345,0.3534305989742279,0.5363494753837585,0.3576679825782776,0.5688815116882324,0.35076138377189636,0.5922757387161255,0.34348878264427185,0.5901386141777039,0.37701618671417236,0.5535381436347961,0.376522421836853,0.5879019498825073,0.3669971227645874,0.6123384833335876,0.37034255266189575,0.617295503616333,0.39552658796310425,0.5830277800559998,0.3920738399028778,0.6149325966835022,0.38210242986679077,0.6387665867805481,0.3936731219291687,0.651572048664093,0.4081645607948303,0.6257262229919434,0.40122100710868835,0.65218186378479,0.39220690727233887,0.6743928790092468,rock,04065,C:/Users/Javier/PIDS_HandPose/work/HAR_mediapipe/data/gestos_pids/train//rock/rock_04065.jpg
0.29653847217559814,0.930012583732605,0.2815582752227783,0.8496067523956299,0.283679336309433,0.7765499353408813,0.30266645550727844,0.7270231246948242,0.32458966970443726,0.7102760672569275,0.2904922366142273,0.7325686812400818,0.3285011649131775,0.6848296523094177,0.32873910665512085,0.7150659561157227,0.3177115321159363,0.7392593622207642,0.31536853313446045,0.7574660181999207,0.35006195306777954,0.7083675265312195,0.3471992015838623,0.7382545471191406,0.33525991439819336,0.7616377472877502,0.33991965651512146,0.7895059585571289,0.36752748489379883,0.740776538848877,0.36262497305870056,0.7696134448051453,0.3516612648963928,0.7923170328140259,0.36120814085006714,0.8265761137008667,0.37894782423973083,0.7841331958770752,0.3715125322341919,0.8067513108253479,0.3629787266254425,0.8274919390678406,rock,04066,C:/Users/Javier/PIDS_HandPose/work/HAR_mediapipe/data/gestos_pids/train//rock/rock_04066.jpg
0.6610770225524902,0.6728569269180298,0.6752004027366638,0.5985894203186035,0.6669464111328125,0.5485461950302124,0.6505842208862305,0.5315199494361877,0.6320198178291321,0.5307141542434692,0.6646878719329834,0.4954334795475006,0.6413343548774719,0.49030256271362305,0.6378656029701233,0.5239213109016418,0.6441323161125183,0.5455135107040405,0.6429679989814758,0.49908244609832764,0.6213631629943848,0.5030652284622192,0.6206624507904053,0.5364347696304321,0.6297669410705566,0.554367184638977,0.6219399571418762,0.519498348236084,0.6033703088760376,0.5265101790428162,0.6062748432159424,0.5574460029602051,0.6169195175170898,0.5710968971252441,0.6025426387786865,0.5464490652084351,0.5888298749923706,0.5510805249214172,0.5934337377548218,0.5767618417739868,0.6034045219421387,0.5899731516838074,rock,04067,C:/Users/Javier/PIDS_HandPose/work/HAR_mediapipe/data/gestos_pids/train//rock/rock_04067.jpg
0.3527555465698242,0.552297830581665,0.3482949137687683,0.4736742377281189,0.35988834500312805,0.41658151149749756,0.38616377115249634,0.40066611766815186,0.4069429934024811,0.41809362173080444,0.3718636929988861,0.36461105942726135,0.41062992811203003,0.37321197986602783,0.4105581045150757,0.4084361791610718,0.40103018283843994,0.4278493821620941,0.39258190989494324,0.3803829252719879,0.43025636672973633,0.39762425422668457,0.4250723719596863,0.43076464533805847,0.41225555539131165,0.44512662291526794,0.4125331938266754,0.40915414690971375,0.4425167739391327,0.42979317903518677,0.43477630615234375,0.45881569385528564,0.4213469922542572,0.4710484445095062,0.42976054549217224,0.4447172284126282,0.45145538449287415,0.4600423574447632,0.44191309809684753,0.484224796295166,0.42916765809059143,0.4959125518798828,rock,04068,C:/Users/Javier/PIDS_HandPose/work/HAR_mediapipe/data/gestos_pids/train//rock/rock_04068.jpg
0.4074496924877167,0.6446712613105774,0.40014833211898804,0.5518215894699097,0.4086722731590271,0.4806925058364868,0.4317076504230499,0.4459608495235443,0.45022159814834595,0.4423743188381195,0.4273073673248291,0.42193537950515747,0.47731250524520874,0.4056371748447418,0.47534292936325073,0.44319313764572144,0.4623579680919647,0.4628461003303528,0.45105814933776855,0.45219606161117554,0.4970448911190033,0.4353311061859131,0.4907650351524353,0.47302189469337463,0.4742192327976227,0.4918867349624634,0.47358840703964233,0.4927816390991211,0.5121297836303711,0.47692546248435974,0.5026043057441711,0.5119726657867432,0.4852479100227356,0.529301643371582,0.4927551746368408,0.5380711555480957,0.5205355882644653,0.5297468304634094,0.50925612449646,0.5559459328651428,0.4937211275100708,0.571921706199646,rock,04069,C:/Users/Javier/PIDS_HandPose/work/HAR_mediapipe/data/gestos_pids/train//rock/rock_04069.jpg
0.30919158458709717,0.7265820503234863,0.277648389339447,0.6213240623474121,0.26857349276542664,0.528318464756012,0.2905280888080597,0.4656064510345459,0.32025212049484253,0.4452122449874878,0.2698620855808258,0.44209209084510803,0.32163965702056885,0.3755779564380646,0.33012494444847107,0.42005765438079834,0.3198450803756714,0.45384153723716736,0.3078386187553406,0.4541725516319275,0.3545958995819092,0.3892691433429718,0.3577801287174225,0.4400838315486908,0.3443852365016937,0.4759291410446167,0.3482402563095093,0.483487069606781,0.38373497128486633,0.42129915952682495,0.3823704421520233,0.47273513674736023,0.36870428919792175,0.5101575255393982,0.38568153977394104,0.5244638323783875,0.40798264741897583,0.4777422547340393,0.400762140750885,0.5202428102493286,0.38870131969451904,0.5559819340705872,rock,04070,C:/Users/Javier/PIDS_HandPose/work/HAR_mediapipe/data/gestos_pids/train//rock/rock_04070.jpg
0.284501314163208,0.5884594321250916,0.30115699768066406,0.5125370621681213,0.34197700023651123,0.47888240218162537,0.387065589427948,0.48707467317581177,0.415865957736969,0.5096926689147949,0.34524616599082947,0.41334378719329834,0.39955297112464905,0.44479483366012573,0.3892636299133301,0.4796396791934967,0.3731798529624939,0.48511362075805664,0.35349804162979126,0.4501514136791229,0.4032541513442993,0.4914132356643677,0.3894864022731781,0.5203635692596436,0.37391218543052673,0.5182018280029297,0.36144739389419556,0.4974774718284607,0.4027387201786041,0.5361588001251221,0.3865469992160797,0.558341383934021,0.3709331750869751,0.555335521697998,0.36728134751319885,0.5462995171546936,0.39809978008270264,0.573734700679779,0.3827236592769623,0.5892437100410461,0.36898505687713623,0.5878723859786987,rock,05001,C:/Users/Javier/PIDS_HandPose/work/HAR_mediapipe/data/gestos_pids/train//rock/rock_05001.jpg
0.25296539068222046,0.612465500831604,0.2571369409561157,0.530828595161438,0.28813326358795166,0.4757533669471741,0.33021116256713867,0.4568254351615906,0.3577871322631836,0.46720090508461,0.29157042503356934,0.44183874130249023,0.3449113070964813,0.43496134877204895,0.33547353744506836,0.4626091718673706,0.31958290934562683,0.47113272547721863,0.30514541268348694,0.4882771670818329,0.3528604805469513,0.4815930724143982,0.3416500687599182,0.5053116679191589,0.32592087984085083,0.5115557312965393,0.3190377950668335,0.5371996164321899,0.3538442552089691,0.5286071300506592,0.3420313000679016,0.5469992160797119,0.32760289311408997,0.5529757738113403,0.3305584788322449,0.5815502405166626,0.3537105917930603,0.5671526789665222,0.34189656376838684,0.5806725025177002,0.3302517235279083,0.5895872712135315,rock,05002,C:/Users/Javier/PIDS_HandPose/work/HAR_mediapipe/data/gestos_pids/train//rock/rock_05002.jpg
0.1955455243587494,0.6638303399085999,0.20083744823932648,0.5915576219558716,0.2288264036178589,0.538017749786377,0.2633597254753113,0.5166845917701721,0.2827867269515991,0.5087890028953552,0.22549477219581604,0.48081547021865845,0.2887215316295624,0.4774513840675354,0.28097113966941833,0.5078481435775757,0.2638973295688629,0.5182239413261414,0.23274707794189453,0.5216516256332397,0.2960117757320404,0.5229837894439697,0.286355197429657,0.5503339171409607,0.26856228709220886,0.5554637908935547,0.2429540902376175,0.5695325136184692,0.29931631684303284,0.5700821876525879,0.28662845492362976,0.5933827757835388,0.2689346969127655,0.5971565246582031,0.2537927031517029,0.6163201928138733,0.2967718243598938,0.611838698387146,0.28388363122940063,0.6287810206413269,0.26748356223106384,0.6339447498321533,rock,05003,C:/Users/Javier/PIDS_HandPose/work/HAR_mediapipe/data/gestos_pids/train//rock/rock_05003.jpg
0.23074516654014587,0.6558933854103088,0.2378765493631363,0.5851322412490845,0.27024978399276733,0.5408965349197388,0.3089710474014282,0.536567211151123,0.33375370502471924,0.5504838228225708,0.26269054412841797,0.4853295087814331,0.32182177901268005,0.487358033657074,0.31885966658592224,0.5235911011695862,0.3058876395225525,0.537316083908081,0.27051541209220886,0.5203011631965637,0.3290565609931946,0.5295218825340271,0.32123562693595886,0.5624960064888,0.3064747154712677,0.5687636137008667,0.2795257568359375,0.5642420053482056,0.3315325677394867,0.5741021633148193,0.31938326358795166,0.6017588973045349,0.3033841550350189,0.6052767038345337,0.2874934673309326,0.6105450391769409,0.3278738856315613,0.6176536083221436,0.31560876965522766,0.6364502310752869,0.30065497756004333,0.6383587718009949,rock,05004,C:/Users/Javier/PIDS_HandPose/work/HAR_mediapipe/data/gestos_pids/train//rock/rock_05004.jpg
0.20407353341579437,0.6885982155799866,0.21405863761901855,0.6158633828163147,0.2488921582698822,0.5701732635498047,0.29185280203819275,0.5598527789115906,0.320340096950531,0.568044900894165,0.2379848062992096,0.5084165334701538,0.30040204524993896,0.5073848962783813,0.2945549786090851,0.5423381328582764,0.2777711749076843,0.5533644556999207,0.24479545652866364,0.5479145050048828,0.30642351508140564,0.5520230531692505,0.2972303330898285,0.5839510560035706,0.28009724617004395,0.5886317491531372,0.25514814257621765,0.595203161239624,0.3098335862159729,0.6002168655395508,0.29691436886787415,0.6258997917175293,0.2796129584312439,0.6290130019187927,0.2659991383552551,0.6426035165786743,0.30876317620277405,0.6404517292976379,0.29505112767219543,0.6582998633384705,0.27919116616249084,0.6626958847045898,rock,05005,C:/Users/Javier/PIDS_HandPose/work/HAR_mediapipe/data/gestos_pids/train//rock/rock_05005.jpg
0.21818548440933228,0.6822007894515991,0.23136018216609955,0.6061158180236816,0.2668188810348511,0.5598283410072327,0.3097769021987915,0.5491893887519836,0.3390055298805237,0.555152952671051,0.25684529542922974,0.4942416846752167,0.3199233114719391,0.49526089429855347,0.31447890400886536,0.5320208668708801,0.29833781719207764,0.5442509055137634,0.26435980200767517,0.5322330594062805,0.32632559537887573,0.5416603088378906,0.3172319531440735,0.5751232504844666,0.30063286423683167,0.5791745781898499,0.2744087278842926,0.5793573260307312,0.3297710120677948,0.5857140421867371,0.3169684112071991,0.614467978477478,0.29994991421699524,0.6182159781455994,0.28403472900390625,0.6277213096618652,0.3276171088218689,0.6252212524414062,0.3146570026874542,0.645966112613678,0.299240380525589,0.6510604619979858,rock,05006,C:/Users/Javier/PIDS_HandPose/work/HAR_mediapipe/data/gestos_pids/train//rock/rock_05006.jpg
0.6495927572250366,0.753827691078186,0.6290687322616577,0.6719018220901489,0.6085299849510193,0.6038488745689392,0.5813737511634827,0.5658383369445801,0.5624380111694336,0.5710490942001343,0.6523448824882507,0.5228145718574524,0.5875232219696045,0.5051338076591492,0.583713173866272,0.5438048839569092,0.5991998314857483,0.5590836405754089,0.652988612651825,0.560936450958252,0.5776588916778564,0.5534238219261169,0.5840914249420166,0.5916106700897217,0.6009594202041626,0.6007763147354126,0.6455810070037842,0.6081727743148804,0.574327290058136,0.606482982635498,0.5828742980957031,0.6381710767745972,0.6009284257888794,0.6439526677131653,0.6322210431098938,0.6573948264122009,0.5780761241912842,0.6486875414848328,0.5850446224212646,0.6685600876808167,0.60152268409729,0.6761069297790527,rock,05007,C:/Users/Javier/PIDS_HandPose/work/HAR_mediapipe/data/gestos_pids/train//rock/rock_05007.jpg
0.22019170224666595,0.6854252815246582,0.2296488881111145,0.6071851253509521,0.26556792855262756,0.5576379299163818,0.30991560220718384,0.5464785099029541,0.3396851122379303,0.5527393817901611,0.2568969130516052,0.4990478456020355,0.31897732615470886,0.4993830919265747,0.31081143021583557,0.5326811671257019,0.29398274421691895,0.5434035658836365,0.2655288279056549,0.5412073731422424,0.3250962793827057,0.5475077629089355,0.3145773112773895,0.5771874189376831,0.2980552911758423,0.5820146799087524,0.2759068012237549,0.5908439755439758,0.33041930198669434,0.5939416885375977,0.31677258014678955,0.6193110942840576,0.29963165521621704,0.6240838766098022,0.2857641875743866,0.6399639844894409,0.3284721076488495,0.6371303796768188,0.3141223192214966,0.6550437808036804,0.29836347699165344,0.6602233052253723,rock,05008,C:/Users/Javier/PIDS_HandPose/work/HAR_mediapipe/data/gestos_pids/train//rock/rock_05008.jpg
0.2761687636375427,0.7066195011138916,0.28681933879852295,0.6297572255134583,0.3185427486896515,0.575961172580719,0.3569629192352295,0.5576515197753906,0.38190823793411255,0.5636951923370361,0.3264766037464142,0.5412660241127014,0.3840900659561157,0.5481594204902649,0.37410447001457214,0.5768712162971497,0.35672280192375183,0.5847352743148804,0.33465951681137085,0.5846725702285767,0.39098045229911804,0.5953477621078491,0.3783351480960846,0.622246265411377,0.3604983389377594,0.6267513036727905,0.3434295356273651,0.6347774267196655,0.38954660296440125,0.643161952495575,0.37529152631759644,0.6645112633705139,0.3582492470741272,0.6676852107048035,0.35053178668022156,0.6837727427482605,0.3837585747241974,0.6866554021835327,0.3688304126262665,0.7006484270095825,0.3530922830104828,0.7046511769294739,rock,05009,C:/Users/Javier/PIDS_HandPose/work/HAR_mediapipe/data/gestos_pids/train//rock/rock_05009.jpg
0.22734709084033966,0.6949306726455688,0.24175742268562317,0.6282172203063965,0.28062957525253296,0.5918305516242981,0.3218396008014679,0.5907966494560242,0.3472636938095093,0.6040341854095459,0.2724247872829437,0.528109073638916,0.33203381299972534,0.5437649488449097,0.3219307065010071,0.573738157749176,0.30463895201683044,0.5780543684959412,0.27590206265449524,0.5662264823913574,0.33524855971336365,0.58707594871521,0.32199349999427795,0.614867091178894,0.30532965064048767,0.6157699227333069,0.2815016806125641,0.6132217645645142,0.3353169858455658,0.6336556077003479,0.3198964297771454,0.6555296182632446,0.3029058873653412,0.6550687551498413,0.2869154214859009,0.661277174949646,0.3278142213821411,0.6749143004417419,0.31386998295783997,0.68874591588974,0.2989802360534668,0.687580943107605,rock,05010,C:/Users/Javier/PIDS_HandPose/work/HAR_mediapipe/data/gestos_pids/train//rock/rock_05010.jpg
0.22311151027679443,0.6891544461250305,0.23444093763828278,0.6253033876419067,0.27374425530433655,0.5895394682884216,0.3155660927295685,0.5850867629051208,0.3395838141441345,0.591541588306427,0.26319488883018494,0.5284478664398193,0.3222939968109131,0.5417789816856384,0.31501129269599915,0.5719699859619141,0.2985735237598419,0.5775352120399475,0.2657933831214905,0.5638427734375,0.32578250765800476,0.5850533246994019,0.3128015100955963,0.6122328639030457,0.29585596919059753,0.6120837926864624,0.2708806097507477,0.607806921005249,0.3256635069847107,0.630234956741333,0.3099190592765808,0.6518471837043762,0.2931481897830963,0.6509047150611877,0.2761380076408386,0.6542820930480957,0.3164123296737671,0.6733959913253784,0.30251210927963257,0.686003565788269,0.2879805266857147,0.682059645652771,rock,05011,C:/Users/Javier/PIDS_HandPose/work/HAR_mediapipe/data/gestos_pids/train//rock/rock_05011.jpg
0.2133018672466278,0.6905124187469482,0.22650884091854095,0.6239340901374817,0.26601070165634155,0.5865951776504517,0.30834388732910156,0.58024001121521,0.33576419949531555,0.5800759792327881,0.2566069960594177,0.5154283046722412,0.31773093342781067,0.5270229578018188,0.30985891819000244,0.5595376491546631,0.29247456789016724,0.5665149688720703,0.25929537415504456,0.5504534244537354,0.3215804100036621,0.5698139667510986,0.30981212854385376,0.5999646186828613,0.29280680418014526,0.6015375256538391,0.26448845863342285,0.5954917073249817,0.3208683133125305,0.6156047582626343,0.30540961027145386,0.640565037727356,0.2883429527282715,0.6411615610122681,0.2697371244430542,0.6436125040054321,0.31315264105796814,0.6588883399963379,0.29901444911956787,0.6750988960266113,0.2838290333747864,0.6741631627082825,rock,05012,C:/Users/Javier/PIDS_HandPose/work/HAR_mediapipe/data/gestos_pids/train//rock/rock_05012.jpg
0.22525793313980103,0.7135692238807678,0.23946964740753174,0.6292330026626587,0.2788989245891571,0.5774719715118408,0.3270992338657379,0.5592947602272034,0.3604147434234619,0.555614173412323,0.2689495086669922,0.5037753582000732,0.3355522155761719,0.5056766271591187,0.3273044228553772,0.544948935508728,0.30978235602378845,0.5578728318214417,0.2790818512439728,0.542752742767334,0.34290578961372375,0.5549032092094421,0.3304675221443176,0.5900179743766785,0.31286153197288513,0.5946189165115356,0.2910211384296417,0.5928241610527039,0.34717658162117004,0.603905439376831,0.33138391375541687,0.6341211795806885,0.31344765424728394,0.6396350264549255,0.3024844825267792,0.6443759202957153,0.34419751167297363,0.6489972472190857,0.32821565866470337,0.6707836389541626,0.3127189576625824,0.6770659685134888,rock,05013,C:/Users/Javier/PIDS_HandPose/work/HAR_mediapipe/data/gestos_pids/train//rock/rock_05013.jpg
0.6092649102210999,0.7219434976577759,0.5743463635444641,0.6594701409339905,0.5340800881385803,0.6064271330833435,0.49315333366394043,0.5840343832969666,0.4649113416671753,0.5805695652961731,0.5449474453926086,0.5054082870483398,0.48098325729370117,0.5339826941490173,0.4898701310157776,0.5714765191078186,0.50811368227005,0.5747202634811401,0.5501012206077576,0.5324457883834839,0.48072725534439087,0.579507052898407,0.49722859263420105,0.6113942861557007,0.5156281590461731,0.6075500249862671,0.5509631633758545,0.5770606398582458,0.4888303577899933,0.6298249959945679,0.5056803226470947,0.6553985476493835,0.5240961909294128,0.6472790837287903,0.5498114228248596,0.628507137298584,0.5028373599052429,0.6663786172866821,0.5149057507514954,0.6853952407836914,0.5315088033676147,0.6799063682556152,rock,05014,C:/Users/Javier/PIDS_HandPose/work/HAR_mediapipe/data/gestos_pids/train//rock/rock_05014.jpg
0.24297305941581726,0.7699142694473267,0.2962740659713745,0.7306064963340759,0.32968416810035706,0.6786962747573853,0.3530486822128296,0.6503583192825317,0.36224836111068726,0.6562395691871643,0.2954300045967102,0.5625453591346741,0.35139110684394836,0.5937833786010742,0.3429442048072815,0.6358484625816345,0.32837003469467163,0.6423625349998474,0.2789022922515869,0.5886054039001465,0.3419792056083679,0.6357912421226501,0.32996565103530884,0.6692066192626953,0.3141569197177887,0.6625696420669556,0.2677065432071686,0.6292945146560669,0.3301141560077667,0.679257869720459,0.3172558844089508,0.7078793048858643,0.3012063503265381,0.7018572688102722,0.26153841614723206,0.6785880327224731,0.3165629506111145,0.7144626975059509,0.3073199391365051,0.7364815473556519,0.2910667061805725,0.7329494953155518,rock,05015,C:/Users/Javier/PIDS_HandPose/work/HAR_mediapipe/data/gestos_pids/train//rock/rock_05015.jpg
0.2895091474056244,0.9048169851303101,0.33693668246269226,0.8837054967880249,0.3729957938194275,0.8671201467514038,0.3927205801010132,0.8836700320243835,0.39116063714027405,0.9189953804016113,0.36413341760635376,0.7621872425079346,0.39751243591308594,0.830795168876648,0.38852909207344055,0.8841622471809387,0.37689492106437683,0.9041061401367188,0.3386838138103485,0.7709203362464905,0.3761488199234009,0.8695931434631348,0.3586626946926117,0.9063516855239868,0.34570688009262085,0.8980069160461426,0.3153432309627533,0.7998799681663513,0.3499837815761566,0.8974058628082275,0.3358016014099121,0.9217994809150696,0.32417353987693787,0.908279299736023,0.29508790373802185,0.8350566625595093,0.3250986337661743,0.911232054233551,0.31765809655189514,0.9267339110374451,0.307405948638916,0.913505494594574,rock,05016,C:/Users/Javier/PIDS_HandPose/work/HAR_mediapipe/data/gestos_pids/train//rock/rock_05016.jpg
0.3164663314819336,0.7876362800598145,0.3787456154823303,0.770285964012146,0.42044252157211304,0.6988491415977478,0.43504416942596436,0.6252203583717346,0.4410646855831146,0.5689271092414856,0.3837434649467468,0.6033704876899719,0.3962714970111847,0.611687958240509,0.3921974003314972,0.6525850296020508,0.3854868710041046,0.6785970330238342,0.34667742252349854,0.57766193151474,0.35974743962287903,0.610460638999939,0.35585156083106995,0.6511226892471313,0.3482232093811035,0.6727439165115356,0.31331127882003784,0.5794625282287598,0.3273846209049225,0.5989769101142883,0.32769015431404114,0.6370826363563538,0.324642539024353,0.6607415676116943,0.2876753807067871,0.5952205061912537,0.2961743474006653,0.6043837666511536,0.2983066439628601,0.6379644870758057,0.2973041832447052,0.6597244739532471,rock,05017,C:/Users/Javier/PIDS_HandPose/work/HAR_mediapipe/data/gestos_pids/train//rock/rock_05017.jpg
0.25370824337005615,0.7818672060966492,0.29607295989990234,0.7679743766784668,0.32267293334007263,0.7219329476356506,0.33948102593421936,0.6849802732467651,0.3522769510746002,0.6637056469917297,0.3007967174053192,0.6252483129501343,0.3460957407951355,0.63155198097229,0.35802268981933594,0.6697434186935425,0.3581707775592804,0.698191225528717,0.28773510456085205,0.6337509751319885,0.3456679880619049,0.6596540808677673,0.34747734665870667,0.7012112736701965,0.3399982750415802,0.7178617119789124,0.27881279587745667,0.6588297486305237,0.3334031403064728,0.6944776773452759,0.32835620641708374,0.7304674386978149,0.31479671597480774,0.7398010492324829,0.2734108865261078,0.6931963562965393,0.31942060589790344,0.7240452170372009,0.31605514883995056,0.7506889700889587,0.3037678599357605,0.7569262385368347,rock,05018,C:/Users/Javier/PIDS_HandPose/work/HAR_mediapipe/data/gestos_pids/train//rock/rock_05018.jpg
0.2083059400320053,0.8107531070709229,0.29332050681114197,0.8200119137763977,0.362958699464798,0.8205476403236389,0.38245999813079834,0.8460081219673157,0.3508185148239136,0.891704261302948,0.32738983631134033,0.6625421643257141,0.33720317482948303,0.7839187383651733,0.32710185647010803,0.8659346103668213,0.3140183389186859,0.8829830884933472,0.2628757357597351,0.6525015234947205,0.2731001377105713,0.8368567228317261,0.26923060417175293,0.8915808200836182,0.26304376125335693,0.869010865688324,0.20394685864448547,0.685230553150177,0.2171163260936737,0.8695708513259888,0.22061976790428162,0.9085993766784668,0.22102591395378113,0.8724732995033264,0.15779170393943787,0.7309601306915283,0.1739436686038971,0.8894104957580566,0.17902497947216034,0.9195451736450195,0.1749817579984665,0.8937152624130249,rock,05019,C:/Users/Javier/PIDS_HandPose/work/HAR_mediapipe/data/gestos_pids/train//rock/rock_05019.jpg
0.2558003067970276,0.9116257429122925,0.24844487011432648,0.8107911944389343,0.26849037408828735,0.7207953929901123,0.30621984601020813,0.6762867569923401,0.3366805911064148,0.6726645827293396,0.27238255739212036,0.6706094741821289,0.3354259133338928,0.6260085701942444,0.33482468128204346,0.6658340096473694,0.31920960545539856,0.6917962431907654,0.2955735921859741,0.710518479347229,0.3580329716205597,0.6660019159317017,0.3508780300617218,0.7070603370666504,0.33017781376838684,0.7286865711212158,0.31998929381370544,0.759774386882782,0.37391364574432373,0.7151234745979309,0.36391642689704895,0.7521669268608093,0.34436899423599243,0.7727025151252747,0.3411487936973572,0.8108078837394714,0.384214848279953,0.7651153802871704,0.3741706609725952,0.7878749370574951,0.35738229751586914,0.8057146668434143,rock,05020,C:/Users/Javier/PIDS_HandPose/work/HAR_mediapipe/data/gestos_pids/train//rock/rock_05020.jpg
0.5545918941497803,0.7811932563781738,0.555240273475647,0.6773533821105957,0.5318780541419983,0.6060696840286255,0.49558258056640625,0.57825767993927,0.461814820766449,0.5905192494392395,0.5328673124313354,0.5362986922264099,0.46741706132888794,0.5214279890060425,0.4567613899707794,0.5662557482719421,0.4652952551841736,0.5878013372421265,0.519755482673645,0.5665008425712585,0.44902199506759644,0.5595176815986633,0.4435777962207794,0.6018986701965332,0.45499640703201294,0.6225841045379639,0.5026336908340454,0.6115326881408691,0.43710413575172424,0.6036319136619568,0.43291446566581726,0.6403703689575195,0.4424320459365845,0.6614736318588257,0.4862743616104126,0.6624834537506104,0.43645158410072327,0.6560216546058655,0.42834237217903137,0.6791484355926514,0.42858803272247314,0.694671094417572,rock,05021,C:/Users/Javier/PIDS_HandPose/work/HAR_mediapipe/data/gestos_pids/train//rock/rock_05021.jpg
0.5639171004295349,0.79121994972229,0.5563511848449707,0.7062047719955444,0.5264339447021484,0.6299872398376465,0.48648446798324585,0.5947181582450867,0.45542141795158386,0.5941256880760193,0.5238336324691772,0.5637327432632446,0.45675936341285706,0.5614604949951172,0.4586247205734253,0.6067841649055481,0.47634369134902954,0.6187747716903687,0.515932023525238,0.5936762690544128,0.44370678067207336,0.5949112772941589,0.45220819115638733,0.6385904550552368,0.4706892967224121,0.6481571793556213,0.5050482749938965,0.6386702656745911,0.43743696808815,0.6396110653877258,0.4485052227973938,0.6805632710456848,0.4684486389160156,0.6898132562637329,0.49415385723114014,0.6919252872467041,0.44462889432907104,0.6942666172981262,0.4540783762931824,0.7219441533088684,0.4711017310619354,0.7297467589378357,rock,05022,C:/Users/Javier/PIDS_HandPose/work/HAR_mediapipe/data/gestos_pids/train//rock/rock_05022.jpg
0.2715100049972534,0.7483966946601868,0.2717949151992798,0.6603471040725708,0.2944415807723999,0.5934659838676453,0.3286360204219818,0.5696284174919128,0.35371488332748413,0.5742660164833069,0.29814448952674866,0.5436811447143555,0.35792192816734314,0.5282548069953918,0.3562600612640381,0.5653048157691956,0.3418194353580475,0.5806411504745483,0.3138904571533203,0.5824308395385742,0.37276291847229004,0.5694614052772522,0.36552515625953674,0.6047570109367371,0.3475649356842041,0.6152333617210388,0.33089113235473633,0.6297357082366943,0.3814164996147156,0.6168577075004578,0.37126782536506653,0.6481927633285522,0.3539849519729614,0.658547580242157,0.3457517623901367,0.6789891123771667,0.3854548931121826,0.6605973839759827,0.3744155466556549,0.6839940547943115,0.35887855291366577,0.6958909630775452,rock,05023,C:/Users/Javier/PIDS_HandPose/work/HAR_mediapipe/data/gestos_pids/train//rock/rock_05023.jpg
0.5869240164756775,0.8629978895187378,0.5600883960723877,0.7622247338294983,0.5408007502555847,0.6849923133850098,0.5091660022735596,0.6392337083816528,0.4793534278869629,0.6306118965148926,0.5967397689819336,0.6033259630203247,0.5347716808319092,0.5533230304718018,0.5265922546386719,0.6055909991264343,0.5401110053062439,0.6299541592597961,0.5986638069152832,0.643759548664093,0.519549548625946,0.6089296936988831,0.5212568044662476,0.6610032320022583,0.5402966141700745,0.6782504320144653,0.5892026424407959,0.6950380802154541,0.514119565486908,0.6703543066978455,0.5199349522590637,0.7122654914855957,0.5409780144691467,0.7246246337890625,0.5728155970573425,0.7454586029052734,0.514777660369873,0.7263356447219849,0.519476056098938,0.7521933317184448,0.5369341969490051,0.7639197707176208,rock,05024,C:/Users/Javier/PIDS_HandPose/work/HAR_mediapipe/data/gestos_pids/train//rock/rock_05024.jpg
0.5553170442581177,0.7161228656768799,0.5373990535736084,0.6321190595626831,0.5259396433830261,0.5475690960884094,0.5165903568267822,0.4857025146484375,0.513045072555542,0.4532325267791748,0.5675169229507446,0.4728887975215912,0.504270076751709,0.4449634253978729,0.4965871274471283,0.4881548583507538,0.5092672109603882,0.5089985132217407,0.5669630169868469,0.5041278600692749,0.49129658937454224,0.48092520236968994,0.4937970042228699,0.5277249217033386,0.5108670592308044,0.5460193157196045,0.5584788918495178,0.5446690320968628,0.4882259964942932,0.5274019837379456,0.4947856664657593,0.5686553716659546,0.5129150152206421,0.5824548006057739,0.5448060035705566,0.588024377822876,0.4932951331138611,0.5746166110038757,0.4983438551425934,0.601810097694397,0.5134767293930054,0.6150510907173157,rock,05025,C:/Users/Javier/PIDS_HandPose/work/HAR_mediapipe/data/gestos_pids/train//rock/rock_05025.jpg
0.5443434715270996,0.598242998123169,0.5022534132003784,0.539230465888977,0.4827152490615845,0.4893323481082916,0.46980613470077515,0.45617613196372986,0.4653968811035156,0.43277931213378906,0.5320312976837158,0.3937978446483612,0.4764288365840912,0.38294604420661926,0.4752943515777588,0.4264259338378906,0.4894449710845947,0.4438757002353668,0.5348755717277527,0.4028998017311096,0.46846094727516174,0.4051433503627777,0.47427618503570557,0.44840043783187866,0.49307781457901,0.4590938985347748,0.531136155128479,0.4250011444091797,0.46979478001594543,0.43268537521362305,0.47775784134864807,0.4758589565753937,0.4960605502128601,0.48379525542259216,0.5230994820594788,0.4538112282752991,0.4779996871948242,0.46652951836586,0.48468077182769775,0.4973028004169464,0.5010884404182434,0.5048204660415649,rock,05026,C:/Users/Javier/PIDS_HandPose/work/HAR_mediapipe/data/gestos_pids/train//rock/rock_05026.jpg
0.259960412979126,0.7791960835456848,0.27482759952545166,0.6988997459411621,0.3179033100605011,0.6357927918434143,0.3665854036808014,0.6137083768844604,0.40033969283103943,0.60605788230896,0.30204635858535767,0.5742977857589722,0.37231776118278503,0.5689288377761841,0.3636780083179474,0.6086111664772034,0.34425878524780273,0.6207961440086365,0.30812960863113403,0.6167839765548706,0.3796358108520508,0.6168466806411743,0.36707261204719543,0.6541511416435242,0.34658703207969666,0.6583839654922485,0.3182063698768616,0.6694040894508362,0.38306429982185364,0.6674479842185974,0.3685716390609741,0.6994092464447021,0.3489713966846466,0.705293595790863,0.3296320140361786,0.7237058877944946,0.38051527738571167,0.7132683992385864,0.367647647857666,0.7355054616928101,0.35031211376190186,0.7438321113586426,rock,05027,C:/Users/Javier/PIDS_HandPose/work/HAR_mediapipe/data/gestos_pids/train//rock/rock_05027.jpg
0.19170218706130981,0.8625730276107788,0.21011856198310852,0.767347514629364,0.25141042470932007,0.6871147751808167,0.29898834228515625,0.6526255011558533,0.33623388409614563,0.6392862796783447,0.22786477208137512,0.6255274415016174,0.30564913153648376,0.6201199293136597,0.30471473932266235,0.656158447265625,0.2871341109275818,0.6722381711006165,0.22803166508674622,0.6761356592178345,0.30981314182281494,0.6731911301612854,0.30308130383491516,0.706161379814148,0.28089115023612976,0.714091420173645,0.23492464423179626,0.7353410720825195,0.3127138614654541,0.7232210040092468,0.3041195273399353,0.752838134765625,0.2833757698535919,0.762212872505188,0.2446988970041275,0.7949956655502319,0.306765079498291,0.7749831676483154,0.29857972264289856,0.7960951924324036,0.28052234649658203,0.8042206168174744,rock,05028,C:/Users/Javier/PIDS_HandPose/work/HAR_mediapipe/data/gestos_pids/train//rock/rock_05028.jpg
0.5735564231872559,0.8057070374488831,0.530454695224762,0.7271060943603516,0.49802014231681824,0.6639786958694458,0.46474120020866394,0.6349912881851196,0.4449750781059265,0.6413969993591309,0.5376591682434082,0.5437384843826294,0.47008016705513,0.5455633997917175,0.4724062383174896,0.5938063859939575,0.48944249749183655,0.6059611439704895,0.5446418523788452,0.5759987235069275,0.4667781591415405,0.5954479575157166,0.4769015610218048,0.6402637958526611,0.497439444065094,0.6469361782073975,0.544837236404419,0.6248740553855896,0.4736049771308899,0.646612286567688,0.4863708019256592,0.681973397731781,0.5073889493942261,0.683419406414032,0.5398208498954773,0.6789019703865051,0.4863140285015106,0.6941211223602295,0.49589231610298157,0.7176616787910461,0.5145043730735779,0.7200566530227661,rock,05029,C:/Users/Javier/PIDS_HandPose/work/HAR_mediapipe/data/gestos_pids/train//rock/rock_05029.jpg
0.5368071794509888,0.743529200553894,0.5300930738449097,0.652027428150177,0.505348801612854,0.5759677290916443,0.470449835062027,0.5344371199607849,0.441862553358078,0.5250914096832275,0.4686613976955414,0.5557061433792114,0.41690370440483093,0.5829046964645386,0.42546841502189636,0.6175228953361511,0.4406716525554657,0.626434326171875,0.4552355408668518,0.5976030826568604,0.41239437460899353,0.6387583017349243,0.4256395101547241,0.6626192331314087,0.44378724694252014,0.6649360656738281,0.44588086009025574,0.6497333645820618,0.4140649437904358,0.6861764788627625,0.4295608401298523,0.7037944197654724,0.44724491238594055,0.7032772302627563,0.4383162260055542,0.70415198802948,0.41949957609176636,0.7254334688186646,0.43657368421554565,0.7427431344985962,0.4518553614616394,0.7443810701370239,rock,05030,C:/Users/Javier/PIDS_HandPose/work/HAR_mediapipe/data/gestos_pids/train//rock/rock_05030.jpg
0.6044054627418518,0.7052133679389954,0.6106307506561279,0.606654942035675,0.5946321487426758,0.5441114902496338,0.5667152404785156,0.5310690999031067,0.5429182052612305,0.5503211617469788,0.5473077893257141,0.5045661926269531,0.521395206451416,0.5341928005218506,0.5308892726898193,0.5691007375717163,0.5455248355865479,0.5867924690246582,0.5258863568305969,0.54538494348526,0.5106984972953796,0.5783274173736572,0.5220053195953369,0.6060068011283875,0.5372428297996521,0.6211352348327637,0.5122413635253906,0.6001586318016052,0.5044817924499512,0.6263233423233032,0.5178434252738953,0.6456441879272461,0.5335707664489746,0.6550264358520508,0.5032691955566406,0.6558980941772461,0.5033798217773438,0.6753858327865601,0.5171818137168884,0.6899780035018921,0.5296764373779297,0.6955668926239014,rock,05031,C:/Users/Javier/PIDS_HandPose/work/HAR_mediapipe/data/gestos_pids/train//rock/rock_05031.jpg
0.6265469789505005,0.7836810350418091,0.6334682703018188,0.694561243057251,0.6129207611083984,0.6192015409469604,0.5720743536949158,0.5784804821014404,0.5381143093109131,0.5812316536903381,0.6326228380203247,0.559407651424408,0.577987551689148,0.5218268036842346,0.5739836096763611,0.5651215314865112,0.5866912603378296,0.5851030945777893,0.6167563796043396,0.5832682847976685,0.5541958212852478,0.5615272521972656,0.5583326816558838,0.6033961176872253,0.5745525360107422,0.6170258522033691,0.5956167578697205,0.6186215281486511,0.5392926931381226,0.6052781939506531,0.5471089482307434,0.6427841186523438,0.5657216310501099,0.6517397165298462,0.572985053062439,0.6567568778991699,0.5331307053565979,0.6468102335929871,0.5411621332168579,0.6736780405044556,0.5573296546936035,0.6821744441986084,rock,05032,C:/Users/Javier/PIDS_HandPose/work/HAR_mediapipe/data/gestos_pids/train//rock/rock_05032.jpg
0.5065809488296509,0.8010621666908264,0.5573853850364685,0.7584466934204102,0.5770951509475708,0.7032961845397949,0.5631452202796936,0.662894070148468,0.5388742685317993,0.6479775905609131,0.5598494410514832,0.6254509687423706,0.5620494484901428,0.6002393364906311,0.557593822479248,0.6290831565856934,0.5549271702766418,0.6568640470504761,0.5285369157791138,0.612008273601532,0.530871570110321,0.6150036454200745,0.5288826823234558,0.6438865661621094,0.5272966027259827,0.6675371527671814,0.5004432797431946,0.6221181750297546,0.5041550993919373,0.6291701197624207,0.5058359503746033,0.6546979546546936,0.5044928789138794,0.6758111119270325,0.4767343997955322,0.6377902626991272,0.4827932119369507,0.6454486846923828,0.4854072034358978,0.6679685711860657,0.48647719621658325,0.6858476400375366,rock,05033,C:/Users/Javier/PIDS_HandPose/work/HAR_mediapipe/data/gestos_pids/train//rock/rock_05033.jpg
0.28086671233177185,0.8525804877281189,0.2815566062927246,0.7753970623016357,0.30123940110206604,0.7196813821792603,0.33193254470825195,0.7091116309165955,0.35521674156188965,0.7253861427307129,0.30518990755081177,0.6734743714332581,0.357861191034317,0.6830456852912903,0.357100248336792,0.7158007621765137,0.3456166386604309,0.7320950031280518,0.31886518001556396,0.6949757933616638,0.37156960368156433,0.7074032425880432,0.3647628128528595,0.7405992746353149,0.3497970402240753,0.7496472597122192,0.3326420187950134,0.7252693176269531,0.38160449266433716,0.736428439617157,0.37205377221107483,0.7676019668579102,0.35644182562828064,0.7757307291030884,0.3440687954425812,0.7613938450813293,0.3822287619113922,0.7687385678291321,0.3735726475715637,0.7958690524101257,0.35953956842422485,0.8056991696357727,rock,05034,C:/Users/Javier/PIDS_HandPose/work/HAR_mediapipe/data/gestos_pids/train//rock/rock_05034.jpg
0.5331470966339111,0.8737856149673462,0.5042330026626587,0.853761613368988,0.46798476576805115,0.8390153050422668,0.43603238463401794,0.8552279472351074,0.4202284514904022,0.8841342329978943,0.47424688935279846,0.7508741021156311,0.42765840888023376,0.789023756980896,0.43253830075263977,0.8231937885284424,0.44613417983055115,0.8274798393249512,0.47740644216537476,0.7738916873931885,0.42946121096611023,0.8174396753311157,0.4381813108921051,0.8493641018867493,0.4513126015663147,0.8545236587524414,0.47922706604003906,0.8093461990356445,0.43399935960769653,0.8500980734825134,0.44455721974372864,0.8781871199607849,0.45824047923088074,0.8839448690414429,0.480029433965683,0.8514634370803833,0.4431788921356201,0.8789567351341248,0.4492040276527405,0.8972436189651489,0.4609310030937195,0.9034783244132996,rock,05037,C:/Users/Javier/PIDS_HandPose/work/HAR_mediapipe/data/gestos_pids/train//rock/rock_05037.jpg
0.4434049129486084,0.7897388935089111,0.4606931805610657,0.7186562418937683,0.4541265368461609,0.6459091305732727,0.43063151836395264,0.6099802851676941,0.40338099002838135,0.5978139638900757,0.4484727084636688,0.5589796304702759,0.4128837585449219,0.5657213926315308,0.40496355295181274,0.5999009013175964,0.4100262522697449,0.6219679713249207,0.42329126596450806,0.5560347437858582,0.38828498125076294,0.5691757202148438,0.38225480914115906,0.6094014644622803,0.39064261317253113,0.6361180543899536,0.39581719040870667,0.5735191702842712,0.366626501083374,0.583868145942688,0.3655293881893158,0.6270098090171814,0.37713757157325745,0.6524237990379333,0.3709028661251068,0.601100742816925,0.3486599624156952,0.6298329830169678,0.3514457643032074,0.6708600521087646,0.3613957166671753,0.695114254951477,rock,05039,C:/Users/Javier/PIDS_HandPose/work/HAR_mediapipe/data/gestos_pids/train//rock/rock_05039.jpg
0.310127854347229,0.8943490386009216,0.3461599349975586,0.887427031993866,0.37185919284820557,0.8463574647903442,0.3920760750770569,0.818123459815979,0.4115711450576782,0.8017499446868896,0.35015881061553955,0.7537015676498413,0.39397740364074707,0.7616674304008484,0.4029823839664459,0.8017528057098389,0.39808470010757446,0.8294378519058228,0.33669134974479675,0.7611980438232422,0.3929367661476135,0.7734742760658264,0.3963184654712677,0.8227433562278748,0.38815897703170776,0.8472015261650085,0.32823365926742554,0.7880704998970032,0.3830597698688507,0.8035248517990112,0.38491442799568176,0.8485715389251709,0.3743008077144623,0.8663385510444641,0.3229551315307617,0.8242264986038208,0.3685268759727478,0.8348064422607422,0.37118831276893616,0.8632940649986267,0.36191654205322266,0.8763790130615234,rock,05041,C:/Users/Javier/PIDS_HandPose/work/HAR_mediapipe/data/gestos_pids/train//rock/rock_05041.jpg
0.31304529309272766,0.9007872939109802,0.3050525188446045,0.8258594870567322,0.3179873824119568,0.7664598822593689,0.3444438874721527,0.7420579791069031,0.3665446937084198,0.7477983832359314,0.3288712203502655,0.7229185104370117,0.36818400025367737,0.6979663968086243,0.367443323135376,0.7268036603927612,0.359027624130249,0.7457919716835022,0.34851476550102234,0.746498167514801,0.38496264815330505,0.7274736762046814,0.38025549054145813,0.7542750239372253,0.3690480887889862,0.7669306993484497,0.3666985332965851,0.7786770462989807,0.39785078167915344,0.7586649656295776,0.39129555225372314,0.7814575433731079,0.37988924980163574,0.793596088886261,0.381744921207428,0.8131618499755859,0.4056171178817749,0.7904326319694519,0.3980536162853241,0.8084787130355835,0.38769659399986267,0.8226533532142639,rock,05042,C:/Users/Javier/PIDS_HandPose/work/HAR_mediapipe/data/gestos_pids/train//rock/rock_05042.jpg
0.5568981170654297,0.8280271887779236,0.5944923162460327,0.7946192622184753,0.6151227951049805,0.7524242997169495,0.6141934394836426,0.6978174448013306,0.6032296419143677,0.6686612963676453,0.602709174156189,0.6901277303695679,0.5922280550003052,0.6420143842697144,0.5873808264732361,0.6645991802215576,0.5884081721305847,0.6891360282897949,0.5757706165313721,0.682488739490509,0.5685620307922363,0.6504344344139099,0.5652550458908081,0.6722928881645203,0.5670413970947266,0.6949090361595154,0.5509462356567383,0.6855794787406921,0.5481268167495728,0.6626100540161133,0.5470234155654907,0.6821920871734619,0.5481180548667908,0.704230546951294,0.5284383296966553,0.69465172290802,0.5310553312301636,0.6761208772659302,0.5311904549598694,0.6964044570922852,0.53160160779953,0.7155467867851257,rock,05043,C:/Users/Javier/PIDS_HandPose/work/HAR_mediapipe/data/gestos_pids/train//rock/rock_05043.jpg
0.5103265643119812,0.8718060851097107,0.5532941818237305,0.8366617560386658,0.576828122138977,0.7893877029418945,0.578252911567688,0.7334389686584473,0.5640813708305359,0.7068772912025452,0.5533124208450317,0.7314587831497192,0.5513679385185242,0.6758173704147339,0.5525363087654114,0.7032806873321533,0.5525858402252197,0.7310659289360046,0.5253231525421143,0.7273353338241577,0.5284070372581482,0.6781968474388123,0.5318669080734253,0.7006338238716125,0.5323317050933838,0.7233747243881226,0.501300573348999,0.732657253742218,0.5073698163032532,0.6900922060012817,0.5115162134170532,0.7067102789878845,0.5111715793609619,0.7287335395812988,0.4812626838684082,0.7434359192848206,0.4895147681236267,0.707159161567688,0.4932807981967926,0.7228062152862549,0.4927249550819397,0.7424302697181702,rock,05044,C:/Users/Javier/PIDS_HandPose/work/HAR_mediapipe/data/gestos_pids/train//rock/rock_05044.jpg
0.5144767761230469,0.8924825191497803,0.5566908121109009,0.8546513319015503,0.5785896182060242,0.8033434748649597,0.5784905552864075,0.7440085411071777,0.5637977123260498,0.7172941565513611,0.5535354614257812,0.74402916431427,0.547426164150238,0.6910393238067627,0.5475598573684692,0.7171689867973328,0.5489453673362732,0.7440866231918335,0.5253648161888123,0.7413243055343628,0.52510666847229,0.6970999240875244,0.5274105668067932,0.719537615776062,0.528775691986084,0.7420424222946167,0.5019658803939819,0.7496888041496277,0.5053802132606506,0.715243935585022,0.5089722275733948,0.732273519039154,0.5095236897468567,0.7539511919021606,0.4826992452144623,0.7640991806983948,0.49021315574645996,0.7329282164573669,0.4934428036212921,0.7494481801986694,0.49344223737716675,0.768889307975769,rock,05045,C:/Users/Javier/PIDS_HandPose/work/HAR_mediapipe/data/gestos_pids/train//rock/rock_05045.jpg
0.5169792175292969,0.8960810303688049,0.5566543936729431,0.8549261689186096,0.577599048614502,0.803901195526123,0.576457142829895,0.744478166103363,0.5610271096229553,0.7184267640113831,0.5517773628234863,0.743865430355072,0.5456506609916687,0.6906834244728088,0.5468349456787109,0.717911958694458,0.5490188002586365,0.7461150884628296,0.5233237743377686,0.7426642775535583,0.5232642889022827,0.6959425210952759,0.5256830453872681,0.7199355959892273,0.5269502401351929,0.7440869808197021,0.499569833278656,0.7521123886108398,0.5031063556671143,0.7165237665176392,0.5068715214729309,0.7356266975402832,0.5075825452804565,0.7585417628288269,0.48010215163230896,0.7677444815635681,0.4863945245742798,0.7373696565628052,0.4901151955127716,0.7545656561851501,0.4906996488571167,0.7735525965690613,rock,05046,C:/Users/Javier/PIDS_HandPose/work/HAR_mediapipe/data/gestos_pids/train//rock/rock_05046.jpg
0.5273139476776123,0.9139071106910706,0.5672551989555359,0.8687679171562195,0.5907936692237854,0.8177165389060974,0.5924532413482666,0.7554438710212708,0.5790850520133972,0.7204385995864868,0.569494903087616,0.7556180357933044,0.5613378882408142,0.6956089735031128,0.5613735914230347,0.7227504253387451,0.5632323622703552,0.7515178918838501,0.5398357510566711,0.7540108561515808,0.5377783179283142,0.6987897753715515,0.5391132831573486,0.7231960296630859,0.5403974056243896,0.7488393783569336,0.5139203667640686,0.7618904709815979,0.5155942440032959,0.7155857086181641,0.5184174180030823,0.7353042364120483,0.5192261338233948,0.7597280144691467,0.4913518726825714,0.775842010974884,0.4967215955257416,0.7348061800003052,0.4998544454574585,0.7524531483650208,0.5003475546836853,0.7732887864112854,rock,05047,C:/Users/Javier/PIDS_HandPose/work/HAR_mediapipe/data/gestos_pids/train//rock/rock_05047.jpg
0.5261893272399902,0.9461140036582947,0.5662943720817566,0.8961829543113708,0.5906873941421509,0.842212975025177,0.5957798361778259,0.7823926210403442,0.5831048488616943,0.7466515302658081,0.5707716345787048,0.7886369228363037,0.5618612766265869,0.7223736047744751,0.5605800151824951,0.7495024800300598,0.561499297618866,0.7775761485099792,0.5410839319229126,0.7889628410339355,0.5356565713882446,0.7270095348358154,0.5365515947341919,0.749179482460022,0.5382801294326782,0.7742866277694702,0.5145329833030701,0.7960598468780518,0.5143270492553711,0.7416068315505981,0.5169647336006165,0.7592061758041382,0.5180961489677429,0.7832978367805481,0.49137526750564575,0.8077306151390076,0.49683046340942383,0.7594377994537354,0.4994910955429077,0.7761601209640503,0.4996437430381775,0.7975208759307861,rock,05048,C:/Users/Javier/PIDS_HandPose/work/HAR_mediapipe/data/gestos_pids/train//rock/rock_05048.jpg
0.5179750323295593,0.9455546140670776,0.5588862895965576,0.8986361026763916,0.584028422832489,0.8406568765640259,0.5867275595664978,0.7781698107719421,0.5723735094070435,0.7445273399353027,0.5603862404823303,0.7880442142486572,0.5517438650131226,0.720704972743988,0.5520312190055847,0.7505276203155518,0.5537391901016235,0.7804056406021118,0.5296282768249512,0.7898489236831665,0.5256357192993164,0.7263284921646118,0.528396487236023,0.7510330677032471,0.5296506881713867,0.7770557999610901,0.503463864326477,0.7980692386627197,0.5035045742988586,0.7424027323722839,0.5077396035194397,0.7619655728340149,0.5087978839874268,0.7867631912231445,0.48157957196235657,0.8109939098358154,0.4868796169757843,0.7616707682609558,0.49027252197265625,0.7798589468002319,0.490110844373703,0.8020362257957458,rock,05049,C:/Users/Javier/PIDS_HandPose/work/HAR_mediapipe/data/gestos_pids/train//rock/rock_05049.jpg
0.551001787185669,0.8331699371337891,0.5984359383583069,0.8109961748123169,0.6256657242774963,0.7701236605644226,0.624959409236908,0.7129708528518677,0.6098793148994446,0.680813193321228,0.6141204833984375,0.699065089225769,0.6082451343536377,0.6437079310417175,0.6019826531410217,0.6696996688842773,0.6005042195320129,0.6989666819572449,0.5834047794342041,0.6820858716964722,0.5813493132591248,0.6431638598442078,0.5776088833808899,0.6674936413764954,0.5764688849449158,0.6940057873725891,0.5563434958457947,0.6794344186782837,0.5575068593025208,0.6529281139373779,0.5564377307891846,0.6738967299461365,0.5547157526016235,0.6979835629463196,0.5323625802993774,0.6846611499786377,0.5367640256881714,0.6673616170883179,0.5360269546508789,0.6881387829780579,0.5343037843704224,0.7089800834655762,rock,05050,C:/Users/Javier/PIDS_HandPose/work/HAR_mediapipe/data/gestos_pids/train//rock/rock_05050.jpg
0.5362093448638916,0.9190199375152588,0.5797051787376404,0.8832071423530579,0.6036230325698853,0.8331461548805237,0.6025722026824951,0.7699953317642212,0.5913457274436951,0.7350482940673828,0.5883597135543823,0.7694629430770874,0.5791224241256714,0.7106685638427734,0.5768334865570068,0.7366279363632202,0.5779607892036438,0.7659799456596375,0.5584571957588196,0.7629795670509338,0.5537900924682617,0.7124989628791809,0.5520676374435425,0.7347514033317566,0.5527605414390564,0.7600206136703491,0.5315934419631958,0.7662556767463684,0.5308240652084351,0.7266291975975037,0.5309850573539734,0.7456754446029663,0.5312234163284302,0.7696108818054199,0.507551908493042,0.776872992515564,0.5111773014068604,0.7438752055168152,0.5124790668487549,0.763080358505249,0.5126935243606567,0.7837019562721252,rock,05051,C:/Users/Javier/PIDS_HandPose/work/HAR_mediapipe/data/gestos_pids/train//rock/rock_05051.jpg
0.2603662610054016,0.9372310638427734,0.2340179681777954,0.882327675819397,0.2290274053812027,0.815329909324646,0.2446347326040268,0.7626553177833557,0.26440131664276123,0.7388389110565186,0.22866006195545197,0.7800720930099487,0.26238977909088135,0.7134884595870972,0.26591232419013977,0.7393727898597717,0.25744393467903137,0.7641468048095703,0.2537870705127716,0.7966369986534119,0.28517377376556396,0.7305458784103394,0.28547006845474243,0.7589467167854309,0.27620232105255127,0.7828696370124817,0.28029391169548035,0.8169954419136047,0.3054627776145935,0.7562571167945862,0.3035440742969513,0.782222330570221,0.29514193534851074,0.8043776750564575,0.3042328655719757,0.8396521210670471,0.32093486189842224,0.7833784222602844,0.3168294131755829,0.8039231896400452,0.3098755478858948,0.8259658813476562,rock,05052,C:/Users/Javier/PIDS_HandPose/work/HAR_mediapipe/data/gestos_pids/train//rock/rock_05052.jpg
0.5353659987449646,0.9515631198883057,0.5769890546798706,0.9109455347061157,0.6031172871589661,0.8561399579048157,0.6076107025146484,0.7948451042175293,0.598976194858551,0.7593727111816406,0.5911325216293335,0.7974260449409485,0.578204870223999,0.7310042381286621,0.5741429924964905,0.759233295917511,0.5759366154670715,0.7873764634132385,0.5603092312812805,0.7946836352348328,0.5516981482505798,0.7374851703643799,0.5498343706130981,0.7617738842964172,0.551211953163147,0.7872496843338013,0.5322796106338501,0.7989265322685242,0.5278792381286621,0.7526589632034302,0.527662992477417,0.772341787815094,0.5289853811264038,0.796181321144104,0.5074406266212463,0.8079661130905151,0.5100280046463013,0.7662356495857239,0.5097750425338745,0.7859999537467957,0.5098195672035217,0.8081099987030029,rock,05053,C:/Users/Javier/PIDS_HandPose/work/HAR_mediapipe/data/gestos_pids/train//rock/rock_05053.jpg
0.5433590412139893,0.973659098148346,0.5843059420585632,0.9274624586105347,0.6078808903694153,0.8717009425163269,0.6087831854820251,0.8150611519813538,0.5960491299629211,0.7807743549346924,0.600861668586731,0.8195602893829346,0.5831547379493713,0.7518677115440369,0.5776742100715637,0.7782560586929321,0.5802689790725708,0.8054835796356201,0.5684399604797363,0.8175176382064819,0.5568709373474121,0.7575531601905823,0.5537101626396179,0.7797421216964722,0.555510401725769,0.80607008934021,0.5390585064888,0.8221835494041443,0.5333539843559265,0.771499752998352,0.5325480699539185,0.790437638759613,0.5346607565879822,0.815122663974762,0.5132009387016296,0.8313028216362,0.5158628225326538,0.7871882915496826,0.5155603289604187,0.8053380250930786,0.5160123705863953,0.8275679349899292,rock,05054,C:/Users/Javier/PIDS_HandPose/work/HAR_mediapipe/data/gestos_pids/train//rock/rock_05054.jpg
0.25826314091682434,0.9939521551132202,0.23558707535266876,0.9339981079101562,0.23112881183624268,0.8567439317703247,0.24474628269672394,0.797909140586853,0.264229416847229,0.7711969017982483,0.23357567191123962,0.8391000628471375,0.2702951729297638,0.7676897644996643,0.270233690738678,0.7972580790519714,0.2603611946105957,0.8232312202453613,0.2583915591239929,0.8647982478141785,0.29334691166877747,0.7901889681816101,0.29145491123199463,0.818917453289032,0.28055495023727417,0.8451738357543945,0.28406822681427,0.889994204044342,0.3117230534553528,0.8210448622703552,0.30803382396698,0.845982015132904,0.2980363965034485,0.8689252138137817,0.3071835935115814,0.9129213094711304,0.3257986307144165,0.85230553150177,0.3214815855026245,0.8716309070587158,0.3141207695007324,0.8942576050758362,rock,05055,C:/Users/Javier/PIDS_HandPose/work/HAR_mediapipe/data/gestos_pids/train//rock/rock_05055.jpg
0.29588940739631653,0.9421238899230957,0.2778836190700531,0.8623247146606445,0.2764665186405182,0.7834222316741943,0.294487863779068,0.7175745964050293,0.318808376789093,0.694871187210083,0.28162577748298645,0.767082691192627,0.31659671664237976,0.7008963823318481,0.3175402879714966,0.7247228622436523,0.309135377407074,0.7480701804161072,0.3060803711414337,0.7924967408180237,0.33786869049072266,0.7271047830581665,0.3352070152759552,0.749912679195404,0.3251774311065674,0.7726694941520691,0.3313503563404083,0.8191974759101868,0.3557860851287842,0.7570456862449646,0.35209426283836365,0.7762312889099121,0.3428787589073181,0.7985996603965759,0.3535924255847931,0.8453737497329712,0.36961933970451355,0.7875677347183228,0.36398565769195557,0.8010663390159607,0.3558753430843353,0.8221815824508667,rock,05056,C:/Users/Javier/PIDS_HandPose/work/HAR_mediapipe/data/gestos_pids/train//rock/rock_05056.jpg
0.2808355391025543,0.9804786443710327,0.2620084285736084,0.9067437648773193,0.2614692449569702,0.8319816589355469,0.2781447768211365,0.7765668630599976,0.2991252839565277,0.7574384808540344,0.26779142022132874,0.805170476436615,0.30536144971847534,0.7393325567245483,0.3048050105571747,0.7656603455543518,0.29484522342681885,0.7908247113227844,0.29221493005752563,0.8325313925743103,0.3279930055141449,0.7646784782409668,0.3238449692726135,0.790157675743103,0.31261226534843445,0.8131614327430725,0.3172960877418518,0.8617361187934875,0.34557774662971497,0.7961018681526184,0.34059926867485046,0.8177900314331055,0.3305492401123047,0.8394679427146912,0.3395017981529236,0.889600396156311,0.35881879925727844,0.8272184729576111,0.35237160325050354,0.841880738735199,0.34342995285987854,0.8625986576080322,rock,05057,C:/Users/Javier/PIDS_HandPose/work/HAR_mediapipe/data/gestos_pids/train//rock/rock_05057.jpg
0.27458909153938293,0.9901207089424133,0.2550722658634186,0.9258882403373718,0.252064973115921,0.8469889760017395,0.2656678557395935,0.7868067026138306,0.2858562171459198,0.7622520923614502,0.2599421739578247,0.8298656344413757,0.297016441822052,0.7615740299224854,0.2950330674648285,0.7884490489959717,0.28392958641052246,0.8123173117637634,0.2832627594470978,0.8570749163627625,0.31909722089767456,0.786357581615448,0.3157360255718231,0.8121147751808167,0.3041194975376129,0.8351456522941589,0.3071175813674927,0.8853519558906555,0.3374282419681549,0.8186787366867065,0.33244559168815613,0.8405807614326477,0.32135865092277527,0.8617900609970093,0.3283737301826477,0.9126282334327698,0.35010355710983276,0.8520601987838745,0.34429052472114563,0.8674734234809875,0.33496952056884766,0.888708233833313,rock,05058,C:/Users/Javier/PIDS_HandPose/work/HAR_mediapipe/data/gestos_pids/train//rock/rock_05058.jpg
0.2729107141494751,0.9862837195396423,0.25562435388565063,0.9190371632575989,0.25623399019241333,0.8401514291763306,0.2733362913131714,0.7829799056053162,0.2956573963165283,0.7647045850753784,0.26218125224113464,0.8226372003555298,0.30089154839515686,0.7570157051086426,0.2983124852180481,0.7830840349197388,0.2871575355529785,0.8063188195228577,0.2853739559650421,0.8522616624832153,0.3222212493419647,0.7847325205802917,0.3176998198032379,0.8096922636032104,0.30574125051498413,0.8318160176277161,0.3092356026172638,0.8823981285095215,0.33970963954925537,0.817091703414917,0.3340983986854553,0.8386052250862122,0.3232361078262329,0.8597047924995422,0.3305653929710388,0.910108208656311,0.35253700613975525,0.8492987155914307,0.3459157347679138,0.8643929958343506,0.33641791343688965,0.8859467506408691,rock,05059,C:/Users/Javier/PIDS_HandPose/work/HAR_mediapipe/data/gestos_pids/train//rock/rock_05059.jpg
0.27732425928115845,0.9914931058883667,0.2584187388420105,0.9233941435813904,0.25906747579574585,0.8446010947227478,0.2762766182422638,0.7877562046051025,0.29815444350242615,0.7654755115509033,0.26499396562576294,0.8305495381355286,0.30338606238365173,0.767606258392334,0.30029091238975525,0.7935619950294495,0.28904989361763,0.8155481219291687,0.28808292746543884,0.8608301281929016,0.3249022364616394,0.7958499193191528,0.3199228048324585,0.8200686573982239,0.307544469833374,0.8417909741401672,0.31166142225265503,0.8910341858863831,0.34249347448349,0.8265136480331421,0.33641254901885986,0.847409725189209,0.32486507296562195,0.8690391778945923,0.33276239037513733,0.9188410639762878,0.3548954427242279,0.8594261407852173,0.34860870242118835,0.8737115859985352,0.33882445096969604,0.8952386975288391,rock,05060,C:/Users/Javier/PIDS_HandPose/work/HAR_mediapipe/data/gestos_pids/train//rock/rock_05060.jpg
0.2802399694919586,0.990839958190918,0.2601981461048126,0.924045979976654,0.2610570788383484,0.8442896008491516,0.27960169315338135,0.7873189449310303,0.3019070327281952,0.7666428685188293,0.26839548349380493,0.8305166363716125,0.306753933429718,0.7700419425964355,0.3027723729610443,0.7952057123184204,0.29177749156951904,0.8180384039878845,0.2916503846645355,0.8609024286270142,0.3294200599193573,0.7966421246528625,0.32343563437461853,0.8203615546226501,0.3110916316509247,0.843007504940033,0.315260648727417,0.8912007808685303,0.3460398018360138,0.8286764025688171,0.33909860253334045,0.849350094795227,0.3280295431613922,0.8709548115730286,0.3365479111671448,0.9196299314498901,0.357740581035614,0.8619154691696167,0.35064151883125305,0.8768292665481567,0.3415835201740265,0.8986830115318298,rock,05061,C:/Users/Javier/PIDS_HandPose/work/HAR_mediapipe/data/gestos_pids/train//rock/rock_05061.jpg
0.27487698197364807,1.0044134855270386,0.25425732135772705,0.9431798458099365,0.255715012550354,0.8621121048927307,0.2749110758304596,0.802844762802124,0.29618051648139954,0.7792505621910095,0.26176342368125916,0.8535111546516418,0.30127397179603577,0.7858814001083374,0.2981850802898407,0.8138564825057983,0.287367582321167,0.8384528756141663,0.2845638394355774,0.8835952877998352,0.3229118883609772,0.8121588826179504,0.31750473380088806,0.8390383720397949,0.3056873381137848,0.8640864491462708,0.30810967087745667,0.9128502011299133,0.3408470153808594,0.845305323600769,0.33349260687828064,0.8685888648033142,0.3221222460269928,0.8915271759033203,0.3293103575706482,0.9386388659477234,0.35172727704048157,0.8812991976737976,0.34457719326019287,0.8990442752838135,0.3359493613243103,0.9214346408843994,rock,05062,C:/Users/Javier/PIDS_HandPose/work/HAR_mediapipe/data/gestos_pids/train//rock/rock_05062.jpg
0.2846304178237915,0.8787279725074768,0.26750558614730835,0.8009867072105408,0.26968318223953247,0.7330460548400879,0.29085561633110046,0.6920964121818542,0.31257811188697815,0.6857531666755676,0.2737792432308197,0.6900555491447449,0.31545957922935486,0.6425181031227112,0.31940770149230957,0.6709310412406921,0.3119772970676422,0.6929616332054138,0.29726171493530273,0.7100909948348999,0.3349156677722931,0.6679234504699707,0.3342296779155731,0.6975319385528564,0.32388535141944885,0.717396080493927,0.32157865166664124,0.736927330493927,0.3510279357433319,0.6969502568244934,0.3476276397705078,0.7231643199920654,0.33691972494125366,0.7420166730880737,0.34312111139297485,0.7656885981559753,0.3640100657939911,0.7277528643608093,0.3583478033542633,0.7478788495063782,0.3488762676715851,0.7666383385658264,rock,05063,C:/Users/Javier/PIDS_HandPose/work/HAR_mediapipe/data/gestos_pids/train//rock/rock_05063.jpg
0.27521708607673645,0.5383059978485107,0.2732694745063782,0.46891483664512634,0.28764423727989197,0.42075708508491516,0.3158628046512604,0.4029778242111206,0.34008678793907166,0.4080016314983368,0.28286880254745483,0.3534109592437744,0.32691559195518494,0.3397747278213501,0.3290380835533142,0.374051570892334,0.32161247730255127,0.39446425437927246,0.30029889941215515,0.3661816716194153,0.34333863854408264,0.3558429181575775,0.3415091037750244,0.388685941696167,0.331186443567276,0.40289506316185,0.3186683654785156,0.39042097330093384,0.35721394419670105,0.3799310028553009,0.35265815258026123,0.4078817367553711,0.3400700092315674,0.41940781474113464,0.3361324965953827,0.419505774974823,0.3658360242843628,0.4118034243583679,0.3603874444961548,0.4355541467666626,0.34951987862586975,0.44811147451400757,rock,05064,C:/Users/Javier/PIDS_HandPose/work/HAR_mediapipe/data/gestos_pids/train//rock/rock_05064.jpg
0.5657778382301331,0.5860350131988525,0.6051343679428101,0.5326321125030518,0.6173532605171204,0.4837299883365631,0.6044963598251343,0.43953919410705566,0.5840708613395691,0.42011183500289917,0.6020535230636597,0.400294691324234,0.5836328268051147,0.37626349925994873,0.5763437747955322,0.4032895863056183,0.577915608882904,0.4283301830291748,0.5734046101570129,0.3945518732070923,0.5593646764755249,0.38792726397514343,0.5568299293518066,0.4156782925128937,0.5610867738723755,0.44065648317337036,0.5464204549789429,0.4066448509693146,0.5371350049972534,0.40558338165283203,0.5385768413543701,0.4318745732307434,0.5442008972167969,0.4564715027809143,0.5230680704116821,0.42464858293533325,0.5201883912086487,0.42615291476249695,0.5237194895744324,0.45104968547821045,0.5296931266784668,0.47216475009918213,rock,05065,C:/Users/Javier/PIDS_HandPose/work/HAR_mediapipe/data/gestos_pids/train//rock/rock_05065.jpg
0.5614836812019348,0.6682936549186707,0.6028100252151489,0.617121696472168,0.6181073188781738,0.5661734342575073,0.6062256693840027,0.5232143998146057,0.586534321308136,0.5036391615867615,0.6031801700592041,0.4797373116016388,0.5830004811286926,0.44281041622161865,0.5722599625587463,0.46480271220207214,0.5723121762275696,0.4888104498386383,0.5737773776054382,0.4720767140388489,0.5562677979469299,0.4514698088169098,0.5514605641365051,0.47701922059059143,0.5551439523696899,0.5034183263778687,0.5460619926452637,0.4824279546737671,0.5342399477958679,0.46764075756073,0.5336199998855591,0.4940569996833801,0.538000226020813,0.5199199914932251,0.5213199257850647,0.501069962978363,0.5169150829315186,0.49527814984321594,0.5174078941345215,0.5216805338859558,0.5211069583892822,0.5446551442146301,rock,05066,C:/Users/Javier/PIDS_HandPose/work/HAR_mediapipe/data/gestos_pids/train//rock/rock_05066.jpg
0.5557151436805725,0.8642438650131226,0.594988226890564,0.7984395027160645,0.6119924783706665,0.7283896207809448,0.601632833480835,0.6619459390640259,0.5815936326980591,0.6300711631774902,0.5943320989608765,0.6673095226287842,0.5695265531539917,0.5964657068252563,0.5663464665412903,0.6294776201248169,0.5721207857131958,0.6617952585220337,0.5594278573989868,0.674926221370697,0.5416743159294128,0.6117103695869446,0.5405316948890686,0.6402508020401001,0.5459073781967163,0.6702470779418945,0.5281408429145813,0.6904306411743164,0.5171542167663574,0.6388156414031982,0.5191236734390259,0.6648959517478943,0.524227499961853,0.6931253671646118,0.5002714395523071,0.7114459872245789,0.4982108473777771,0.6658353805541992,0.5014082193374634,0.6916933059692383,0.5049775242805481,0.7177135348320007,rock,05067,C:/Users/Javier/PIDS_HandPose/work/HAR_mediapipe/data/gestos_pids/train//rock/rock_05067.jpg
0.5917679071426392,0.9872238636016846,0.63603276014328,0.9182069897651672,0.6629326939582825,0.8411102890968323,0.6540800333023071,0.7676467299461365,0.6320623755455017,0.7314403653144836,0.6450725197792053,0.781910240650177,0.6168050169944763,0.7009625434875488,0.6131947040557861,0.7342441082000732,0.6187335848808289,0.7687990069389343,0.6061775088310242,0.791641891002655,0.584129810333252,0.7120780944824219,0.584166407585144,0.7441521286964417,0.5899739265441895,0.7779884338378906,0.5717265605926514,0.808525025844574,0.556986391544342,0.7367604970932007,0.5599491000175476,0.7659408450126648,0.5664735436439514,0.7990179657936096,0.5410771369934082,0.8298510909080505,0.5372430086135864,0.7689124941825867,0.5406825542449951,0.7942712903022766,0.5452895164489746,0.821840226650238,rock,05068,C:/Users/Javier/PIDS_HandPose/work/HAR_mediapipe/data/gestos_pids/train//rock/rock_05068.jpg
0.18710410594940186,0.7332313656806946,0.19946077466011047,0.6641734838485718,0.23097869753837585,0.6104529500007629,0.26776888966560364,0.5874711871147156,0.2935709059238434,0.5833386182785034,0.22646716237068176,0.5724377036094666,0.2875060737133026,0.58123379945755,0.28035277128219604,0.6099112033843994,0.2634914219379425,0.6161508560180664,0.2299390286207199,0.6101150512695312,0.2930707335472107,0.6218845248222351,0.28131404519081116,0.6490362882614136,0.2623137831687927,0.6506103873252869,0.23600620031356812,0.6552703380584717,0.2937994599342346,0.6657483577728271,0.28091517090797424,0.6871932148933411,0.2629249691963196,0.6880818009376526,0.24243947863578796,0.7017977833747864,0.28767579793930054,0.7059841752052307,0.27581095695495605,0.7188565135002136,0.2596055865287781,0.7186593413352966,rock,05069,C:/Users/Javier/PIDS_HandPose/work/HAR_mediapipe/data/gestos_pids/train//rock/rock_05069.jpg
0.17242255806922913,0.822858989238739,0.18573611974716187,0.7477602362632751,0.22214576601982117,0.6904481649398804,0.2626108229160309,0.6695111393928528,0.291616827249527,0.664355456829071,0.21906200051307678,0.6535606980323792,0.2824521064758301,0.6608375310897827,0.275729238986969,0.68736332654953,0.25777095556259155,0.6966007947921753,0.22224381566047668,0.6982859373092651,0.28894975781440735,0.703896701335907,0.2764681279659271,0.7274726033210754,0.25534865260124207,0.7328779697418213,0.2281724214553833,0.7493565678596497,0.29029732942581177,0.7495017051696777,0.2759972810745239,0.7681100368499756,0.2558833658695221,0.7733744978904724,0.23431101441383362,0.8004554510116577,0.28364649415016174,0.7941336035728455,0.27206897735595703,0.8035699129104614,0.25520825386047363,0.8065862655639648,rock,05070,C:/Users/Javier/PIDS_HandPose/work/HAR_mediapipe/data/gestos_pids/train//rock/rock_05070.jpg
