x0,y0,x1,y1,x2,y2,x3,y3,x4,y4,x5,y5,x6,y6,x7,y7,x8,y8,x9,y9,x10,y10,x11,y11,x12,y12,x13,y13,x14,y14,x15,y15,x16,y16,x17,y17,x18,y18,x19,y19,x20,y20,label,frame,path
0.44098353385925293,0.7780947089195251,0.401842325925827,0.7179884910583496,0.3781909942626953,0.6411753296852112,0.36595118045806885,0.5738300085067749,0.34625086188316345,0.5389657616615295,0.38838261365890503,0.6107262372970581,0.39841383695602417,0.5058339238166809,0.40789395570755005,0.4468874931335449,0.4150235652923584,0.40465134382247925,0.41780340671539307,0.613540768623352,0.4244996905326843,0.49738919734954834,0.43259575963020325,0.4349966049194336,0.4386926293373108,0.39061200618743896,0.44776788353919983,0.6200855374336243,0.44925475120544434,0.5111925601959229,0.452371209859848,0.4516908526420593,0.4534304141998291,0.40960079431533813,0.47564390301704407,0.6299574375152588,0.47209545969963074,0.542087972164154,0.47061780095100403,0.49389755725860596,0.4692913591861725,0.45496174693107605,paper,01001,C:/Users/Javier/PIDS_HandPose/work/HAR_mediapipe/data/gestos_pids/train//paper/paper_01001.jpg
0.4306706488132477,0.7691605091094971,0.4657006859779358,0.6971464157104492,0.47074609994888306,0.6105598211288452,0.4651630222797394,0.548058807849884,0.46560436487197876,0.5028062462806702,0.44035109877586365,0.5473325848579407,0.43147343397140503,0.4711315929889679,0.4250028729438782,0.42939770221710205,0.41831207275390625,0.3889195919036865,0.4235040545463562,0.5507726073265076,0.41486117243766785,0.4661663770675659,0.4085913896560669,0.41433167457580566,0.40097832679748535,0.37051841616630554,0.4080628454685211,0.568737804889679,0.3993413746356964,0.48364758491516113,0.39547017216682434,0.43582847714424133,0.39114490151405334,0.39485234022140503,0.39336562156677246,0.6001203060150146,0.38815784454345703,0.5308926701545715,0.3875691890716553,0.4898533225059509,0.38669732213020325,0.45408448576927185,paper,01002,C:/Users/Javier/PIDS_HandPose/work/HAR_mediapipe/data/gestos_pids/train//paper/paper_01002.jpg
0.36092838644981384,0.7997010350227356,0.3757250905036926,0.7152320146560669,0.35837769508361816,0.6339913010597229,0.336212694644928,0.5747435688972473,0.32945120334625244,0.5214745998382568,0.31144624948501587,0.5929853916168213,0.2779189944267273,0.533824622631073,0.2582622170448303,0.5019662380218506,0.24018645286560059,0.47349679470062256,0.29165565967559814,0.6196876764297485,0.2554536759853363,0.5574058890342712,0.2338583767414093,0.5190277099609375,0.21521836519241333,0.4875137507915497,0.27768534421920776,0.6579172611236572,0.2427019476890564,0.5958415269851685,0.2235955148935318,0.5579737424850464,0.20798681676387787,0.5235698819160461,0.2681150436401367,0.7055726647377014,0.23930084705352783,0.6563165187835693,0.22454971075057983,0.6237790584564209,0.2132066935300827,0.5911170244216919,paper,01003,C:/Users/Javier/PIDS_HandPose/work/HAR_mediapipe/data/gestos_pids/train//paper/paper_01003.jpg
0.5275795459747314,0.5235562920570374,0.5439113974571228,0.4882180392742157,0.5575919151306152,0.4461638033390045,0.5667309165000916,0.41117197275161743,0.5738549828529358,0.3853786289691925,0.5605208277702332,0.4337727129459381,0.5760127902030945,0.39114606380462646,0.585227906703949,0.35936981439590454,0.5917758345603943,0.33180826902389526,0.5579259991645813,0.4360625147819519,0.5747904777526855,0.3894360363483429,0.5840203166007996,0.35641980171203613,0.5910321474075317,0.32779112458229065,0.5522233247756958,0.44216060638427734,0.5688071846961975,0.3982837498188019,0.57717365026474,0.36947759985923767,0.5841820240020752,0.34418243169784546,0.5437657833099365,0.4512999653816223,0.5530962944030762,0.42781782150268555,0.5609283447265625,0.41003990173339844,0.5683078765869141,0.39356693625450134,paper,01004,C:/Users/Javier/PIDS_HandPose/work/HAR_mediapipe/data/gestos_pids/train//paper/paper_01004.jpg
0.4909513294696808,0.6337896585464478,0.5198267102241516,0.616326630115509,0.535342276096344,0.5646834373474121,0.5419665575027466,0.52114337682724,0.5487329363822937,0.4880693554878235,0.5218473672866821,0.5121362209320068,0.5422359704971313,0.45572566986083984,0.5567447543144226,0.4137308597564697,0.5665309429168701,0.37565064430236816,0.5180167555809021,0.5043264627456665,0.5411658883094788,0.4407118558883667,0.5572422742843628,0.3908233046531677,0.5693047642707825,0.3453746736049652,0.5157501101493835,0.5029444694519043,0.536846935749054,0.4391333758831024,0.5518349409103394,0.3925018906593323,0.5633375644683838,0.34948790073394775,0.5147361755371094,0.5102142691612244,0.5293586850166321,0.45601972937583923,0.5399240851402283,0.4192952513694763,0.5487625002861023,0.38868004083633423,paper,01005,C:/Users/Javier/PIDS_HandPose/work/HAR_mediapipe/data/gestos_pids/train//paper/paper_01005.jpg
0.4032082259654999,0.642490565776825,0.43390077352523804,0.6019769906997681,0.4470903277397156,0.542548656463623,0.44959557056427,0.4901551902294159,0.4503648579120636,0.4547334611415863,0.44069769978523254,0.47726330161094666,0.44646015763282776,0.40945959091186523,0.45080476999282837,0.36643630266189575,0.45353204011917114,0.32803237438201904,0.428250789642334,0.4757772982120514,0.43455061316490173,0.4001571536064148,0.4392084777355194,0.3504118323326111,0.440885066986084,0.30840039253234863,0.4149456024169922,0.4868830144405365,0.42181822657585144,0.4161127507686615,0.42852145433425903,0.3696855902671814,0.43241605162620544,0.330752968788147,0.4023561179637909,0.5092818737030029,0.4143773913383484,0.4536736309528351,0.4252690374851227,0.42041444778442383,0.43334344029426575,0.39381271600723267,paper,01006,C:/Users/Javier/PIDS_HandPose/work/HAR_mediapipe/data/gestos_pids/train//paper/paper_01006.jpg
0.38177159428596497,0.6789236664772034,0.4233695864677429,0.638634443283081,0.44408759474754333,0.5746382474899292,0.4451432228088379,0.5114380717277527,0.45303186774253845,0.47354456782341003,0.42025890946388245,0.49932828545570374,0.41959837079048157,0.4262901544570923,0.41773751378059387,0.3823310136795044,0.4153795540332794,0.34233608841896057,0.3998355269432068,0.49630555510520935,0.39965900778770447,0.41536134481430054,0.3985770642757416,0.3650262951850891,0.3967481851577759,0.32322078943252563,0.3804437220096588,0.5076605677604675,0.3801650106906891,0.42836683988571167,0.37981724739074707,0.3806590437889099,0.37988215684890747,0.3398734927177429,0.35887303948402405,0.5300607085227966,0.3596338629722595,0.46623244881629944,0.36098286509513855,0.4289379417896271,0.3636278212070465,0.39358657598495483,paper,01007,C:/Users/Javier/PIDS_HandPose/work/HAR_mediapipe/data/gestos_pids/train//paper/paper_01007.jpg
0.4154503643512726,0.6534223556518555,0.4385029673576355,0.6477891206741333,0.45259034633636475,0.599480152130127,0.45277878642082214,0.5415930151939392,0.46164411306381226,0.5037117004394531,0.44827061891555786,0.5076625347137451,0.45102134346961975,0.4393571615219116,0.4511764943599701,0.3906281590461731,0.4506310224533081,0.3498377203941345,0.43488097190856934,0.49411067366600037,0.4371788203716278,0.4210061728954315,0.4374883770942688,0.36960452795028687,0.43750470876693726,0.326116681098938,0.42198920249938965,0.49439704418182373,0.4238422214984894,0.4264788031578064,0.4237079322338104,0.38060539960861206,0.42463961243629456,0.3412918746471405,0.4072740972042084,0.5053585767745972,0.4045765995979309,0.4530552625656128,0.40393930673599243,0.41761350631713867,0.4048026502132416,0.3861669898033142,paper,01008,C:/Users/Javier/PIDS_HandPose/work/HAR_mediapipe/data/gestos_pids/train//paper/paper_01008.jpg
0.3964250683784485,0.661653995513916,0.42513400316238403,0.6360076069831848,0.43912550806999207,0.579228937625885,0.4339864253997803,0.5219358801841736,0.4400120675563812,0.48822104930877686,0.42225486040115356,0.5009150505065918,0.4172319173812866,0.4350599944591522,0.41236504912376404,0.3926785886287689,0.4071011543273926,0.3548498749732971,0.40338805317878723,0.4962138831615448,0.39920857548713684,0.42499616742134094,0.3950845003128052,0.3768393397331238,0.3909473419189453,0.33607757091522217,0.3867255449295044,0.5041355490684509,0.38265347480773926,0.4351101219654083,0.3797408938407898,0.3914453387260437,0.37753456830978394,0.3543941080570221,0.3690139651298523,0.5229324102401733,0.3660086691379547,0.4671153426170349,0.36350542306900024,0.4325079321861267,0.36255180835723877,0.40038323402404785,paper,01009,C:/Users/Javier/PIDS_HandPose/work/HAR_mediapipe/data/gestos_pids/train//paper/paper_01009.jpg
0.4132487177848816,0.6100589036941528,0.45276200771331787,0.5803394317626953,0.47120586037635803,0.5286818146705627,0.4786604940891266,0.4771691858768463,0.48759859800338745,0.4490518271923065,0.45637771487236023,0.47276365756988525,0.45896413922309875,0.416759192943573,0.45824259519577026,0.3848380148410797,0.4580698609352112,0.3551862835884094,0.43997660279273987,0.4651161730289459,0.44284942746162415,0.4038481116294861,0.44359278678894043,0.3678866922855377,0.4447515904903412,0.33898645639419556,0.42371001839637756,0.4668830931186676,0.4253425896167755,0.40632665157318115,0.42679694294929504,0.37308642268180847,0.4289945065975189,0.3465297520160675,0.40593039989471436,0.47683286666870117,0.4078313410282135,0.4286014437675476,0.4094920754432678,0.40172865986824036,0.4128740131855011,0.3779522180557251,paper,01010,C:/Users/Javier/PIDS_HandPose/work/HAR_mediapipe/data/gestos_pids/train//paper/paper_01010.jpg
0.4303693175315857,0.608669638633728,0.47002455592155457,0.5846845507621765,0.48711949586868286,0.546261727809906,0.49498721957206726,0.5094966292381287,0.49932438135147095,0.4880819022655487,0.46942827105522156,0.4992252290248871,0.47454163432121277,0.45433223247528076,0.47650420665740967,0.426352322101593,0.47776976227760315,0.40252381563186646,0.45258715748786926,0.49504554271698,0.4540015161037445,0.4456028640270233,0.4548412561416626,0.4149407744407654,0.4553139805793762,0.3921646773815155,0.43639618158340454,0.4984879493713379,0.43529653549194336,0.4501383602619171,0.4355906844139099,0.42050856351852417,0.4379779100418091,0.3948138952255249,0.41964682936668396,0.5079461932182312,0.415461003780365,0.4709274172782898,0.4127574563026428,0.4484371840953827,0.4132293462753296,0.4275048077106476,paper,01011,C:/Users/Javier/PIDS_HandPose/work/HAR_mediapipe/data/gestos_pids/train//paper/paper_01011.jpg
0.4235784113407135,0.632705569267273,0.44015946984291077,0.5990331768989563,0.44342005252838135,0.5506424307823181,0.44294556975364685,0.5165887475013733,0.44307827949523926,0.491844117641449,0.437277615070343,0.504946231842041,0.43930694460868835,0.4513256847858429,0.4404458999633789,0.4167174994945526,0.44001221656799316,0.3868959844112396,0.43314120173454285,0.507116436958313,0.4350632131099701,0.44495582580566406,0.4358207881450653,0.406310111284256,0.4345671832561493,0.37464484572410583,0.4277268648147583,0.5180703997612,0.42736247181892395,0.45917385816574097,0.4276692867279053,0.4242018461227417,0.4273558557033539,0.3948167562484741,0.42213043570518494,0.5363377332687378,0.4219883382320404,0.49725228548049927,0.42388835549354553,0.46960383653640747,0.4254441261291504,0.4445499777793884,paper,01012,C:/Users/Javier/PIDS_HandPose/work/HAR_mediapipe/data/gestos_pids/train//paper/paper_01012.jpg
0.3367556035518646,0.5773007273674011,0.36576417088508606,0.5522807836532593,0.384289413690567,0.5067734122276306,0.3956109583377838,0.4684506952762604,0.4055410325527191,0.44286632537841797,0.37228432297706604,0.4604319930076599,0.3809473514556885,0.40886154770851135,0.3858352303504944,0.3766130805015564,0.3895595073699951,0.3473045527935028,0.35747140645980835,0.4526318907737732,0.36419832706451416,0.3975725471973419,0.36768627166748047,0.36218833923339844,0.3704131543636322,0.3326433002948761,0.3415043354034424,0.4554959833621979,0.3463630974292755,0.40335166454315186,0.35002872347831726,0.37079235911369324,0.3535858988761902,0.3432772755622864,0.32395070791244507,0.46727630496025085,0.324187308549881,0.4267316460609436,0.324612557888031,0.40087008476257324,0.32664838433265686,0.37680867314338684,paper,01013,C:/Users/Javier/PIDS_HandPose/work/HAR_mediapipe/data/gestos_pids/train//paper/paper_01013.jpg
0.899286687374115,0.9444443583488464,0.857622504234314,0.892865777015686,0.8355690836906433,0.8203369975090027,0.8318458795547485,0.7570325136184692,0.8331208825111389,0.7060101628303528,0.8643074631690979,0.748508095741272,0.864697277545929,0.6587846875190735,0.8660228252410889,0.6206268072128296,0.8678460717201233,0.595763087272644,0.8904297351837158,0.7490360140800476,0.890522837638855,0.6509182453155518,0.8903208374977112,0.6048104763031006,0.8890814781188965,0.5771680474281311,0.9143904447555542,0.7644946575164795,0.9137416481971741,0.6732178926467896,0.9125347137451172,0.6313539743423462,0.9099786877632141,0.6059484481811523,0.9396501779556274,0.7921014428138733,0.9413338303565979,0.7317488789558411,0.938556432723999,0.7004027366638184,0.935171365737915,0.6783587336540222,paper,01014,C:/Users/Javier/PIDS_HandPose/work/HAR_mediapipe/data/gestos_pids/train//paper/paper_01014.jpg
0.8687218427658081,0.7559875249862671,0.8321453332901001,0.7086704969406128,0.8076139092445374,0.6380276679992676,0.7991687655448914,0.577152669429779,0.7995138764381409,0.5290126800537109,0.8293117880821228,0.5591224431991577,0.8263401389122009,0.4856252074241638,0.8273937106132507,0.44256025552749634,0.8305062055587769,0.4027274250984192,0.8527641296386719,0.5536172986030579,0.8493602871894836,0.47153371572494507,0.8481694459915161,0.4236561954021454,0.8482177257537842,0.37807697057724,0.8759410977363586,0.564018726348877,0.8748616576194763,0.4839758276939392,0.8729996085166931,0.43899399042129517,0.8701122999191284,0.39725950360298157,0.9006903171539307,0.5894675254821777,0.9011371731758118,0.5261178612709045,0.8982108235359192,0.488316148519516,0.8936014771461487,0.45322316884994507,paper,01015,C:/Users/Javier/PIDS_HandPose/work/HAR_mediapipe/data/gestos_pids/train//paper/paper_01015.jpg
0.8665135502815247,0.7290485501289368,0.833206832408905,0.6706000566482544,0.8158578872680664,0.5952730774879456,0.8149204254150391,0.5357273817062378,0.8219155073165894,0.4887082278728485,0.8462138175964355,0.5305665731430054,0.8480794429779053,0.45844632387161255,0.8499748110771179,0.41954004764556885,0.8539121150970459,0.38333484530448914,0.8682968616485596,0.5356830954551697,0.8710756897926331,0.45578062534332275,0.8727957606315613,0.4120404124259949,0.8756171464920044,0.370317280292511,0.8889976143836975,0.5555838346481323,0.8930867314338684,0.4778200089931488,0.8934038877487183,0.43580514192581177,0.8929145336151123,0.3979194164276123,0.9101142883300781,0.5891017317771912,0.9142080545425415,0.5298886895179749,0.9141145944595337,0.4912709891796112,0.9128570556640625,0.4556756317615509,paper,01016,C:/Users/Javier/PIDS_HandPose/work/HAR_mediapipe/data/gestos_pids/train//paper/paper_01016.jpg
0.42748939990997314,0.6784206628799438,0.454204797744751,0.6545091867446899,0.4554370641708374,0.602957546710968,0.44462519884109497,0.5588018894195557,0.4378328323364258,0.5320289134979248,0.41844242811203003,0.5604828596115112,0.4138219356536865,0.4900602698326111,0.41079044342041016,0.4473456144332886,0.4062313437461853,0.4144308269023895,0.40135642886161804,0.563810408115387,0.3982734978199005,0.49019795656204224,0.39658820629119873,0.44282808899879456,0.39260414242744446,0.4071963131427765,0.3920533359050751,0.5718278288841248,0.38922959566116333,0.5066830515861511,0.38766783475875854,0.4642826020717621,0.38454148173332214,0.4310752749443054,0.38842105865478516,0.5825162529945374,0.38412681221961975,0.5338476896286011,0.3827565908432007,0.5037854313850403,0.3819466829299927,0.48264461755752563,paper,01018,C:/Users/Javier/PIDS_HandPose/work/HAR_mediapipe/data/gestos_pids/train//paper/paper_01018.jpg
0.45134463906288147,0.7006493210792542,0.469125360250473,0.6428772211074829,0.4684412479400635,0.5867205262184143,0.46215611696243286,0.5348949432373047,0.4677785634994507,0.4982322156429291,0.43578144907951355,0.5521254539489746,0.4137519598007202,0.49238333106040955,0.3997427523136139,0.4594687223434448,0.3885512948036194,0.4347659647464752,0.41476011276245117,0.5701466798782349,0.3927050232887268,0.500555157661438,0.37976107001304626,0.4588737189769745,0.3712272047996521,0.4290176033973694,0.39807191491127014,0.5970940589904785,0.37832003831863403,0.5303316116333008,0.3695962131023407,0.48896121978759766,0.36457696557044983,0.4581981301307678,0.38519442081451416,0.6307161450386047,0.36920058727264404,0.574461042881012,0.3633388578891754,0.5426498055458069,0.35987475514411926,0.5136052370071411,paper,01019,C:/Users/Javier/PIDS_HandPose/work/HAR_mediapipe/data/gestos_pids/train//paper/paper_01019.jpg
0.6322163939476013,0.5974956750869751,0.6523562669754028,0.5368884205818176,0.6573516130447388,0.47430041432380676,0.6507748365402222,0.4283982813358307,0.6493782997131348,0.39931565523147583,0.6309629082679749,0.4269216060638428,0.6053242683410645,0.37135982513427734,0.5911046862602234,0.3358822166919708,0.5801591873168945,0.30767032504081726,0.6125667691230774,0.4401134252548218,0.5916153788566589,0.37959909439086914,0.5776602625846863,0.34068235754966736,0.5665093660354614,0.31092387437820435,0.5966319441795349,0.45997557044029236,0.5778772234916687,0.4004320502281189,0.5669460892677307,0.3640008270740509,0.5592057704925537,0.33722057938575745,0.5810799598693848,0.4858557879924774,0.5679430365562439,0.4353097975254059,0.5604633688926697,0.40387699007987976,0.5546492338180542,0.37922996282577515,paper,01020,C:/Users/Javier/PIDS_HandPose/work/HAR_mediapipe/data/gestos_pids/train//paper/paper_01020.jpg
0.7090079188346863,0.5904546976089478,0.7368621826171875,0.5364237427711487,0.7517909407615662,0.4749183654785156,0.7665446996688843,0.42136964201927185,0.7873286604881287,0.39612889289855957,0.7204625010490417,0.42007848620414734,0.7053303122520447,0.34902021288871765,0.6949013471603394,0.31055670976638794,0.6860464215278625,0.2788540720939636,0.697860836982727,0.42842862010002136,0.6832656264305115,0.3480943441390991,0.6745830178260803,0.3020590841770172,0.6678342223167419,0.26790881156921387,0.6761545538902283,0.4475734531879425,0.665306031703949,0.37028270959854126,0.6603438258171082,0.32621538639068604,0.6576270461082458,0.2938048243522644,0.6574674844741821,0.4731886386871338,0.6492957472801208,0.4118233323097229,0.6471994519233704,0.3771336078643799,0.6473296880722046,0.3460809886455536,paper,01021,C:/Users/Javier/PIDS_HandPose/work/HAR_mediapipe/data/gestos_pids/train//paper/paper_01021.jpg
0.7508935332298279,0.7714091539382935,0.7745528817176819,0.7114515900611877,0.7867027521133423,0.6488751769065857,0.795588493347168,0.5961743593215942,0.8101314902305603,0.562626838684082,0.7588611245155334,0.6081463694572449,0.7371933460235596,0.5409361124038696,0.7228237986564636,0.5057839155197144,0.7109191417694092,0.47641122341156006,0.738814115524292,0.6245841383934021,0.7170425653457642,0.547667384147644,0.7034013271331787,0.503112256526947,0.6930094957351685,0.46967214345932007,0.7192535996437073,0.6486296653747559,0.6993682980537415,0.5736296772956848,0.6875451803207397,0.5295945405960083,0.6791313886642456,0.4962635338306427,0.700873613357544,0.6763585805892944,0.6843111515045166,0.6139811277389526,0.6761770844459534,0.5772754549980164,0.6706157922744751,0.5445935130119324,paper,01022,C:/Users/Javier/PIDS_HandPose/work/HAR_mediapipe/data/gestos_pids/train//paper/paper_01022.jpg
0.7982979416847229,0.8536193370819092,0.764121413230896,0.8042082190513611,0.7486715912818909,0.7366065382957458,0.7455400824546814,0.6840901374816895,0.7381641268730164,0.6425473690032959,0.765776515007019,0.6910350322723389,0.7596960067749023,0.6316784620285034,0.7560784816741943,0.5969521999359131,0.7528508901596069,0.5665140151977539,0.7827017307281494,0.6887612342834473,0.7760137319564819,0.6250413656234741,0.7706026434898376,0.5880159735679626,0.7657042741775513,0.5553041696548462,0.8006553053855896,0.6981883645057678,0.7937363386154175,0.6350961923599243,0.7884158492088318,0.5989356637001038,0.7831912040710449,0.5671914219856262,0.8216814994812012,0.7187477946281433,0.8186919093132019,0.6676052212715149,0.814340353012085,0.6351986527442932,0.8097785711288452,0.6051203608512878,paper,01023,C:/Users/Javier/PIDS_HandPose/work/HAR_mediapipe/data/gestos_pids/train//paper/paper_01023.jpg
0.7895472049713135,0.6137914061546326,0.7545851469039917,0.5766121745109558,0.7341713905334473,0.5167371034622192,0.7261557579040527,0.4689067304134369,0.7172996401786804,0.4352601170539856,0.7562967538833618,0.45291954278945923,0.7516375780105591,0.3884963393211365,0.7504591941833496,0.3508822023868561,0.7500320672988892,0.3192311227321625,0.7757758498191833,0.44793397188186646,0.773749589920044,0.3793050944805145,0.7726624608039856,0.3372670114040375,0.7718226909637451,0.30296728014945984,0.7958787679672241,0.45436930656433105,0.7926467061042786,0.38966619968414307,0.7903690338134766,0.3484887480735779,0.7876130938529968,0.3165593147277832,0.8174524903297424,0.4703338146209717,0.8187788724899292,0.41756516695022583,0.8178214430809021,0.3866771459579468,0.8153836727142334,0.361400842666626,paper,01024,C:/Users/Javier/PIDS_HandPose/work/HAR_mediapipe/data/gestos_pids/train//paper/paper_01024.jpg
0.817624032497406,0.5518956184387207,0.7839966416358948,0.5146029591560364,0.7631498575210571,0.4609890878200531,0.755347490310669,0.41310447454452515,0.7496113777160645,0.3776502311229706,0.7860078811645508,0.4065762758255005,0.7803677916526794,0.34669962525367737,0.7787338495254517,0.3083614408969879,0.7781310081481934,0.2755008041858673,0.8051055669784546,0.4015254080295563,0.8036659359931946,0.337442547082901,0.802230179309845,0.2956932485103607,0.8011429905891418,0.2609081268310547,0.8237808346748352,0.40833741426467896,0.8225880265235901,0.34912389516830444,0.8197052478790283,0.30971118807792664,0.816526472568512,0.27843958139419556,0.8435215950012207,0.42577609419822693,0.8471465706825256,0.37990424036979675,0.8467106819152832,0.3488735556602478,0.8451410531997681,0.3225584626197815,paper,01025,C:/Users/Javier/PIDS_HandPose/work/HAR_mediapipe/data/gestos_pids/train//paper/paper_01025.jpg
0.6493671536445618,0.5613340735435486,0.6228576898574829,0.5454680323600769,0.601431667804718,0.5120574235916138,0.592623233795166,0.48159685730934143,0.5876015424728394,0.4554670453071594,0.6083120107650757,0.4371788203716278,0.5985339879989624,0.40022730827331543,0.5941845178604126,0.4061584770679474,0.5935690999031067,0.41285595297813416,0.6245911121368408,0.4239227771759033,0.6159022450447083,0.36918962001800537,0.6096022129058838,0.33587247133255005,0.6046106219291687,0.30656105279922485,0.6403025388717651,0.4239252805709839,0.6333549618721008,0.36992931365966797,0.6284815669059753,0.33533328771591187,0.6241194009780884,0.30619972944259644,0.6573059558868408,0.43517497181892395,0.6555368304252625,0.39068347215652466,0.6537032127380371,0.36140871047973633,0.6515112519264221,0.33561068773269653,paper,01026,C:/Users/Javier/PIDS_HandPose/work/HAR_mediapipe/data/gestos_pids/train//paper/paper_01026.jpg
0.5114458799362183,0.5600758790969849,0.4887559115886688,0.5565598011016846,0.47741883993148804,0.5315987467765808,0.4737814664840698,0.5037829875946045,0.4708581268787384,0.4840266704559326,0.4807632565498352,0.47898006439208984,0.4692903757095337,0.4470815062522888,0.46082326769828796,0.4258178174495697,0.4533287286758423,0.40839511156082153,0.48711952567100525,0.4651562571525574,0.4743037819862366,0.42700424790382385,0.46382349729537964,0.4024561047554016,0.4550459086894989,0.38141441345214844,0.4950902462005615,0.4557967483997345,0.4836124777793884,0.4180660843849182,0.47374221682548523,0.3945832848548889,0.4654945135116577,0.3752518892288208,0.5053473711013794,0.45017701387405396,0.4978305995464325,0.4169933795928955,0.49150222539901733,0.3965938687324524,0.4856574237346649,0.37823569774627686,paper,01027,C:/Users/Javier/PIDS_HandPose/work/HAR_mediapipe/data/gestos_pids/train//paper/paper_01027.jpg
0.5156084299087524,0.5870619416236877,0.4827241897583008,0.5923337936401367,0.45367497205734253,0.5513599514961243,0.44146808981895447,0.5076677203178406,0.4277188181877136,0.48084306716918945,0.45608940720558167,0.4846910238265991,0.4397788643836975,0.43308648467063904,0.43079715967178345,0.3982170522212982,0.42393746972084045,0.368603378534317,0.4711899161338806,0.46930959820747375,0.45306554436683655,0.41412147879600525,0.4423009753227234,0.37517228722572327,0.4336528182029724,0.3415601849555969,0.48808637261390686,0.4649493396282196,0.4720490872859955,0.41202786564826965,0.4611716568470001,0.3780837953090668,0.45185768604278564,0.34993648529052734,0.5079516172409058,0.4684528112411499,0.498674213886261,0.42548274993896484,0.49116623401641846,0.3977441191673279,0.4840978980064392,0.3732578456401825,paper,01028,C:/Users/Javier/PIDS_HandPose/work/HAR_mediapipe/data/gestos_pids/train//paper/paper_01028.jpg
0.5445880889892578,0.6445826888084412,0.5119536519050598,0.6536023020744324,0.4801991879940033,0.619372546672821,0.46192046999931335,0.5777063965797424,0.44304317235946655,0.5549028515815735,0.4793984293937683,0.5475016236305237,0.4600859582424164,0.49365824460983276,0.4495500326156616,0.4577103853225708,0.44131362438201904,0.4283343255519867,0.4958438277244568,0.5268224477767944,0.47565996646881104,0.46799442172050476,0.4644134044647217,0.4274525046348572,0.45500436425209045,0.39410483837127686,0.5155164003372192,0.5190803408622742,0.49832600355148315,0.46295130252838135,0.4869384765625,0.4271670877933502,0.4769085645675659,0.39821046590805054,0.5376341342926025,0.5202360153198242,0.5301104784011841,0.4753461480140686,0.523648738861084,0.44640064239501953,0.5172361731529236,0.4216548502445221,paper,01029,C:/Users/Javier/PIDS_HandPose/work/HAR_mediapipe/data/gestos_pids/train//paper/paper_01029.jpg
0.43046990036964417,0.691672146320343,0.4012705087661743,0.7027621865272522,0.37340280413627625,0.6724169850349426,0.3589324355125427,0.6414309740066528,0.3454401195049286,0.627441942691803,0.370512992143631,0.6066303849220276,0.35116511583328247,0.5689985156059265,0.3398020267486572,0.543847382068634,0.3313332200050354,0.5230435132980347,0.3809877038002014,0.5880007147789001,0.36151430010795593,0.5426011085510254,0.3497316241264343,0.5129351019859314,0.34172794222831726,0.48899367451667786,0.3947601020336151,0.579647958278656,0.37828564643859863,0.5348129868507385,0.3677741289138794,0.5084750056266785,0.3599585294723511,0.4882131516933441,0.41169679164886475,0.5785711407661438,0.4071456789970398,0.5418335199356079,0.4021887183189392,0.519188642501831,0.3973991274833679,0.5005874633789062,paper,01030,C:/Users/Javier/PIDS_HandPose/work/HAR_mediapipe/data/gestos_pids/train//paper/paper_01030.jpg
0.3352261483669281,0.7748392820358276,0.30511048436164856,0.8018968105316162,0.26965683698654175,0.7917189002037048,0.24638056755065918,0.7673956751823425,0.22612598538398743,0.7609826922416687,0.24796077609062195,0.7269748449325562,0.2195402979850769,0.6966557502746582,0.20417961478233337,0.6757727265357971,0.1925564557313919,0.6573405265808105,0.2568492293357849,0.6995658278465271,0.22552983462810516,0.6672739386558533,0.20797984302043915,0.6459920406341553,0.19476208090782166,0.6279746890068054,0.2714613378047943,0.6798838376998901,0.24306486546993256,0.6480342149734497,0.22654658555984497,0.6315228343009949,0.21328294277191162,0.618954062461853,0.2912520170211792,0.6651776432991028,0.27656105160713196,0.6334762573242188,0.2664550542831421,0.6152570247650146,0.2574240565299988,0.6006218791007996,paper,01031,C:/Users/Javier/PIDS_HandPose/work/HAR_mediapipe/data/gestos_pids/train//paper/paper_01031.jpg
0.35829323530197144,0.7828039526939392,0.3271830081939697,0.818942666053772,0.28869009017944336,0.8115155696868896,0.26217108964920044,0.7889524698257446,0.23957233130931854,0.7881044149398804,0.2661064863204956,0.749302864074707,0.23495694994926453,0.7201144099235535,0.2182208001613617,0.698373019695282,0.20507031679153442,0.6781474947929382,0.2738901376724243,0.7188394665718079,0.2392888367176056,0.6850318312644958,0.21996784210205078,0.6616613864898682,0.20492582023143768,0.6410692930221558,0.2870001196861267,0.6973655223846436,0.2554072439670563,0.6654710173606873,0.23696711659431458,0.6466619968414307,0.22171840071678162,0.630500316619873,0.3055884540081024,0.6805288791656494,0.2833046317100525,0.6561384201049805,0.26836711168289185,0.6433717012405396,0.25486940145492554,0.6326147317886353,paper,01032,C:/Users/Javier/PIDS_HandPose/work/HAR_mediapipe/data/gestos_pids/train//paper/paper_01032.jpg
0.3886618912220001,0.6503699421882629,0.35709163546562195,0.6790338754653931,0.31977587938308716,0.6705145239830017,0.2925430238246918,0.6465248465538025,0.26975369453430176,0.642874002456665,0.2952265739440918,0.6126965284347534,0.26424670219421387,0.58122318983078,0.2477649450302124,0.5610453486442566,0.23387420177459717,0.5433946847915649,0.3029787540435791,0.5849989056587219,0.2708497941493988,0.5511621236801147,0.2526986002922058,0.5313413739204407,0.2375239133834839,0.515136182308197,0.31569206714630127,0.5642743706703186,0.2871858775615692,0.534065306186676,0.2693294882774353,0.517689049243927,0.25425171852111816,0.5065765380859375,0.3336516320705414,0.546435534954071,0.3141898810863495,0.5218226313591003,0.3007136285305023,0.5098865032196045,0.2887469232082367,0.5010597705841064,paper,01033,C:/Users/Javier/PIDS_HandPose/work/HAR_mediapipe/data/gestos_pids/train//paper/paper_01033.jpg
0.32542023062705994,0.5752134919166565,0.29348161816596985,0.6078951358795166,0.25624576210975647,0.5997394323348999,0.22997255623340607,0.5757710933685303,0.20946264266967773,0.5702253580093384,0.24047884345054626,0.545195460319519,0.213284432888031,0.5241851210594177,0.19793114066123962,0.5082290172576904,0.18498411774635315,0.492920845746994,0.2471340447664261,0.5155372023582458,0.21659451723098755,0.4874747395515442,0.199204221367836,0.47001785039901733,0.1852930188179016,0.45521479845046997,0.258815199136734,0.4947013556957245,0.23072868585586548,0.46731582283973694,0.21375690400600433,0.45253047347068787,0.19939538836479187,0.44183239340782166,0.27572137117385864,0.4767395555973053,0.2593546211719513,0.45229125022888184,0.24758513271808624,0.44056645035743713,0.23639090359210968,0.4316827356815338,paper,01034,C:/Users/Javier/PIDS_HandPose/work/HAR_mediapipe/data/gestos_pids/train//paper/paper_01034.jpg
0.3154014050960541,0.45273271203041077,0.2891194224357605,0.4780896306037903,0.258658230304718,0.47558003664016724,0.23981478810310364,0.45858854055404663,0.224170982837677,0.4500575661659241,0.2398151308298111,0.42115578055381775,0.21501800417900085,0.39740267395973206,0.20079176127910614,0.3816125988960266,0.18938617408275604,0.3675093650817871,0.24739889800548553,0.3957473039627075,0.22016720473766327,0.370512455701828,0.20357924699783325,0.3539063036441803,0.19030679762363434,0.3394501209259033,0.2595239579677582,0.3757854998111725,0.23556634783744812,0.35106992721557617,0.22046151757240295,0.33792752027511597,0.20796269178390503,0.32796478271484375,0.27607086300849915,0.3588211238384247,0.25951722264289856,0.337653249502182,0.24828995764255524,0.3277909457683563,0.2385687232017517,0.32013142108917236,paper,01035,C:/Users/Javier/PIDS_HandPose/work/HAR_mediapipe/data/gestos_pids/train//paper/paper_01035.jpg
0.7326008677482605,0.7281666994094849,0.767360270023346,0.7493801116943359,0.8028742671012878,0.729515016078949,0.8269585371017456,0.7093338370323181,0.84609055519104,0.6987136602401733,0.8088839650154114,0.6658473014831543,0.8336272835731506,0.6293964385986328,0.8498950600624084,0.6069194674491882,0.8627188801765442,0.5885775685310364,0.8000491857528687,0.642250657081604,0.8224833011627197,0.5923877954483032,0.8397353887557983,0.5631375312805176,0.8530945181846619,0.5401991605758667,0.7866103649139404,0.6278753876686096,0.8073425889015198,0.5782588720321655,0.8225839138031006,0.5514259934425354,0.8365106582641602,0.5303288698196411,0.7697469592094421,0.6230109333992004,0.7804676294326782,0.581258237361908,0.7898766994476318,0.5576176047325134,0.7997273802757263,0.5386270880699158,paper,01036,C:/Users/Javier/PIDS_HandPose/work/HAR_mediapipe/data/gestos_pids/train//paper/paper_01036.jpg
0.7577754855155945,0.6811215281486511,0.7919386029243469,0.700655460357666,0.8216940760612488,0.6740689873695374,0.8425136208534241,0.6429956555366516,0.8582534790039062,0.6272954940795898,0.8288740515708923,0.6180943250656128,0.8512253761291504,0.5800296664237976,0.8634268641471863,0.5562098026275635,0.8741368651390076,0.5350201725959778,0.822041392326355,0.5980522632598877,0.8469125032424927,0.5555838346481323,0.8626996278762817,0.5291830897331238,0.8749383687973022,0.5071918964385986,0.8115453124046326,0.5836749076843262,0.8355226516723633,0.5412035584449768,0.8506142497062683,0.5167791247367859,0.8630562424659729,0.49679020047187805,0.7973295450210571,0.5745440721511841,0.8153789043426514,0.5369304418563843,0.8270947933197021,0.5151686072349548,0.8376847505569458,0.49689263105392456,paper,01037,C:/Users/Javier/PIDS_HandPose/work/HAR_mediapipe/data/gestos_pids/train//paper/paper_01037.jpg
0.7636376023292542,0.5642215013504028,0.7949605584144592,0.579110860824585,0.8202143311500549,0.5521131157875061,0.838011622428894,0.522383451461792,0.8510846495628357,0.5073220133781433,0.8219844698905945,0.49646052718162537,0.838464617729187,0.45806244015693665,0.8485910892486572,0.43530991673469543,0.8572561144828796,0.4156574606895447,0.8149341940879822,0.47810253500938416,0.8335056900978088,0.43583858013153076,0.8462006449699402,0.41193100810050964,0.8563045859336853,0.3933072090148926,0.8053290843963623,0.46574723720550537,0.8231656551361084,0.42280030250549316,0.8351506590843201,0.3994535207748413,0.84506756067276,0.38104942440986633,0.7926113605499268,0.4592466950416565,0.8036369681358337,0.42114025354385376,0.8113863468170166,0.39874380826950073,0.8187206387519836,0.380317747592926,paper,01038,C:/Users/Javier/PIDS_HandPose/work/HAR_mediapipe/data/gestos_pids/train//paper/paper_01038.jpg
0.5113147497177124,0.46372926235198975,0.5422135591506958,0.4437318742275238,0.5627680420875549,0.4014766812324524,0.5730521082878113,0.3648011386394501,0.578774094581604,0.33327317237854004,0.5497545003890991,0.35100534558296204,0.5565252900123596,0.300085186958313,0.5599836707115173,0.26958924531936646,0.5628509521484375,0.24199232459068298,0.5357605814933777,0.34186092019081116,0.5413974523544312,0.287463515996933,0.5447739958763123,0.25300514698028564,0.5476770997047424,0.22429606318473816,0.5211983323097229,0.3420567214488983,0.5248400568962097,0.28983986377716064,0.5281220078468323,0.2577536106109619,0.5317461490631104,0.23065903782844543,0.5057286620140076,0.3514309525489807,0.5047321319580078,0.3097470700740814,0.5054720044136047,0.28366294503211975,0.5076237320899963,0.26033446192741394,paper,01039,C:/Users/Javier/PIDS_HandPose/work/HAR_mediapipe/data/gestos_pids/train//paper/paper_01039.jpg
0.35243847966194153,0.4967617690563202,0.3774956166744232,0.4692825973033905,0.3956294059753418,0.4296441674232483,0.4037855267524719,0.39222821593284607,0.4054644703865051,0.3602884113788605,0.3836987018585205,0.38803717494010925,0.3860459327697754,0.3427788019180298,0.3843359649181366,0.31279081106185913,0.38243329524993896,0.28555232286453247,0.3699360191822052,0.3825332224369049,0.37192651629447937,0.3354634642601013,0.3706057667732239,0.30380362272262573,0.3701058030128479,0.27612069249153137,0.3560565114021301,0.38549989461898804,0.35714009404182434,0.33945608139038086,0.35689520835876465,0.3099861741065979,0.3574778139591217,0.2843496799468994,0.3411949574947357,0.3958320915699005,0.34201478958129883,0.3599003851413727,0.3427400588989258,0.33691489696502686,0.3444712162017822,0.31575626134872437,paper,01040,C:/Users/Javier/PIDS_HandPose/work/HAR_mediapipe/data/gestos_pids/train//paper/paper_01040.jpg
0.24332042038440704,0.531417965888977,0.25923600792884827,0.4956860840320587,0.2683270275592804,0.4515341520309448,0.2682402729988098,0.40902408957481384,0.2660437524318695,0.37417083978652954,0.2598240077495575,0.40647169947624207,0.2543034553527832,0.3620222210884094,0.24636483192443848,0.33926305174827576,0.2386574149131775,0.3188573718070984,0.2465682029724121,0.40717774629592896,0.24083377420902252,0.3616596758365631,0.23409628868103027,0.33470481634140015,0.22761330008506775,0.3116178810596466,0.23494181036949158,0.4146993160247803,0.229569211602211,0.36941859126091003,0.22509387135505676,0.34237736463546753,0.22069071233272552,0.3200159966945648,0.22351622581481934,0.4278560280799866,0.21772682666778564,0.39245274662971497,0.21558243036270142,0.371304452419281,0.21455581486225128,0.3521887958049774,paper,01041,C:/Users/Javier/PIDS_HandPose/work/HAR_mediapipe/data/gestos_pids/train//paper/paper_01041.jpg
0.3704610764980316,0.5367093086242676,0.3938058614730835,0.5090501308441162,0.4062064588069916,0.46202942728996277,0.41011369228363037,0.4240693151950836,0.413773775100708,0.3940160572528839,0.4020124077796936,0.42456820607185364,0.3992486894130707,0.37240391969680786,0.3933824598789215,0.3435962200164795,0.38784804940223694,0.3203190267086029,0.3871155083179474,0.4231506586074829,0.3835756182670593,0.37343841791152954,0.3786688446998596,0.3420329988002777,0.3743940591812134,0.3173123002052307,0.3718189597129822,0.4286528527736664,0.36866962909698486,0.3802131116390228,0.36619967222213745,0.35064834356307983,0.3638648986816406,0.3272060751914978,0.35615700483322144,0.4386637508869171,0.35377076268196106,0.4004509150981903,0.3533247709274292,0.37678584456443787,0.3531372547149658,0.3568301200866699,paper,01042,C:/Users/Javier/PIDS_HandPose/work/HAR_mediapipe/data/gestos_pids/train//paper/paper_01042.jpg
0.6804797649383545,0.7214717864990234,0.6835667490959167,0.6546184420585632,0.7031858563423157,0.6125015616416931,0.7242389917373657,0.5895785093307495,0.7328636050224304,0.5651309490203857,0.7364563941955566,0.6284729838371277,0.7657756209373474,0.6127898097038269,0.7826882004737854,0.6077563166618347,0.7948245406150818,0.6050514578819275,0.744685173034668,0.6629495620727539,0.7740643620491028,0.6414903402328491,0.7897405624389648,0.6304066777229309,0.800915002822876,0.623909592628479,0.7476192712783813,0.6952031254768372,0.7750315070152283,0.6735019087791443,0.7892315983772278,0.6616076231002808,0.7982603311538696,0.6516070365905762,0.7471004128456116,0.724599301815033,0.7682648301124573,0.7099254727363586,0.7800162434577942,0.6990881562232971,0.7884722352027893,0.6889780759811401,paper,01044,C:/Users/Javier/PIDS_HandPose/work/HAR_mediapipe/data/gestos_pids/train//paper/paper_01044.jpg
0.7359556555747986,0.6003434062004089,0.7289613485336304,0.5336381793022156,0.7430606484413147,0.48644816875457764,0.7594097256660461,0.4619126319885254,0.7682605981826782,0.44469088315963745,0.7784782648086548,0.48840218782424927,0.8040575385093689,0.4689161777496338,0.8169841170310974,0.46180012822151184,0.8244204521179199,0.4580442011356354,0.7917659282684326,0.520704984664917,0.8188493251800537,0.5001703500747681,0.8217288851737976,0.49085426330566406,0.8196472525596619,0.4885123670101166,0.7987255454063416,0.5537571310997009,0.8212139010429382,0.5301851034164429,0.8194757103919983,0.5198047757148743,0.8146544098854065,0.5192132592201233,0.8002805113792419,0.5837241411209106,0.816094160079956,0.5625916123390198,0.8152769207954407,0.5512961745262146,0.8100889325141907,0.5491484999656677,paper,01045,C:/Users/Javier/PIDS_HandPose/work/HAR_mediapipe/data/gestos_pids/train//paper/paper_01045.jpg
0.2734561264514923,0.6423556804656982,0.2549566626548767,0.6124880313873291,0.24144360423088074,0.5749698281288147,0.2305210828781128,0.5485727190971375,0.21874158084392548,0.5429986715316772,0.24224764108657837,0.5436844825744629,0.2465921938419342,0.4894048571586609,0.250108927488327,0.457887202501297,0.252074658870697,0.43573465943336487,0.2542926073074341,0.5383203029632568,0.26050153374671936,0.4816742241382599,0.2653690278530121,0.44899019598960876,0.2687644958496094,0.42620840668678284,0.2689645290374756,0.5380793213844299,0.27316591143608093,0.4850112497806549,0.27664563059806824,0.45456087589263916,0.27853870391845703,0.4335090219974518,0.2847994267940521,0.5424261689186096,0.28673529624938965,0.49976933002471924,0.28749191761016846,0.4740893840789795,0.28763899207115173,0.45352882146835327,paper,01046,C:/Users/Javier/PIDS_HandPose/work/HAR_mediapipe/data/gestos_pids/train//paper/paper_01046.jpg
0.8114400506019592,0.6529415845870972,0.8314347863197327,0.5996497273445129,0.8399239778518677,0.5420333743095398,0.8450773358345032,0.4979112446308136,0.8530375361442566,0.47283488512039185,0.8336385488510132,0.5058674216270447,0.8130768537521362,0.4435490667819977,0.8010208606719971,0.4115886688232422,0.7924811244010925,0.38577210903167725,0.8202039003372192,0.5171168446540833,0.7985121011734009,0.4486887454986572,0.7861455678939819,0.41182565689086914,0.777451753616333,0.3842291831970215,0.804218590259552,0.532950222492218,0.7852122783660889,0.46774500608444214,0.7758905291557312,0.43123936653137207,0.7702672481536865,0.40337511897087097,0.7855698466300964,0.5531674027442932,0.7744089365005493,0.4963245689868927,0.7691773176193237,0.4674677848815918,0.7657210826873779,0.4426632821559906,paper,01048,C:/Users/Javier/PIDS_HandPose/work/HAR_mediapipe/data/gestos_pids/train//paper/paper_01048.jpg
0.8887646794319153,0.6261001825332642,0.8978796005249023,0.5626427531242371,0.9031362533569336,0.4957581162452698,0.9115322232246399,0.4489436745643616,0.9224953651428223,0.4183295965194702,0.9081847071647644,0.4628966748714447,0.8838149905204773,0.40171507000923157,0.8661128282546997,0.37308478355407715,0.852023184299469,0.3514946401119232,0.9011668562889099,0.4799957871437073,0.8722835183143616,0.4119523763656616,0.8538497686386108,0.3791184425354004,0.8391651511192322,0.35540571808815,0.888357937335968,0.4997795820236206,0.8635974526405334,0.43402692675590515,0.8477709889411926,0.3984799087047577,0.8359048366546631,0.3708335757255554,0.8701361417770386,0.5232025384902954,0.853509247303009,0.46619924902915955,0.8457229137420654,0.4351148307323456,0.8392584323883057,0.40832895040512085,paper,01049,C:/Users/Javier/PIDS_HandPose/work/HAR_mediapipe/data/gestos_pids/train//paper/paper_01049.jpg
0.8905432820320129,0.6176550984382629,0.8534061908721924,0.5928328633308411,0.8327082395553589,0.5322052240371704,0.8234476447105408,0.47115564346313477,0.8037692308425903,0.43526551127433777,0.8424015641212463,0.4415395259857178,0.8314982652664185,0.3626055121421814,0.8259298801422119,0.31548792123794556,0.8214598298072815,0.2737032473087311,0.8633518815040588,0.4286455512046814,0.8519228100776672,0.3455752730369568,0.8446818590164185,0.29277172684669495,0.8373798727989197,0.2453240156173706,0.8830264806747437,0.4317477345466614,0.8731892704963684,0.35374122858047485,0.8652322888374329,0.30802121758461,0.8558688163757324,0.26924145221710205,0.9036768078804016,0.44619232416152954,0.8978689312934875,0.38572385907173157,0.890968918800354,0.34807416796684265,0.882836639881134,0.31453168392181396,paper,01050,C:/Users/Javier/PIDS_HandPose/work/HAR_mediapipe/data/gestos_pids/train//paper/paper_01050.jpg
0.5356542468070984,0.8802837133407593,0.5872320532798767,0.799667239189148,0.6080348491668701,0.6993395090103149,0.6057547926902771,0.5952444076538086,0.61383056640625,0.5319695472717285,0.5648596882820129,0.6133333444595337,0.5539674162864685,0.475280225276947,0.546758234500885,0.4010975956916809,0.5392968058586121,0.3400867283344269,0.5225257277488708,0.620410680770874,0.5172705054283142,0.4677670896053314,0.5129186511039734,0.3766234815120697,0.5085093975067139,0.31003499031066895,0.4877508878707886,0.6430561542510986,0.48470330238342285,0.5037661194801331,0.4860423803329468,0.42046087980270386,0.4882066249847412,0.3582172691822052,0.4592105746269226,0.6770085692405701,0.4568038284778595,0.5676538944244385,0.46041348576545715,0.5099378824234009,0.4652971625328064,0.4603779911994934,paper,01052,C:/Users/Javier/PIDS_HandPose/work/HAR_mediapipe/data/gestos_pids/train//paper/paper_01052.jpg
0.6383472084999084,0.8235194683074951,0.6966453790664673,0.7501704096794128,0.7278413772583008,0.6606457233428955,0.7338326573371887,0.5734425187110901,0.7360690236091614,0.5117229223251343,0.7049086689949036,0.5643354654312134,0.7013055682182312,0.44350916147232056,0.6976965665817261,0.3767963647842407,0.6942712664604187,0.32184290885925293,0.6669434905052185,0.5612078309059143,0.6646296977996826,0.4303509593009949,0.6643267273902893,0.35471537709236145,0.6637971997261047,0.29796281456947327,0.6291131973266602,0.5734051465988159,0.6269867420196533,0.44813042879104614,0.6293809413909912,0.3784531354904175,0.6320946216583252,0.327102929353714,0.591627299785614,0.5962938070297241,0.5906574130058289,0.49974629282951355,0.5928329825401306,0.4450569152832031,0.5967346429824829,0.39930033683776855,paper,01053,C:/Users/Javier/PIDS_HandPose/work/HAR_mediapipe/data/gestos_pids/train//paper/paper_01053.jpg
0.8281980752944946,0.8692811727523804,0.8005677461624146,0.7327953577041626,0.8235077857971191,0.6250742077827454,0.8645521402359009,0.5505325198173523,0.8795467615127563,0.48630571365356445,0.9150000810623169,0.5773505568504333,0.9733448624610901,0.4801598787307739,1.0068821907043457,0.43942517042160034,1.0336377620697021,0.4152529835700989,0.9529107213020325,0.634452760219574,1.0136792659759521,0.5360425710678101,1.0451960563659668,0.4960896372795105,1.0693919658660889,0.4748494625091553,0.9744934439659119,0.6998355984687805,1.0307120084762573,0.6109297275543213,1.05992591381073,0.5720843076705933,1.081688642501831,0.5505334734916687,0.9872796535491943,0.7731876373291016,1.0343278646469116,0.7081003785133362,1.0584872961044312,0.6787105202674866,1.0791466236114502,0.6590928435325623,paper,01054,C:/Users/Javier/PIDS_HandPose/work/HAR_mediapipe/data/gestos_pids/train//paper/paper_01054.jpg
0.5577488541603088,0.8332657217979431,0.5138332843780518,0.7714667916297913,0.498554527759552,0.6679736971855164,0.5012195110321045,0.5882135033607483,0.4955272376537323,0.5205792784690857,0.5284684300422668,0.5778113603591919,0.539428174495697,0.4704255163669586,0.5486385822296143,0.40637338161468506,0.5584499835968018,0.3544428050518036,0.5545780062675476,0.5872337818145752,0.5650151371955872,0.46719348430633545,0.5750001072883606,0.3924236297607422,0.5850639343261719,0.3298691511154175,0.5789265632629395,0.6170289516448975,0.5894101858139038,0.5011534094810486,0.5979071855545044,0.4316091239452362,0.6057904362678528,0.3721969723701477,0.6028797626495361,0.6642592549324036,0.6131933331489563,0.5786568522453308,0.61963951587677,0.5218143463134766,0.6256439089775085,0.46990251541137695,paper,01055,C:/Users/Javier/PIDS_HandPose/work/HAR_mediapipe/data/gestos_pids/train//paper/paper_01055.jpg
0.253497451543808,0.7836095094680786,0.28379756212234497,0.6970530152320862,0.2853566110134125,0.5916856527328491,0.28094518184661865,0.5098651647567749,0.28676122426986694,0.45071789622306824,0.24152056872844696,0.5297263264656067,0.22157183289527893,0.43387511372566223,0.20654729008674622,0.3811958134174347,0.19144265353679657,0.33438029885292053,0.21190467476844788,0.5434467196464539,0.18952569365501404,0.444376140832901,0.17460906505584717,0.3847225308418274,0.16060730814933777,0.33584514260292053,0.18590480089187622,0.5743975639343262,0.16110947728157043,0.481222003698349,0.14946681261062622,0.4255497455596924,0.13937148451805115,0.3768501281738281,0.1626993715763092,0.6193740367889404,0.1374739110469818,0.5520241856575012,0.12507924437522888,0.5104790925979614,0.11591212451457977,0.4716111421585083,paper,01057,C:/Users/Javier/PIDS_HandPose/work/HAR_mediapipe/data/gestos_pids/train//paper/paper_01057.jpg
0.21892783045768738,0.8836381435394287,0.24624326825141907,0.8058902621269226,0.24516648054122925,0.7003371715545654,0.23531553149223328,0.6160325407981873,0.23436614871025085,0.5495365858078003,0.1997911036014557,0.6270065307617188,0.17460837960243225,0.5354669094085693,0.1565912365913391,0.48479312658309937,0.13931728899478912,0.43856194615364075,0.17150527238845825,0.6429872512817383,0.14208263158798218,0.5459040403366089,0.12345165014266968,0.48652052879333496,0.10663658380508423,0.4356610178947449,0.1481604129076004,0.678124725818634,0.11843880265951157,0.5860678553581238,0.10259460657835007,0.5316495299339294,0.08864275366067886,0.48082277178764343,0.12778568267822266,0.728277325630188,0.10042711347341537,0.6589528322219849,0.08644465357065201,0.6150021553039551,0.0751611739397049,0.5711292028427124,paper,01058,C:/Users/Javier/PIDS_HandPose/work/HAR_mediapipe/data/gestos_pids/train//paper/paper_01058.jpg
0.39134010672569275,0.7519882917404175,0.4413083493709564,0.6927124857902527,0.4631214737892151,0.596311092376709,0.4617922306060791,0.5115078091621399,0.4697552025318146,0.45547038316726685,0.43093204498291016,0.5112589597702026,0.42671704292297363,0.4152425527572632,0.42275863885879517,0.35879817605018616,0.4187558591365814,0.30609679222106934,0.4026758372783661,0.5107354521751404,0.39823973178863525,0.40732479095458984,0.3944295048713684,0.34160324931144714,0.3905680477619171,0.28547435998916626,0.3770727515220642,0.5286083817481995,0.37225908041000366,0.42653167247772217,0.36975863575935364,0.365475058555603,0.36840981245040894,0.31107741594314575,0.35132378339767456,0.5616378784179688,0.34636184573173523,0.48168691992759705,0.3453962802886963,0.4348324239253998,0.3461209535598755,0.39086923003196716,paper,01059,C:/Users/Javier/PIDS_HandPose/work/HAR_mediapipe/data/gestos_pids/train//paper/paper_01059.jpg
0.44807472825050354,0.6617253422737122,0.42294424772262573,0.5746525526046753,0.4182393550872803,0.49076390266418457,0.43188560009002686,0.4196637272834778,0.4465487003326416,0.37688422203063965,0.4513412117958069,0.45416712760925293,0.4862537980079651,0.3668120503425598,0.5057368874549866,0.3179766535758972,0.5194100141525269,0.28091707825660706,0.479919970035553,0.47506019473075867,0.512285053730011,0.3758677840232849,0.5309324264526367,0.32249441742897034,0.5450779795646667,0.2829315662384033,0.5048636794090271,0.502056360244751,0.5308083891868591,0.408130019903183,0.5468342900276184,0.3549944758415222,0.5580095052719116,0.3146553933620453,0.5254573225975037,0.5317773818969727,0.5438207983970642,0.45590639114379883,0.5543997883796692,0.4123624265193939,0.5632283687591553,0.3754229247570038,paper,01060,C:/Users/Javier/PIDS_HandPose/work/HAR_mediapipe/data/gestos_pids/train//paper/paper_01060.jpg
0.4104407727718353,0.6507344841957092,0.37441861629486084,0.5819052457809448,0.35917040705680847,0.49854210019111633,0.3615739345550537,0.4260347783565521,0.36973273754119873,0.3780478537082672,0.380166232585907,0.4567027986049652,0.40462085604667664,0.35574859380722046,0.42081552743911743,0.29956984519958496,0.43315523862838745,0.2589397430419922,0.41089677810668945,0.4689995050430298,0.43305277824401855,0.3543859124183655,0.4484039843082428,0.2919204831123352,0.4600256681442261,0.24831640720367432,0.4410119950771332,0.4868714213371277,0.45690661668777466,0.3798581659793854,0.4682171046733856,0.3170214891433716,0.4761352837085724,0.2717076539993286,0.46840912103652954,0.5083487033843994,0.4791446328163147,0.4225419759750366,0.48515722155570984,0.372805655002594,0.4904748499393463,0.3322238326072693,paper,01061,C:/Users/Javier/PIDS_HandPose/work/HAR_mediapipe/data/gestos_pids/train//paper/paper_01061.jpg
0.5722823143005371,0.6628084182739258,0.5333783626556396,0.6034937500953674,0.5188442468643188,0.5237159729003906,0.5284814834594727,0.45223474502563477,0.5405696630477905,0.40085411071777344,0.5528556704521179,0.48787590861320496,0.5770638585090637,0.389346718788147,0.5918334126472473,0.3317699432373047,0.6027552485466003,0.28926244378089905,0.5846902132034302,0.5024796724319458,0.6059564352035522,0.3930414915084839,0.6195625066757202,0.3282124996185303,0.6288267374038696,0.278464674949646,0.6121619939804077,0.5225970149040222,0.6277341842651367,0.42055630683898926,0.6379064917564392,0.3581125736236572,0.6439771056175232,0.3097144365310669,0.6357480883598328,0.5460365414619446,0.645781397819519,0.4658038020133972,0.6513047814369202,0.4157991409301758,0.6551299691200256,0.37324753403663635,paper,01062,C:/Users/Javier/PIDS_HandPose/work/HAR_mediapipe/data/gestos_pids/train//paper/paper_01062.jpg
0.6156826615333557,0.7892009615898132,0.5860254764556885,0.7145423889160156,0.5761820673942566,0.6356689929962158,0.5880501866340637,0.5675826668739319,0.6047461032867432,0.5233073234558105,0.6145846843719482,0.6045254468917847,0.6362869143486023,0.5034455060958862,0.6502461433410645,0.44954073429107666,0.6616262197494507,0.4101526737213135,0.6441853046417236,0.6202917098999023,0.6639370322227478,0.508243203163147,0.6753129363059998,0.4497220814228058,0.6842353343963623,0.40827256441116333,0.669025182723999,0.6375953555107117,0.6825260519981384,0.5353808403015137,0.6906747817993164,0.4774232506752014,0.6957547068595886,0.43562430143356323,0.688946545124054,0.656936764717102,0.6955379247665405,0.5789954662322998,0.6982496976852417,0.5329742431640625,0.7003371715545654,0.49572134017944336,paper,01063,C:/Users/Javier/PIDS_HandPose/work/HAR_mediapipe/data/gestos_pids/train//paper/paper_01063.jpg
0.5730069875717163,0.7619847059249878,0.5386986136436462,0.7070428729057312,0.521449089050293,0.6372464299201965,0.5250751972198486,0.5736929774284363,0.5350827574729919,0.5317083597183228,0.5482469797134399,0.6044247150421143,0.5632740259170532,0.5122637748718262,0.5726192593574524,0.462063729763031,0.579082190990448,0.4255000650882721,0.5766850709915161,0.6115780472755432,0.586193323135376,0.5100623369216919,0.5916231274604797,0.4546695351600647,0.5948013067245483,0.4143387973308563,0.6018461585044861,0.6212182641029358,0.6062973141670227,0.5260945558547974,0.6086192727088928,0.47342365980148315,0.6085718870162964,0.434548020362854,0.6229273080825806,0.6341610550880432,0.6238280534744263,0.5603646636009216,0.624384343624115,0.5170540809631348,0.6241465210914612,0.48089492321014404,paper,01064,C:/Users/Javier/PIDS_HandPose/work/HAR_mediapipe/data/gestos_pids/train//paper/paper_01064.jpg
0.7364695072174072,0.8629639744758606,0.7011426687240601,0.8126357793807983,0.6919937133789062,0.7398716807365417,0.7004795074462891,0.6771383285522461,0.7054721713066101,0.6528953313827515,0.7366027235984802,0.690532922744751,0.7339547872543335,0.6002568006515503,0.7351002097129822,0.5537803173065186,0.7389580011367798,0.5200808644294739,0.7579635381698608,0.6939185857772827,0.7536609172821045,0.6023494005203247,0.7514932751655579,0.5543849468231201,0.7514040470123291,0.5197857618331909,0.7680620551109314,0.6986568570137024,0.7582833170890808,0.6184549331665039,0.7549924254417419,0.5735611915588379,0.7544726729393005,0.5402066111564636,0.7697392702102661,0.7050350308418274,0.7583451271057129,0.6397169232368469,0.7528815865516663,0.6045277118682861,0.7511892318725586,0.5789349675178528,paper,01066,C:/Users/Javier/PIDS_HandPose/work/HAR_mediapipe/data/gestos_pids/train//paper/paper_01066.jpg
0.6573655009269714,0.8642547130584717,0.6343795657157898,0.793653130531311,0.6297065019607544,0.7150611877441406,0.6326770186424255,0.6537478566169739,0.6219583749771118,0.6163159608840942,0.6500232815742493,0.6908688545227051,0.6771903038024902,0.6103770136833191,0.6937150955200195,0.5657666921615601,0.705371081829071,0.5329608917236328,0.6757914423942566,0.7081230282783508,0.7020036578178406,0.6158941984176636,0.7180423736572266,0.5654616355895996,0.7298799753189087,0.5280748605728149,0.7005822062492371,0.7310515642166138,0.7223424315452576,0.6395174860954285,0.7353478074073792,0.5900603532791138,0.743528425693512,0.5532326698303223,0.7228572964668274,0.7575501203536987,0.737866222858429,0.6853883266448975,0.7467637658119202,0.643894612789154,0.753025472164154,0.608302652835846,paper,01067,C:/Users/Javier/PIDS_HandPose/work/HAR_mediapipe/data/gestos_pids/train//paper/paper_01067.jpg
0.7819504737854004,0.873224675655365,0.7519513368606567,0.8090002536773682,0.7460409998893738,0.7374600768089294,0.7562646269798279,0.6747847199440002,0.7508766055107117,0.6321138143539429,0.7788772583007812,0.7017396092414856,0.8038081526756287,0.6192182302474976,0.8199708461761475,0.5747807025909424,0.8324586153030396,0.5432807207107544,0.807015597820282,0.7193723917007446,0.8296981453895569,0.6260511875152588,0.8442456126213074,0.5755637288093567,0.8561908006668091,0.5382610559463501,0.8306135535240173,0.7415463924407959,0.8491735458374023,0.6532436609268188,0.8610094785690308,0.6024173498153687,0.8688408732414246,0.5643198490142822,0.8493231534957886,0.7661491632461548,0.861601710319519,0.6974853277206421,0.8686554431915283,0.6578073501586914,0.8740535974502563,0.6253618597984314,paper,01068,C:/Users/Javier/PIDS_HandPose/work/HAR_mediapipe/data/gestos_pids/train//paper/paper_01068.jpg
0.6975196003913879,0.6745036840438843,0.6647607684135437,0.618264377117157,0.6559602618217468,0.5495871305465698,0.6562377214431763,0.4931671619415283,0.6465283036231995,0.46367940306663513,0.6817523241043091,0.511572539806366,0.6965060830116272,0.43999987840652466,0.707953155040741,0.4059572219848633,0.7162176370620728,0.38641923666000366,0.7088295817375183,0.5208874344825745,0.7237160801887512,0.4419649839401245,0.7329911589622498,0.4027174711227417,0.7401328086853027,0.37699127197265625,0.7335683703422546,0.537193775177002,0.7470164895057678,0.4639410376548767,0.7556456327438354,0.4282943606376648,0.7609788775444031,0.4051613211631775,0.7540358304977417,0.5599719285964966,0.7667115330696106,0.5051502585411072,0.7720497846603394,0.4803178608417511,0.7735046148300171,0.4637413024902344,paper,01069,C:/Users/Javier/PIDS_HandPose/work/HAR_mediapipe/data/gestos_pids/train//paper/paper_01069.jpg
0.7974439859390259,0.580036997795105,0.7638457417488098,0.5224642753601074,0.7535384893417358,0.45206183195114136,0.7572414875030518,0.39395439624786377,0.7532269358634949,0.3577002286911011,0.7818391919136047,0.4094097912311554,0.7988042235374451,0.34156161546707153,0.8103107810020447,0.30506086349487305,0.8187295794487,0.2801900804042816,0.8088690042495728,0.4167337119579315,0.822705090045929,0.3437347412109375,0.8316534757614136,0.3047097623348236,0.8385826349258423,0.2784278392791748,0.8327677249908447,0.43303486704826355,0.8419701457023621,0.3654576241970062,0.8488994836807251,0.3290916979312897,0.8526715040206909,0.30373257398605347,0.8528953790664673,0.45631399750709534,0.8575544953346252,0.40381890535354614,0.8610657453536987,0.3734889626502991,0.8629176020622253,0.3496401309967041,paper,01070,C:/Users/Javier/PIDS_HandPose/work/HAR_mediapipe/data/gestos_pids/train//paper/paper_01070.jpg
0.39529573917388916,1.0160670280456543,0.47335538268089294,0.9506943821907043,0.5289055109024048,0.8399354219436646,0.5644879341125488,0.7415177822113037,0.6004622578620911,0.6733425259590149,0.4554194211959839,0.6502816677093506,0.4532557725906372,0.4987623691558838,0.4520440995693207,0.4109787344932556,0.449371337890625,0.33132117986679077,0.41074472665786743,0.6504902243614197,0.4101520776748657,0.4851221442222595,0.4117664098739624,0.3839505910873413,0.4117618501186371,0.29680901765823364,0.3691760301589966,0.6781507134437561,0.3702617585659027,0.5211440324783325,0.3729044198989868,0.42515718936920166,0.3760533630847931,0.3401564955711365,0.32710695266723633,0.7260207533836365,0.32255226373672485,0.6023069024085999,0.32354676723480225,0.5229341983795166,0.3259432315826416,0.44735950231552124,paper,02001,C:/Users/Javier/PIDS_HandPose/work/HAR_mediapipe/data/gestos_pids/train//paper/paper_02001.jpg
0.3921305239200592,0.8942745923995972,0.47037360072135925,0.8267860412597656,0.5251717567443848,0.7049964070320129,0.5594459176063538,0.6026965379714966,0.5912982821464539,0.5411670207977295,0.4517376720905304,0.5209270715713501,0.44874751567840576,0.3735058307647705,0.4448311924934387,0.2873148024082184,0.43941351771354675,0.2088119089603424,0.40865570306777954,0.5210049748420715,0.406670480966568,0.36049503087997437,0.40574750304222107,0.26529428362846375,0.402591735124588,0.1843019425868988,0.3692520260810852,0.5498590469360352,0.36824434995651245,0.3986912667751312,0.3695645034313202,0.30828434228897095,0.37020358443260193,0.22799527645111084,0.3295954763889313,0.5977051258087158,0.32249394059181213,0.4769604802131653,0.3204222321510315,0.4007531404495239,0.31971389055252075,0.3295484185218811,paper,02002,C:/Users/Javier/PIDS_HandPose/work/HAR_mediapipe/data/gestos_pids/train//paper/paper_02002.jpg
0.43635717034339905,0.8997329473495483,0.5082305073738098,0.8466174006462097,0.571847140789032,0.7488885521888733,0.6222835183143616,0.6729985475540161,0.6668649911880493,0.621300220489502,0.49583137035369873,0.5576167106628418,0.5186526775360107,0.4091857075691223,0.5299193263053894,0.3221213221549988,0.5354892611503601,0.23733648657798767,0.44322916865348816,0.545993447303772,0.4426306486129761,0.3916965126991272,0.44490841031074524,0.28935617208480835,0.4383167028427124,0.19871288537979126,0.3970414400100708,0.5777988433837891,0.36331412196159363,0.4409870207309723,0.3389512300491333,0.3574855923652649,0.3145744800567627,0.2857063114643097,0.35642945766448975,0.6364432573318481,0.31474143266677856,0.5373116135597229,0.2851174473762512,0.47319597005844116,0.2602725327014923,0.4115847051143646,paper,02003,C:/Users/Javier/PIDS_HandPose/work/HAR_mediapipe/data/gestos_pids/train//paper/paper_02003.jpg
0.4234037399291992,0.8763669729232788,0.49379974603652954,0.8238767385482788,0.5570666790008545,0.7295235991477966,0.6015124320983887,0.6511714458465576,0.6402020454406738,0.5959241986274719,0.4794033467769623,0.5361791849136353,0.5004658102989197,0.38664355874061584,0.5126821994781494,0.30332380533218384,0.5205202102661133,0.2223396599292755,0.4282240867614746,0.525061309337616,0.42635148763656616,0.37349510192871094,0.4302513301372528,0.2739657759666443,0.42577293515205383,0.18497136235237122,0.3834245502948761,0.5557711720466614,0.34540992975234985,0.4249836504459381,0.3202781081199646,0.34396928548812866,0.2951228618621826,0.2737833857536316,0.34333205223083496,0.6130856275558472,0.2940300703048706,0.5254751443862915,0.2607212960720062,0.4704870879650116,0.23319783806800842,0.4158956706523895,paper,02004,C:/Users/Javier/PIDS_HandPose/work/HAR_mediapipe/data/gestos_pids/train//paper/paper_02004.jpg
0.4217025339603424,0.8779684901237488,0.490552693605423,0.82438063621521,0.5525367259979248,0.7293407917022705,0.593852162361145,0.6442148089408875,0.6319859027862549,0.585301399230957,0.47707483172416687,0.5378615260124207,0.49930471181869507,0.3888363540172577,0.5110341310501099,0.30371761322021484,0.5174577832221985,0.22204548120498657,0.4255310297012329,0.5259532332420349,0.423526406288147,0.37180930376052856,0.42681068181991577,0.26855528354644775,0.42095935344696045,0.17558136582374573,0.38051795959472656,0.556970477104187,0.33888405561447144,0.4261360168457031,0.30928027629852295,0.3456730246543884,0.2801600694656372,0.27567583322525024,0.33946317434310913,0.614064633846283,0.28711044788360596,0.5254334807395935,0.25196367502212524,0.47121143341064453,0.22237664461135864,0.4170122742652893,paper,02005,C:/Users/Javier/PIDS_HandPose/work/HAR_mediapipe/data/gestos_pids/train//paper/paper_02005.jpg
0.41634276509284973,0.8866665363311768,0.48513832688331604,0.8311755061149597,0.5456362962722778,0.7348995804786682,0.5842424631118774,0.6507259607315063,0.6204289197921753,0.5951088070869446,0.4692353904247284,0.546907365322113,0.4882326126098633,0.39408040046691895,0.4984261393547058,0.30653107166290283,0.5038716197013855,0.22285962104797363,0.4186457395553589,0.537053108215332,0.4157063961029053,0.3820034861564636,0.4177955389022827,0.278371125459671,0.41087597608566284,0.18693390488624573,0.3750114440917969,0.5694328546524048,0.33228203654289246,0.4360356032848358,0.302456796169281,0.3543470501899719,0.2729061245918274,0.2845022678375244,0.3352500796318054,0.6267039775848389,0.28332722187042236,0.5360532999038696,0.24823002517223358,0.4814226031303406,0.21838220953941345,0.4275985360145569,paper,02006,C:/Users/Javier/PIDS_HandPose/work/HAR_mediapipe/data/gestos_pids/train//paper/paper_02006.jpg
0.42010509967803955,0.8565988540649414,0.48623213171958923,0.7994785308837891,0.5447034239768982,0.697049081325531,0.5812322497367859,0.6075162887573242,0.6172417402267456,0.5528760552406311,0.4656960964202881,0.5201853513717651,0.485785573720932,0.3684532046318054,0.4974566698074341,0.28042763471603394,0.5045914649963379,0.19364017248153687,0.41472676396369934,0.5113683342933655,0.40932393074035645,0.35808563232421875,0.41077136993408203,0.2546427845954895,0.40464603900909424,0.1609450876712799,0.3727486729621887,0.5434697866439819,0.33037447929382324,0.4114277958869934,0.300125390291214,0.33149048686027527,0.27094972133636475,0.26339665055274963,0.3355748653411865,0.6016712784767151,0.290971040725708,0.5038686394691467,0.25894129276275635,0.44557085633277893,0.23164916038513184,0.38849571347236633,paper,02007,C:/Users/Javier/PIDS_HandPose/work/HAR_mediapipe/data/gestos_pids/train//paper/paper_02007.jpg
0.4121730327606201,0.8806548118591309,0.48801320791244507,0.8267056941986084,0.545331597328186,0.7110689878463745,0.5791946649551392,0.6097972393035889,0.6131322383880615,0.5420820713043213,0.4778321087360382,0.5265544056892395,0.4728866517543793,0.37663471698760986,0.46387043595314026,0.29050472378730774,0.45225411653518677,0.21310600638389587,0.4380877912044525,0.5309544205665588,0.4334731101989746,0.3700273036956787,0.4262189567089081,0.27085965871810913,0.4184768497943878,0.18440139293670654,0.40259718894958496,0.5623647570610046,0.3979305028915405,0.41182518005371094,0.3918907344341278,0.31909099221229553,0.386959433555603,0.2356593906879425,0.3670053780078888,0.6106777191162109,0.36363983154296875,0.4937382936477661,0.36053526401519775,0.41980189085006714,0.3591030240058899,0.34994417428970337,paper,02008,C:/Users/Javier/PIDS_HandPose/work/HAR_mediapipe/data/gestos_pids/train//paper/paper_02008.jpg
0.42275696992874146,0.8756155967712402,0.496910959482193,0.8194146156311035,0.5542629957199097,0.7046315670013428,0.5892284512519836,0.6085293292999268,0.6237963438034058,0.5399733185768127,0.48889264464378357,0.5225897431373596,0.4851720631122589,0.37441426515579224,0.4791901409626007,0.28752467036247253,0.4697721004486084,0.20890477299690247,0.4479696750640869,0.5261006951332092,0.4446134865283966,0.3672545552253723,0.4397028684616089,0.266541063785553,0.43396294116973877,0.17762118577957153,0.4113848805427551,0.5562323927879333,0.40969598293304443,0.40676063299179077,0.4061504304409027,0.3139011859893799,0.40288084745407104,0.2300516963005066,0.37487518787384033,0.604550302028656,0.37296390533447266,0.4878515303134918,0.3712139129638672,0.41439104080200195,0.37014877796173096,0.3450828790664673,paper,02009,C:/Users/Javier/PIDS_HandPose/work/HAR_mediapipe/data/gestos_pids/train//paper/paper_02009.jpg
0.37603920698165894,0.897702693939209,0.44067618250846863,0.818971574306488,0.48029425740242004,0.6923457384109497,0.5024834275245667,0.5857800245285034,0.5334029197692871,0.5203884840011597,0.389161616563797,0.5456175804138184,0.3687591850757599,0.4046667516231537,0.3531099557876587,0.32367563247680664,0.33679986000061035,0.2514230012893677,0.34603291749954224,0.5606003999710083,0.32650795578956604,0.4053516983985901,0.31225526332855225,0.30939167737960815,0.2977401614189148,0.22786659002304077,0.311198353767395,0.6000725030899048,0.2920319437980652,0.4552408456802368,0.28124648332595825,0.3676467537879944,0.2712489366531372,0.2898358702659607,0.27795174717903137,0.6572619080543518,0.2600952088832855,0.5436338186264038,0.2519519031047821,0.4721497595310211,0.2453884780406952,0.4041697084903717,paper,02010,C:/Users/Javier/PIDS_HandPose/work/HAR_mediapipe/data/gestos_pids/train//paper/paper_02010.jpg
0.24635270237922668,0.7936473488807678,0.3031729459762573,0.7285100221633911,0.34455782175064087,0.6303785443305969,0.36989593505859375,0.5432179570198059,0.39865201711654663,0.48425886034965515,0.2729276716709137,0.4802752137184143,0.25922060012817383,0.3549002408981323,0.2487015724182129,0.2795276641845703,0.23716475069522858,0.21155676245689392,0.23669986426830292,0.4844551980495453,0.2248460352420807,0.3474196195602417,0.21546828746795654,0.25945916771888733,0.20508241653442383,0.1865953505039215,0.20480066537857056,0.5121265649795532,0.19318553805351257,0.38286152482032776,0.18605981767177582,0.30382513999938965,0.17945453524589539,0.23569558560848236,0.17339250445365906,0.5555960536003113,0.16203901171684265,0.455490380525589,0.1554490178823471,0.39188075065612793,0.14994004368782043,0.3317520320415497,paper,02011,C:/Users/Javier/PIDS_HandPose/work/HAR_mediapipe/data/gestos_pids/train//paper/paper_02011.jpg
0.20435118675231934,0.7438718676567078,0.25782182812690735,0.6827437281608582,0.295939177274704,0.5878904461860657,0.322208046913147,0.5060505867004395,0.3485649824142456,0.44836437702178955,0.22761572897434235,0.4494967460632324,0.21351510286331177,0.33112233877182007,0.20284231007099152,0.26173102855682373,0.19221711158752441,0.1984843760728836,0.19318050146102905,0.45530495047569275,0.17993202805519104,0.3265092074871063,0.17069002985954285,0.2424633800983429,0.1611725240945816,0.17273348569869995,0.16367962956428528,0.48295193910598755,0.15118834376335144,0.3593306541442871,0.1442634016275406,0.28387320041656494,0.13791212439537048,0.21885435283184052,0.13653266429901123,0.5245187282562256,0.12447826564311981,0.428239643573761,0.1181122437119484,0.36763545870780945,0.11331537365913391,0.3114009499549866,paper,02012,C:/Users/Javier/PIDS_HandPose/work/HAR_mediapipe/data/gestos_pids/train//paper/paper_02012.jpg
0.1942937970161438,0.7494733929634094,0.2464655488729477,0.6891818046569824,0.2841281294822693,0.5968615412712097,0.30963239073753357,0.5158911347389221,0.3352902829647064,0.45689037442207336,0.2146141082048416,0.45981353521347046,0.20101849734783173,0.34160318970680237,0.19012677669525146,0.27242177724838257,0.17907771468162537,0.20972603559494019,0.1805953085422516,0.4652820825576782,0.1679859608411789,0.3375500440597534,0.15832948684692383,0.25603342056274414,0.14835534989833832,0.18815192580223083,0.15178245306015015,0.49274927377700806,0.1391286849975586,0.3734355568885803,0.1315302550792694,0.2997004985809326,0.12434479594230652,0.2359352707862854,0.12504476308822632,0.5343899726867676,0.11296996474266052,0.44132137298583984,0.10653180629014969,0.38176703453063965,0.10086672008037567,0.32642674446105957,paper,02013,C:/Users/Javier/PIDS_HandPose/work/HAR_mediapipe/data/gestos_pids/train//paper/paper_02013.jpg
0.21314571797847748,0.74384605884552,0.2649032771587372,0.6949012279510498,0.31316250562667847,0.621692955493927,0.34792250394821167,0.554375946521759,0.37720558047294617,0.503095269203186,0.24236784875392914,0.46491819620132446,0.2517055571079254,0.34055089950561523,0.25455835461616516,0.26848798990249634,0.25425201654434204,0.19735389947891235,0.20041194558143616,0.45928892493247986,0.19386793673038483,0.3359368145465851,0.19155707955360413,0.2512883245944977,0.1832633912563324,0.17413640022277832,0.1651584506034851,0.4871349334716797,0.12490957230329514,0.3822726011276245,0.09553328156471252,0.3185538947582245,0.06833162903785706,0.262454628944397,0.1352623999118805,0.5345349907875061,0.09798496961593628,0.4502984583377838,0.07256576418876648,0.398196816444397,0.050734639167785645,0.3468259572982788,paper,02014,C:/Users/Javier/PIDS_HandPose/work/HAR_mediapipe/data/gestos_pids/train//paper/paper_02014.jpg
0.21428699791431427,0.7513154745101929,0.26508185267448425,0.7038549780845642,0.31381526589393616,0.6308863162994385,0.34867167472839355,0.5635746121406555,0.3795362114906311,0.516509473323822,0.24669870734214783,0.4709937274456024,0.2662527561187744,0.3520186245441437,0.27759432792663574,0.2820572257041931,0.2846035659313202,0.2142108827829361,0.20446163415908813,0.46302369236946106,0.1990494281053543,0.3403089642524719,0.19740094244480133,0.2557021975517273,0.18789899349212646,0.1830756664276123,0.1692960262298584,0.49029862880706787,0.1296452283859253,0.384177565574646,0.10065983235836029,0.3220236897468567,0.07325202226638794,0.2706250548362732,0.13917450606822968,0.5400751233100891,0.09483873844146729,0.4646237790584564,0.0639236569404602,0.41907185316085815,0.03843270242214203,0.37534239888191223,paper,02015,C:/Users/Javier/PIDS_HandPose/work/HAR_mediapipe/data/gestos_pids/train//paper/paper_02015.jpg
0.21791131794452667,0.7595070600509644,0.2686786949634552,0.7104701399803162,0.31871724128723145,0.6388460397720337,0.3555598258972168,0.5716856718063354,0.38622474670410156,0.5250226259231567,0.2495764195919037,0.4824930727481842,0.2688367962837219,0.36174508929252625,0.28014490008354187,0.29175257682800293,0.28711724281311035,0.22126848995685577,0.20641042292118073,0.4729878008365631,0.1955793797969818,0.3513844609260559,0.1903875768184662,0.2652098536491394,0.17897966504096985,0.18711119890213013,0.1715775430202484,0.4974307417869568,0.1277507096529007,0.3974408209323883,0.0961361825466156,0.3328040838241577,0.06728629767894745,0.27803245186805725,0.14257559180259705,0.5445424318313599,0.09627631306648254,0.4696009159088135,0.06410713493824005,0.42236021161079407,0.03795728087425232,0.3762332797050476,paper,02016,C:/Users/Javier/PIDS_HandPose/work/HAR_mediapipe/data/gestos_pids/train//paper/paper_02016.jpg
0.30244743824005127,0.7724816799163818,0.35578811168670654,0.7248488068580627,0.4055664837360382,0.6438272595405579,0.44311970472335815,0.5763018727302551,0.47460538148880005,0.5367414355278015,0.33927029371261597,0.49371299147605896,0.36042320728302,0.3724733293056488,0.3736092150211334,0.3027457892894745,0.38270103931427,0.23238152265548706,0.2973957061767578,0.4810255765914917,0.2899591624736786,0.3602310121059418,0.28854623436927795,0.27632835507392883,0.28112176060676575,0.19899356365203857,0.26291000843048096,0.5025869607925415,0.22303971648216248,0.4010623097419739,0.19521960616111755,0.337984174489975,0.16939614713191986,0.2820398211479187,0.2331639677286148,0.548795223236084,0.19175013899803162,0.471126526594162,0.16262590885162354,0.4228905439376831,0.13887271285057068,0.3749857544898987,paper,02017,C:/Users/Javier/PIDS_HandPose/work/HAR_mediapipe/data/gestos_pids/train//paper/paper_02017.jpg
0.33941134810447693,0.6529345512390137,0.39294910430908203,0.6055997610092163,0.4454813301563263,0.5269654393196106,0.48581334948539734,0.4583010673522949,0.519641101360321,0.4162766933441162,0.3842117190361023,0.3688366711139679,0.40821364521980286,0.2512497007846832,0.4216550588607788,0.18245674669742584,0.4317079782485962,0.11371690034866333,0.34180760383605957,0.3555237054824829,0.3348773121833801,0.22678495943546295,0.3325853943824768,0.14043228328227997,0.3252948820590973,0.06477442383766174,0.30628788471221924,0.377500057220459,0.27106815576553345,0.26667267084121704,0.2467896193265915,0.19868992269039154,0.22347937524318695,0.14215059578418732,0.27649781107902527,0.42278632521629333,0.24227087199687958,0.3432461619377136,0.21655172109603882,0.2949390411376953,0.19536282122135162,0.2486807405948639,paper,02018,C:/Users/Javier/PIDS_HandPose/work/HAR_mediapipe/data/gestos_pids/train//paper/paper_02018.jpg
0.3409178555011749,0.7077281475067139,0.3951343595981598,0.6649531722068787,0.4459371566772461,0.5917699337005615,0.4790063202381134,0.523442804813385,0.5068866610527039,0.48234862089157104,0.38126739859580994,0.43117040395736694,0.40357276797294617,0.3108474314212799,0.41734376549720764,0.2416231483221054,0.4267108738422394,0.17392176389694214,0.3390355110168457,0.420785516500473,0.33031243085861206,0.29117438197135925,0.3250291645526886,0.20338252186775208,0.3142227232456207,0.12690365314483643,0.30451226234436035,0.4428153336048126,0.26647886633872986,0.33328133821487427,0.24069522321224213,0.26674214005470276,0.21648474037647247,0.21164432168006897,0.2748209536075592,0.48862424492836,0.23884452879428864,0.406678706407547,0.21379730105400085,0.3581114411354065,0.1933966428041458,0.3115657567977905,paper,02019,C:/Users/Javier/PIDS_HandPose/work/HAR_mediapipe/data/gestos_pids/train//paper/paper_02019.jpg
0.23340550065040588,0.919076681137085,0.28927478194236755,0.8756093382835388,0.3442496359348297,0.793976902961731,0.37974193692207336,0.7114177346229553,0.4123205244541168,0.6571885943412781,0.2704951763153076,0.6394518613815308,0.2868877053260803,0.5138925909996033,0.2936127185821533,0.4388365149497986,0.2971193492412567,0.36677390336990356,0.22551873326301575,0.6331153512001038,0.20716381072998047,0.5077017545700073,0.19445297122001648,0.42067569494247437,0.1783599853515625,0.3422507345676422,0.18995274603366852,0.6587105393409729,0.1446237713098526,0.5593016743659973,0.11276967823505402,0.49027568101882935,0.08426892757415771,0.4320814609527588,0.15998896956443787,0.7048857808113098,0.11743272840976715,0.6329599618911743,0.08763433992862701,0.586238443851471,0.0632893294095993,0.5411339402198792,paper,02020,C:/Users/Javier/PIDS_HandPose/work/HAR_mediapipe/data/gestos_pids/train//paper/paper_02020.jpg
0.5042900443077087,1.069242000579834,0.5840367078781128,1.0036863088607788,0.6603713631629944,0.8977832198143005,0.7014403343200684,0.7988521456718445,0.7334275245666504,0.7227672338485718,0.5776306390762329,0.6705278158187866,0.6069777607917786,0.49459266662597656,0.6235690712928772,0.39224934577941895,0.6353023052215576,0.29299014806747437,0.5143611431121826,0.6571327447891235,0.5003743767738342,0.4655667543411255,0.4965013265609741,0.3435882031917572,0.48860862851142883,0.2349165976047516,0.46194392442703247,0.68914395570755,0.41314923763275146,0.5188665986061096,0.3856509327888489,0.40872636437416077,0.36159250140190125,0.3153172433376312,0.41605252027511597,0.7543944716453552,0.3715582489967346,0.6242073774337769,0.34223803877830505,0.5395721197128296,0.32027068734169006,0.457855224609375,paper,02021,C:/Users/Javier/PIDS_HandPose/work/HAR_mediapipe/data/gestos_pids/train//paper/paper_02021.jpg
0.4725421071052551,1.0238795280456543,0.5857765674591064,0.9397045373916626,0.6812645792961121,0.778510332107544,0.7379734516143799,0.6470852494239807,0.7921597361564636,0.5757302641868591,0.5710258483886719,0.4700474143028259,0.60999995470047,0.24269242584705353,0.6333489418029785,0.10897260904312134,0.6480391025543213,-0.014180153608322144,0.4839770197868347,0.441863089799881,0.4689955413341522,0.16618680953979492,0.4659571051597595,0.003694981336593628,0.4532108008861542,-0.1346837282180786,0.4135659635066986,0.48053690791130066,0.35248228907585144,0.23732365667819977,0.31761783361434937,0.07747846841812134,0.28318917751312256,-0.06248033046722412,0.3491155803203583,0.5646136403083801,0.2925903797149658,0.36897990107536316,0.2554420530796051,0.24114152789115906,0.2254464030265808,0.1129591166973114,paper,02022,C:/Users/Javier/PIDS_HandPose/work/HAR_mediapipe/data/gestos_pids/train//paper/paper_02022.jpg
0.47314515709877014,1.0443823337554932,0.5773623585700989,0.9764089584350586,0.6692601442337036,0.844406008720398,0.7264128923416138,0.7211503982543945,0.7843191623687744,0.6470317244529724,0.5699777007102966,0.54856938123703,0.6131351590156555,0.32787734270095825,0.6392689943313599,0.1974770724773407,0.6579177975654602,0.07137718796730042,0.4893769919872284,0.5238028764724731,0.48169103264808655,0.2752985656261444,0.48425042629241943,0.12145543098449707,0.47821152210235596,-0.014834344387054443,0.42204898595809937,0.5586559176445007,0.3664100766181946,0.3405340909957886,0.3280937075614929,0.2003420889377594,0.2928488552570343,0.07834193110466003,0.3618113100528717,0.6350986361503601,0.31003332138061523,0.44912514090538025,0.27409398555755615,0.33719563484191895,0.24475395679473877,0.22698456048965454,paper,02023,C:/Users/Javier/PIDS_HandPose/work/HAR_mediapipe/data/gestos_pids/train//paper/paper_02023.jpg
0.4457815885543823,0.9706194996833801,0.5355424880981445,0.9105222225189209,0.6140881180763245,0.7848783731460571,0.664469301700592,0.6737359762191772,0.7092217803001404,0.6037440896034241,0.5266246795654297,0.5353572964668274,0.5634573101997375,0.3565594553947449,0.5820690989494324,0.2509837746620178,0.5935587286949158,0.1442742943763733,0.46084722876548767,0.5121424198150635,0.45515933632850647,0.3103259801864624,0.45171698927879333,0.17928576469421387,0.44128429889678955,0.056483685970306396,0.40595126152038574,0.5415444374084473,0.35900044441223145,0.36439451575279236,0.3299436569213867,0.2465170919895172,0.30209043622016907,0.1431884765625,0.3586042523384094,0.6069122552871704,0.31635457277297974,0.462260365486145,0.2882736027240753,0.36609482765197754,0.26549068093299866,0.2710971534252167,paper,02024,C:/Users/Javier/PIDS_HandPose/work/HAR_mediapipe/data/gestos_pids/train//paper/paper_02024.jpg
0.43680432438850403,0.8698171377182007,0.5020725727081299,0.8170424103736877,0.5636349320411682,0.7294301986694336,0.6036397218704224,0.6484847068786621,0.6356191635131836,0.5896430611610413,0.49268126487731934,0.5368620753288269,0.5194430947303772,0.3955465853214264,0.5358355641365051,0.31530898809432983,0.5467672944068909,0.2335280179977417,0.4436773359775543,0.5233855843544006,0.43831342458724976,0.370778352022171,0.4362117052078247,0.2731149196624756,0.4291551113128662,0.18122613430023193,0.4024370014667511,0.5476382374763489,0.3645811676979065,0.41481056809425354,0.34038102626800537,0.33039557933807373,0.31727564334869385,0.2579463720321655,0.3672252893447876,0.5962690711021423,0.33630436658859253,0.4881083369255066,0.3139827847480774,0.41936618089675903,0.2946205735206604,0.35277411341667175,paper,02025,C:/Users/Javier/PIDS_HandPose/work/HAR_mediapipe/data/gestos_pids/train//paper/paper_02025.jpg
0.46310609579086304,0.7366992235183716,0.5056923627853394,0.7045080661773682,0.5418047308921814,0.6468802690505981,0.5651053190231323,0.5957983732223511,0.585485577583313,0.5620959997177124,0.49682116508483887,0.5338824987411499,0.5123026967048645,0.45208844542503357,0.5216244459152222,0.4032645523548126,0.5285050868988037,0.3542485237121582,0.4689224660396576,0.5265182256698608,0.4633391499519348,0.439777672290802,0.4603740870952606,0.3844054937362671,0.4548499882221222,0.334513783454895,0.4448392391204834,0.5409063100814819,0.4230881333351135,0.4669986963272095,0.4102073609828949,0.4201374053955078,0.39749008417129517,0.3793460726737976,0.4236665368080139,0.5692847371101379,0.4070942997932434,0.504209041595459,0.395348459482193,0.45981770753860474,0.3855215013027191,0.4162900447845459,paper,02026,C:/Users/Javier/PIDS_HandPose/work/HAR_mediapipe/data/gestos_pids/train//paper/paper_02026.jpg
0.4846479594707489,0.7164143323898315,0.5192171931266785,0.6853690147399902,0.5496162176132202,0.6321013569831848,0.5704502463340759,0.5874102711677551,0.5877685546875,0.5604639053344727,0.5109144449234009,0.5354738235473633,0.5297084450721741,0.4651603698730469,0.542105495929718,0.4237055480480194,0.5504719018936157,0.3818245530128479,0.4841887652873993,0.5293796062469482,0.47004449367523193,0.4516008794307709,0.458650141954422,0.406048059463501,0.44691893458366394,0.36505794525146484,0.4626937508583069,0.5414345264434814,0.4371580481529236,0.4801143407821655,0.42360833287239075,0.44197776913642883,0.41064101457595825,0.4083940386772156,0.4454783797264099,0.5671292543411255,0.4251020550727844,0.5157610177993774,0.41152575612068176,0.4818755090236664,0.4005815088748932,0.44712477922439575,paper,02027,C:/Users/Javier/PIDS_HandPose/work/HAR_mediapipe/data/gestos_pids/train//paper/paper_02027.jpg
0.49447277188301086,0.7044772505760193,0.528927743434906,0.6772706508636475,0.557999849319458,0.6218805909156799,0.5760562419891357,0.5774574875831604,0.5934827923774719,0.5572143197059631,0.5178601741790771,0.5283711552619934,0.5352703928947449,0.4611090123653412,0.5463512539863586,0.4191376566886902,0.5544479489326477,0.3806105852127075,0.49188995361328125,0.5235492587089539,0.48084717988967896,0.4485716223716736,0.4749608635902405,0.39790529012680054,0.46728119254112244,0.35630303621292114,0.471779465675354,0.540827751159668,0.44726213812828064,0.47947582602500916,0.43383777141571045,0.43659088015556335,0.4195699691772461,0.4017784595489502,0.45694810152053833,0.5740986466407776,0.4295090436935425,0.541750431060791,0.41135695576667786,0.5173104405403137,0.3953027129173279,0.4928141236305237,paper,02028,C:/Users/Javier/PIDS_HandPose/work/HAR_mediapipe/data/gestos_pids/train//paper/paper_02028.jpg
0.4851568341255188,0.6391608715057373,0.5138326287269592,0.6246592402458191,0.5385079979896545,0.5825484395027161,0.5550374388694763,0.5518755912780762,0.5699219107627869,0.5369633436203003,0.5121728181838989,0.5026706457138062,0.5257506370544434,0.4501928687095642,0.5348482131958008,0.4158157408237457,0.5420412421226501,0.3853854835033417,0.49279943108558655,0.49555230140686035,0.48555174469947815,0.43290385603904724,0.48101872205734253,0.393645703792572,0.47577065229415894,0.3632189631462097,0.4758295714855194,0.5071198344230652,0.46989840269088745,0.45024093985557556,0.4685538411140442,0.40280696749687195,0.463853657245636,0.36224186420440674,0.460823118686676,0.5316774845123291,0.44247955083847046,0.5045062899589539,0.4282596707344055,0.4792330265045166,0.415884792804718,0.4539775848388672,paper,02029,C:/Users/Javier/PIDS_HandPose/work/HAR_mediapipe/data/gestos_pids/train//paper/paper_02029.jpg
0.4866999685764313,0.616696298122406,0.5131447911262512,0.6046662330627441,0.5408047437667847,0.5682575106620789,0.5599910020828247,0.5433493852615356,0.5744965672492981,0.5365741848945618,0.5186944603919983,0.4921269118785858,0.5333707928657532,0.4404240548610687,0.5419670939445496,0.4120047092437744,0.5491467118263245,0.38497307896614075,0.5016067624092102,0.4821183979511261,0.4963937997817993,0.42429473996162415,0.4931398630142212,0.38702553510665894,0.4891367554664612,0.3561118245124817,0.48593637347221375,0.48746395111083984,0.479857861995697,0.432971328496933,0.477947473526001,0.39189043641090393,0.473643034696579,0.35658058524131775,0.4712326228618622,0.5032133460044861,0.4515036344528198,0.4771003723144531,0.43764933943748474,0.45563995838165283,0.4263724684715271,0.43471410870552063,paper,02030,C:/Users/Javier/PIDS_HandPose/work/HAR_mediapipe/data/gestos_pids/train//paper/paper_02030.jpg
0.4847482740879059,0.6144892573356628,0.5116005539894104,0.6019586324691772,0.5370507836341858,0.5661610960960388,0.5553668141365051,0.5426663756370544,0.5701745748519897,0.5390254855155945,0.5128339529037476,0.4902213215827942,0.5282719135284424,0.43945401906967163,0.5374780893325806,0.4097397029399872,0.5450156927108765,0.38177043199539185,0.4946838617324829,0.4795953631401062,0.488126277923584,0.42044901847839355,0.4847073256969452,0.38295459747314453,0.4797947406768799,0.3527229428291321,0.47937238216400146,0.4860064685344696,0.467319518327713,0.4329160749912262,0.46168914437294006,0.3952711820602417,0.45420193672180176,0.36368241906166077,0.4662482440471649,0.5051767230033875,0.4454788863658905,0.4785848557949066,0.43131202459335327,0.4559445381164551,0.4197387397289276,0.43392258882522583,paper,02031,C:/Users/Javier/PIDS_HandPose/work/HAR_mediapipe/data/gestos_pids/train//paper/paper_02031.jpg
0.4849306643009186,0.6000080108642578,0.5111938714981079,0.5921334028244019,0.5366272926330566,0.5583929419517517,0.5557413697242737,0.5369926691055298,0.570834219455719,0.5311856269836426,0.5195138454437256,0.4836936593055725,0.5334218144416809,0.44158074259757996,0.5422433614730835,0.4129783511161804,0.5489006638526917,0.38585320115089417,0.5027571320533752,0.47603774070739746,0.4950805604457855,0.41996172070503235,0.4894769787788391,0.38461175560951233,0.4842469394207001,0.35541853308677673,0.4876820743083954,0.4814566969871521,0.4807635247707367,0.4344612956047058,0.48166701197624207,0.3999116122722626,0.4802354872226715,0.368513822555542,0.47430235147476196,0.49711957573890686,0.46501579880714417,0.48888182640075684,0.4615841209888458,0.4918951094150543,0.45831793546676636,0.49104204773902893,paper,02032,C:/Users/Javier/PIDS_HandPose/work/HAR_mediapipe/data/gestos_pids/train//paper/paper_02032.jpg
0.513418436050415,0.5660718679428101,0.5354525446891785,0.5680930614471436,0.5617287755012512,0.546431303024292,0.5800330638885498,0.5278612971305847,0.5929545760154724,0.531668484210968,0.5500386953353882,0.4699927568435669,0.565558671951294,0.42869043350219727,0.5755120515823364,0.40516072511672974,0.5838747024536133,0.3830420970916748,0.536340594291687,0.4590940773487091,0.5358614921569824,0.41760334372520447,0.5340503454208374,0.3954085111618042,0.5328922867774963,0.37455257773399353,0.5226855874061584,0.45993292331695557,0.5222287774085999,0.4167618155479431,0.5237780809402466,0.38006776571273804,0.5240940451622009,0.3458858132362366,0.5083251595497131,0.468203067779541,0.4976590871810913,0.4372272491455078,0.48973166942596436,0.41359901428222656,0.48417165875434875,0.3900291323661804,paper,02033,C:/Users/Javier/PIDS_HandPose/work/HAR_mediapipe/data/gestos_pids/train//paper/paper_02033.jpg
0.4880738854408264,0.6062610745429993,0.5171953439712524,0.5895213484764099,0.5431015491485596,0.5543330311775208,0.5620788335800171,0.5287123918533325,0.577964186668396,0.5257683396339417,0.5156801342964172,0.4735240638256073,0.5309692025184631,0.42298007011413574,0.5404918193817139,0.39223378896713257,0.5475261807441711,0.3635818660259247,0.49619153141975403,0.46504515409469604,0.49144649505615234,0.40342551469802856,0.48724564909935,0.3641422390937805,0.4812053143978119,0.3317166566848755,0.47975537180900574,0.47359585762023926,0.46662142872810364,0.4201183319091797,0.45849889516830444,0.3842887580394745,0.44929516315460205,0.3543585240840912,0.46500062942504883,0.49399712681770325,0.4473138153553009,0.45809683203697205,0.4358081817626953,0.43303781747817993,0.42629337310791016,0.4096375107765198,paper,02034,C:/Users/Javier/PIDS_HandPose/work/HAR_mediapipe/data/gestos_pids/train//paper/paper_02034.jpg
0.3984632194042206,0.7969645857810974,0.452622652053833,0.7539722919464111,0.49903860688209534,0.6671454310417175,0.5265952348709106,0.596784234046936,0.5516655445098877,0.5530079007148743,0.43230122327804565,0.5174996256828308,0.4546807110309601,0.41028454899787903,0.46719223260879517,0.34287577867507935,0.4761911928653717,0.28076207637786865,0.39160457253456116,0.512457013130188,0.3673495054244995,0.3931806683540344,0.35295361280441284,0.3168647289276123,0.3379081189632416,0.255481094121933,0.3594028949737549,0.5414851903915405,0.3223293125629425,0.4445040822029114,0.3026333451271057,0.38613468408584595,0.2828528583049774,0.33782023191452026,0.333880752325058,0.59490966796875,0.2917715907096863,0.5429303646087646,0.26431897282600403,0.5071977376937866,0.24152985215187073,0.47025835514068604,paper,02035,C:/Users/Javier/PIDS_HandPose/work/HAR_mediapipe/data/gestos_pids/train//paper/paper_02035.jpg
0.47631633281707764,0.7760590314865112,0.5165938138961792,0.7041300535202026,0.5347527265548706,0.5952815413475037,0.5409894585609436,0.517881453037262,0.5438128709793091,0.460335910320282,0.4707670509815216,0.4954541027545929,0.47062110900878906,0.3858931064605713,0.4726499021053314,0.3195199966430664,0.4741824269294739,0.25962406396865845,0.44151780009269714,0.505258321762085,0.4077528715133667,0.4014738202095032,0.3921498656272888,0.3285709321498871,0.37652409076690674,0.2667655944824219,0.42363685369491577,0.5406743288040161,0.3856574594974518,0.449272096157074,0.3627367913722992,0.39354926347732544,0.339089035987854,0.3502049148082733,0.41822612285614014,0.5955167412757874,0.3883205056190491,0.5533671379089355,0.36826539039611816,0.5466442704200745,0.3473993241786957,0.5455729365348816,paper,02036,C:/Users/Javier/PIDS_HandPose/work/HAR_mediapipe/data/gestos_pids/train//paper/paper_02036.jpg
0.4970763921737671,0.7029881477355957,0.44340839982032776,0.6660254001617432,0.39774686098098755,0.6130460500717163,0.3588508367538452,0.5661811828613281,0.3250476121902466,0.5540295839309692,0.4507753252983093,0.48714640736579895,0.4185633659362793,0.3838028907775879,0.39993223547935486,0.3205573558807373,0.3879900574684143,0.2715035080909729,0.48506227135658264,0.472909539937973,0.4858572781085968,0.3544325828552246,0.489128977060318,0.28125762939453125,0.49429845809936523,0.2261873483657837,0.5144070386886597,0.48541897535324097,0.5371812582015991,0.385431170463562,0.5522474646568298,0.3202997148036957,0.5630285143852234,0.27056577801704407,0.5387579798698425,0.5150561928749084,0.5698215365409851,0.4626941978931427,0.5901380181312561,0.42896318435668945,0.6079545617103577,0.3991425037384033,paper,02037,C:/Users/Javier/PIDS_HandPose/work/HAR_mediapipe/data/gestos_pids/train//paper/paper_02037.jpg
0.4772324860095978,0.8101975321769714,0.4251042902469635,0.7706651091575623,0.3808193802833557,0.7147462964057922,0.3379908800125122,0.6709973216056824,0.2989131510257721,0.6595553755760193,0.4290088713169098,0.5740117430686951,0.3995107412338257,0.4639035165309906,0.38205525279045105,0.397296667098999,0.3690740466117859,0.3453003168106079,0.4653596878051758,0.5602048635482788,0.4730954170227051,0.433472216129303,0.47814491391181946,0.35530781745910645,0.4834919273853302,0.29616791009902954,0.49857282638549805,0.577097475528717,0.5281453132629395,0.4722476005554199,0.5457930564880371,0.4039153754711151,0.558903694152832,0.35157567262649536,0.526365339756012,0.6120198369026184,0.563347578048706,0.5557434558868408,0.5862461924552917,0.5195533037185669,0.605907678604126,0.48612290620803833,paper,02038,C:/Users/Javier/PIDS_HandPose/work/HAR_mediapipe/data/gestos_pids/train//paper/paper_02038.jpg
0.45826151967048645,0.8563336730003357,0.4060062766075134,0.8112939596176147,0.3621528446674347,0.7491083741188049,0.31978392601013184,0.7004112601280212,0.28123313188552856,0.6894615888595581,0.4084523320198059,0.6120930910110474,0.38035261631011963,0.4941796064376831,0.3616604804992676,0.4251444935798645,0.3471524715423584,0.370161771774292,0.44537580013275146,0.60244220495224,0.45615291595458984,0.4703725576400757,0.4630691409111023,0.38955628871917725,0.46873241662979126,0.32715657353401184,0.4794791638851166,0.6194193959236145,0.509957492351532,0.5091389417648315,0.529795229434967,0.4406789243221283,0.544322669506073,0.38777875900268555,0.5091161131858826,0.6518470048904419,0.5456196665763855,0.5818003416061401,0.5681828260421753,0.5404306054115295,0.5865600109100342,0.5029757618904114,paper,02039,C:/Users/Javier/PIDS_HandPose/work/HAR_mediapipe/data/gestos_pids/train//paper/paper_02039.jpg
0.47384393215179443,0.86684650182724,0.41974931955337524,0.8192601203918457,0.3786400556564331,0.7535441517829895,0.341290146112442,0.6982530951499939,0.30371782183647156,0.6799378395080566,0.4266733229160309,0.6204835176467896,0.43325936794281006,0.4868606925010681,0.44098377227783203,0.4143480658531189,0.44789716601371765,0.35745999217033386,0.46376603841781616,0.6184320449829102,0.46497416496276855,0.47402113676071167,0.46949124336242676,0.39502352476119995,0.4743540585041046,0.3340124785900116,0.4967593550682068,0.6337941884994507,0.4954737424850464,0.5022063851356506,0.49907180666923523,0.42637020349502563,0.4999461770057678,0.3702704608440399,0.5276145339012146,0.6579333543777466,0.5256813168525696,0.5559975504875183,0.5242981314659119,0.49524790048599243,0.520919919013977,0.4404425024986267,paper,02040,C:/Users/Javier/PIDS_HandPose/work/HAR_mediapipe/data/gestos_pids/train//paper/paper_02040.jpg
0.47846001386642456,0.8979709148406982,0.5349152684211731,0.8303781151771545,0.5681983232498169,0.7240738272666931,0.5853038430213928,0.6432401537895203,0.6028754711151123,0.6014151573181152,0.5116038918495178,0.5672580003738403,0.5037820339202881,0.44556233286857605,0.49697205424308777,0.3761211633682251,0.48922666907310486,0.3113691806793213,0.48025453090667725,0.5687319040298462,0.47396528720855713,0.4271482825279236,0.4683823883533478,0.34721648693084717,0.4601932168006897,0.2785750925540924,0.45352861285209656,0.5917083621025085,0.4463039040565491,0.45977652072906494,0.4422682821750641,0.3847450017929077,0.43548884987831116,0.3189065456390381,0.42658671736717224,0.6342654824256897,0.42192327976226807,0.5288849472999573,0.4186246991157532,0.4638625681400299,0.41341254115104675,0.40494397282600403,paper,02041,C:/Users/Javier/PIDS_HandPose/work/HAR_mediapipe/data/gestos_pids/train//paper/paper_02041.jpg
0.49712416529655457,0.8916840553283691,0.5514742136001587,0.8262407779693604,0.5842548608779907,0.7206842303276062,0.6002916693687439,0.6413048505783081,0.6160580515861511,0.5927243828773499,0.5335650444030762,0.5771610736846924,0.5260192155838013,0.45364388823509216,0.5190879106521606,0.3838985562324524,0.5109485387802124,0.3199821710586548,0.5027531981468201,0.5787252187728882,0.4973870515823364,0.43886852264404297,0.49108660221099854,0.35860341787338257,0.48229917883872986,0.2907552719116211,0.4758623540401459,0.6031068563461304,0.4702019691467285,0.47222957015037537,0.4663812816143036,0.3962063193321228,0.46052488684654236,0.3319040536880493,0.44887107610702515,0.6453534364700317,0.4431694746017456,0.541932225227356,0.4410940706729889,0.47587859630584717,0.4384096562862396,0.4171295166015625,paper,02042,C:/Users/Javier/PIDS_HandPose/work/HAR_mediapipe/data/gestos_pids/train//paper/paper_02042.jpg
0.45614394545555115,0.9300161600112915,0.5192244648933411,0.8609863519668579,0.5606744289398193,0.7452400922775269,0.5847088098526001,0.6565574407577515,0.6038349270820618,0.6023705005645752,0.497955322265625,0.5873327255249023,0.4894596338272095,0.4583111107349396,0.4834010899066925,0.38151785731315613,0.47565269470214844,0.3126506209373474,0.461957186460495,0.5911432504653931,0.45599550008773804,0.4452517628669739,0.4509272277355194,0.3572147488594055,0.44372737407684326,0.2820911705493927,0.4310595989227295,0.6195691823959351,0.4265183210372925,0.48223623633384705,0.4235077500343323,0.398756206035614,0.4192653000354767,0.3258756399154663,0.4003489911556244,0.6669968366622925,0.3953740894794464,0.5586102604866028,0.3925324082374573,0.4877948760986328,0.38948124647140503,0.4231809973716736,paper,02043,C:/Users/Javier/PIDS_HandPose/work/HAR_mediapipe/data/gestos_pids/train//paper/paper_02043.jpg
0.5189952254295349,0.893457293510437,0.5859495401382446,0.8266160488128662,0.6315926313400269,0.7127489447593689,0.657707154750824,0.6285751461982727,0.675227701663971,0.5649930238723755,0.5736222863197327,0.5471718311309814,0.5697535276412964,0.4086534082889557,0.5651906132698059,0.32910996675491333,0.5584960579872131,0.2559681534767151,0.5394722819328308,0.5489168167114258,0.5357130169868469,0.39683961868286133,0.5323438048362732,0.3033437132835388,0.5274217128753662,0.22226089239120483,0.5075644254684448,0.5767217874526978,0.504524290561676,0.43069034814834595,0.5018439888954163,0.3420705497264862,0.4981272220611572,0.2647034525871277,0.47607919573783875,0.6229089498519897,0.47142356634140015,0.5068730711936951,0.47010818123817444,0.4323514997959137,0.46906620264053345,0.36347970366477966,paper,02044,C:/Users/Javier/PIDS_HandPose/work/HAR_mediapipe/data/gestos_pids/train//paper/paper_02044.jpg
0.4750303030014038,0.9380359649658203,0.5501894950866699,0.8551934957504272,0.593392550945282,0.7269353866577148,0.6173542141914368,0.6226515769958496,0.64113450050354,0.5495381355285645,0.528965175151825,0.5587183833122253,0.5226749777793884,0.41463804244995117,0.5142143368721008,0.33426329493522644,0.5031291246414185,0.25764328241348267,0.49047112464904785,0.5654142498970032,0.4846591353416443,0.40907174348831177,0.4778062701225281,0.311919629573822,0.4695163071155548,0.2253989577293396,0.45581141114234924,0.5991098284721375,0.45049577951431274,0.45130467414855957,0.4443003833293915,0.35987401008605957,0.43764054775238037,0.2779492437839508,0.42234522104263306,0.6516050100326538,0.4153584837913513,0.5320638418197632,0.41236692667007446,0.4555583596229553,0.4096051752567291,0.38460850715637207,paper,02045,C:/Users/Javier/PIDS_HandPose/work/HAR_mediapipe/data/gestos_pids/train//paper/paper_02045.jpg
0.5089983344078064,1.0190801620483398,0.5861716270446777,0.9416220188140869,0.6359122395515442,0.8171732425689697,0.6655081510543823,0.7118222117424011,0.6880612969398499,0.631977379322052,0.57001793384552,0.6379457712173462,0.5661439895629883,0.48055052757263184,0.5619968175888062,0.3878559172153473,0.5555117726325989,0.3049200773239136,0.5280712842941284,0.6389238834381104,0.5267757773399353,0.4698335826396942,0.5235324501991272,0.36335229873657227,0.5181119441986084,0.27386346459388733,0.48842865228652954,0.6678268909454346,0.4885209798812866,0.506546139717102,0.4883742332458496,0.4053964614868164,0.4875681698322296,0.31806761026382446,0.4478556215763092,0.7183672189712524,0.444339394569397,0.5866773724555969,0.4445345997810364,0.5028352737426758,0.4450259804725647,0.4266014099121094,paper,02046,C:/Users/Javier/PIDS_HandPose/work/HAR_mediapipe/data/gestos_pids/train//paper/paper_02046.jpg
0.48569291830062866,0.856613278388977,0.556266725063324,0.7963210940361023,0.6066404581069946,0.6943822503089905,0.6360032558441162,0.6036067605018616,0.6614226698875427,0.5366735458374023,0.5556487441062927,0.535491406917572,0.5585983395576477,0.4030282199382782,0.555499792098999,0.32848501205444336,0.5493363738059998,0.2575100362300873,0.5202013254165649,0.5319720506668091,0.5235035419464111,0.38693374395370483,0.523326575756073,0.2976309359073639,0.5210645198822021,0.2177395522594452,0.4867580235004425,0.5524385571479797,0.4901268482208252,0.4139266014099121,0.490347683429718,0.3300558924674988,0.4889683425426483,0.25570181012153625,0.45342501997947693,0.5895717144012451,0.45335984230041504,0.47958076000213623,0.45473894476890564,0.41103866696357727,0.4555128514766693,0.34778881072998047,paper,02047,C:/Users/Javier/PIDS_HandPose/work/HAR_mediapipe/data/gestos_pids/train//paper/paper_02047.jpg
0.4638303220272064,0.776027262210846,0.5281444191932678,0.7458972930908203,0.5763038396835327,0.6564543843269348,0.6038891077041626,0.5780799388885498,0.6194058656692505,0.5230751037597656,0.5360487699508667,0.5099629163742065,0.5402474403381348,0.39612773060798645,0.5390147566795349,0.3312993049621582,0.5349555015563965,0.27098336815834045,0.5061510801315308,0.503600001335144,0.5113368034362793,0.3778700828552246,0.5135715007781982,0.3010717034339905,0.513916552066803,0.23388317227363586,0.4775363802909851,0.5185037851333618,0.4818263053894043,0.3991510272026062,0.4845485985279083,0.32619574666023254,0.4855848550796509,0.26329755783081055,0.447513222694397,0.5471887588500977,0.4510672688484192,0.45213449001312256,0.45397618412971497,0.3913344740867615,0.457651287317276,0.3347315788269043,paper,02048,C:/Users/Javier/PIDS_HandPose/work/HAR_mediapipe/data/gestos_pids/train//paper/paper_02048.jpg
0.861962080001831,0.9657186269760132,0.7848723530769348,0.8832165598869324,0.7269987463951111,0.738425076007843,0.6873430609703064,0.6291760802268982,0.6400500535964966,0.5793157815933228,0.7951746582984924,0.5648751854896545,0.7839267253875732,0.3965796232223511,0.783130407333374,0.29858094453811646,0.7838514447212219,0.21142473816871643,0.8468426465988159,0.5520945191383362,0.8399690389633179,0.36808037757873535,0.8385852575302124,0.2570973336696625,0.8396105170249939,0.1603696048259735,0.8962762951850891,0.5714305639266968,0.8920773863792419,0.4048160910606384,0.8867300152778625,0.3030170798301697,0.8810871243476868,0.2133757472038269,0.946872353553772,0.618705153465271,0.9491204023361206,0.48242220282554626,0.9456885457038879,0.3975013494491577,0.9397045969963074,0.31907016038894653,paper,02049,C:/Users/Javier/PIDS_HandPose/work/HAR_mediapipe/data/gestos_pids/train//paper/paper_02049.jpg
0.947323203086853,0.9249086976051331,0.8804707527160645,0.8724160194396973,0.8424376249313354,0.7486685514450073,0.8313770294189453,0.6215183138847351,0.810295820236206,0.5108994245529175,0.8860414028167725,0.5587534308433533,0.8929775357246399,0.3793029487133026,0.9012219905853271,0.264957070350647,0.9099848866462708,0.16636565327644348,0.9353260397911072,0.5397688150405884,0.9445133209228516,0.3447408676147461,0.9517754912376404,0.21731096506118774,0.9581606388092041,0.10520979762077332,0.9779977202415466,0.549450695514679,0.9867992997169495,0.3717857301235199,0.9930040240287781,0.2584158182144165,0.9964534044265747,0.16190645098686218,1.0162893533706665,0.5799926519393921,1.0300734043121338,0.4373667240142822,1.0384728908538818,0.3469979465007782,1.044972538948059,0.2675270736217499,paper,02050,C:/Users/Javier/PIDS_HandPose/work/HAR_mediapipe/data/gestos_pids/train//paper/paper_02050.jpg
0.8016649484634399,0.8775014877319336,0.7336609363555908,0.8527505397796631,0.665224015712738,0.8016191124916077,0.5996103286743164,0.7784390449523926,0.5408569574356079,0.7819352149963379,0.7180084586143494,0.5819685459136963,0.6723372936248779,0.4502435028553009,0.6413164734840393,0.36698395013809204,0.6174613833427429,0.2999987006187439,0.7740253806114197,0.5460700988769531,0.7661441564559937,0.3827090859413147,0.7683740854263306,0.27724209427833557,0.7689440846443176,0.190177321434021,0.8279703855514526,0.5618504881858826,0.846220076084137,0.4173980951309204,0.861404299736023,0.3227829337120056,0.8702639937400818,0.23450550436973572,0.8776025772094727,0.6131829619407654,0.928092360496521,0.5261555910110474,0.9626330137252808,0.47220057249069214,0.9854126572608948,0.4142926335334778,paper,02051,C:/Users/Javier/PIDS_HandPose/work/HAR_mediapipe/data/gestos_pids/train//paper/paper_02051.jpg
0.8336701393127441,0.9162335395812988,0.758411705493927,0.8636757135391235,0.7134178876876831,0.7452775239944458,0.6998799443244934,0.6330575942993164,0.6763206720352173,0.5447843074798584,0.7544518709182739,0.5861262083053589,0.7421510219573975,0.42055177688598633,0.7402172684669495,0.32507914304733276,0.740687906742096,0.2392764389514923,0.8018189668655396,0.569943368434906,0.7917907238006592,0.3863755464553833,0.7868320345878601,0.2746092975139618,0.7828012704849243,0.17471981048583984,0.8468360304832458,0.5814902186393738,0.837520956993103,0.4157918691635132,0.8274920582771301,0.31528764963150024,0.8171494603157043,0.22490990161895752,0.8932223320007324,0.6154709458351135,0.8856854438781738,0.4841691255569458,0.8758898377418518,0.4022938013076782,0.8645062446594238,0.32610946893692017,paper,02052,C:/Users/Javier/PIDS_HandPose/work/HAR_mediapipe/data/gestos_pids/train//paper/paper_02052.jpg
0.8697949647903442,0.9195992350578308,0.794693648815155,0.9004424810409546,0.7191795110702515,0.8469099998474121,0.6516368985176086,0.8120044469833374,0.59236741065979,0.8053898215293884,0.7778490781784058,0.6318774223327637,0.7316634058952332,0.4820621907711029,0.7054167985916138,0.3866782486438751,0.6845754384994507,0.30518820881843567,0.8345210552215576,0.5895016193389893,0.8259154558181763,0.40306466817855835,0.8277900218963623,0.2872658371925354,0.8327720761299133,0.19213217496871948,0.8859987258911133,0.5954248905181885,0.8932235240936279,0.4387570023536682,0.9009190797805786,0.3363865315914154,0.9070620536804199,0.2453111708164215,0.9324910044670105,0.6304035782814026,0.9531978964805603,0.5052989721298218,0.9671974182128906,0.42318016290664673,0.9766371846199036,0.3466346859931946,paper,02053,C:/Users/Javier/PIDS_HandPose/work/HAR_mediapipe/data/gestos_pids/train//paper/paper_02053.jpg
0.89698326587677,0.924613356590271,0.8236442804336548,0.9090374708175659,0.7559473514556885,0.8473230004310608,0.7007321715354919,0.8120995759963989,0.6406004428863525,0.8143982887268066,0.8230223059654236,0.6298391222953796,0.776882529258728,0.47732770442962646,0.748298168182373,0.3776010274887085,0.7252583503723145,0.29296645522117615,0.8853578567504883,0.5878654718399048,0.8823143839836121,0.3996971845626831,0.8843490481376648,0.2798007130622864,0.8872199654579163,0.17947223782539368,0.939304530620575,0.6012119054794312,0.9586955904960632,0.43052423000335693,0.9683910012245178,0.3268328309059143,0.9727374911308289,0.23477718234062195,0.9854141473770142,0.6505574584007263,1.025706171989441,0.5410493016242981,1.0527498722076416,0.48101651668548584,1.0693771839141846,0.4243249297142029,paper,02054,C:/Users/Javier/PIDS_HandPose/work/HAR_mediapipe/data/gestos_pids/train//paper/paper_02054.jpg
0.7762373089790344,0.8550630211830139,0.7018067240715027,0.8407580852508545,0.6310416460037231,0.7990847229957581,0.5694999098777771,0.7697800397872925,0.5159634947776794,0.7658524513244629,0.6787225008010864,0.5766283273696899,0.6353112459182739,0.44440358877182007,0.6101786494255066,0.3556424379348755,0.5905405282974243,0.275088906288147,0.7319710850715637,0.5373941659927368,0.7246625423431396,0.3709450364112854,0.7249562740325928,0.2639007866382599,0.7283269762992859,0.16807731986045837,0.7821453809738159,0.5425661206245422,0.7851364612579346,0.3923552632331848,0.7930159568786621,0.2934566140174866,0.8007822632789612,0.20314782857894897,0.8283267617225647,0.5747057199478149,0.8421098589897156,0.4548259973526001,0.8537362217903137,0.37647515535354614,0.8646670579910278,0.30233219265937805,paper,02055,C:/Users/Javier/PIDS_HandPose/work/HAR_mediapipe/data/gestos_pids/train//paper/paper_02055.jpg
0.6393848657608032,0.8963361978530884,0.5677129030227661,0.8987958431243896,0.4941512644290924,0.8727890253067017,0.4340972900390625,0.8581331968307495,0.381486177444458,0.8629451990127563,0.5235186219215393,0.6598762273788452,0.4751133620738983,0.537731409072876,0.44720619916915894,0.45662760734558105,0.4240312874317169,0.3841518461704254,0.5703146457672119,0.6164143085479736,0.5524439811706543,0.45171308517456055,0.5485988855361938,0.34674298763275146,0.5499035120010376,0.2542200982570648,0.617287814617157,0.6155391931533813,0.6153151988983154,0.46258461475372314,0.6180866360664368,0.36204415559768677,0.621664822101593,0.2736766040325165,0.6628550291061401,0.6408226490020752,0.6705315113067627,0.5208620429039001,0.6765051484107971,0.44176435470581055,0.6821786761283875,0.36765149235725403,paper,02056,C:/Users/Javier/PIDS_HandPose/work/HAR_mediapipe/data/gestos_pids/train//paper/paper_02056.jpg
0.6065182089805603,0.9153156280517578,0.5429968237876892,0.9106740355491638,0.47601258754730225,0.8838649392127991,0.4169970750808716,0.8734070062637329,0.3686915934085846,0.8754785060882568,0.496642529964447,0.6860475540161133,0.45390796661376953,0.5739179849624634,0.4303128123283386,0.49988996982574463,0.41178327798843384,0.43287432193756104,0.541328489780426,0.6482706665992737,0.5275545120239258,0.5073003172874451,0.5237286686897278,0.41583389043807983,0.5244562029838562,0.3348449766635895,0.5842546820640564,0.650751531124115,0.5832265615463257,0.5176219940185547,0.585677444934845,0.42767226696014404,0.5889808535575867,0.34696871042251587,0.6243346333503723,0.6767602562904358,0.6285074353218079,0.5717066526412964,0.6316810250282288,0.5023506879806519,0.6347812414169312,0.43623167276382446,paper,02057,C:/Users/Javier/PIDS_HandPose/work/HAR_mediapipe/data/gestos_pids/train//paper/paper_02057.jpg
0.6185595989227295,0.7690649628639221,0.553923487663269,0.7616715431213379,0.4901677370071411,0.726970374584198,0.43510299921035767,0.7024362683296204,0.38873112201690674,0.6977757215499878,0.5201441049575806,0.5357491970062256,0.48457080125808716,0.4293800890445709,0.4634522795677185,0.36238083243370056,0.44663602113723755,0.29969510436058044,0.5612307190895081,0.5031823515892029,0.5521590709686279,0.36921101808547974,0.5499544739723206,0.2838990092277527,0.5508124232292175,0.20975330471992493,0.6010854244232178,0.5058399438858032,0.6026269793510437,0.3806496262550354,0.6064034700393677,0.29742634296417236,0.6099880337715149,0.2264806032180786,0.638713002204895,0.5284780859947205,0.6449288129806519,0.4266491234302521,0.6502534747123718,0.35917019844055176,0.6547773480415344,0.2977803349494934,paper,02058,C:/Users/Javier/PIDS_HandPose/work/HAR_mediapipe/data/gestos_pids/train//paper/paper_02058.jpg
0.5183811783790588,0.7160760760307312,0.4567538797855377,0.7067960500717163,0.3987380266189575,0.667153000831604,0.34777477383613586,0.6371791362762451,0.30336567759513855,0.6268683671951294,0.4252984821796417,0.4896526634693146,0.39229482412338257,0.3876591920852661,0.37495094537734985,0.3224855959415436,0.36213427782058716,0.2623938322067261,0.46431589126586914,0.4620797336101532,0.4601404368877411,0.3336225748062134,0.46039313077926636,0.24966196715831757,0.4623695909976959,0.17561250925064087,0.501831591129303,0.4684349000453949,0.5048754215240479,0.3482578694820404,0.5089547634124756,0.2661592364311218,0.5123289823532104,0.19506636261940002,0.5374109148979187,0.4944072365760803,0.5450514554977417,0.3969845473766327,0.5498194098472595,0.3328191637992859,0.5531806945800781,0.27284443378448486,paper,02059,C:/Users/Javier/PIDS_HandPose/work/HAR_mediapipe/data/gestos_pids/train//paper/paper_02059.jpg
0.4887944459915161,0.7381290793418884,0.43099460005760193,0.7271298766136169,0.37982678413391113,0.676307201385498,0.34122103452682495,0.628184974193573,0.3057085871696472,0.5970979928970337,0.4061451852321625,0.5175178050994873,0.3770933151245117,0.41657331585884094,0.3606630265712738,0.3506788909435272,0.3485608696937561,0.29065537452697754,0.4437333941459656,0.4950461983680725,0.43954432010650635,0.3671039640903473,0.4385184049606323,0.28500351309776306,0.4382084608078003,0.2148028314113617,0.4793502688407898,0.5051398277282715,0.4868841767311096,0.38543063402175903,0.4914013743400574,0.30513423681259155,0.49446263909339905,0.23808324337005615,0.5119563937187195,0.5346106290817261,0.5226007699966431,0.4396543800830841,0.5278399586677551,0.37557631731033325,0.5314537286758423,0.3178063631057739,paper,02060,C:/Users/Javier/PIDS_HandPose/work/HAR_mediapipe/data/gestos_pids/train//paper/paper_02060.jpg
0.4290471076965332,0.6718677878379822,0.3772222101688385,0.6587779521942139,0.3310859501361847,0.597972571849823,0.3008471131324768,0.546058177947998,0.2710787057876587,0.5159423351287842,0.35686901211738586,0.450690895318985,0.3349657356739044,0.35718291997909546,0.3236325979232788,0.2968235909938812,0.31574997305870056,0.24061620235443115,0.38947129249572754,0.4316583573818207,0.3880608379840851,0.3192453384399414,0.3869839310646057,0.24506503343582153,0.38710251450538635,0.1805369257926941,0.4183877110481262,0.4416649639606476,0.42902567982673645,0.338336318731308,0.43518564105033875,0.26623937487602234,0.43937212228775024,0.20444688200950623,0.44385936856269836,0.46942535042762756,0.4564283490180969,0.3870089650154114,0.46254676580429077,0.3277951180934906,0.466619074344635,0.2721255421638489,paper,02061,C:/Users/Javier/PIDS_HandPose/work/HAR_mediapipe/data/gestos_pids/train//paper/paper_02061.jpg
0.2777252495288849,0.791559636592865,0.21356406807899475,0.78704833984375,0.1583693027496338,0.7244614362716675,0.1255352795124054,0.668133020401001,0.09444703161716461,0.6354917287826538,0.1777254045009613,0.5479602813720703,0.15202710032463074,0.44172871112823486,0.1373983919620514,0.3709094524383545,0.12543617188930511,0.30637478828430176,0.21541504561901093,0.5226678252220154,0.2116469442844391,0.39260753989219666,0.2063836008310318,0.3034067153930664,0.20226076245307922,0.22815737128257751,0.2501407265663147,0.5292025208473206,0.25512823462486267,0.4036133587360382,0.255277156829834,0.3165169954299927,0.2541698217391968,0.2448684275150299,0.28135332465171814,0.5562321543693542,0.2897742986679077,0.455348402261734,0.29252028465270996,0.384126752614975,0.2932996451854706,0.3200675845146179,paper,02062,C:/Users/Javier/PIDS_HandPose/work/HAR_mediapipe/data/gestos_pids/train//paper/paper_02062.jpg
0.29703885316848755,0.896939754486084,0.2218320071697235,0.9007827043533325,0.15348292887210846,0.8292289972305298,0.10707645118236542,0.7669569253921509,0.06239907443523407,0.7336010932922363,0.16565272212028503,0.6281067728996277,0.1289862096309662,0.5034558773040771,0.10879326611757278,0.4206504225730896,0.0928017795085907,0.34485137462615967,0.210831418633461,0.594376802444458,0.19791296124458313,0.44221407175064087,0.1875980645418167,0.33867937326431274,0.17830006778240204,0.24927586317062378,0.25409191846847534,0.5996209383010864,0.253146767616272,0.4543100595474243,0.24765366315841675,0.35292965173721313,0.24049605429172516,0.2672402858734131,0.29322490096092224,0.6298900246620178,0.29758211970329285,0.513329803943634,0.29786160588264465,0.4312591552734375,0.295882910490036,0.35605984926223755,paper,02063,C:/Users/Javier/PIDS_HandPose/work/HAR_mediapipe/data/gestos_pids/train//paper/paper_02063.jpg
0.4356223940849304,0.9183443784713745,0.34953638911247253,0.9131811857223511,0.2752740979194641,0.846224308013916,0.22257103025913239,0.7773900628089905,0.17075610160827637,0.7348560094833374,0.30346035957336426,0.6356095671653748,0.2578822672367096,0.49309730529785156,0.23452691733837128,0.40160658955574036,0.21708720922470093,0.31313350796699524,0.357931524515152,0.5982133150100708,0.3398865759372711,0.42752426862716675,0.3309539556503296,0.31540170311927795,0.3243089020252228,0.20852649211883545,0.4078305959701538,0.6043224334716797,0.4045182168483734,0.44584983587265015,0.40209129452705383,0.32919174432754517,0.39838922023773193,0.22783303260803223,0.4537374973297119,0.6326725482940674,0.4548282027244568,0.5018298625946045,0.45403963327407837,0.40910616517066956,0.45217689871788025,0.3234213888645172,paper,02064,C:/Users/Javier/PIDS_HandPose/work/HAR_mediapipe/data/gestos_pids/train//paper/paper_02064.jpg
0.5822450518608093,0.9074035882949829,0.4954338073730469,0.8853262662887573,0.41967639327049255,0.8101038336753845,0.36249440908432007,0.7364860773086548,0.3044161796569824,0.6905207633972168,0.4661250710487366,0.5971388220787048,0.4203779101371765,0.43572986125946045,0.3970721364021301,0.33399009704589844,0.38025230169296265,0.2410915195941925,0.5212506651878357,0.5635569095611572,0.5064685940742493,0.380243182182312,0.502843976020813,0.26292264461517334,0.5048908591270447,0.15571537613868713,0.5729078054428101,0.5695884227752686,0.5714027285575867,0.40149664878845215,0.5762528777122498,0.2870323657989502,0.5817399621009827,0.18582570552825928,0.6227556467056274,0.6001547574996948,0.6272588968276978,0.46465227007865906,0.6316447854042053,0.37402960658073425,0.6353172063827515,0.2890126407146454,paper,02065,C:/Users/Javier/PIDS_HandPose/work/HAR_mediapipe/data/gestos_pids/train//paper/paper_02065.jpg
0.6700786352157593,0.9164978265762329,0.5874183773994446,0.8961049318313599,0.5120236277580261,0.818397045135498,0.45203182101249695,0.7425310611724854,0.39738571643829346,0.6952031254768372,0.5561227798461914,0.6087231636047363,0.5165098905563354,0.44694069027900696,0.49809446930885315,0.34110507369041443,0.48633190989494324,0.24387726187705994,0.6138894557952881,0.5731549859046936,0.6084557771682739,0.3876504898071289,0.6102403402328491,0.2683826684951782,0.6160050630569458,0.15971067547798157,0.6668076515197754,0.5780503749847412,0.6732400059700012,0.4155727028846741,0.6793009638786316,0.30220726132392883,0.6848514676094055,0.2025376856327057,0.7166707515716553,0.6100021600723267,0.7259994745254517,0.47688230872154236,0.7326174378395081,0.3843021094799042,0.7379946112632751,0.2972870469093323,paper,02066,C:/Users/Javier/PIDS_HandPose/work/HAR_mediapipe/data/gestos_pids/train//paper/paper_02066.jpg
0.6772994995117188,0.9376308917999268,0.5949952602386475,0.9225488901138306,0.5177037715911865,0.8515458106994629,0.45587360858917236,0.7795683145523071,0.40067142248153687,0.7326314449310303,0.5596979856491089,0.632194459438324,0.5194854736328125,0.47055739164352417,0.5002716779708862,0.36641496419906616,0.4879772365093231,0.27135440707206726,0.6163462400436401,0.5930807590484619,0.6076814532279968,0.40571171045303345,0.6093406677246094,0.28581568598747253,0.617340087890625,0.17639762163162231,0.6683259010314941,0.5990208387374878,0.6730573177337646,0.4352676570415497,0.6806344985961914,0.32143405079841614,0.68976229429245,0.22127485275268555,0.7175837755203247,0.6315149664878845,0.72542405128479,0.4970089793205261,0.7317131161689758,0.40367594361305237,0.7388018369674683,0.3157738149166107,paper,02067,C:/Users/Javier/PIDS_HandPose/work/HAR_mediapipe/data/gestos_pids/train//paper/paper_02067.jpg
0.6743490695953369,0.8615343570709229,0.5953062176704407,0.8444532752037048,0.5230075120925903,0.7726864814758301,0.4691396951675415,0.7057787179946899,0.4171212911605835,0.6587540507316589,0.5679609179496765,0.5574217438697815,0.5341925024986267,0.4059031903743744,0.5168414115905762,0.3116728663444519,0.5039278864860535,0.22388237714767456,0.6212515830993652,0.5256239771842957,0.6132574081420898,0.3507510721683502,0.6149078607559204,0.2394982874393463,0.620020866394043,0.13767895102500916,0.6703924536705017,0.53497314453125,0.6732630729675293,0.3755936026573181,0.6798685193061829,0.26642072200775146,0.686545729637146,0.17160850763320923,0.7171406149864197,0.567278265953064,0.7217426896095276,0.43558454513549805,0.7253811955451965,0.34621575474739075,0.7292598485946655,0.2647121250629425,paper,02068,C:/Users/Javier/PIDS_HandPose/work/HAR_mediapipe/data/gestos_pids/train//paper/paper_02068.jpg
0.6722761988639832,0.8398492336273193,0.5933905243873596,0.8357104063034058,0.5155496597290039,0.7964297533035278,0.45422205328941345,0.772167444229126,0.39764025807380676,0.7722859382629395,0.5553831458091736,0.5744613409042358,0.5134232044219971,0.43830788135528564,0.4912809729576111,0.34900763630867004,0.47423431277275085,0.26430201530456543,0.6084883809089661,0.5340893268585205,0.5986688733100891,0.36659374833106995,0.5983977913856506,0.25617843866348267,0.6021139621734619,0.1562705934047699,0.6597801446914673,0.5375168919563293,0.6642952561378479,0.3794930875301361,0.6738875508308411,0.27129846811294556,0.6838316917419434,0.1758286952972412,0.7088412642478943,0.5659824013710022,0.7343581914901733,0.4449799954891205,0.7561975717544556,0.36709946393966675,0.7751877307891846,0.2931417226791382,paper,02069,C:/Users/Javier/PIDS_HandPose/work/HAR_mediapipe/data/gestos_pids/train//paper/paper_02069.jpg
0.6990079283714294,0.7954474687576294,0.621160089969635,0.7809736728668213,0.5459011793136597,0.7211265563964844,0.4832931160926819,0.6704548597335815,0.4276498556137085,0.6421923637390137,0.5919578671455383,0.5078755617141724,0.5453583598136902,0.36396750807762146,0.5189999938011169,0.2716193199157715,0.4991413354873657,0.18518978357315063,0.6441437602043152,0.46846920251846313,0.6308680176734924,0.29195088148117065,0.6274018883705139,0.17772340774536133,0.6291748881340027,0.0763627290725708,0.6934096813201904,0.4721158444881439,0.6987330913543701,0.3060458302497864,0.7058323621749878,0.19191259145736694,0.7138446569442749,0.09377485513687134,0.739900529384613,0.5013045072555542,0.7547625303268433,0.369762659072876,0.7677481770515442,0.28000789880752563,0.7793641090393066,0.1969941258430481,paper,02070,C:/Users/Javier/PIDS_HandPose/work/HAR_mediapipe/data/gestos_pids/train//paper/paper_02070.jpg
0.300683856010437,0.6961726546287537,0.3564605712890625,0.6796361207962036,0.4061600863933563,0.6342957019805908,0.4427710771560669,0.59005206823349,0.47082868218421936,0.5579220652580261,0.3732413649559021,0.49841251969337463,0.3968009948730469,0.4112114906311035,0.40828680992126465,0.35199928283691406,0.4171498715877533,0.29744499921798706,0.34223049879074097,0.47864237427711487,0.3526095449924469,0.3750012218952179,0.3599679470062256,0.30623215436935425,0.36313024163246155,0.24862819910049438,0.31016847491264343,0.4872407913208008,0.3093927502632141,0.3911934196949005,0.30905425548553467,0.3307744264602661,0.3083885908126831,0.2794639468193054,0.27929946780204773,0.515337347984314,0.2651371955871582,0.44873204827308655,0.25717031955718994,0.40153729915618896,0.25256481766700745,0.3566315174102783,paper,03001,C:/Users/Javier/PIDS_HandPose/work/HAR_mediapipe/data/gestos_pids/train//paper/paper_03001.jpg
0.4129124879837036,0.660775899887085,0.46834006905555725,0.6556316018104553,0.5250024199485779,0.6180026531219482,0.5652859807014465,0.5830013751983643,0.5952621698379517,0.5563794374465942,0.49620264768600464,0.4826722741127014,0.5221501588821411,0.3974427282810211,0.5367669463157654,0.33997324109077454,0.548241138458252,0.28928348422050476,0.46496057510375977,0.4567750096321106,0.48058781027793884,0.3548881411552429,0.49190038442611694,0.287955641746521,0.4985176920890808,0.23216602206230164,0.4325047731399536,0.457767128944397,0.43665874004364014,0.3625794053077698,0.441211462020874,0.3012388348579407,0.4447384178638458,0.24942654371261597,0.401485413312912,0.4794248640537262,0.39009490609169006,0.4112130403518677,0.38478872179985046,0.36192816495895386,0.3829011917114258,0.3165673315525055,paper,03002,C:/Users/Javier/PIDS_HandPose/work/HAR_mediapipe/data/gestos_pids/train//paper/paper_03002.jpg
0.35387861728668213,0.6691282987594604,0.4101836383342743,0.658149003982544,0.46214720606803894,0.616222083568573,0.4997096061706543,0.5778952240943909,0.5296995639801025,0.5510155558586121,0.4331028461456299,0.48510441184043884,0.4590376615524292,0.40076255798339844,0.4738825559616089,0.34621405601501465,0.48503240942955017,0.297892689704895,0.403773695230484,0.46175217628479004,0.4194614589214325,0.36348390579223633,0.42977315187454224,0.3000953495502472,0.4366103708744049,0.2455858290195465,0.3718435764312744,0.4645141363143921,0.379133403301239,0.37048953771591187,0.3855210542678833,0.30875343084335327,0.39147862792015076,0.2545364499092102,0.3397347927093506,0.48673826456069946,0.32898595929145813,0.4196363389492035,0.32397472858428955,0.3719494938850403,0.32240965962409973,0.32708004117012024,paper,03003,C:/Users/Javier/PIDS_HandPose/work/HAR_mediapipe/data/gestos_pids/train//paper/paper_03003.jpg
0.3330119252204895,0.6735501885414124,0.3170711398124695,0.5961416959762573,0.3152797818183899,0.5388339757919312,0.31682249903678894,0.49099791049957275,0.3142017722129822,0.45191752910614014,0.33331555128097534,0.47778940200805664,0.3381173312664032,0.3758406937122345,0.34467095136642456,0.3110257387161255,0.35036754608154297,0.26572978496551514,0.3520006239414215,0.48457977175712585,0.36280718445777893,0.36766940355300903,0.37607863545417786,0.3005574345588684,0.38522574305534363,0.2530190646648407,0.37427446246147156,0.5030694007873535,0.3905055522918701,0.40309175848960876,0.40673160552978516,0.3401544690132141,0.41776907444000244,0.29690003395080566,0.39909273386001587,0.5334828495979309,0.429649293422699,0.4768766462802887,0.44897446036338806,0.442465603351593,0.463779091835022,0.4139102101325989,paper,03004,C:/Users/Javier/PIDS_HandPose/work/HAR_mediapipe/data/gestos_pids/train//paper/paper_03004.jpg
0.37794336676597595,0.6977891325950623,0.3394624888896942,0.6490225791931152,0.3100554347038269,0.6065192222595215,0.28535592555999756,0.5708483457565308,0.26182836294174194,0.5467765927314758,0.3527955114841461,0.5080843567848206,0.34207603335380554,0.4169701933860779,0.33813756704330444,0.3638872504234314,0.3365314304828644,0.3217894434928894,0.3822399079799652,0.5021296739578247,0.3833082318305969,0.39788368344306946,0.38523542881011963,0.3360353708267212,0.38739609718322754,0.29268014430999756,0.4076049029827118,0.5187670588493347,0.4165841341018677,0.4262906610965729,0.42391225695610046,0.36963117122650146,0.42811349034309387,0.3285585641860962,0.4298386871814728,0.5497303009033203,0.4523804783821106,0.49647408723831177,0.46620288491249084,0.4629518389701843,0.47545748949050903,0.43430548906326294,paper,03005,C:/Users/Javier/PIDS_HandPose/work/HAR_mediapipe/data/gestos_pids/train//paper/paper_03005.jpg
0.38258296251296997,0.7131230235099792,0.3413730561733246,0.6685546040534973,0.3126048445701599,0.6290051341056824,0.2857265770435333,0.592683732509613,0.26037752628326416,0.571222722530365,0.35065770149230957,0.5286379456520081,0.3384527564048767,0.4359806776046753,0.3331598937511444,0.38063234090805054,0.3305177092552185,0.3367961347103119,0.3800024390220642,0.522000253200531,0.3802865445613861,0.4157327115535736,0.381226122379303,0.35362645983695984,0.38352206349372864,0.3102061450481415,0.4055340588092804,0.5383102893829346,0.41413789987564087,0.447185218334198,0.41998451948165894,0.38946500420570374,0.4227316677570343,0.3481583893299103,0.42689383029937744,0.5677034258842468,0.44782769680023193,0.5122308731079102,0.4601459503173828,0.4772484004497528,0.4682397246360779,0.44812434911727905,paper,03006,C:/Users/Javier/PIDS_HandPose/work/HAR_mediapipe/data/gestos_pids/train//paper/paper_03006.jpg
0.3647623658180237,0.6945481300354004,0.32716885209083557,0.6481013298034668,0.2984374165534973,0.6047883033752441,0.27351659536361694,0.5663139820098877,0.2504867911338806,0.5431351065635681,0.3397263288497925,0.5135890245437622,0.33013591170310974,0.4222926199436188,0.3268999457359314,0.3669337034225464,0.3250553011894226,0.3231026530265808,0.3678208589553833,0.5081856846809387,0.37067610025405884,0.40159910917282104,0.37397539615631104,0.3406025171279907,0.37727493047714233,0.29852283000946045,0.3927259147167206,0.5248307585716248,0.4030483067035675,0.4345581531524658,0.41080665588378906,0.3785402774810791,0.41503313183784485,0.33843907713890076,0.4144470691680908,0.5551625490188599,0.4368322491645813,0.5000737309455872,0.4502260386943817,0.4659721851348877,0.45945581793785095,0.43726131319999695,paper,03007,C:/Users/Javier/PIDS_HandPose/work/HAR_mediapipe/data/gestos_pids/train//paper/paper_03007.jpg
0.7162164449691772,0.6494051814079285,0.7534089088439941,0.5922229290008545,0.7776047587394714,0.5214225053787231,0.7989274859428406,0.4604511857032776,0.820694088935852,0.42386823892593384,0.7475118041038513,0.4399758279323578,0.7565271258354187,0.3289608955383301,0.7614266872406006,0.2690505385398865,0.763636589050293,0.22035622596740723,0.7195745706558228,0.43657633662223816,0.7192935347557068,0.32097047567367554,0.7167345285415649,0.2513327896595001,0.7127252221107483,0.19877292215824127,0.6907756328582764,0.448831707239151,0.6834352016448975,0.3467630445957184,0.6800588369369507,0.28434810042381287,0.6771084666252136,0.23711104691028595,0.6630264520645142,0.4734989404678345,0.6454642415046692,0.398155152797699,0.6374045610427856,0.3538320064544678,0.630975604057312,0.31623849272727966,paper,03008,C:/Users/Javier/PIDS_HandPose/work/HAR_mediapipe/data/gestos_pids/train//paper/paper_03008.jpg
0.6464166045188904,0.5967727899551392,0.6000528931617737,0.6002216339111328,0.5579543709754944,0.5696954727172852,0.5290533900260925,0.5383203029632568,0.5049035549163818,0.5291408896446228,0.5647450089454651,0.4563404619693756,0.542487382888794,0.39505648612976074,0.5289907455444336,0.35775503516197205,0.516200065612793,0.32564663887023926,0.58849036693573,0.429477721452713,0.5705471038818359,0.3556123673915863,0.5577320456504822,0.3093886077404022,0.5466930866241455,0.27201730012893677,0.6142282485961914,0.4217209815979004,0.6043652892112732,0.34776821732521057,0.5951552987098694,0.3030381202697754,0.5855284929275513,0.26661181449890137,0.6409863829612732,0.4268321692943573,0.6391793489456177,0.3626028597354889,0.6345890164375305,0.32199156284332275,0.6277577877044678,0.2860867977142334,paper,03009,C:/Users/Javier/PIDS_HandPose/work/HAR_mediapipe/data/gestos_pids/train//paper/paper_03009.jpg
0.6445521712303162,0.5992840528488159,0.5945114493370056,0.6056459546089172,0.5459926724433899,0.5931227803230286,0.507208526134491,0.592948853969574,0.47654783725738525,0.6067748069763184,0.548082172870636,0.45548900961875916,0.5170855522155762,0.39041024446487427,0.49909505248069763,0.34958019852638245,0.4834136664867401,0.31523653864860535,0.5728654265403748,0.4229186177253723,0.5475407242774963,0.3424162268638611,0.5312029719352722,0.29257580637931824,0.5172126293182373,0.25111520290374756,0.6020050644874573,0.41032761335372925,0.5833302736282349,0.3298744857311249,0.5701071619987488,0.28334638476371765,0.5566564798355103,0.2434820830821991,0.6333892941474915,0.4124768376350403,0.6305301785469055,0.34346145391464233,0.6253775358200073,0.2995108962059021,0.6173564791679382,0.2603527903556824,paper,03010,C:/Users/Javier/PIDS_HandPose/work/HAR_mediapipe/data/gestos_pids/train//paper/paper_03010.jpg
0.6479410529136658,0.6102955341339111,0.5968025922775269,0.617633581161499,0.5450802445411682,0.6035316586494446,0.502856433391571,0.597752034664154,0.469745397567749,0.6084233522415161,0.5470914840698242,0.4642866253852844,0.5141357183456421,0.398021936416626,0.4942612648010254,0.3569502830505371,0.476948618888855,0.3216504454612732,0.5715259909629822,0.429865300655365,0.5445740222930908,0.3462234139442444,0.5279055237770081,0.2956889867782593,0.5140753984451294,0.25531792640686035,0.6007001399993896,0.41660255193710327,0.5836085081100464,0.33345526456832886,0.5708385705947876,0.28102612495422363,0.5588024258613586,0.23771996796131134,0.6313653588294983,0.4188615679740906,0.6305810809135437,0.3441859185695648,0.6286194920539856,0.29385995864868164,0.6241165399551392,0.24790583550930023,paper,03011,C:/Users/Javier/PIDS_HandPose/work/HAR_mediapipe/data/gestos_pids/train//paper/paper_03011.jpg
0.6338720917701721,0.5990038514137268,0.5849133729934692,0.6029157042503357,0.5385956764221191,0.5844573378562927,0.4998471140861511,0.5746269226074219,0.4693523049354553,0.5784026384353638,0.5462282299995422,0.44530028104782104,0.5179831981658936,0.37582695484161377,0.500767171382904,0.3303450345993042,0.48589083552360535,0.29242265224456787,0.5714481472969055,0.4165302515029907,0.5517114400863647,0.3291627764701843,0.5356869101524353,0.271737664937973,0.5214753150939941,0.22442767024040222,0.599458634853363,0.40866824984550476,0.586850106716156,0.3202338218688965,0.5749292373657227,0.26527053117752075,0.5624092817306519,0.21990998089313507,0.628136157989502,0.4160363972187042,0.630869448184967,0.3415912687778473,0.6284505724906921,0.2910102605819702,0.6221004128456116,0.2457837164402008,paper,03012,C:/Users/Javier/PIDS_HandPose/work/HAR_mediapipe/data/gestos_pids/train//paper/paper_03012.jpg
0.6369410753250122,0.6253198385238647,0.5868531465530396,0.6298738718032837,0.5353919267654419,0.6168520450592041,0.4923449158668518,0.6111111640930176,0.45899680256843567,0.6206106543540955,0.5375298261642456,0.47524359822273254,0.5041952133178711,0.4075886309146881,0.4836746156215668,0.3643220067024231,0.46560949087142944,0.32798776030540466,0.5610330700874329,0.44087129831314087,0.535818874835968,0.3522144556045532,0.5188952684402466,0.2994491755962372,0.5046392679214478,0.25898808240890503,0.5886322855949402,0.4281519949436188,0.5718887448310852,0.3413994014263153,0.5584140419960022,0.2877395749092102,0.5451244115829468,0.24546881020069122,0.6183381676673889,0.4311234951019287,0.6184404492378235,0.35598134994506836,0.6155611276626587,0.3072587549686432,0.6087893843650818,0.266124963760376,paper,03013,C:/Users/Javier/PIDS_HandPose/work/HAR_mediapipe/data/gestos_pids/train//paper/paper_03013.jpg
0.613784909248352,0.6056487560272217,0.566189169883728,0.6137827038764954,0.5171886086463928,0.5978046655654907,0.4779183864593506,0.5869715213775635,0.4460356831550598,0.5886009335517883,0.5223532915115356,0.46036770939826965,0.4913359582424164,0.39369359612464905,0.4724942445755005,0.3509548604488373,0.4561498165130615,0.31452345848083496,0.5462448596954346,0.429113507270813,0.5235819220542908,0.34377607703208923,0.5059605240821838,0.2891199290752411,0.490583598613739,0.24399083852767944,0.5733444094657898,0.4196467697620392,0.5587154030799866,0.3335212469100952,0.5456676483154297,0.2798408567905426,0.5328983068466187,0.2364056408405304,0.6019935607910156,0.4256152808666229,0.6017000079154968,0.35341283679008484,0.5972617864608765,0.3035426139831543,0.5897208452224731,0.259550005197525,paper,03014,C:/Users/Javier/PIDS_HandPose/work/HAR_mediapipe/data/gestos_pids/train//paper/paper_03014.jpg
0.6232563257217407,0.617128849029541,0.5743308067321777,0.6232784986495972,0.5231145620346069,0.6017336845397949,0.4839232861995697,0.5861904621124268,0.4526611566543579,0.5854265093803406,0.5282255411148071,0.46595707535743713,0.4976038932800293,0.3967653512954712,0.4789007306098938,0.3532329201698303,0.46235018968582153,0.31606560945510864,0.552824079990387,0.4349183440208435,0.5300620198249817,0.3459109365940094,0.513816237449646,0.2921399474143982,0.4995611011981964,0.25018224120140076,0.5804285407066345,0.4256061315536499,0.5659902095794678,0.3341449797153473,0.553065299987793,0.28106197714805603,0.5400162935256958,0.24019524455070496,0.6096990704536438,0.43211427330970764,0.6096982359886169,0.35677459836006165,0.6051145792007446,0.3074153959751129,0.5974327325820923,0.26620692014694214,paper,03015,C:/Users/Javier/PIDS_HandPose/work/HAR_mediapipe/data/gestos_pids/train//paper/paper_03015.jpg
0.6743881702423096,0.6221498847007751,0.6231289505958557,0.6249175071716309,0.5738916397094727,0.6077543497085571,0.5340787172317505,0.5910754203796387,0.4997570812702179,0.58738774061203,0.5808334946632385,0.4645027816295624,0.549805223941803,0.3931243419647217,0.5312778353691101,0.3468630313873291,0.514987587928772,0.30613693594932556,0.6076231598854065,0.43427884578704834,0.5849534273147583,0.3444101810455322,0.5678912401199341,0.2872648239135742,0.5525704026222229,0.23877322673797607,0.6374509930610657,0.42712557315826416,0.623876690864563,0.33796730637550354,0.6114312410354614,0.28502824902534485,0.5987156629562378,0.23999467492103577,0.6689344644546509,0.43557921051979065,0.6715530753135681,0.3598752021789551,0.6699628829956055,0.30972763895988464,0.6651133298873901,0.26370346546173096,paper,03016,C:/Users/Javier/PIDS_HandPose/work/HAR_mediapipe/data/gestos_pids/train//paper/paper_03016.jpg
0.670785129070282,0.6183103919029236,0.6198802590370178,0.6203265190124512,0.5701786875724792,0.604973316192627,0.5294671654701233,0.589433491230011,0.494852215051651,0.5876920223236084,0.5753780007362366,0.46154797077178955,0.5443217754364014,0.3908745348453522,0.5261105298995972,0.34493252635002136,0.5099971294403076,0.3053799569606781,0.6018562912940979,0.43076783418655396,0.5797246694564819,0.3427180349826813,0.563571035861969,0.2865629494190216,0.5496299266815186,0.23945282399654388,0.6315590143203735,0.4224965572357178,0.6159735918045044,0.33593326807022095,0.6030515432357788,0.2810726761817932,0.5906731486320496,0.2361638844013214,0.6630675792694092,0.4292966425418854,0.6646581292152405,0.3557107448577881,0.6621145009994507,0.30515095591545105,0.6565833687782288,0.2596292495727539,paper,03017,C:/Users/Javier/PIDS_HandPose/work/HAR_mediapipe/data/gestos_pids/train//paper/paper_03017.jpg
0.3011142313480377,0.7214513421058655,0.35553157329559326,0.7148224115371704,0.40311145782470703,0.6688826680183411,0.43672606348991394,0.6223905086517334,0.465385764837265,0.5965690612792969,0.3795231580734253,0.5460375547409058,0.40578266978263855,0.46847933530807495,0.4198141396045685,0.4148029685020447,0.43013477325439453,0.36557918787002563,0.35182902216911316,0.5214014053344727,0.37119919061660767,0.4282487630844116,0.3831477761268616,0.3663504123687744,0.3913381099700928,0.31198757886886597,0.3211212754249573,0.5212112665176392,0.32988035678863525,0.4299435615539551,0.3368404805660248,0.3706265389919281,0.34366050362586975,0.31827282905578613,0.2883871793746948,0.5392701625823975,0.2844495177268982,0.47391393780708313,0.2842130959033966,0.42885109782218933,0.28777825832366943,0.3856452703475952,paper,03018,C:/Users/Javier/PIDS_HandPose/work/HAR_mediapipe/data/gestos_pids/train//paper/paper_03018.jpg
0.3037506937980652,0.6728107929229736,0.3606651723384857,0.6695634126663208,0.4107877016067505,0.628292977809906,0.44664424657821655,0.5828269124031067,0.47491610050201416,0.5543321371078491,0.38722461462020874,0.5027512907981873,0.4145410358905792,0.4212043881416321,0.42847856879234314,0.36810988187789917,0.43957605957984924,0.31849217414855957,0.36004334688186646,0.4777885377407074,0.37896108627319336,0.3838212490081787,0.39098280668258667,0.32272493839263916,0.39945152401924133,0.26904213428497314,0.32997846603393555,0.4775051772594452,0.3389425277709961,0.3872146010398865,0.3453064560890198,0.33133602142333984,0.3516486585140228,0.28115200996398926,0.29862669110298157,0.4942963421344757,0.2948480248451233,0.4282384216785431,0.29421600699424744,0.3832518458366394,0.2971278429031372,0.3398439288139343,paper,03019,C:/Users/Javier/PIDS_HandPose/work/HAR_mediapipe/data/gestos_pids/train//paper/paper_03019.jpg
0.2803838849067688,0.6861788034439087,0.338093101978302,0.6826034784317017,0.3916739821434021,0.638831615447998,0.42876899242401123,0.5938854217529297,0.45765429735183716,0.5685710906982422,0.3670164942741394,0.5086838006973267,0.39510655403137207,0.4279331564903259,0.40996718406677246,0.37367135286331177,0.421396404504776,0.3234366178512573,0.3374732732772827,0.48133084177970886,0.3572819232940674,0.3871033191680908,0.3688551187515259,0.3244408071041107,0.3758060932159424,0.27064231038093567,0.30575862526893616,0.4804978370666504,0.3148728311061859,0.39114993810653687,0.3198908567428589,0.3336203396320343,0.32454726099967957,0.2825634479522705,0.27299022674560547,0.49798280000686646,0.26936960220336914,0.43302208185195923,0.26777181029319763,0.388100802898407,0.26994240283966064,0.3450089693069458,paper,03020,C:/Users/Javier/PIDS_HandPose/work/HAR_mediapipe/data/gestos_pids/train//paper/paper_03020.jpg
0.2742035984992981,0.7039469480514526,0.33008086681365967,0.6976217031478882,0.3814917206764221,0.652064323425293,0.41915759444236755,0.6102492213249207,0.4491279125213623,0.5879926681518555,0.35332372784614563,0.52164626121521,0.3793180584907532,0.43992412090301514,0.39269518852233887,0.3841603398323059,0.4023590385913849,0.33311927318573,0.32329532504081726,0.49683380126953125,0.33943650126457214,0.4009585380554199,0.34870490431785583,0.338467001914978,0.35339125990867615,0.2845763564109802,0.29148268699645996,0.4994474947452545,0.2967056632041931,0.4077404737472534,0.2995755076408386,0.350601464509964,0.3020605444908142,0.29920583963394165,0.2594263553619385,0.5214466452598572,0.25078392028808594,0.45731320977211,0.24602162837982178,0.41224104166030884,0.24495139718055725,0.36897405982017517,paper,03021,C:/Users/Javier/PIDS_HandPose/work/HAR_mediapipe/data/gestos_pids/train//paper/paper_03021.jpg
0.30272629857063293,0.6708353757858276,0.3558042049407959,0.6561116576194763,0.4059731066226959,0.6162474751472473,0.4478319585323334,0.5899771451950073,0.47934406995773315,0.584338903427124,0.38186269998550415,0.492777943611145,0.4051533043384552,0.40974196791648865,0.41608697175979614,0.35452800989151,0.42491915822029114,0.3026920557022095,0.3529147803783417,0.47161540389060974,0.36675769090652466,0.375940203666687,0.3758220672607422,0.312737375497818,0.3817475438117981,0.25764000415802,0.32223275303840637,0.475416898727417,0.3249228298664093,0.3869328498840332,0.32794347405433655,0.33185315132141113,0.3310360908508301,0.2835562229156494,0.29237642884254456,0.4963586926460266,0.28359681367874146,0.43080705404281616,0.2794027328491211,0.3858764171600342,0.27950772643089294,0.34294918179512024,paper,03022,C:/Users/Javier/PIDS_HandPose/work/HAR_mediapipe/data/gestos_pids/train//paper/paper_03022.jpg
0.2975670397281647,0.6878942251205444,0.35327664017677307,0.6813759803771973,0.40563786029815674,0.6454071402549744,0.4438895285129547,0.6099597811698914,0.47175902128219604,0.5827450156211853,0.3789164423942566,0.5079270601272583,0.4022409915924072,0.4241568446159363,0.4143346846103668,0.368477463722229,0.4236842691898346,0.31688541173934937,0.34920838475227356,0.4847281873226166,0.3630043864250183,0.3878663182258606,0.37321752309799194,0.32495954632759094,0.3793184459209442,0.27030831575393677,0.31832748651504517,0.48843979835510254,0.3212723731994629,0.398468017578125,0.3248053193092346,0.34168586134910583,0.32782527804374695,0.2920084595680237,0.2883528470993042,0.5104197263717651,0.27958160638809204,0.4459337592124939,0.2753024995326996,0.39989525079727173,0.2747156620025635,0.35517239570617676,paper,03023,C:/Users/Javier/PIDS_HandPose/work/HAR_mediapipe/data/gestos_pids/train//paper/paper_03023.jpg
0.30753079056739807,0.6807815432548523,0.36188825964927673,0.6728028655052185,0.41050994396209717,0.6447689533233643,0.44821012020111084,0.6143190860748291,0.46927741169929504,0.5716665387153625,0.3852035701274872,0.5042261481285095,0.4087653160095215,0.42284542322158813,0.421264111995697,0.3694338798522949,0.43123960494995117,0.31949424743652344,0.35612523555755615,0.48024997115135193,0.3709452450275421,0.3845727741718292,0.38025572896003723,0.3243802785873413,0.38678500056266785,0.27143219113349915,0.32491469383239746,0.48170360922813416,0.3291776180267334,0.3912643492221832,0.33217158913612366,0.33420896530151367,0.3358139097690582,0.2837884724140167,0.2941809892654419,0.501684308052063,0.28695422410964966,0.43746688961982727,0.28330832719802856,0.3928653597831726,0.28344932198524475,0.34977036714553833,paper,03024,C:/Users/Javier/PIDS_HandPose/work/HAR_mediapipe/data/gestos_pids/train//paper/paper_03024.jpg
0.31759750843048096,0.6965187788009644,0.37416574358940125,0.6850233674049377,0.421987384557724,0.6524074673652649,0.4568121135234833,0.6187237501144409,0.4764098525047302,0.5764935612678528,0.3929502069950104,0.5065656304359436,0.4157828688621521,0.4224802255630493,0.42743200063705444,0.36891597509384155,0.4361308813095093,0.31915414333343506,0.36229223012924194,0.4843078553676605,0.37556585669517517,0.3855445384979248,0.38424113392829895,0.32451629638671875,0.3906158208847046,0.27010390162467957,0.33042144775390625,0.4883369207382202,0.3323976695537567,0.3951776623725891,0.3348159193992615,0.3367127776145935,0.3382512927055359,0.2851036787033081,0.2992454767227173,0.511963963508606,0.29194176197052,0.44607046246528625,0.2893069386482239,0.400606632232666,0.2902768850326538,0.3575134873390198,paper,03025,C:/Users/Javier/PIDS_HandPose/work/HAR_mediapipe/data/gestos_pids/train//paper/paper_03025.jpg
0.3151977062225342,0.6854550838470459,0.37047049403190613,0.6750050783157349,0.4182685315608978,0.6458579897880554,0.4554457664489746,0.6143355369567871,0.47349563241004944,0.5682418942451477,0.3900233805179596,0.5049058198928833,0.41362494230270386,0.42270132899284363,0.42562398314476013,0.36950981616973877,0.4352613687515259,0.31902214884757996,0.3617931604385376,0.48304876685142517,0.3755362033843994,0.38683709502220154,0.38513049483299255,0.32548296451568604,0.39171871542930603,0.2708289921283722,0.33121567964553833,0.48649415373802185,0.3335050940513611,0.39546239376068115,0.3367694020271301,0.33762335777282715,0.3403495252132416,0.28667765855789185,0.3011530637741089,0.5084136724472046,0.29333996772766113,0.44302451610565186,0.2904842495918274,0.39732494950294495,0.2909947633743286,0.3533588647842407,paper,03026,C:/Users/Javier/PIDS_HandPose/work/HAR_mediapipe/data/gestos_pids/train//paper/paper_03026.jpg
0.7219250202178955,0.5848753452301025,0.6634721755981445,0.5729173421859741,0.6107478141784668,0.5299630165100098,0.5741431713104248,0.48625385761260986,0.5424821376800537,0.45790114998817444,0.6290722489356995,0.4047023057937622,0.6000347137451172,0.32129913568496704,0.5838945508003235,0.2710900902748108,0.5694425106048584,0.22504469752311707,0.6578823924064636,0.3765316903591156,0.636073112487793,0.2789255678653717,0.6203383803367615,0.2170020490884781,0.6060503125190735,0.16515882313251495,0.6884968876838684,0.3701399862766266,0.6735268831253052,0.277690589427948,0.6604102253913879,0.22012895345687866,0.6465266942977905,0.174001082777977,0.7206380367279053,0.3787318468093872,0.7149567604064941,0.30407631397247314,0.706114649772644,0.25526225566864014,0.6944399476051331,0.21322178840637207,paper,03027,C:/Users/Javier/PIDS_HandPose/work/HAR_mediapipe/data/gestos_pids/train//paper/paper_03027.jpg
0.8155792355537415,0.6177632212638855,0.7565016150474548,0.6050556898117065,0.7023412585258484,0.5662844181060791,0.6602030992507935,0.5343129634857178,0.6252169013023376,0.5243143439292908,0.7205800414085388,0.43721792101860046,0.6920590400695801,0.3571104109287262,0.6761823892593384,0.3053934574127197,0.6629995107650757,0.2603691816329956,0.7510209083557129,0.40891793370246887,0.729984700679779,0.3155328035354614,0.7174463868141174,0.2543547749519348,0.7081626653671265,0.20275717973709106,0.7847146391868591,0.40364786982536316,0.7698987722396851,0.3129763603210449,0.7596572637557983,0.254626989364624,0.7508586645126343,0.20743314921855927,0.8206882476806641,0.41429251432418823,0.8246736526489258,0.33939769864082336,0.8258048295974731,0.28819385170936584,0.8246141672134399,0.24140873551368713,paper,03028,C:/Users/Javier/PIDS_HandPose/work/HAR_mediapipe/data/gestos_pids/train//paper/paper_03028.jpg
0.8468733429908752,0.6340071558952332,0.7894297242164612,0.6193298697471619,0.7363704442977905,0.5782879590988159,0.694947361946106,0.5423705577850342,0.6600218415260315,0.5294027328491211,0.7535240650177002,0.448890745639801,0.7253413796424866,0.365769624710083,0.7097862362861633,0.31209656596183777,0.697011411190033,0.2649349570274353,0.7840317487716675,0.420341819524765,0.7641193270683289,0.3240717649459839,0.7519433498382568,0.26232248544692993,0.7426396608352661,0.21063299477100372,0.81736820936203,0.4155180752277374,0.8046911954879761,0.3231329321861267,0.7957672476768494,0.2645982503890991,0.7877208590507507,0.21730229258537292,0.8525031208992004,0.42679521441459656,0.8571011424064636,0.35079264640808105,0.8584781885147095,0.30036813020706177,0.8577014803886414,0.2552708387374878,paper,03029,C:/Users/Javier/PIDS_HandPose/work/HAR_mediapipe/data/gestos_pids/train//paper/paper_03029.jpg
0.8969473242759705,0.6496924161911011,0.8417515158653259,0.630946159362793,0.7890705466270447,0.5857363343238831,0.7469985485076904,0.5466301441192627,0.7114115953445435,0.53117436170578,0.8093663454055786,0.4537547528743744,0.7816497087478638,0.3665315806865692,0.7667537927627563,0.31027209758758545,0.7552973628044128,0.260043203830719,0.8408876061439514,0.4266262352466583,0.8211967349052429,0.32948940992355347,0.8102912306785583,0.26473167538642883,0.8027756810188293,0.20685963332653046,0.8755518794059753,0.42442816495895386,0.8635796308517456,0.33186250925064087,0.8563435077667236,0.27178412675857544,0.8505207896232605,0.21912585198879242,0.9125033617019653,0.4399331212043762,0.9173675775527954,0.3655833601951599,0.9204893112182617,0.31529295444488525,0.9225929975509644,0.26739346981048584,paper,03030,C:/Users/Javier/PIDS_HandPose/work/HAR_mediapipe/data/gestos_pids/train//paper/paper_03030.jpg
0.8859108090400696,0.6565415263175964,0.82730633020401,0.63898766040802,0.773766815662384,0.5937061905860901,0.7321386933326721,0.5545488595962524,0.6962374448776245,0.5388163328170776,0.7935208678245544,0.4613696336746216,0.7647989392280579,0.3736558258533478,0.7497283816337585,0.3170028030872345,0.7377870678901672,0.2669190764427185,0.8250010013580322,0.43346938490867615,0.8048661947250366,0.33403280377388,0.7931441068649292,0.2689422369003296,0.7840123772621155,0.21216034889221191,0.8595987558364868,0.4298968017101288,0.8469350934028625,0.33435699343681335,0.838866651058197,0.2743282914161682,0.8315587639808655,0.22299325466156006,0.895931601524353,0.4436229169368744,0.899806559085846,0.3662829101085663,0.9019415974617004,0.31535768508911133,0.9027129411697388,0.2685548663139343,paper,03031,C:/Users/Javier/PIDS_HandPose/work/HAR_mediapipe/data/gestos_pids/train//paper/paper_03031.jpg
0.8856544494628906,0.6595970392227173,0.8273941278457642,0.6413048505783081,0.7732456922531128,0.5983917117118835,0.7310958504676819,0.5601972937583923,0.6954602003097534,0.5441480278968811,0.7925149202346802,0.4662145674228668,0.7647954225540161,0.3788987994194031,0.750102162361145,0.32250314950942993,0.738301157951355,0.27225932478904724,0.8242058753967285,0.43825188279151917,0.8041887283325195,0.33784395456314087,0.7929320335388184,0.27272266149520874,0.7843019366264343,0.21657775342464447,0.8584650158882141,0.4348234534263611,0.8463075160980225,0.3395853042602539,0.8383994698524475,0.2803688645362854,0.8310204148292542,0.2300049066543579,0.8942487835884094,0.44881218671798706,0.8979332447052002,0.3720037341117859,0.899210512638092,0.3220939040184021,0.8988339304924011,0.2765270471572876,paper,03032,C:/Users/Javier/PIDS_HandPose/work/HAR_mediapipe/data/gestos_pids/train//paper/paper_03032.jpg
0.8919592499732971,0.7055002450942993,0.8334036469459534,0.6884737014770508,0.7797998189926147,0.6448018550872803,0.7369331121444702,0.6067026257514954,0.6998596787452698,0.5850461721420288,0.8023333549499512,0.5073868632316589,0.7770408987998962,0.41503870487213135,0.763023316860199,0.35419246554374695,0.7523151636123657,0.2995525002479553,0.8356234431266785,0.4801066219806671,0.8177778124809265,0.37844833731651306,0.80781090259552,0.3097448945045471,0.8007109761238098,0.24638545513153076,0.8711959719657898,0.4783562123775482,0.8593860864639282,0.38056519627571106,0.8528289794921875,0.31761303544044495,0.8463934659957886,0.26193729043006897,0.9086470603942871,0.49454668164253235,0.9111376404762268,0.4173157215118408,0.9121876358985901,0.3663252890110016,0.9118949174880981,0.31845927238464355,paper,03033,C:/Users/Javier/PIDS_HandPose/work/HAR_mediapipe/data/gestos_pids/train//paper/paper_03033.jpg
0.8840681910514832,0.723970353603363,0.8251011371612549,0.7096462845802307,0.7701380848884583,0.6694435477256775,0.727338969707489,0.6321333050727844,0.6903561353683472,0.6128362417221069,0.7927058935165405,0.5245487689971924,0.7653836607933044,0.43269822001457214,0.7509464621543884,0.37143343687057495,0.7394768595695496,0.3171098232269287,0.8262303471565247,0.4952925741672516,0.8077942132949829,0.39048057794570923,0.7969693541526794,0.32128384709358215,0.7896298766136169,0.25861507654190063,0.861968994140625,0.4927360415458679,0.8494530916213989,0.3937726318836212,0.8425770998001099,0.32846325635910034,0.8372722268104553,0.271750271320343,0.8988167643547058,0.5085862278938293,0.9004375338554382,0.4300781190395355,0.9009191393852234,0.37707847356796265,0.9004496932029724,0.32755571603775024,paper,03034,C:/Users/Javier/PIDS_HandPose/work/HAR_mediapipe/data/gestos_pids/train//paper/paper_03034.jpg
0.8664332628250122,0.7093969583511353,0.8084400296211243,0.674985945224762,0.7589186429977417,0.6177570819854736,0.7215519547462463,0.5687656402587891,0.6866550445556641,0.53803551197052,0.7993106842041016,0.49007466435432434,0.7825510501861572,0.38926514983177185,0.7745388746261597,0.32475215196609497,0.7691606879234314,0.267376571893692,0.8363403081893921,0.47557446360588074,0.8304023146629333,0.3634023070335388,0.8271036148071289,0.2901274561882019,0.8263545036315918,0.2239522635936737,0.872314453125,0.48688337206840515,0.8739124536514282,0.3803514242172241,0.8749716877937317,0.3132687509059906,0.875787615776062,0.25391504168510437,0.9071505069732666,0.5165421962738037,0.9210788011550903,0.43714597821235657,0.9286948442459106,0.38390401005744934,0.9339750409126282,0.3329954743385315,paper,03035,C:/Users/Javier/PIDS_HandPose/work/HAR_mediapipe/data/gestos_pids/train//paper/paper_03035.jpg
0.8661926984786987,0.7430270910263062,0.80846107006073,0.7025153040885925,0.7578902244567871,0.6392551064491272,0.7188860177993774,0.587327241897583,0.6837540864944458,0.5544033050537109,0.8019773960113525,0.5069374442100525,0.787046492099762,0.40179795026779175,0.7806485295295715,0.3349384367465973,0.7766394019126892,0.2756527066230774,0.8413589000701904,0.49503907561302185,0.8386238813400269,0.3766709566116333,0.8377439975738525,0.30097126960754395,0.8384831547737122,0.23418930172920227,0.878436267375946,0.5115843415260315,0.8838424682617188,0.3996013402938843,0.8859747648239136,0.33098068833351135,0.887110710144043,0.26954203844070435,0.9127870202064514,0.5477792024612427,0.9305002093315125,0.46545901894569397,0.9402930736541748,0.4104824662208557,0.9469987750053406,0.35776108503341675,paper,03036,C:/Users/Javier/PIDS_HandPose/work/HAR_mediapipe/data/gestos_pids/train//paper/paper_03036.jpg
0.8573471307754517,0.712977409362793,0.7995761036872864,0.6761469841003418,0.7488224506378174,0.6157357692718506,0.7094782590866089,0.5656824111938477,0.6732190847396851,0.5361238121986389,0.788610577583313,0.4829995334148407,0.7723895907402039,0.3809269070625305,0.7648818492889404,0.3153758645057678,0.7595669031143188,0.2563188672065735,0.8270065784454346,0.46874430775642395,0.8216328024864197,0.35437220335006714,0.8186203837394714,0.2790345549583435,0.8177236914634705,0.21069717407226562,0.8639175295829773,0.48213279247283936,0.8662808537483215,0.37412339448928833,0.8665181994438171,0.30584049224853516,0.8663564324378967,0.2442605048418045,0.8988021612167358,0.5143983960151672,0.9124823212623596,0.43296462297439575,0.9198267459869385,0.3777661919593811,0.9250084161758423,0.3246309757232666,paper,03037,C:/Users/Javier/PIDS_HandPose/work/HAR_mediapipe/data/gestos_pids/train//paper/paper_03037.jpg
0.8444089889526367,0.7093837261199951,0.7865874767303467,0.6745023727416992,0.7345038652420044,0.6155062913894653,0.6937369704246521,0.5681827068328857,0.6581143736839294,0.5408368110656738,0.7722938060760498,0.4830004572868347,0.7543694376945496,0.3807615041732788,0.7447989583015442,0.31547313928604126,0.7373305559158325,0.2574525475502014,0.8097007870674133,0.46671876311302185,0.80245041847229,0.35208624601364136,0.7978886365890503,0.27744540572166443,0.7953997850418091,0.20917025208473206,0.8466285467147827,0.47707706689834595,0.8468050956726074,0.36819911003112793,0.8462104797363281,0.30078747868537903,0.845015823841095,0.23996871709823608,0.8822954893112183,0.5068289637565613,0.8944159150123596,0.42536991834640503,0.900428295135498,0.3705022931098938,0.9041563868522644,0.3181295394897461,paper,03038,C:/Users/Javier/PIDS_HandPose/work/HAR_mediapipe/data/gestos_pids/train//paper/paper_03038.jpg
0.8485895395278931,0.686498761177063,0.7978180050849915,0.6265342235565186,0.7588953971862793,0.5410197377204895,0.7305201888084412,0.47127845883369446,0.702714741230011,0.42487582564353943,0.8170449137687683,0.43623289465904236,0.819785475730896,0.3287206292152405,0.8225612044334412,0.26077407598495483,0.8255285024642944,0.20096538960933685,0.8546743392944336,0.44163548946380615,0.8722221851348877,0.32332324981689453,0.8817559480667114,0.24994169175624847,0.8900535702705383,0.1874023675918579,0.8863426446914673,0.4726914167404175,0.9116148948669434,0.36513060331344604,0.9244572520256042,0.29680073261260986,0.9338469505310059,0.23656879365444183,0.9132309556007385,0.5211789608001709,0.9442403316497803,0.44961491227149963,0.961582601070404,0.39829811453819275,0.9744976162910461,0.3485924005508423,paper,03039,C:/Users/Javier/PIDS_HandPose/work/HAR_mediapipe/data/gestos_pids/train//paper/paper_03039.jpg
0.8318115472793579,0.6836806535720825,0.7745367884635925,0.6409916281700134,0.7283321619033813,0.5749008059501648,0.6953226327896118,0.5187095403671265,0.6641277074813843,0.4806901216506958,0.7743610143661499,0.45205017924308777,0.7644801139831543,0.3495490849018097,0.7601336240768433,0.28416338562965393,0.7569421529769897,0.22619080543518066,0.8113015294075012,0.4443584978580475,0.8137323260307312,0.32953977584838867,0.8141364455223083,0.25613218545913696,0.8150660991668701,0.19128075242042542,0.8452543616294861,0.4623059630393982,0.8555662631988525,0.35541075468063354,0.8583425879478455,0.28894972801208496,0.8591679930686951,0.2289801388978958,0.876023530960083,0.4979630708694458,0.8966508507728577,0.4202793836593628,0.9068715572357178,0.36824360489845276,0.9132799506187439,0.3183748126029968,paper,03040,C:/Users/Javier/PIDS_HandPose/work/HAR_mediapipe/data/gestos_pids/train//paper/paper_03040.jpg
0.8088904619216919,0.6485649347305298,0.7529231309890747,0.6113726496696472,0.7055506110191345,0.5495688319206238,0.670165479183197,0.4998328983783722,0.6381365656852722,0.4697937071323395,0.7440594434738159,0.4254291355609894,0.7302600741386414,0.3303889036178589,0.7233607172966003,0.2708187699317932,0.717599093914032,0.21760746836662292,0.7786163091659546,0.41388916969299316,0.775357723236084,0.3073449730873108,0.771773099899292,0.237923264503479,0.7685486078262329,0.17760950326919556,0.8114773631095886,0.4271739423274994,0.8138713240623474,0.3258306384086609,0.8129934668540955,0.26180580258369446,0.8104333281517029,0.20670737326145172,0.8423821330070496,0.45699599385261536,0.855578601360321,0.3805297911167145,0.860887885093689,0.3275500535964966,0.8624861836433411,0.27778834104537964,paper,03041,C:/Users/Javier/PIDS_HandPose/work/HAR_mediapipe/data/gestos_pids/train//paper/paper_03041.jpg
0.7238817811012268,0.6480281352996826,0.6645362377166748,0.630723237991333,0.6135160326957703,0.5824581384658813,0.5748206377029419,0.5409513115882874,0.5402785539627075,0.5218153595924377,0.6359614133834839,0.45234769582748413,0.613419771194458,0.36268556118011475,0.6006593108177185,0.3070291578769684,0.5897168517112732,0.2582279145717621,0.6671648621559143,0.43099117279052734,0.6522883772850037,0.3295835256576538,0.6408008337020874,0.26419979333877563,0.6306543350219727,0.20703572034835815,0.6996021866798401,0.4318946301937103,0.6911879777908325,0.3341495394706726,0.6825897097587585,0.27095848321914673,0.6727730631828308,0.21848143637180328,0.7322821617126465,0.44939613342285156,0.7358468174934387,0.3719352185726166,0.7345426678657532,0.31976667046546936,0.7288838028907776,0.2744530439376831,paper,03042,C:/Users/Javier/PIDS_HandPose/work/HAR_mediapipe/data/gestos_pids/train//paper/paper_03042.jpg
0.3702009320259094,0.5945745706558228,0.42450201511383057,0.5789170861244202,0.4730823040008545,0.5327211618423462,0.5040631294250488,0.48046961426734924,0.5286601781845093,0.44335082173347473,0.4496764540672302,0.4149000346660614,0.47215455770492554,0.3327885568141937,0.48163995146751404,0.2834739089012146,0.4898407757282257,0.2402816265821457,0.4211055636405945,0.39187031984329224,0.4362949728965759,0.2951046824455261,0.443672776222229,0.23792162537574768,0.45106595754623413,0.1877088099718094,0.39302003383636475,0.39140889048576355,0.3970981240272522,0.30056828260421753,0.40121033787727356,0.24775145947933197,0.4081370234489441,0.2014060616493225,0.3645186424255371,0.40772756934165955,0.3590605556964874,0.3450664281845093,0.35966119170188904,0.3080518841743469,0.3644863963127136,0.2736649215221405,paper,03043,C:/Users/Javier/PIDS_HandPose/work/HAR_mediapipe/data/gestos_pids/train//paper/paper_03043.jpg
0.3658493161201477,0.5598198771476746,0.41729626059532166,0.5399545431137085,0.4607030153274536,0.4874850809574127,0.48760268092155457,0.43132859468460083,0.5104806423187256,0.39429423213005066,0.4389048218727112,0.3774431049823761,0.4574882388114929,0.29739809036254883,0.4674590826034546,0.2470315843820572,0.476014107465744,0.20365294814109802,0.41373082995414734,0.35889795422554016,0.42790570855140686,0.2647261321544647,0.4373028874397278,0.20686082541942596,0.44647178053855896,0.15828722715377808,0.38867801427841187,0.36112719774246216,0.3952539265155792,0.2703985869884491,0.4007456302642822,0.21951694786548615,0.4088518023490906,0.17717641592025757,0.36239513754844666,0.37963372468948364,0.35708683729171753,0.31413185596466064,0.36027419567108154,0.2825090289115906,0.36798056960105896,0.2569730877876282,paper,03044,C:/Users/Javier/PIDS_HandPose/work/HAR_mediapipe/data/gestos_pids/train//paper/paper_03044.jpg
0.16603651642799377,0.6861304640769958,0.21393120288848877,0.6214632391929626,0.2432251125574112,0.5362074375152588,0.25522997975349426,0.4612623453140259,0.2695741653442383,0.40755847096443176,0.1900775283575058,0.44487327337265015,0.18926946818828583,0.3459094166755676,0.1846214234828949,0.2875680923461914,0.17826232314109802,0.23521865904331207,0.15525485575199127,0.445708692073822,0.1420157551765442,0.34018561244010925,0.1318722814321518,0.27686771750450134,0.12176230549812317,0.22154851257801056,0.12551206350326538,0.47211816906929016,0.10348819196224213,0.3790329694747925,0.089589923620224,0.32256218791007996,0.07821984589099884,0.2710569500923157,0.10012515634298325,0.5170440673828125,0.07589088380336761,0.4622347354888916,0.061715200543403625,0.42706748843193054,0.050758540630340576,0.39126089215278625,paper,03045,C:/Users/Javier/PIDS_HandPose/work/HAR_mediapipe/data/gestos_pids/train//paper/paper_03045.jpg
0.3596912920475006,0.6206198334693909,0.41869989037513733,0.5956529378890991,0.46427929401397705,0.5308249592781067,0.4904908239841461,0.4689531922340393,0.5128854513168335,0.4268222451210022,0.4301474690437317,0.41334959864616394,0.4462924599647522,0.32337620854377747,0.4546096920967102,0.26692602038383484,0.4618745744228363,0.21580930054187775,0.40032845735549927,0.3961304724216461,0.40775763988494873,0.2910555601119995,0.414936900138855,0.2270660698413849,0.4226459562778473,0.16942256689071655,0.37106016278266907,0.404048889875412,0.36791661381721497,0.30693432688713074,0.37047988176345825,0.24963818490505219,0.3767378330230713,0.1972140222787857,0.34271055459976196,0.43211016058921814,0.3314264416694641,0.36526891589164734,0.3310692310333252,0.3245280086994171,0.33578217029571533,0.2845195233821869,paper,03046,C:/Users/Javier/PIDS_HandPose/work/HAR_mediapipe/data/gestos_pids/train//paper/paper_03046.jpg
0.49422305822372437,0.5984253287315369,0.5455238819122314,0.5966863632202148,0.5925950407981873,0.5460582971572876,0.6210978031158447,0.49567484855651855,0.6454825401306152,0.46508821845054626,0.5725328922271729,0.42946580052375793,0.598249614238739,0.35534605383872986,0.6154420971870422,0.30668947100639343,0.6295921206474304,0.2645861506462097,0.5476364493370056,0.40289899706840515,0.5669463276863098,0.31276893615722656,0.5837393999099731,0.2566183805465698,0.5975625514984131,0.21040455996990204,0.5209047794342041,0.3998243510723114,0.5313959121704102,0.3087742030620575,0.5437508225440979,0.2528020143508911,0.5563716292381287,0.2070612758398056,0.4932904541492462,0.4156038165092468,0.4921055734157562,0.34774187207221985,0.49850404262542725,0.308915913105011,0.509143590927124,0.27664101123809814,paper,03047,C:/Users/Javier/PIDS_HandPose/work/HAR_mediapipe/data/gestos_pids/train//paper/paper_03047.jpg
0.2158530056476593,0.6560682058334351,0.2636703550815582,0.5941898822784424,0.29332590103149414,0.5103167295455933,0.3068378269672394,0.4397629499435425,0.3221462666988373,0.3957454264163971,0.23854973912239075,0.42828744649887085,0.23772965371608734,0.33599501848220825,0.23397095501422882,0.2820247411727905,0.22909928858280182,0.23626266419887543,0.20643305778503418,0.4285360276699066,0.19622913002967834,0.3288821578025818,0.18944045901298523,0.26639801263809204,0.1818675398826599,0.21517784893512726,0.17910830676555634,0.45151084661483765,0.16206443309783936,0.3611210584640503,0.1536232829093933,0.3044126033782959,0.14803415536880493,0.25200462341308594,0.15454453229904175,0.49121102690696716,0.13003069162368774,0.4375587999820709,0.11693650484085083,0.4008975327014923,0.10885484516620636,0.3635966181755066,paper,03048,C:/Users/Javier/PIDS_HandPose/work/HAR_mediapipe/data/gestos_pids/train//paper/paper_03048.jpg
0.43938907980918884,0.5749587416648865,0.495566189289093,0.5535291433334351,0.5389787554740906,0.5009617805480957,0.5647421479225159,0.44795483350753784,0.5866682529449463,0.41194596886634827,0.506646454334259,0.38230207562446594,0.5241423845291138,0.2997579872608185,0.5335941314697266,0.24905836582183838,0.5410064458847046,0.2042771875858307,0.47860127687454224,0.36270633339881897,0.4888645112514496,0.26738762855529785,0.49635547399520874,0.20922794938087463,0.5025478601455688,0.15845420956611633,0.4505579173564911,0.3682299256324768,0.4520733952522278,0.2770402133464813,0.4563688635826111,0.2205887734889984,0.4631165862083435,0.1698378324508667,0.4225946068763733,0.39403069019317627,0.4084770083427429,0.33326882123947144,0.4054785668849945,0.2909727692604065,0.4073655605316162,0.2505270540714264,paper,03049,C:/Users/Javier/PIDS_HandPose/work/HAR_mediapipe/data/gestos_pids/train//paper/paper_03049.jpg
0.38306769728660583,0.596300482749939,0.43777263164520264,0.5500738024711609,0.4745892584323883,0.4773818850517273,0.49367862939834595,0.4132806062698364,0.5120382905006409,0.3697966933250427,0.43716928362846375,0.37831318378448486,0.44686731696128845,0.29019710421562195,0.4517880082130432,0.23606473207473755,0.45561280846595764,0.18823185563087463,0.4082033634185791,0.369902104139328,0.4108213782310486,0.27074894309043884,0.41428059339523315,0.20853719115257263,0.4178003668785095,0.15337719023227692,0.3808775246143341,0.3841506838798523,0.374065637588501,0.2921368181705475,0.37414807081222534,0.2358139455318451,0.37774375081062317,0.18405954539775848,0.35469168424606323,0.4165339469909668,0.3360025882720947,0.3582269251346588,0.3310534358024597,0.3176005482673645,0.33077794313430786,0.27705660462379456,paper,03050,C:/Users/Javier/PIDS_HandPose/work/HAR_mediapipe/data/gestos_pids/train//paper/paper_03050.jpg
0.3099968135356903,0.5783058404922485,0.3618248999118805,0.5267120599746704,0.39427947998046875,0.4506526589393616,0.4084474444389343,0.3834295868873596,0.4225342869758606,0.33727529644966125,0.34932422637939453,0.3623889088630676,0.35359707474708557,0.27413973212242126,0.35388055443763733,0.22038161754608154,0.3525848686695099,0.17231228947639465,0.3196319043636322,0.3565066158771515,0.3174680471420288,0.25920411944389343,0.3158629834651947,0.19720394909381866,0.31354933977127075,0.1429334282875061,0.29242897033691406,0.37258267402648926,0.2841067314147949,0.2821482717990875,0.28148138523101807,0.2247096300125122,0.28154781460762024,0.17043204605579376,0.2667122781276703,0.4056715965270996,0.2502826750278473,0.34906062483787537,0.244598850607872,0.3117609918117523,0.24314916133880615,0.27384722232818604,paper,03051,C:/Users/Javier/PIDS_HandPose/work/HAR_mediapipe/data/gestos_pids/train//paper/paper_03051.jpg
0.4680215120315552,0.6165308952331543,0.5201365947723389,0.6131941676139832,0.5636558532714844,0.5662105083465576,0.5896025896072388,0.5129629373550415,0.6130939722061157,0.47643715143203735,0.5429068803787231,0.45074331760406494,0.5649991035461426,0.37675824761390686,0.5778054594993591,0.32694751024246216,0.5882110595703125,0.28338944911956787,0.5183480978012085,0.4276531934738159,0.5366849899291992,0.33975717425346375,0.5509437918663025,0.28343236446380615,0.5630139708518982,0.23488986492156982,0.49128258228302,0.4259246587753296,0.5023761987686157,0.33814874291419983,0.5130420327186584,0.28253820538520813,0.5250168442726135,0.23402339220046997,0.4620092511177063,0.4408146142959595,0.4608151614665985,0.3767697215080261,0.4660778045654297,0.33879247307777405,0.4756683111190796,0.3042735159397125,paper,03052,C:/Users/Javier/PIDS_HandPose/work/HAR_mediapipe/data/gestos_pids/train//paper/paper_03052.jpg
0.2794390320777893,0.6859379410743713,0.3336334824562073,0.6397725343704224,0.3692059814929962,0.5655307769775391,0.3857196569442749,0.49782291054725647,0.4013449251651764,0.4503215551376343,0.32687515020370483,0.47132185101509094,0.33439311385154724,0.3833559453487396,0.3354388177394867,0.32884329557418823,0.33462586998939514,0.27917957305908203,0.295561283826828,0.46263784170150757,0.29353857040405273,0.3656705617904663,0.2916169762611389,0.3059246838092804,0.2897104024887085,0.2525380551815033,0.26661455631256104,0.47744202613830566,0.25591447949409485,0.3884308636188507,0.251420795917511,0.3335609436035156,0.24974682927131653,0.2834237217903137,0.2391558289527893,0.5101699233055115,0.22602343559265137,0.4485909640789032,0.2215816080570221,0.41094788908958435,0.2212638407945633,0.3732905685901642,paper,03053,C:/Users/Javier/PIDS_HandPose/work/HAR_mediapipe/data/gestos_pids/train//paper/paper_03053.jpg
0.41946110129356384,0.658987283706665,0.47566431760787964,0.6447647213935852,0.5199730396270752,0.5843715071678162,0.5447006225585938,0.5254731178283691,0.5662016868591309,0.4834688603878021,0.490745484828949,0.4738798141479492,0.5101796984672546,0.3907918930053711,0.5220597386360168,0.3384478688240051,0.5318896174430847,0.2920264005661011,0.46359971165657043,0.45589011907577515,0.4761919379234314,0.3605574369430542,0.4868397116661072,0.3020690083503723,0.4965825378894806,0.25031188130378723,0.43508172035217285,0.4615730941295624,0.4399124085903168,0.3703727424144745,0.4471789598464966,0.3132004141807556,0.45707497000694275,0.26097622513771057,0.4058927893638611,0.4860989451408386,0.39755743741989136,0.42148900032043457,0.39901360869407654,0.38023680448532104,0.4052627980709076,0.3400752544403076,paper,03054,C:/Users/Javier/PIDS_HandPose/work/HAR_mediapipe/data/gestos_pids/train//paper/paper_03054.jpg
0.2699393033981323,0.6707789301872253,0.32266026735305786,0.6233295202255249,0.3580418527126312,0.5498358607292175,0.373968243598938,0.4821198582649231,0.38969001173973083,0.4350303113460541,0.31554320454597473,0.460187166929245,0.3223130702972412,0.369503378868103,0.32276472449302673,0.3134637176990509,0.3213830590248108,0.2623973488807678,0.28362253308296204,0.45218002796173096,0.2813418507575989,0.3541467785835266,0.279583603143692,0.2915782332420349,0.2761777937412262,0.23700760304927826,0.2542845606803894,0.46911901235580444,0.24079401791095734,0.3785876929759979,0.23359858989715576,0.32014572620391846,0.2278544008731842,0.26731741428375244,0.22704991698265076,0.5046991109848022,0.20549356937408447,0.44795629382133484,0.19197091460227966,0.40948766469955444,0.181905597448349,0.37075480818748474,paper,03055,C:/Users/Javier/PIDS_HandPose/work/HAR_mediapipe/data/gestos_pids/train//paper/paper_03055.jpg
0.3348484933376312,0.6430447101593018,0.3894992172718048,0.614882230758667,0.4316946864128113,0.5546963810920715,0.45392605662345886,0.49284639954566956,0.4734678566455841,0.4507339596748352,0.3976709544658661,0.45144927501678467,0.41392451524734497,0.3688387870788574,0.42083999514579773,0.3164865970611572,0.4261762201786041,0.2683613896369934,0.36825793981552124,0.43526044487953186,0.37427571415901184,0.3414863348007202,0.377864271402359,0.28277647495269775,0.38091471791267395,0.2302323281764984,0.33941102027893066,0.4440173804759979,0.3354654312133789,0.35606998205184937,0.33452680706977844,0.3016325831413269,0.3363243043422699,0.25146281719207764,0.3110924959182739,0.4721815586090088,0.2966062128543854,0.41354867815971375,0.29038065671920776,0.3733022212982178,0.2885752320289612,0.33253806829452515,paper,03056,C:/Users/Javier/PIDS_HandPose/work/HAR_mediapipe/data/gestos_pids/train//paper/paper_03056.jpg
0.31971025466918945,0.6428037881851196,0.3735143542289734,0.611655592918396,0.41355136036872864,0.5519464015960693,0.4344949722290039,0.4886321425437927,0.4526346027851105,0.44590434432029724,0.37730956077575684,0.4514504075050354,0.3907155394554138,0.3680672347545624,0.3952004313468933,0.3161529302597046,0.39870205521583557,0.26830926537513733,0.34705451130867004,0.43728047609329224,0.349795937538147,0.34376803040504456,0.351744145154953,0.28550225496292114,0.3532685935497284,0.23376166820526123,0.3188383877277374,0.44771987199783325,0.3099488914012909,0.36029544472694397,0.30582350492477417,0.3073749244213104,0.3045729696750641,0.2590324580669403,0.29208797216415405,0.47711485624313354,0.27579548954963684,0.4201621413230896,0.26747584342956543,0.3814968764781952,0.2635568380355835,0.34218141436576843,paper,03057,C:/Users/Javier/PIDS_HandPose/work/HAR_mediapipe/data/gestos_pids/train//paper/paper_03057.jpg
0.31366944313049316,0.6609106659889221,0.36617717146873474,0.6262746453285217,0.4064594507217407,0.5635755062103271,0.42924612760543823,0.5008413195610046,0.4475833773612976,0.45770275592803955,0.3712339699268341,0.46609342098236084,0.384801983833313,0.38232290744781494,0.39011022448539734,0.3286132216453552,0.39424800872802734,0.2788752317428589,0.34153786301612854,0.45290204882621765,0.34332430362701416,0.3585970103740692,0.3456072211265564,0.29910725355148315,0.3465246558189392,0.2464941293001175,0.3134904205799103,0.46384352445602417,0.30446282029151917,0.37550783157348633,0.30067360401153564,0.32200318574905396,0.2979385256767273,0.27394580841064453,0.2867127060890198,0.4932970404624939,0.26994478702545166,0.4356168210506439,0.26063239574432373,0.39594167470932007,0.2548321783542633,0.3559466600418091,paper,03058,C:/Users/Javier/PIDS_HandPose/work/HAR_mediapipe/data/gestos_pids/train//paper/paper_03058.jpg
0.32230404019355774,0.6420998573303223,0.3745361864566803,0.6100758910179138,0.4148496985435486,0.550304114818573,0.4370361268520355,0.48686909675598145,0.45574626326560974,0.4442361891269684,0.37986594438552856,0.4486771821975708,0.3935931921005249,0.3646632432937622,0.3978220224380493,0.3126627802848816,0.40089699625968933,0.2640959322452545,0.3497135043144226,0.43421727418899536,0.35196423530578613,0.34012192487716675,0.3528217077255249,0.2817975878715515,0.35338491201400757,0.22954614460468292,0.3212258219718933,0.4444199800491333,0.31201520562171936,0.35655078291893005,0.30778953433036804,0.30367475748062134,0.3065088391304016,0.25541216135025024,0.294024258852005,0.4736780822277069,0.2775929868221283,0.4159150719642639,0.26947107911109924,0.37654566764831543,0.26592791080474854,0.3366854190826416,paper,03059,C:/Users/Javier/PIDS_HandPose/work/HAR_mediapipe/data/gestos_pids/train//paper/paper_03059.jpg
0.2944881319999695,0.6637885570526123,0.3474060893058777,0.6257321834564209,0.38747966289520264,0.5609451532363892,0.41004133224487305,0.4990023374557495,0.42881208658218384,0.45685258507728577,0.3491385579109192,0.46161872148513794,0.3624888062477112,0.3758333623409271,0.3666936457157135,0.32219672203063965,0.36915698647499084,0.2730863094329834,0.3182064890861511,0.44870907068252563,0.32032135128974915,0.3528660237789154,0.32081836462020874,0.29352355003356934,0.3205316662788391,0.2415933459997177,0.2886659502983093,0.4607069194316864,0.27993491291999817,0.37181466817855835,0.2749495506286621,0.31805089116096497,0.27219799160957336,0.2695290148258209,0.2606462836265564,0.4916563332080841,0.24372340738773346,0.43483659625053406,0.23379014432430267,0.39636850357055664,0.22792908549308777,0.3574790358543396,paper,03060,C:/Users/Javier/PIDS_HandPose/work/HAR_mediapipe/data/gestos_pids/train//paper/paper_03060.jpg
0.44626209139823914,0.681463360786438,0.5020248889923096,0.6657054424285889,0.5492211580276489,0.6130532622337341,0.5773230195045471,0.5611428022384644,0.6017950773239136,0.5259316563606262,0.5180891752243042,0.4933634400367737,0.5387588143348694,0.4108884036540985,0.5503649711608887,0.35873985290527344,0.5594820976257324,0.3139512240886688,0.49147364497184753,0.47401541471481323,0.5051988959312439,0.37901273369789124,0.5159487724304199,0.3207473158836365,0.5249017477035522,0.27072873711586,0.4632175862789154,0.4789789915084839,0.46828293800354004,0.3874025344848633,0.4759039282798767,0.3297704756259918,0.4850279688835144,0.2783411741256714,0.4345012903213501,0.5043749213218689,0.42194753885269165,0.44277164340019226,0.419009804725647,0.3996760845184326,0.42023083567619324,0.35831689834594727,paper,03061,C:/Users/Javier/PIDS_HandPose/work/HAR_mediapipe/data/gestos_pids/train//paper/paper_03061.jpg
0.3128802180290222,0.6729804873466492,0.36339104175567627,0.6402555108070374,0.4030638635158539,0.5833758115768433,0.42771095037460327,0.5256483554840088,0.44970792531967163,0.4821503460407257,0.36670514941215515,0.47814831137657166,0.37954407930374146,0.3920759856700897,0.38447606563568115,0.3373253345489502,0.3875584602355957,0.28938716650009155,0.3374853730201721,0.46609216928482056,0.3417602777481079,0.3706953823566437,0.34462738037109375,0.31134361028671265,0.3459719121456146,0.2595178186893463,0.3086582124233246,0.47841519117355347,0.3048887252807617,0.38924896717071533,0.30416882038116455,0.3321499526500702,0.30446428060531616,0.2801898717880249,0.2811394929885864,0.5092929601669312,0.2616787850856781,0.4541517496109009,0.25025683641433716,0.41385671496391296,0.24228601157665253,0.37407684326171875,paper,03062,C:/Users/Javier/PIDS_HandPose/work/HAR_mediapipe/data/gestos_pids/train//paper/paper_03062.jpg
0.8228572010993958,0.6172968149185181,0.7684624195098877,0.6202701926231384,0.71797114610672,0.5830589532852173,0.6825554370880127,0.536371111869812,0.6512402892112732,0.510774552822113,0.7245328426361084,0.46222931146621704,0.6900451183319092,0.39049774408340454,0.6704240441322327,0.3446829915046692,0.653979480266571,0.30448925495147705,0.7532370686531067,0.4279577434062958,0.7261908054351807,0.3417431116104126,0.707551121711731,0.28763508796691895,0.6916673183441162,0.24285797774791718,0.784541666507721,0.41786304116249084,0.7644447684288025,0.33465832471847534,0.7500173449516296,0.28368106484413147,0.7361374497413635,0.24317945539951324,0.8180928230285645,0.4238559305667877,0.8109865188598633,0.3562778830528259,0.8019253015518188,0.3160637617111206,0.7900639176368713,0.28405407071113586,paper,03063,C:/Users/Javier/PIDS_HandPose/work/HAR_mediapipe/data/gestos_pids/train//paper/paper_03063.jpg
0.7545027136802673,0.4776122272014618,0.6932685375213623,0.5041908025741577,0.6255388855934143,0.49109700322151184,0.5710314512252808,0.4724675118923187,0.5269718170166016,0.4727633595466614,0.6116980314254761,0.346599817276001,0.5595452785491943,0.27329254150390625,0.5291717648506165,0.22436077892780304,0.5043376684188843,0.17995797097682953,0.6354073286056519,0.2939378619194031,0.5856506824493408,0.20339995622634888,0.5552236437797546,0.14392441511154175,0.5309633612632751,0.09156855940818787,0.6689434051513672,0.263543039560318,0.6252243518829346,0.17309588193893433,0.5987764596939087,0.11771556735038757,0.5757554769515991,0.07194079458713531,0.708493173122406,0.24953976273536682,0.6830297112464905,0.17017212510108948,0.6650343537330627,0.12073758244514465,0.6475953459739685,0.07753713428974152,paper,03064,C:/Users/Javier/PIDS_HandPose/work/HAR_mediapipe/data/gestos_pids/train//paper/paper_03064.jpg
0.9163232445716858,0.48793840408325195,0.8561627864837646,0.45621174573898315,0.8006370067596436,0.3920047879219055,0.7597769498825073,0.33824193477630615,0.7239166498184204,0.31567612290382385,0.822827935218811,0.2612759470939636,0.7956147193908691,0.163803830742836,0.7824442982673645,0.10281336307525635,0.7728896737098694,0.04826606810092926,0.8558675050735474,0.23406369984149933,0.8355280160903931,0.12585891783237457,0.825412392616272,0.055237188935279846,0.8190406560897827,-0.007908672094345093,0.891724169254303,0.23114469647407532,0.8765020966529846,0.13234122097492218,0.869239091873169,0.06564468145370483,0.8637048602104187,0.009594142436981201,0.9295064210891724,0.24671532213687897,0.9278033375740051,0.16702008247375488,0.9277300834655762,0.11504243314266205,0.9273675680160522,0.06827101111412048,paper,03065,C:/Users/Javier/PIDS_HandPose/work/HAR_mediapipe/data/gestos_pids/train//paper/paper_03065.jpg
0.7021369934082031,0.5802093148231506,0.6467851400375366,0.5934601426124573,0.5883712768554688,0.5748721957206726,0.5424043536186218,0.5536417961120605,0.5056459903717041,0.5502524375915527,0.5816534161567688,0.44783148169517517,0.5425927639007568,0.38036537170410156,0.5196264386177063,0.33628761768341064,0.500235915184021,0.29672133922576904,0.6042965054512024,0.4059910476207733,0.5691692233085632,0.31954777240753174,0.5480534434318542,0.26652926206588745,0.5308696627616882,0.22288548946380615,0.6332865953445435,0.3848949372768402,0.6043692231178284,0.3029199540615082,0.5856731534004211,0.2537291347980499,0.5682831406593323,0.21446101367473602,0.6670757532119751,0.37763306498527527,0.6553314328193665,0.30945760011672974,0.643836498260498,0.26663652062416077,0.630671501159668,0.23136524856090546,paper,03066,C:/Users/Javier/PIDS_HandPose/work/HAR_mediapipe/data/gestos_pids/train//paper/paper_03066.jpg
0.9390236139297485,0.6333485245704651,0.8819291591644287,0.5930312275886536,0.8346940279006958,0.5208899974822998,0.8009083867073059,0.46153146028518677,0.7675182819366455,0.433516263961792,0.8650341033935547,0.40382182598114014,0.8478648662567139,0.30086493492126465,0.8400079011917114,0.23712928593158722,0.8348328471183777,0.1813475787639618,0.9005313515663147,0.38512352108955383,0.8911102414131165,0.2710537314414978,0.8874552249908447,0.19850528240203857,0.8868585824966431,0.13380542397499084,0.9369611144065857,0.39030978083610535,0.9314335584640503,0.28473424911499023,0.9296178221702576,0.21686561405658722,0.9283033013343811,0.15986023843288422,0.9733834862709045,0.41336768865585327,0.9783821702003479,0.3329460322856903,0.9815407991409302,0.2802886366844177,0.9833632707595825,0.23260992765426636,paper,03067,C:/Users/Javier/PIDS_HandPose/work/HAR_mediapipe/data/gestos_pids/train//paper/paper_03067.jpg
0.687565803527832,0.5972189903259277,0.6291370987892151,0.595566987991333,0.5688315033912659,0.5580637454986572,0.5241767168045044,0.5180956125259399,0.4863566756248474,0.49729663133621216,0.5769063234329224,0.4142228066921234,0.5393537878990173,0.32823124527931213,0.5186257362365723,0.27277302742004395,0.5018123984336853,0.22341012954711914,0.6059596538543701,0.3780577480792999,0.5767627358436584,0.2741347551345825,0.5580237507820129,0.20723916590213776,0.5422635078430176,0.1509634405374527,0.639915406703949,0.3665634095668793,0.6184686422348022,0.26742690801620483,0.6028310656547546,0.20462949573993683,0.5877655148506165,0.15381984412670135,0.6765541434288025,0.37254437804222107,0.6697691082954407,0.2931521236896515,0.6612220406532288,0.24077406525611877,0.6501578688621521,0.19650819897651672,paper,03068,C:/Users/Javier/PIDS_HandPose/work/HAR_mediapipe/data/gestos_pids/train//paper/paper_03068.jpg
0.7329438924789429,0.5742940902709961,0.6704946160316467,0.5641961693763733,0.6124361753463745,0.5176451802253723,0.5696563720703125,0.47383007407188416,0.5326699018478394,0.455657958984375,0.627137303352356,0.3787694275379181,0.5912050604820251,0.28766801953315735,0.5729610919952393,0.22992649674415588,0.5580079555511475,0.1781359612941742,0.6580381989479065,0.345315158367157,0.6313269138336182,0.2375951111316681,0.6147750616073608,0.168512761592865,0.6014781594276428,0.11017385125160217,0.6925395131111145,0.3373560309410095,0.674103856086731,0.23876896500587463,0.6607746481895447,0.174984872341156,0.648502767086029,0.12261384725570679,0.7293432950973511,0.3470846712589264,0.7249033451080322,0.26644423604011536,0.7187369465827942,0.2129017412662506,0.7103843092918396,0.16568422317504883,paper,03069,C:/Users/Javier/PIDS_HandPose/work/HAR_mediapipe/data/gestos_pids/train//paper/paper_03069.jpg
0.7591713070869446,0.6306949853897095,0.6956936717033386,0.6216063499450684,0.6352227926254272,0.5736972689628601,0.5920028686523438,0.525249183177948,0.5538456439971924,0.5032232999801636,0.654302179813385,0.42763492465019226,0.6221058368682861,0.3347131311893463,0.605087399482727,0.27542734146118164,0.5907061100006104,0.22249431908130646,0.6866423487663269,0.39662426710128784,0.6645061373710632,0.28690487146377563,0.6513969898223877,0.21609416604042053,0.6408272385597229,0.1545623540878296,0.7219976186752319,0.3901936411857605,0.7053683996200562,0.28640180826187134,0.6945135593414307,0.21827709674835205,0.6842617392539978,0.16195975244045258,0.7595540881156921,0.4018786549568176,0.7557244896888733,0.3176790177822113,0.7511700987815857,0.2616453170776367,0.7443168759346008,0.21288816630840302,paper,03070,C:/Users/Javier/PIDS_HandPose/work/HAR_mediapipe/data/gestos_pids/train//paper/paper_03070.jpg
0.16724655032157898,0.6015921235084534,0.22091901302337646,0.6411287784576416,0.28632354736328125,0.6420503854751587,0.3346814811229706,0.6473262310028076,0.36883336305618286,0.671930193901062,0.299291729927063,0.47556400299072266,0.34430262446403503,0.4068344235420227,0.37229183316230774,0.3635122776031494,0.3959835469722748,0.32627883553504944,0.2748618721961975,0.4299958348274231,0.3106236457824707,0.33566170930862427,0.33624953031539917,0.2825620174407959,0.3566504120826721,0.24004238843917847,0.24292239546775818,0.40863344073295593,0.27483659982681274,0.3193938732147217,0.2960766553878784,0.26428553462028503,0.31271520256996155,0.21756303310394287,0.2070750594139099,0.40763533115386963,0.2117353081703186,0.32468441128730774,0.2166626751422882,0.26801854372024536,0.22285664081573486,0.218977689743042,paper,04001,C:/Users/Javier/PIDS_HandPose/work/HAR_mediapipe/data/gestos_pids/train//paper/paper_04001.jpg
0.6004946231842041,0.6281682848930359,0.5522894263267517,0.6253320574760437,0.5058333277702332,0.6107219457626343,0.4674728810787201,0.6083903312683105,0.43789908289909363,0.6150314807891846,0.5180619359016418,0.47524937987327576,0.4893064498901367,0.41194868087768555,0.47188740968704224,0.37611544132232666,0.4564521312713623,0.3454834818840027,0.5383787155151367,0.4476533830165863,0.5135434865951538,0.37410768866539,0.496698796749115,0.32948511838912964,0.48360908031463623,0.2936771512031555,0.5627979636192322,0.43896856904029846,0.543420135974884,0.3674284815788269,0.5290966033935547,0.32644787430763245,0.5164977312088013,0.29350608587265015,0.5900501012802124,0.4428732693195343,0.5853936672210693,0.3814339339733124,0.5803238153457642,0.34301576018333435,0.5742053389549255,0.308991402387619,paper,04002,C:/Users/Javier/PIDS_HandPose/work/HAR_mediapipe/data/gestos_pids/train//paper/paper_04002.jpg
0.6411992907524109,0.6785208582878113,0.5938055515289307,0.6740595698356628,0.5468825697898865,0.6552123427391052,0.5120288133621216,0.6505438089370728,0.4843854308128357,0.6562050580978394,0.5540811419487,0.5226764678955078,0.5245854258537292,0.4627689719200134,0.5073828101158142,0.427532434463501,0.49245381355285645,0.39537185430526733,0.5740104913711548,0.49585869908332825,0.5463623404502869,0.4237730801105499,0.5295987129211426,0.38042405247688293,0.5169939398765564,0.3450689911842346,0.5983851552009583,0.4884541928768158,0.575413703918457,0.4180743098258972,0.5598163604736328,0.3777601718902588,0.5467628836631775,0.34378451108932495,0.6269807815551758,0.4932663142681122,0.618217408657074,0.43234825134277344,0.6113132238388062,0.3937985599040985,0.6043883562088013,0.35733604431152344,paper,04003,C:/Users/Javier/PIDS_HandPose/work/HAR_mediapipe/data/gestos_pids/train//paper/paper_04003.jpg
0.7943602204322815,0.8097602128982544,0.730846643447876,0.7851437926292419,0.6707106232643127,0.7397780418395996,0.621516227722168,0.7167993187904358,0.5799715518951416,0.7100337743759155,0.7019634246826172,0.5633284449577332,0.6686675548553467,0.4636196494102478,0.6501244306564331,0.4039902687072754,0.6329798698425293,0.34733885526657104,0.7381678819656372,0.5375877618789673,0.7138073444366455,0.42476165294647217,0.6978364586830139,0.3557018041610718,0.6843457818031311,0.29163819551467896,0.7768020629882812,0.544436514377594,0.7572482228279114,0.4385683834552765,0.7420476078987122,0.37214624881744385,0.7287555932998657,0.31022214889526367,0.8173381090164185,0.5704206228256226,0.8156248331069946,0.4794086515903473,0.8122358322143555,0.4169415831565857,0.8081201314926147,0.3547229766845703,paper,04004,C:/Users/Javier/PIDS_HandPose/work/HAR_mediapipe/data/gestos_pids/train//paper/paper_04004.jpg
0.121012844145298,0.6898984909057617,0.16691182553768158,0.70985347032547,0.21598143875598907,0.7017551064491272,0.2521945834159851,0.7008581161499023,0.2801109552383423,0.7081177830696106,0.2184072732925415,0.57695472240448,0.2519782781600952,0.5293009877204895,0.2732807993888855,0.49965721368789673,0.29033738374710083,0.474612832069397,0.1994716078042984,0.5451076030731201,0.2285914570093155,0.4804721772670746,0.2469862997531891,0.4453701972961426,0.261111855506897,0.41662079095840454,0.17446276545524597,0.5326340198516846,0.20018750429153442,0.4715028405189514,0.21626880764961243,0.43432462215423584,0.2297668159008026,0.400637686252594,0.14557746052742004,0.5345951318740845,0.1470497101545334,0.47790950536727905,0.14923113584518433,0.43709075450897217,0.15274737775325775,0.3998674750328064,paper,04005,C:/Users/Javier/PIDS_HandPose/work/HAR_mediapipe/data/gestos_pids/train//paper/paper_04005.jpg
0.6101220846176147,0.745734453201294,0.5667221546173096,0.7403432130813599,0.5235294699668884,0.7180715799331665,0.4906337261199951,0.705837607383728,0.46443894505500793,0.7074117660522461,0.5336275100708008,0.5933141708374023,0.5080617666244507,0.5352744460105896,0.4926316738128662,0.5025805234909058,0.47908854484558105,0.47387102246284485,0.5511669516563416,0.5698708295822144,0.5274277329444885,0.5001683831214905,0.5123952627182007,0.4579247534275055,0.5010353922843933,0.4239356517791748,0.5728973746299744,0.5638782978057861,0.5531231760978699,0.4957714080810547,0.5395276546478271,0.45466816425323486,0.5283003449440002,0.421234667301178,0.5990035533905029,0.5697421431541443,0.5948032140731812,0.5112065672874451,0.5901185870170593,0.47377386689186096,0.5846350193023682,0.4403917193412781,paper,04006,C:/Users/Javier/PIDS_HandPose/work/HAR_mediapipe/data/gestos_pids/train//paper/paper_04006.jpg
0.08921849727630615,0.7390570044517517,0.13486622273921967,0.7606195211410522,0.18428604304790497,0.7442761659622192,0.22055324912071228,0.7316742539405823,0.24856004118919373,0.7286005020141602,0.1826302409172058,0.631317675113678,0.21285255253314972,0.5787932872772217,0.23148342967033386,0.5442915558815002,0.2469729781150818,0.5143767595291138,0.16354186832904816,0.6015135049819946,0.18872609734535217,0.5350145101547241,0.20543178915977478,0.49566197395324707,0.21810996532440186,0.4632951319217682,0.13840261101722717,0.5905284285545349,0.16031508147716522,0.5287542343139648,0.1745225489139557,0.4882756769657135,0.1865181028842926,0.4523323178291321,0.11005491763353348,0.5935974717140198,0.11039061844348907,0.5374855995178223,0.11276883631944656,0.49857157468795776,0.11676967144012451,0.4635792076587677,paper,04007,C:/Users/Javier/PIDS_HandPose/work/HAR_mediapipe/data/gestos_pids/train//paper/paper_04007.jpg
0.12469128519296646,0.7418063879013062,0.16689836978912354,0.7609363198280334,0.2137605845928192,0.7499357461929321,0.24795745313167572,0.7430404424667358,0.27614688873291016,0.7393448948860168,0.21689684689044952,0.6319798827171326,0.24772675335407257,0.5856213569641113,0.26836639642715454,0.5574653744697571,0.28509455919265747,0.5336945652961731,0.19932666420936584,0.6012540459632874,0.22641688585281372,0.5386709570884705,0.2446495145559311,0.5026383996009827,0.2584643065929413,0.4734477996826172,0.17471444606781006,0.5877143740653992,0.1984277218580246,0.5272103548049927,0.21388904750347137,0.48853427171707153,0.22669193148612976,0.45551246404647827,0.14590021967887878,0.5885359048843384,0.14867931604385376,0.5326862335205078,0.1518346667289734,0.49390673637390137,0.15549276769161224,0.4591783285140991,paper,04008,C:/Users/Javier/PIDS_HandPose/work/HAR_mediapipe/data/gestos_pids/train//paper/paper_04008.jpg
0.6437183618545532,0.7989601492881775,0.5962928533554077,0.786878228187561,0.5501409769058228,0.7463504672050476,0.5141268372535706,0.7190383672714233,0.48493167757987976,0.7081902027130127,0.5624194145202637,0.6192522644996643,0.5339020490646362,0.5473028421401978,0.5163713693618774,0.5056650042533875,0.5008121728897095,0.4691845178604126,0.5834017395973206,0.5965336561203003,0.556759238243103,0.5151141881942749,0.5381324887275696,0.463562548160553,0.5216781497001648,0.4218079149723053,0.6076192855834961,0.5945302844047546,0.5858868360519409,0.5131534337997437,0.5691705346107483,0.46658504009246826,0.5542219281196594,0.42923295497894287,0.6359153389930725,0.606878399848938,0.6313815712928772,0.5388190746307373,0.6255443096160889,0.4933689832687378,0.6183925867080688,0.4519866704940796,paper,04009,C:/Users/Javier/PIDS_HandPose/work/HAR_mediapipe/data/gestos_pids/train//paper/paper_04009.jpg
0.09741687774658203,0.7494890093803406,0.14161939918994904,0.7729249596595764,0.1926463395357132,0.7595151662826538,0.2311529815196991,0.7490687966346741,0.2608436942100525,0.7415158152580261,0.19372612237930298,0.6394801139831543,0.2261294424533844,0.5863085985183716,0.24644285440444946,0.5536138415336609,0.263073205947876,0.5261294841766357,0.17405018210411072,0.6086095571517944,0.20188158750534058,0.5402110815048218,0.21928498148918152,0.5008746385574341,0.23241905868053436,0.46925172209739685,0.14789706468582153,0.5965613722801208,0.17221219837665558,0.5325203537940979,0.18565408885478973,0.4882972240447998,0.1967158019542694,0.44882845878601074,0.11889193952083588,0.5989437103271484,0.11901290714740753,0.544188380241394,0.11949659138917923,0.5036940574645996,0.12139955163002014,0.46741756796836853,paper,04010,C:/Users/Javier/PIDS_HandPose/work/HAR_mediapipe/data/gestos_pids/train//paper/paper_04010.jpg
0.11293764412403107,0.7377132773399353,0.15709945559501648,0.7526595592498779,0.20424708724021912,0.7407586574554443,0.23969635367393494,0.7316964864730835,0.26818645000457764,0.7279454469680786,0.20591232180595398,0.6182812452316284,0.23820073902606964,0.5688994526863098,0.2584935128688812,0.5402069687843323,0.27570176124572754,0.5153886079788208,0.1884082406759262,0.590522050857544,0.2158321887254715,0.5236758589744568,0.23359093070030212,0.4859774112701416,0.2473239004611969,0.45428675413131714,0.16420572996139526,0.5796606540679932,0.18682177364826202,0.5176544189453125,0.20103932917118073,0.4771650731563568,0.21299861371517181,0.44108694791793823,0.1361473947763443,0.5817923545837402,0.13831263780593872,0.5266891717910767,0.1399625539779663,0.4876426160335541,0.1415640413761139,0.451587051153183,paper,04011,C:/Users/Javier/PIDS_HandPose/work/HAR_mediapipe/data/gestos_pids/train//paper/paper_04011.jpg
0.6253188252449036,0.9514917135238647,0.5872414112091064,0.9240179061889648,0.5569444894790649,0.8642914891242981,0.5353691577911377,0.8206636309623718,0.5144004225730896,0.7975019812583923,0.5784456729888916,0.7598028779029846,0.563845694065094,0.6915932893753052,0.5537474751472473,0.6518208384513855,0.5437192916870117,0.616044282913208,0.5980126261711121,0.7497442960739136,0.5817244052886963,0.6756445169448853,0.568968653678894,0.6287208795547485,0.5558841228485107,0.5890707969665527,0.617967963218689,0.7560490369796753,0.6062143445014954,0.6844586133956909,0.5939926505088806,0.6420789361000061,0.5810612440109253,0.6067594289779663,0.63966304063797,0.7749303579330444,0.6369435787200928,0.7147119641304016,0.6319283246994019,0.6741965413093567,0.6257909536361694,0.6367843747138977,paper,04012,C:/Users/Javier/PIDS_HandPose/work/HAR_mediapipe/data/gestos_pids/train//paper/paper_04012.jpg
0.6187049746513367,0.9605250954627991,0.582091748714447,0.9305562376976013,0.5559805631637573,0.8675540089607239,0.5379050374031067,0.8229652047157288,0.5198673009872437,0.7972557544708252,0.5770472884178162,0.765099048614502,0.5647423267364502,0.6942737698554993,0.5554531812667847,0.653876781463623,0.5459985733032227,0.6165862083435059,0.5956527590751648,0.7581170797348022,0.5816336870193481,0.6812188029289246,0.5700293183326721,0.6328772306442261,0.5580620169639587,0.5907697677612305,0.6140868663787842,0.7667040824890137,0.6043484807014465,0.6916429996490479,0.5919771194458008,0.6453637480735779,0.5784836411476135,0.6061673164367676,0.6340196132659912,0.7878239154815674,0.6329198479652405,0.72747802734375,0.6286162734031677,0.686040997505188,0.6231493949890137,0.6469141244888306,paper,04013,C:/Users/Javier/PIDS_HandPose/work/HAR_mediapipe/data/gestos_pids/train//paper/paper_04013.jpg
0.5918594002723694,0.956691563129425,0.5453264117240906,0.9300087094306946,0.4988373816013336,0.8775616884231567,0.46153706312179565,0.8465813398361206,0.4305293560028076,0.8347092270851135,0.5239027142524719,0.7487801909446716,0.4998607933521271,0.6708939075469971,0.4837605655193329,0.6296149492263794,0.4687989354133606,0.5940881371498108,0.5468866229057312,0.7343536019325256,0.5248762369155884,0.6446548700332642,0.5088728070259094,0.5930942893028259,0.4950210154056549,0.5495249032974243,0.5728113651275635,0.7396997213363647,0.5553992390632629,0.6569356918334961,0.5419098734855652,0.6104431748390198,0.529964804649353,0.569179892539978,0.6012007594108582,0.7589395046234131,0.5969317555427551,0.6902040243148804,0.5920332670211792,0.6463654041290283,0.5869705080986023,0.6054182052612305,paper,04014,C:/Users/Javier/PIDS_HandPose/work/HAR_mediapipe/data/gestos_pids/train//paper/paper_04014.jpg
0.42431026697158813,0.6566582918167114,0.3804430365562439,0.6382707357406616,0.33578622341156006,0.5915316343307495,0.2997967600822449,0.5631736516952515,0.27052316069602966,0.5544551610946655,0.35948646068573,0.46234506368637085,0.340756893157959,0.39298954606056213,0.32870063185691833,0.35461291670799255,0.3172602653503418,0.3197466731071472,0.3785583972930908,0.4454539716243744,0.35816773772239685,0.36743688583374023,0.34270286560058594,0.3220832943916321,0.3296322822570801,0.2834722399711609,0.4003492295742035,0.4436527192592621,0.3832709789276123,0.3635135591030121,0.369619756937027,0.31873655319213867,0.35747766494750977,0.281440794467926,0.42545005679130554,0.4550148844718933,0.4186190962791443,0.38773834705352783,0.41127029061317444,0.3462514877319336,0.40350452065467834,0.30978354811668396,paper,04015,C:/Users/Javier/PIDS_HandPose/work/HAR_mediapipe/data/gestos_pids/train//paper/paper_04015.jpg
0.4098123610019684,0.6792165040969849,0.37411826848983765,0.6368971467018127,0.35029375553131104,0.5564246773719788,0.3352651000022888,0.5032339096069336,0.31577593088150024,0.47406330704689026,0.3714715838432312,0.4536391496658325,0.3668021857738495,0.36237674951553345,0.36175981163978577,0.3016820549964905,0.3546079993247986,0.24920174479484558,0.38469141721725464,0.4535485506057739,0.37506377696990967,0.35753747820854187,0.36384978890419006,0.2925167977809906,0.35106176137924194,0.23692548274993896,0.39927396178245544,0.46931543946266174,0.3903733789920807,0.37606510519981384,0.3804265856742859,0.3139173984527588,0.3687834143638611,0.2605549097061157,0.41529393196105957,0.4987834393978119,0.4162578880786896,0.42963799834251404,0.4133290946483612,0.3819408118724823,0.4092501401901245,0.33743688464164734,paper,04016,C:/Users/Javier/PIDS_HandPose/work/HAR_mediapipe/data/gestos_pids/train//paper/paper_04016.jpg
0.5726240277290344,0.677501380443573,0.5243915915489197,0.6442890167236328,0.47890549898147583,0.5806910991668701,0.4412529468536377,0.5373057126998901,0.4088699519634247,0.5214898586273193,0.5111128091812134,0.458218514919281,0.4932340085506439,0.37540093064308167,0.4830726385116577,0.3283664584159851,0.47466444969177246,0.2846819758415222,0.5370529294013977,0.44410935044288635,0.5228086113929749,0.3497436046600342,0.5133283138275146,0.29278311133384705,0.5054872632026672,0.24349641799926758,0.5639690160751343,0.45256298780441284,0.5544665455818176,0.3619109094142914,0.5457907319068909,0.31034642457962036,0.5373854041099548,0.26546555757522583,0.5918468832969666,0.4768145978450775,0.5924112200737,0.40717488527297974,0.5907763242721558,0.36071139574050903,0.5884109139442444,0.3174560070037842,paper,04017,C:/Users/Javier/PIDS_HandPose/work/HAR_mediapipe/data/gestos_pids/train//paper/paper_04017.jpg
0.5696146488189697,0.6336171627044678,0.5207175016403198,0.6664806604385376,0.4681679308414459,0.6904275417327881,0.42684701085090637,0.720824122428894,0.3939797580242157,0.7551196813583374,0.4392958879470825,0.5400265455245972,0.38510218262672424,0.5113363265991211,0.35252276062965393,0.49183380603790283,0.3240184187889099,0.47063809633255005,0.45499056577682495,0.4884200990200043,0.40429890155792236,0.4322662651538849,0.3737463355064392,0.3960244953632355,0.34993457794189453,0.3626091480255127,0.48172733187675476,0.45961394906044006,0.43958723545074463,0.3987666666507721,0.41575807332992554,0.3631333112716675,0.3954890966415405,0.3300327658653259,0.5149284601211548,0.44589218497276306,0.49352169036865234,0.3849576413631439,0.48055946826934814,0.3475164771080017,0.4674113094806671,0.3123044967651367,paper,04018,C:/Users/Javier/PIDS_HandPose/work/HAR_mediapipe/data/gestos_pids/train//paper/paper_04018.jpg
0.4126211404800415,0.5055754780769348,0.3649563193321228,0.554060697555542,0.31312593817710876,0.5873842835426331,0.27482885122299194,0.6113461852073669,0.24648426473140717,0.6386627554893494,0.27905428409576416,0.43747854232788086,0.2269945740699768,0.4137294292449951,0.19774788618087769,0.39894765615463257,0.17223796248435974,0.3819175362586975,0.2908438742160797,0.3863385319709778,0.23660388588905334,0.3394005298614502,0.20622074604034424,0.3133290112018585,0.18510538339614868,0.2898472547531128,0.3129611015319824,0.35413461923599243,0.26603198051452637,0.304013192653656,0.23995402455329895,0.2803090512752533,0.2198045551776886,0.2589467763900757,0.34246569871902466,0.3314236104488373,0.31531599164009094,0.27733317017555237,0.29812753200531006,0.24835439026355743,0.2818790376186371,0.22205333411693573,paper,04019,C:/Users/Javier/PIDS_HandPose/work/HAR_mediapipe/data/gestos_pids/train//paper/paper_04019.jpg
0.6940041184425354,0.5573716163635254,0.648556649684906,0.5846465229988098,0.5999907851219177,0.6015380620956421,0.561123251914978,0.6189413666725159,0.5308860540390015,0.6380171775817871,0.5738863348960876,0.4695877730846405,0.5247527956962585,0.4316098093986511,0.4958430230617523,0.4075377583503723,0.4707549810409546,0.38412684202194214,0.5864524841308594,0.4266591966152191,0.5406220555305481,0.3724644184112549,0.5125053524971008,0.34145501255989075,0.4899407625198364,0.3142932057380676,0.6078048944473267,0.4005427956581116,0.5676336288452148,0.34702715277671814,0.5433458089828491,0.31833526492118835,0.522886335849762,0.2927064895629883,0.6360355019569397,0.38417407870292664,0.6109525561332703,0.33243024349212646,0.5934888124465942,0.30264243483543396,0.5769356489181519,0.27419939637184143,paper,04020,C:/Users/Javier/PIDS_HandPose/work/HAR_mediapipe/data/gestos_pids/train//paper/paper_04020.jpg
0.8598452210426331,0.7021893262863159,0.8244915008544922,0.6924920082092285,0.7875687479972839,0.6769262552261353,0.756851315498352,0.6676250696182251,0.7327060699462891,0.664758026599884,0.7966932058334351,0.5443902015686035,0.7730222940444946,0.48211967945098877,0.7592867016792297,0.4463438391685486,0.7467728853225708,0.4124116003513336,0.8170825242996216,0.5212919116020203,0.8008622527122498,0.4491044580936432,0.7909523248672485,0.404588907957077,0.7820765376091003,0.36656635999679565,0.8380599021911621,0.5180492401123047,0.8245242834091187,0.45027557015419006,0.8155285120010376,0.40955299139022827,0.8072311878204346,0.37380895018577576,0.8614426851272583,0.5271632075309753,0.8537247776985168,0.4693521559238434,0.847805380821228,0.4340375065803528,0.8413633704185486,0.40116187930107117,paper,04021,C:/Users/Javier/PIDS_HandPose/work/HAR_mediapipe/data/gestos_pids/train//paper/paper_04021.jpg
0.8642419576644897,0.7972906827926636,0.822903037071228,0.75042724609375,0.7859395742416382,0.6887041926383972,0.7582009434700012,0.6406151056289673,0.7346315979957581,0.6102973222732544,0.8265487551689148,0.5865775346755981,0.8177711367607117,0.5074342489242554,0.8126543760299683,0.4627584218978882,0.8077738285064697,0.4204705059528351,0.8529800176620483,0.5823201537132263,0.8534173965454102,0.4974799156188965,0.8534433841705322,0.44613176584243774,0.8535844087600708,0.4013960361480713,0.8770825266838074,0.5995233058929443,0.8782805800437927,0.5243749618530273,0.8789260387420654,0.4774368405342102,0.878428041934967,0.4362366795539856,0.9003772735595703,0.6300752758979797,0.9077748656272888,0.5734308958053589,0.9101284742355347,0.5371702313423157,0.9113035798072815,0.5028919577598572,paper,04022,C:/Users/Javier/PIDS_HandPose/work/HAR_mediapipe/data/gestos_pids/train//paper/paper_04022.jpg
0.7904579043388367,0.7718557119369507,0.7426204681396484,0.7322165369987488,0.7008510828018188,0.6746718287467957,0.6680117249488831,0.6348669528961182,0.6410813331604004,0.6115086078643799,0.7367419600486755,0.5581904649734497,0.7201282382011414,0.47891074419021606,0.7103675007820129,0.4339058995246887,0.7011198997497559,0.39157766103744507,0.7641167044639587,0.5464839339256287,0.7569589614868164,0.45901378989219666,0.7514168620109558,0.4047486186027527,0.7460631728172302,0.35737621784210205,0.790932834148407,0.5574063658714294,0.7859288454055786,0.4776630401611328,0.7811930775642395,0.42915216088294983,0.7759124040603638,0.3870507478713989,0.8173367977142334,0.5827794671058655,0.8205435872077942,0.5216255187988281,0.8202494382858276,0.48243606090545654,0.8190708160400391,0.44542306661605835,paper,04023,C:/Users/Javier/PIDS_HandPose/work/HAR_mediapipe/data/gestos_pids/train//paper/paper_04023.jpg
0.7180945873260498,0.5455061197280884,0.6686843633651733,0.5209363102912903,0.6212676763534546,0.48685336112976074,0.5826764106750488,0.4603818655014038,0.5526032447814941,0.4445912539958954,0.6462721228599548,0.3623691201210022,0.6234902739524841,0.2907073199748993,0.6103901863098145,0.2511010766029358,0.5983138084411621,0.21450111269950867,0.672130823135376,0.34151971340179443,0.6558635830879211,0.26004481315612793,0.6449707746505737,0.21030056476593018,0.6362584233283997,0.16842256486415863,0.6995331645011902,0.343627393245697,0.6869851350784302,0.2693920135498047,0.6772599220275879,0.22400403022766113,0.6677947640419006,0.1853334903717041,0.7282760143280029,0.3606322705745697,0.7265791296958923,0.3012750744819641,0.7224935293197632,0.26414257287979126,0.7173815369606018,0.2291184961795807,paper,04024,C:/Users/Javier/PIDS_HandPose/work/HAR_mediapipe/data/gestos_pids/train//paper/paper_04024.jpg
0.8834260106086731,0.5719364881515503,0.8443256616592407,0.5554952025413513,0.8074079155921936,0.5180467367172241,0.7775736451148987,0.4893271028995514,0.7523982524871826,0.4739164710044861,0.8236629366874695,0.414926141500473,0.8075165152549744,0.34528595209121704,0.7974233031272888,0.3023267686367035,0.7880146503448486,0.26430267095565796,0.8449955582618713,0.40073877573013306,0.8365943431854248,0.3235799968242645,0.8321046829223633,0.27559494972229004,0.8274530172348022,0.23376987874507904,0.8679364323616028,0.40558815002441406,0.8603795766830444,0.3364006280899048,0.856447696685791,0.29405856132507324,0.8517987132072449,0.2570209503173828,0.8918102383613586,0.4232276976108551,0.890709400177002,0.3716749846935272,0.8888461589813232,0.3383021652698517,0.8862137794494629,0.3074869215488434,paper,04025,C:/Users/Javier/PIDS_HandPose/work/HAR_mediapipe/data/gestos_pids/train//paper/paper_04025.jpg
0.8832250237464905,0.6989588141441345,0.8493422269821167,0.6406940221786499,0.8217947483062744,0.5735329985618591,0.8003333806991577,0.5240352749824524,0.7790063619613647,0.49508005380630493,0.8747299909591675,0.5004457831382751,0.8735142946243286,0.4291365444660187,0.8734089732170105,0.3865266740322113,0.8738535642623901,0.3474792242050171,0.9013792872428894,0.5042004585266113,0.9070038199424744,0.4258425235748291,0.910580575466156,0.3777616322040558,0.9153658151626587,0.33712416887283325,0.9239665865898132,0.5260241031646729,0.931888222694397,0.4542364776134491,0.9353546500205994,0.41101133823394775,0.9388248920440674,0.3735158443450928,0.9442920684814453,0.5611355900764465,0.9582645893096924,0.5081387162208557,0.9654319286346436,0.47352930903434753,0.9714082479476929,0.44009679555892944,paper,04026,C:/Users/Javier/PIDS_HandPose/work/HAR_mediapipe/data/gestos_pids/train//paper/paper_04026.jpg
0.843638002872467,0.6571468114852905,0.8157511949539185,0.5950443744659424,0.8010240197181702,0.5220845341682434,0.7903751134872437,0.47465309500694275,0.7765476107597351,0.4419526159763336,0.866603672504425,0.45478004217147827,0.8771157264709473,0.3858244717121124,0.8827996253967285,0.34738147258758545,0.8891643285751343,0.3117099404335022,0.8896633982658386,0.4639018774032593,0.9071651101112366,0.3852285146713257,0.9154831767082214,0.33865830302238464,0.9234142303466797,0.29989010095596313,0.9072946906089783,0.48899853229522705,0.927118718624115,0.41314175724983215,0.9349936842918396,0.36961373686790466,0.9418696761131287,0.33279234170913696,0.9218102693557739,0.5274834632873535,0.9425297379493713,0.47477883100509644,0.9536865949630737,0.4409441649913788,0.9635546803474426,0.4090750813484192,paper,04027,C:/Users/Javier/PIDS_HandPose/work/HAR_mediapipe/data/gestos_pids/train//paper/paper_04027.jpg
0.7536448240280151,0.7901676893234253,0.7262914776802063,0.7251092791557312,0.715636670589447,0.6424589157104492,0.7077534198760986,0.5851703882217407,0.6935460567474365,0.5476723313331604,0.7739878296852112,0.5636388659477234,0.7834365963935852,0.4855034351348877,0.7890543937683105,0.4374714493751526,0.7940911650657654,0.39655444025993347,0.7960324287414551,0.572717547416687,0.8092336654663086,0.48718494176864624,0.8167227506637573,0.43395018577575684,0.8231024146080017,0.39071494340896606,0.8137179017066956,0.5975272059440613,0.8286858797073364,0.515955924987793,0.8359922766685486,0.4659983217716217,0.8416461944580078,0.4247044324874878,0.8290268778800964,0.6366595029830933,0.8480221033096313,0.5781863927841187,0.8573958277702332,0.5378738045692444,0.8642679452896118,0.500929594039917,paper,04028,C:/Users/Javier/PIDS_HandPose/work/HAR_mediapipe/data/gestos_pids/train//paper/paper_04028.jpg
0.7008699774742126,0.5729541778564453,0.6680850386619568,0.5262827277183533,0.643543541431427,0.4632323980331421,0.6255564093589783,0.42185288667678833,0.6081116199493408,0.3972564935684204,0.6918191909790039,0.36345067620277405,0.6905192732810974,0.2925417125225067,0.6895260810852051,0.25194069743156433,0.6893278360366821,0.2149374634027481,0.7136926651000977,0.36127084493637085,0.715118408203125,0.2807672917842865,0.7145583629608154,0.23000122606754303,0.7143517732620239,0.18548783659934998,0.7327519655227661,0.3760674297809601,0.7386462688446045,0.2988830804824829,0.7385516166687012,0.25042998790740967,0.7376762628555298,0.2072974294424057,0.7506143450737,0.4049047529697418,0.7615147233009338,0.343755304813385,0.7658219933509827,0.30276915431022644,0.7683687806129456,0.2638205289840698,paper,04029,C:/Users/Javier/PIDS_HandPose/work/HAR_mediapipe/data/gestos_pids/train//paper/paper_04029.jpg
0.6839150190353394,0.9719228744506836,0.6523903608322144,0.9007407426834106,0.6350293159484863,0.8160109519958496,0.623073160648346,0.7569230794906616,0.6079634428024292,0.7158951759338379,0.6898476481437683,0.7490681409835815,0.6941565275192261,0.6659061908721924,0.6957544088363647,0.6173633337020874,0.6976268291473389,0.5726000666618347,0.7138509750366211,0.7591453790664673,0.7229152917861938,0.6694598197937012,0.7265764474868774,0.6169829368591309,0.7306394577026367,0.5718174576759338,0.7335245609283447,0.7859271764755249,0.7455282807350159,0.7023508548736572,0.7486898303031921,0.6530750393867493,0.7514674663543701,0.6092987060546875,0.7514699101448059,0.8274010419845581,0.7679730653762817,0.767642080783844,0.7748792767524719,0.7272970080375671,0.7803469300270081,0.6879300475120544,paper,04030,C:/Users/Javier/PIDS_HandPose/work/HAR_mediapipe/data/gestos_pids/train//paper/paper_04030.jpg
0.7320714592933655,0.6068488359451294,0.6879495978355408,0.578357994556427,0.6460526585578918,0.5390041470527649,0.6125205159187317,0.5096246600151062,0.5861034393310547,0.49398043751716614,0.6668437123298645,0.43225738406181335,0.6461414694786072,0.36319100856781006,0.6351258754730225,0.32341402769088745,0.625795841217041,0.28634941577911377,0.6909340023994446,0.4153537452220917,0.6763131022453308,0.33879730105400085,0.6672004461288452,0.29162514209747314,0.6595449447631836,0.2507883906364441,0.7159212827682495,0.4194154739379883,0.7045731544494629,0.3488733172416687,0.6966473460197449,0.3048756420612335,0.6891898512840271,0.2674265503883362,0.741707444190979,0.4369785189628601,0.7386573553085327,0.38215142488479614,0.7348702549934387,0.34534573554992676,0.7309444546699524,0.31144094467163086,paper,04031,C:/Users/Javier/PIDS_HandPose/work/HAR_mediapipe/data/gestos_pids/train//paper/paper_04031.jpg
0.7363259196281433,0.9896537065505981,0.6949058771133423,0.9587997794151306,0.6598368883132935,0.9038639068603516,0.6311073303222656,0.8639701008796692,0.6050481200218201,0.8395970463752747,0.6887240409851074,0.7963678240776062,0.67530357837677,0.7218579053878784,0.6673681735992432,0.6774751543998718,0.6599018573760986,0.6375256776809692,0.7135441899299622,0.7883116006851196,0.7077494263648987,0.7093888521194458,0.7044684886932373,0.6613779664039612,0.701079249382019,0.6187657713890076,0.7378149032592773,0.8000690937042236,0.7350820302963257,0.7274544835090637,0.7326229810714722,0.6829921007156372,0.7292520999908447,0.6414108276367188,0.7612188458442688,0.8245359659194946,0.7648125290870667,0.7668605446815491,0.7658080458641052,0.728848934173584,0.7661857008934021,0.6914522051811218,paper,04032,C:/Users/Javier/PIDS_HandPose/work/HAR_mediapipe/data/gestos_pids/train//paper/paper_04032.jpg
0.6968554258346558,0.6681929230690002,0.652238130569458,0.635892927646637,0.6114221811294556,0.587314784526825,0.578920304775238,0.5496602058410645,0.5528357028961182,0.5304878354072571,0.6363428235054016,0.4787883758544922,0.6165507435798645,0.40504875779151917,0.6054086685180664,0.36351311206817627,0.596183717250824,0.3247019350528717,0.660828709602356,0.46356335282325745,0.6473428606987,0.3804384469985962,0.6384876370429993,0.3305816054344177,0.6320998072624207,0.2883967459201813,0.6858320236206055,0.4695277512073517,0.6756926774978638,0.392952024936676,0.6676239967346191,0.3471449911594391,0.6607646346092224,0.30794841051101685,0.7117620706558228,0.4897569715976715,0.7097307443618774,0.4303303360939026,0.7061253786087036,0.3919985294342041,0.7027108669281006,0.35641786456108093,paper,04033,C:/Users/Javier/PIDS_HandPose/work/HAR_mediapipe/data/gestos_pids/train//paper/paper_04033.jpg
0.12822645902633667,0.4865007996559143,0.18046319484710693,0.5069414973258972,0.2356208860874176,0.49075570702552795,0.2777149975299835,0.47934263944625854,0.310222327709198,0.48180675506591797,0.23500396311283112,0.34547188878059387,0.2734905481338501,0.282990962266922,0.2972106635570526,0.24236942827701569,0.31673601269721985,0.205144003033638,0.21151143312454224,0.3084689974784851,0.24387559294700623,0.22700120508670807,0.26471614837646484,0.17619815468788147,0.280192494392395,0.13284361362457275,0.18157696723937988,0.2931652069091797,0.20999561250209808,0.21562011539936066,0.22806541621685028,0.16460053622722626,0.2434864640235901,0.11940659582614899,0.14728978276252747,0.2942540645599365,0.15323981642723083,0.2238050401210785,0.157220721244812,0.17582516372203827,0.16294217109680176,0.1322031021118164,paper,04034,C:/Users/Javier/PIDS_HandPose/work/HAR_mediapipe/data/gestos_pids/train//paper/paper_04034.jpg
0.060971587896347046,0.7023239135742188,0.1122855544090271,0.7193059921264648,0.17264646291732788,0.6937817335128784,0.21619734168052673,0.6738660931587219,0.2485104501247406,0.6679748296737671,0.16158202290534973,0.5657762289047241,0.19318059086799622,0.5001310110092163,0.21223261952400208,0.4561411738395691,0.22845765948295593,0.4171139597892761,0.1354072093963623,0.53263920545578,0.15830400586128235,0.44513803720474243,0.17463098466396332,0.39204999804496765,0.18712183833122253,0.34693241119384766,0.10350354015827179,0.5244527459144592,0.12322334945201874,0.4473443627357483,0.13599787652492523,0.3937797546386719,0.1461225301027298,0.3438660502433777,0.06991365551948547,0.5342773199081421,0.06759129464626312,0.47303760051727295,0.066062793135643,0.4281380772590637,0.06662965565919876,0.38659390807151794,paper,04035,C:/Users/Javier/PIDS_HandPose/work/HAR_mediapipe/data/gestos_pids/train//paper/paper_04035.jpg
0.16357000172138214,0.7442336082458496,0.2243463695049286,0.7658891677856445,0.2877098619937897,0.7381399869918823,0.33497580885887146,0.7182216048240662,0.3740856349468231,0.7177040576934814,0.28048673272132874,0.5738362073898315,0.3225768208503723,0.5000954866409302,0.34850186109542847,0.45297783613204956,0.37031203508377075,0.4116051197052002,0.2530623972415924,0.5332633852958679,0.2838450074195862,0.4388933777809143,0.30556944012641907,0.38339298963546753,0.32320213317871094,0.3363324999809265,0.21909266710281372,0.5198479294776917,0.2417072057723999,0.42959603667259216,0.25835615396499634,0.37250998616218567,0.27313634753227234,0.3220096826553345,0.18203672766685486,0.5278468728065491,0.1816876232624054,0.4455792307853699,0.18113860487937927,0.39110273122787476,0.1825653314590454,0.342634916305542,paper,04036,C:/Users/Javier/PIDS_HandPose/work/HAR_mediapipe/data/gestos_pids/train//paper/paper_04036.jpg
0.38044145703315735,0.8224925994873047,0.34150803089141846,0.8134410381317139,0.3115934431552887,0.7671746015548706,0.2918391525745392,0.7379939556121826,0.2693231403827667,0.7312526702880859,0.32041990756988525,0.6393412351608276,0.2983320653438568,0.5758069753646851,0.28360939025878906,0.5386374592781067,0.2704397737979889,0.5055173635482788,0.335989385843277,0.6193488240242004,0.3103160262107849,0.54510098695755,0.2910114526748657,0.49745410680770874,0.27348580956459045,0.45710623264312744,0.3530762493610382,0.6136605739593506,0.3317677974700928,0.5350747108459473,0.31371185183525085,0.4899751543998718,0.2965286374092102,0.45279064774513245,0.373210608959198,0.6185314059257507,0.36227184534072876,0.5486938953399658,0.35235121846199036,0.5065045356750488,0.3415907323360443,0.46837863326072693,paper,04037,C:/Users/Javier/PIDS_HandPose/work/HAR_mediapipe/data/gestos_pids/train//paper/paper_04037.jpg
0.371223121881485,0.8434463143348694,0.3389242887496948,0.8079642653465271,0.33191975951194763,0.7405682802200317,0.32980602979660034,0.6983506679534912,0.322537362575531,0.6685346364974976,0.3496520519256592,0.6638646721839905,0.34032726287841797,0.5881099700927734,0.3309694826602936,0.522682785987854,0.3233528733253479,0.4684341847896576,0.3590966761112213,0.66069096326828,0.34337317943573,0.5745107531547546,0.3275471031665802,0.5014674067497253,0.3143300414085388,0.43868860602378845,0.36708390712738037,0.6675142049789429,0.35212603211402893,0.5809663534164429,0.3358713984489441,0.5129692554473877,0.32276928424835205,0.45446014404296875,0.3712981045246124,0.6858425736427307,0.3650341331958771,0.6145465970039368,0.3582955300807953,0.5628438591957092,0.3534014821052551,0.5180950164794922,paper,04038,C:/Users/Javier/PIDS_HandPose/work/HAR_mediapipe/data/gestos_pids/train//paper/paper_04038.jpg
0.3386553227901459,0.7105969190597534,0.2949502170085907,0.7187541127204895,0.25132426619529724,0.6997194290161133,0.2204076647758484,0.691474199295044,0.19436368346214294,0.6924079656600952,0.24621835350990295,0.5616270303726196,0.2115614265203476,0.5131663084030151,0.18994665145874023,0.4868926405906677,0.1704467535018921,0.46103033423423767,0.2585555613040924,0.5300831198692322,0.21816247701644897,0.4682369828224182,0.1921643167734146,0.4331657290458679,0.16987061500549316,0.40374037623405457,0.2764397859573364,0.5118404030799866,0.23959574103355408,0.4446353614330292,0.21442574262619019,0.40968412160873413,0.1920132339000702,0.38023656606674194,0.3011874556541443,0.5038707852363586,0.27774345874786377,0.43974795937538147,0.26044848561286926,0.40267214179039,0.24294331669807434,0.36983799934387207,paper,04039,C:/Users/Javier/PIDS_HandPose/work/HAR_mediapipe/data/gestos_pids/train//paper/paper_04039.jpg
0.22069382667541504,0.7860626578330994,0.18996021151542664,0.8062275052070618,0.16399651765823364,0.799241304397583,0.14500689506530762,0.7919042706489563,0.1251741200685501,0.7898477911949158,0.1509164422750473,0.659080982208252,0.12470240890979767,0.6229144930839539,0.10767902433872223,0.6036393642425537,0.09165620058774948,0.5886125564575195,0.15597523748874664,0.6308689117431641,0.12431804835796356,0.583379864692688,0.10142897814512253,0.5569837689399719,0.0807768926024437,0.5366813540458679,0.16491340100765228,0.6127640008926392,0.13526597619056702,0.5577912330627441,0.11367250233888626,0.5326240062713623,0.09393765032291412,0.5152437090873718,0.17842431366443634,0.6001659035682678,0.15899942815303802,0.5415873527526855,0.14490906894207,0.5092694163322449,0.13071410357952118,0.48272013664245605,paper,04040,C:/Users/Javier/PIDS_HandPose/work/HAR_mediapipe/data/gestos_pids/train//paper/paper_04040.jpg
0.49957025051116943,0.867010772228241,0.4664517343044281,0.8198572993278503,0.45169901847839355,0.7402104139328003,0.4435480237007141,0.6885654926300049,0.42938676476478577,0.6561542749404907,0.4774949252605438,0.6345636248588562,0.47067978978157043,0.5518305897712708,0.46546638011932373,0.49660205841064453,0.4602871239185333,0.45015934109687805,0.4931011199951172,0.635696530342102,0.4852079749107361,0.543390154838562,0.47754281759262085,0.48011359572410583,0.4695028066635132,0.4256564974784851,0.5088944435119629,0.6518478393554688,0.5053747892379761,0.5605413913726807,0.49815189838409424,0.5019704699516296,0.4899502992630005,0.451802134513855,0.5252200365066528,0.6811562776565552,0.5295877456665039,0.6083064079284668,0.5279842019081116,0.5586328506469727,0.5244988203048706,0.5128977298736572,paper,04041,C:/Users/Javier/PIDS_HandPose/work/HAR_mediapipe/data/gestos_pids/train//paper/paper_04041.jpg
0.5469248294830322,0.9070005416870117,0.4979206621646881,0.8668542504310608,0.4564640522003174,0.7965982556343079,0.42201703786849976,0.7441464066505432,0.38988515734672546,0.719214916229248,0.48170799016952515,0.6751143336296082,0.4598183035850525,0.5908004641532898,0.4462994933128357,0.5423792004585266,0.43514612317085266,0.49615734815597534,0.5071862936019897,0.6585822701454163,0.48621711134910583,0.5645323395729065,0.4713892638683319,0.5059453248977661,0.45848986506462097,0.453368604183197,0.5343153476715088,0.6633990406990051,0.51922607421875,0.573455810546875,0.505896270275116,0.5198779106140137,0.4933663606643677,0.4730468690395355,0.5636518597602844,0.6848558783531189,0.559721827507019,0.6112433075904846,0.5543081164360046,0.5624145865440369,0.5481938719749451,0.5177193880081177,paper,04042,C:/Users/Javier/PIDS_HandPose/work/HAR_mediapipe/data/gestos_pids/train//paper/paper_04042.jpg
0.506836473941803,1.0070910453796387,0.45838671922683716,0.9793480038642883,0.41495442390441895,0.9173619747161865,0.3798104524612427,0.8762436509132385,0.3475610017776489,0.8555716872215271,0.44272521138191223,0.7850735187530518,0.41727063059806824,0.6976293325424194,0.4007502794265747,0.6473479270935059,0.38594311475753784,0.603064775466919,0.46723154187202454,0.7715559005737305,0.44088464975357056,0.6760051250457764,0.42202451825141907,0.617583692073822,0.4054970145225525,0.5679561495780945,0.49391603469848633,0.7778722047805786,0.47357305884361267,0.6839078068733215,0.45581427216529846,0.6285284161567688,0.4394392669200897,0.582103431224823,0.5227426290512085,0.7980868220329285,0.5159262418746948,0.723009467124939,0.5066789984703064,0.6731388568878174,0.4973835349082947,0.6278994679450989,paper,04043,C:/Users/Javier/PIDS_HandPose/work/HAR_mediapipe/data/gestos_pids/train//paper/paper_04043.jpg
0.5008178353309631,1.0184850692749023,0.45588418841362,0.9816436767578125,0.4152746796607971,0.9249263405799866,0.38066422939300537,0.884743869304657,0.3500130772590637,0.8603156805038452,0.44671475887298584,0.800894558429718,0.4215083420276642,0.7132487893104553,0.40512004494667053,0.6638782024383545,0.3917582333087921,0.6194610595703125,0.46886685490608215,0.7893507480621338,0.4435226023197174,0.6912745833396912,0.42547547817230225,0.6322072744369507,0.41118407249450684,0.5807441473007202,0.49281707406044006,0.7967984080314636,0.47598135471343994,0.7000764012336731,0.45954984426498413,0.6429253220558167,0.44521576166152954,0.5954476594924927,0.5191327333450317,0.8181211948394775,0.5138037800788879,0.7430720329284668,0.5052152276039124,0.6924932599067688,0.4969722628593445,0.6472179889678955,paper,04044,C:/Users/Javier/PIDS_HandPose/work/HAR_mediapipe/data/gestos_pids/train//paper/paper_04044.jpg
0.12127049267292023,0.5606391429901123,0.14568795263767242,0.6451505422592163,0.18792620301246643,0.7122173309326172,0.2174758017063141,0.7752918004989624,0.23814839124679565,0.8334023952484131,0.24604982137680054,0.5851238965988159,0.3011440336704254,0.5926051735877991,0.33422335982322693,0.6022486090660095,0.36343157291412354,0.6072046160697937,0.24406830966472626,0.5191197991371155,0.3069271743297577,0.49309971928596497,0.3472652733325958,0.4833252727985382,0.3815091848373413,0.47066736221313477,0.2266463339328766,0.4658139944076538,0.28263792395591736,0.4330992102622986,0.3183959722518921,0.41406241059303284,0.3513137102127075,0.39732179045677185,0.19916477799415588,0.4267703890800476,0.22945547103881836,0.36587220430374146,0.25054487586021423,0.32512208819389343,0.2719798982143402,0.28968581557273865,paper,04045,C:/Users/Javier/PIDS_HandPose/work/HAR_mediapipe/data/gestos_pids/train//paper/paper_04045.jpg
0.49436888098716736,0.9963200092315674,0.45099076628685,0.9721872806549072,0.41327089071273804,0.9122846126556396,0.3807290196418762,0.8730552196502686,0.35123685002326965,0.8492752313613892,0.44509583711624146,0.7946389317512512,0.4258442521095276,0.7093988060951233,0.41166096925735474,0.659909725189209,0.39816975593566895,0.6188421249389648,0.4677411615848541,0.785330593585968,0.44651684165000916,0.6912084817886353,0.42931920289993286,0.6324049234390259,0.4135412573814392,0.5828395485877991,0.49165549874305725,0.7934229969978333,0.4759615957736969,0.6999011635780334,0.46059373021125793,0.6425075531005859,0.44586020708084106,0.5942445993423462,0.5157025456428528,0.8139450550079346,0.5113882422447205,0.7397698760032654,0.5037024021148682,0.6895898580551147,0.4948224425315857,0.6440857648849487,paper,04046,C:/Users/Javier/PIDS_HandPose/work/HAR_mediapipe/data/gestos_pids/train//paper/paper_04046.jpg
0.48636797070503235,1.000877857208252,0.442236065864563,0.9749265313148499,0.40263766050338745,0.9166112542152405,0.36899247765541077,0.8783887028694153,0.3389676809310913,0.8548033833503723,0.4334712326526642,0.7957977652549744,0.41280150413513184,0.709926426410675,0.39844223856925964,0.6617470383644104,0.3853203058242798,0.6192463636398315,0.45541805028915405,0.7869450449943542,0.4324495196342468,0.692916989326477,0.41530123353004456,0.6347057819366455,0.4002019166946411,0.5847460627555847,0.47875505685806274,0.795408308506012,0.4626097083091736,0.7014783620834351,0.44727852940559387,0.6454694867134094,0.43271899223327637,0.5983170866966248,0.5031493902206421,0.8158451318740845,0.4981120228767395,0.7409569621086121,0.4899632930755615,0.69068843126297,0.48101580142974854,0.6447683572769165,paper,04047,C:/Users/Javier/PIDS_HandPose/work/HAR_mediapipe/data/gestos_pids/train//paper/paper_04047.jpg
0.4793921113014221,1.015265941619873,0.43719467520713806,0.9811680316925049,0.3996337652206421,0.9220037460327148,0.3670545816421509,0.8827796578407288,0.33687353134155273,0.8595281839370728,0.4300425946712494,0.8037920594215393,0.40919625759124756,0.7173076868057251,0.3948608636856079,0.6662387251853943,0.38258951902389526,0.6218351721763611,0.45140692591667175,0.7953906059265137,0.4285142123699188,0.7003698348999023,0.41053709387779236,0.6421580910682678,0.39500313997268677,0.5926527380943298,0.4741741418838501,0.803467869758606,0.4581499397754669,0.7080038189888,0.44120287895202637,0.6519200801849365,0.4251942038536072,0.6061016917228699,0.49852150678634644,0.8242917656898499,0.49359533190727234,0.7481410503387451,0.4852808713912964,0.6971821188926697,0.47645947337150574,0.6516927480697632,paper,04048,C:/Users/Javier/PIDS_HandPose/work/HAR_mediapipe/data/gestos_pids/train//paper/paper_04048.jpg
0.4769013524055481,1.0163140296936035,0.43354886770248413,0.9876360297203064,0.3960396945476532,0.9343492984771729,0.363067626953125,0.8993669748306274,0.3332933485507965,0.8763512372970581,0.4256506562232971,0.8150053024291992,0.40370985865592957,0.7269401550292969,0.38882747292518616,0.6768758296966553,0.376346617937088,0.6327747106552124,0.44765153527259827,0.8070695400238037,0.42386379837989807,0.7121483087539673,0.4062652885913849,0.6542597413063049,0.3919617831707001,0.6044939756393433,0.47056716680526733,0.8163163065910339,0.45348188281059265,0.7222186326980591,0.43706801533699036,0.6677467823028564,0.4225069284439087,0.6224042773246765,0.49453720450401306,0.8363575339317322,0.48914167284965515,0.7615273594856262,0.48111796379089355,0.7112466096878052,0.47340691089630127,0.6655930876731873,paper,04049,C:/Users/Javier/PIDS_HandPose/work/HAR_mediapipe/data/gestos_pids/train//paper/paper_04049.jpg
0.04214625060558319,0.6580058336257935,0.07010486721992493,0.7230829000473022,0.10991770774126053,0.7694987654685974,0.1369154453277588,0.8182849884033203,0.15611302852630615,0.8818238377571106,0.16651223599910736,0.6405678987503052,0.21166519820690155,0.6323370933532715,0.23911282420158386,0.6391487717628479,0.2636175751686096,0.6453257203102112,0.15972629189491272,0.5776689052581787,0.21081379055976868,0.5358805656433105,0.2449057698249817,0.5166482925415039,0.2747015058994293,0.49916061758995056,0.13626141846179962,0.5282037854194641,0.18358810245990753,0.4809781610965729,0.21663621068000793,0.4537089169025421,0.2477756142616272,0.4306632876396179,0.10267745703458786,0.49591225385665894,0.12754403054714203,0.4283890128135681,0.143009752035141,0.3829805254936218,0.16078105568885803,0.341251403093338,paper,04050,C:/Users/Javier/PIDS_HandPose/work/HAR_mediapipe/data/gestos_pids/train//paper/paper_04050.jpg
0.042909517884254456,0.6540554761886597,0.0695558413863182,0.719569206237793,0.10837807506322861,0.7663837671279907,0.13407562673091888,0.8158900141716003,0.15378428995609283,0.8778979182243347,0.16570524871349335,0.6364791989326477,0.210566446185112,0.6271491050720215,0.23691102862358093,0.6346877813339233,0.26088806986808777,0.641513466835022,0.1589062511920929,0.5749695301055908,0.2088344246149063,0.5333437919616699,0.24331346154212952,0.5135680437088013,0.27419808506965637,0.49526190757751465,0.13597218692302704,0.5264866352081299,0.182857483625412,0.47818493843078613,0.2158450484275818,0.4505005478858948,0.24766133725643158,0.42817628383636475,0.10244254022836685,0.4947514533996582,0.12718181312084198,0.4252362549304962,0.1422414481639862,0.37921857833862305,0.15995368361473083,0.33825746178627014,paper,04051,C:/Users/Javier/PIDS_HandPose/work/HAR_mediapipe/data/gestos_pids/train//paper/paper_04051.jpg
0.03220495581626892,0.6672540307044983,0.05818416178226471,0.7318102717399597,0.09646176546812057,0.7754415273666382,0.12301261723041534,0.8249865174293518,0.14278000593185425,0.8880046606063843,0.15739881992340088,0.6520822644233704,0.20086029171943665,0.6459935903549194,0.2275497019290924,0.6534968614578247,0.2507045865058899,0.662032425403595,0.15019840002059937,0.5888547897338867,0.19934965670108795,0.5489817261695862,0.23349571228027344,0.5281265377998352,0.2631031274795532,0.5110293626785278,0.12632915377616882,0.5402169227600098,0.17219416797161102,0.492655873298645,0.2043617218732834,0.4617592394351959,0.23379135131835938,0.43675071001052856,0.09220737218856812,0.509052038192749,0.11517149209976196,0.44301676750183105,0.12957805395126343,0.39800941944122314,0.14549079537391663,0.35725137591362,paper,04052,C:/Users/Javier/PIDS_HandPose/work/HAR_mediapipe/data/gestos_pids/train//paper/paper_04052.jpg
0.47071635723114014,1.0222313404083252,0.42678290605545044,0.9994092583656311,0.38934215903282166,0.9512673020362854,0.35426682233810425,0.9171221256256104,0.3225477337837219,0.8906989693641663,0.4186594486236572,0.833690881729126,0.3953596353530884,0.7508460283279419,0.38016054034233093,0.7005292773246765,0.36787548661231995,0.6569467782974243,0.4412875473499298,0.8240224123001099,0.41507163643836975,0.7322593927383423,0.39595142006874084,0.6734848618507385,0.3803239166736603,0.6224138140678406,0.46481430530548096,0.834318995475769,0.4458037316799164,0.7402584552764893,0.4282298982143402,0.6820067763328552,0.41261178255081177,0.6327996850013733,0.48836132884025574,0.8561649322509766,0.482604056596756,0.7825812101364136,0.4738677144050598,0.7309468984603882,0.46493199467658997,0.6832272410392761,paper,04053,C:/Users/Javier/PIDS_HandPose/work/HAR_mediapipe/data/gestos_pids/train//paper/paper_04053.jpg
0.4629575312137604,1.0177263021469116,0.4198909401893616,0.9970802068710327,0.3813650906085968,0.9461574554443359,0.3460600972175598,0.9104819297790527,0.3139534592628479,0.8862900137901306,0.40848278999328613,0.8259495496749878,0.3847537040710449,0.7438440918922424,0.3693430721759796,0.6934936046600342,0.3566075265407562,0.6510083675384521,0.43103480339050293,0.815545380115509,0.40443429350852966,0.7258263230323792,0.3851512372493744,0.6688162684440613,0.3687160909175873,0.6196504235267639,0.45474907755851746,0.824180543422699,0.4351559579372406,0.731560468673706,0.4172687828540802,0.6759912371635437,0.4005846083164215,0.6288069486618042,0.47829216718673706,0.8446951508522034,0.4720095098018646,0.7718035578727722,0.46298202872276306,0.7213217616081238,0.4530476927757263,0.675196647644043,paper,04054,C:/Users/Javier/PIDS_HandPose/work/HAR_mediapipe/data/gestos_pids/train//paper/paper_04054.jpg
0.021992474794387817,0.5313320159912109,0.06197261065244675,0.5657799243927002,0.10990031063556671,0.56554114818573,0.14761020243167877,0.5664477348327637,0.1806369572877884,0.5753604769706726,0.14185918867588043,0.4102054536342621,0.18206991255283356,0.3443233370780945,0.20471468567848206,0.29943007230758667,0.22389228641986847,0.2583438456058502,0.1206570565700531,0.36230331659317017,0.15785451233386993,0.2754756808280945,0.18183879554271698,0.2184566855430603,0.20087969303131104,0.16957910358905792,0.09114326536655426,0.3377951979637146,0.12708832323551178,0.25867146253585815,0.14999765157699585,0.20274248719215393,0.16934141516685486,0.15372249484062195,0.05626654624938965,0.3305107653141022,0.0698045939207077,0.2550473213195801,0.07754258811473846,0.20373480021953583,0.08600711822509766,0.15728765726089478,paper,04055,C:/Users/Javier/PIDS_HandPose/work/HAR_mediapipe/data/gestos_pids/train//paper/paper_04055.jpg
0.379482626914978,0.8660973906517029,0.33643007278442383,0.8562461733818054,0.2940431535243988,0.8042607307434082,0.2633315324783325,0.7674931883811951,0.2363653928041458,0.7504348158836365,0.30992886424064636,0.6833631992340088,0.2855980098247528,0.6149593591690063,0.2693459689617157,0.5752215385437012,0.2545110285282135,0.5403368473052979,0.3271431624889374,0.664066731929779,0.3013273775577545,0.5878179669380188,0.280074805021286,0.5393941402435303,0.2607719600200653,0.49925941228866577,0.3470098674297333,0.6587648391723633,0.32503852248191833,0.5806881785392761,0.3055405616760254,0.5348551273345947,0.2871479392051697,0.498257040977478,0.3699580729007721,0.6654415726661682,0.35892122983932495,0.5950230360031128,0.347440242767334,0.549826979637146,0.3347278833389282,0.5105743408203125,paper,04056,C:/Users/Javier/PIDS_HandPose/work/HAR_mediapipe/data/gestos_pids/train//paper/paper_04056.jpg
0.30168697237968445,0.6544320583343506,0.28134170174598694,0.6029725074768066,0.26780954003334045,0.5678379535675049,0.26009601354599,0.5396957993507385,0.25453832745552063,0.5167412757873535,0.2602933645248413,0.5690973401069641,0.24326184391975403,0.5321504473686218,0.23192033171653748,0.5084095001220703,0.22314390540122986,0.4884563088417053,0.2645042836666107,0.5726911425590515,0.2456812858581543,0.5346564054489136,0.23375748097896576,0.5080599188804626,0.22450828552246094,0.48340582847595215,0.27307283878326416,0.5781164765357971,0.25460284948349,0.5408693552017212,0.24274687469005585,0.5157938003540039,0.2333376705646515,0.492651104927063,0.28643298149108887,0.5840655565261841,0.2779296934604645,0.5603040456771851,0.272424578666687,0.5414215326309204,0.2679223120212555,0.5225269794464111,paper,04057,C:/Users/Javier/PIDS_HandPose/work/HAR_mediapipe/data/gestos_pids/train//paper/paper_04057.jpg
0.357549786567688,0.7594118118286133,0.31421393156051636,0.8062252998352051,0.2632046937942505,0.8243787288665771,0.22527746856212616,0.8366432785987854,0.19828927516937256,0.8602185249328613,0.22991538047790527,0.7128841876983643,0.18123134970664978,0.7018700242042542,0.1530836969614029,0.6967906355857849,0.1284250020980835,0.6921080350875854,0.23561908304691315,0.6690477728843689,0.1822137087583542,0.6490292549133301,0.14908698201179504,0.6426021456718445,0.12118373066186905,0.6377827525138855,0.2496190220117569,0.6333354115486145,0.2011285126209259,0.606698215007782,0.16961465775966644,0.5979913473129272,0.142952561378479,0.5915370583534241,0.27112266421318054,0.6029109358787537,0.23696275055408478,0.5670099854469299,0.212925985455513,0.5493354797363281,0.1904805600643158,0.5372723340988159,paper,04058,C:/Users/Javier/PIDS_HandPose/work/HAR_mediapipe/data/gestos_pids/train//paper/paper_04058.jpg
0.43873241543769836,0.7883889675140381,0.3932721018791199,0.7996918559074402,0.343233585357666,0.7735394239425659,0.3079277276992798,0.7562794089317322,0.2802603542804718,0.7558272480964661,0.3371485471725464,0.6511138081550598,0.2994219958782196,0.6072884202003479,0.27604126930236816,0.5838699340820312,0.25553402304649353,0.5641289949417114,0.35137277841567993,0.6185786128044128,0.30919626355171204,0.5650214552879333,0.2812374234199524,0.5336513519287109,0.2571612000465393,0.510185718536377,0.3712307810783386,0.5989968776702881,0.33360764384269714,0.5417571663856506,0.30737748742103577,0.5108720660209656,0.2846025824546814,0.48646408319473267,0.3972862958908081,0.5889977812767029,0.37323808670043945,0.5326195955276489,0.35606861114501953,0.49819430708885193,0.3393940031528473,0.46845096349716187,paper,04059,C:/Users/Javier/PIDS_HandPose/work/HAR_mediapipe/data/gestos_pids/train//paper/paper_04059.jpg
0.12395183742046356,0.7877353429794312,0.18715257942676544,0.7934589982032776,0.2497335970401764,0.7579729557037354,0.2974463701248169,0.7355218529701233,0.33500996232032776,0.7315568923950195,0.23106485605239868,0.5869597792625427,0.26546746492385864,0.5074160099029541,0.28521543741226196,0.45729219913482666,0.302517294883728,0.412476122379303,0.19770100712776184,0.554693877696991,0.21948130428791046,0.45022740960121155,0.2358807772397995,0.38293272256851196,0.24896447360515594,0.32521840929985046,0.15975108742713928,0.5508301854133606,0.1786041110754013,0.45137372612953186,0.18950968980789185,0.38240939378738403,0.19824238121509552,0.3218638598918915,0.1210101991891861,0.5705193877220154,0.11276809871196747,0.4882453978061676,0.10600012540817261,0.4303891956806183,0.10199429094791412,0.37897688150405884,paper,04060,C:/Users/Javier/PIDS_HandPose/work/HAR_mediapipe/data/gestos_pids/train//paper/paper_04060.jpg
0.6770316958427429,0.9556922912597656,0.6271510124206543,0.9008350372314453,0.5899219512939453,0.814016580581665,0.563239336013794,0.7501631379127502,0.5395408272743225,0.7073274850845337,0.6297544836997986,0.7076701521873474,0.6138314008712769,0.616595447063446,0.6028987765312195,0.5632464289665222,0.5924748778343201,0.515315592288971,0.6586765646934509,0.7008521556854248,0.6467998623847961,0.60157310962677,0.6372973918914795,0.5394499897956848,0.6284795999526978,0.4834280014038086,0.6872251629829407,0.7166188359260559,0.6814720630645752,0.6227545142173767,0.6728199124336243,0.5666444897651672,0.6632819771766663,0.5155735611915588,0.7155939340591431,0.7486888766288757,0.7186041474342346,0.6740996241569519,0.7178242206573486,0.6248034238815308,0.716224193572998,0.577580451965332,paper,04061,C:/Users/Javier/PIDS_HandPose/work/HAR_mediapipe/data/gestos_pids/train//paper/paper_04061.jpg
0.16347628831863403,0.7067610025405884,0.2287008911371231,0.6947713494300842,0.2909473776817322,0.6406907439231873,0.33722174167633057,0.6010138392448425,0.3749544620513916,0.5877074599266052,0.2638987898826599,0.47474002838134766,0.29607707262039185,0.3793177008628845,0.3139093518257141,0.321853905916214,0.32815515995025635,0.26984965801239014,0.22786030173301697,0.4465104341506958,0.24776524305343628,0.33424824476242065,0.26042431592941284,0.26702529191970825,0.26964545249938965,0.20965373516082764,0.18946325778961182,0.4486531615257263,0.20625561475753784,0.34427696466445923,0.2176385223865509,0.28298699855804443,0.22703924775123596,0.2272779941558838,0.14903920888900757,0.4706745743751526,0.13595134019851685,0.3891299366950989,0.12826266884803772,0.3299816846847534,0.12378928065299988,0.27386996150016785,paper,04062,C:/Users/Javier/PIDS_HandPose/work/HAR_mediapipe/data/gestos_pids/train//paper/paper_04062.jpg
0.15239636600017548,0.6892606019973755,0.19563959538936615,0.6749660968780518,0.235320046544075,0.6395249962806702,0.2681916654109955,0.6174502968788147,0.29543599486351013,0.609517514705658,0.21911099553108215,0.528740406036377,0.24325986206531525,0.4699549376964569,0.257840633392334,0.43495357036590576,0.26955729722976685,0.4036141037940979,0.19684667885303497,0.5102636218070984,0.21267351508140564,0.4366859495639801,0.22340765595436096,0.3939690589904785,0.23187309503555298,0.35776734352111816,0.17219319939613342,0.5123868584632874,0.18366312980651855,0.44141697883605957,0.19231253862380981,0.3971345126628876,0.19997283816337585,0.35887017846107483,0.14575567841529846,0.5303410887718201,0.13840314745903015,0.47364047169685364,0.13432958722114563,0.43273454904556274,0.13232633471488953,0.3944804072380066,paper,04063,C:/Users/Javier/PIDS_HandPose/work/HAR_mediapipe/data/gestos_pids/train//paper/paper_04063.jpg
0.19480949640274048,0.6435493230819702,0.2284703254699707,0.6448138356208801,0.2641402781009674,0.6242544651031494,0.29246985912323,0.6138795614242554,0.31489914655685425,0.6139839291572571,0.25626546144485474,0.5379020571708679,0.27838000655174255,0.49526071548461914,0.2920053005218506,0.46914613246917725,0.3035504221916199,0.44565463066101074,0.23966464400291443,0.518225371837616,0.25569719076156616,0.46301737427711487,0.26631858944892883,0.4311453104019165,0.27466100454330444,0.4044121205806732,0.2200806587934494,0.5139451026916504,0.232602059841156,0.4618527591228485,0.24159850180149078,0.4304806888103485,0.2493419349193573,0.40312057733535767,0.19864755868911743,0.521070122718811,0.19653713703155518,0.47587284445762634,0.19549432396888733,0.44373297691345215,0.19592636823654175,0.4143093228340149,paper,04064,C:/Users/Javier/PIDS_HandPose/work/HAR_mediapipe/data/gestos_pids/train//paper/paper_04064.jpg
0.15578876435756683,0.6047356128692627,0.19312529265880585,0.5985884070396423,0.22790488600730896,0.5677387714385986,0.25692641735076904,0.5477415919303894,0.2810426950454712,0.5431964993476868,0.2173503339290619,0.4759039580821991,0.23893576860427856,0.42509374022483826,0.2514890432357788,0.39475107192993164,0.2611178159713745,0.3680998980998993,0.19797810912132263,0.4571174085140228,0.21285003423690796,0.3942294716835022,0.22217397391796112,0.3570752739906311,0.22881007194519043,0.3264082074165344,0.17605558037757874,0.45515933632850647,0.18753251433372498,0.3959789574146271,0.19527196884155273,0.35995811223983765,0.2026415765285492,0.3282751441001892,0.15214255452156067,0.4655056595802307,0.14825361967086792,0.4198799729347229,0.14648953080177307,0.38802266120910645,0.14682942628860474,0.35802656412124634,paper,04065,C:/Users/Javier/PIDS_HandPose/work/HAR_mediapipe/data/gestos_pids/train//paper/paper_04065.jpg
0.07730098813772202,0.5697606801986694,0.11758661270141602,0.5602640509605408,0.16030524671077728,0.5195891857147217,0.19250115752220154,0.4894603192806244,0.2172388732433319,0.4757065176963806,0.14232909679412842,0.41675469279289246,0.16112478077411652,0.35424038767814636,0.17201147973537445,0.3139796555042267,0.18056660890579224,0.27740776538848877,0.11980937421321869,0.4000466763973236,0.13069286942481995,0.32397738099098206,0.1390494406223297,0.27841776609420776,0.14426584541797638,0.23999232053756714,0.0956508219242096,0.40378594398498535,0.10167895257472992,0.3324783444404602,0.10601985454559326,0.2866804301738739,0.10930431634187698,0.24648772180080414,0.07077588886022568,0.42262426018714905,0.0635809525847435,0.37080737948417664,0.059080831706523895,0.33382314443588257,0.0570189505815506,0.2986809313297272,paper,04066,C:/Users/Javier/PIDS_HandPose/work/HAR_mediapipe/data/gestos_pids/train//paper/paper_04066.jpg
0.2503519654273987,0.5140596628189087,0.2948634624481201,0.5468130707740784,0.3467608690261841,0.5471880435943604,0.38640549778938293,0.5473729372024536,0.4159095585346222,0.5580156445503235,0.3604639768600464,0.4301357567310333,0.39807331562042236,0.3889559805393219,0.42093485593795776,0.36225205659866333,0.44023555517196655,0.33988943696022034,0.34358924627304077,0.39269647002220154,0.3762507140636444,0.3330039381980896,0.39764317870140076,0.3007136583328247,0.41547322273254395,0.27422863245010376,0.31948110461235046,0.37277424335479736,0.34873199462890625,0.31588369607925415,0.3660152852535248,0.2828677296638489,0.38211438059806824,0.25272783637046814,0.29138463735580444,0.36659306287765503,0.29989153146743774,0.3102812170982361,0.3064773380756378,0.27039769291877747,0.3147159218788147,0.23424778878688812,paper,04067,C:/Users/Javier/PIDS_HandPose/work/HAR_mediapipe/data/gestos_pids/train//paper/paper_04067.jpg
0.2898591458797455,0.5402718186378479,0.33669161796569824,0.5477441549301147,0.38413548469543457,0.5186250805854797,0.41891708970069885,0.4972594380378723,0.4472886919975281,0.49516329169273376,0.3727373480796814,0.39761653542518616,0.4026390016078949,0.33932051062583923,0.4212185740470886,0.30519360303878784,0.4363095164299011,0.27470946311950684,0.35028696060180664,0.36907702684402466,0.37322998046875,0.29520371556282043,0.38933390378952026,0.2516917884349823,0.4007628560066223,0.21558547019958496,0.32342812418937683,0.36181020736694336,0.34223437309265137,0.2887223958969116,0.3552941083908081,0.24502868950366974,0.36712443828582764,0.20611020922660828,0.2944960296154022,0.37041205167770386,0.2935032546520233,0.3055914640426636,0.29364249110221863,0.26176732778549194,0.29636499285697937,0.2211908996105194,paper,04068,C:/Users/Javier/PIDS_HandPose/work/HAR_mediapipe/data/gestos_pids/train//paper/paper_04068.jpg
0.3144029974937439,0.5577642321586609,0.3592481017112732,0.576806902885437,0.4103882610797882,0.5559331774711609,0.4462360441684723,0.5384511947631836,0.4750343859195709,0.5364794731140137,0.4033811390399933,0.431744247674942,0.4344378709793091,0.37691062688827515,0.455259770154953,0.3429531157016754,0.47200870513916016,0.31344693899154663,0.38123035430908203,0.3998100161552429,0.40557220578193665,0.32787901163101196,0.42323750257492065,0.2880036532878876,0.4367404282093048,0.2551608085632324,0.3545698821544647,0.38931551575660706,0.3748435080051422,0.32002848386764526,0.3899373412132263,0.27740734815597534,0.40253013372421265,0.24035240709781647,0.325439989566803,0.3949226140975952,0.328113853931427,0.3311444818973541,0.3304973542690277,0.28807884454727173,0.3340339958667755,0.24941688776016235,paper,04069,C:/Users/Javier/PIDS_HandPose/work/HAR_mediapipe/data/gestos_pids/train//paper/paper_04069.jpg
0.44994527101516724,0.5497605204582214,0.49237728118896484,0.5945765972137451,0.5420399904251099,0.6136961579322815,0.5822365880012512,0.6290506720542908,0.6107507348060608,0.649357795715332,0.5668204426765442,0.49006861448287964,0.6077728867530823,0.4580705761909485,0.6317358016967773,0.43907272815704346,0.6526786684989929,0.42036211490631104,0.5534271001815796,0.4477374851703644,0.5935651659965515,0.393973708152771,0.6176431775093079,0.36710575222969055,0.6383883953094482,0.34563887119293213,0.53290855884552,0.4201699495315552,0.5685721039772034,0.3645278811454773,0.5902096629142761,0.3379369378089905,0.6086652278900146,0.31672191619873047,0.5073423981666565,0.4036964774131775,0.5242207050323486,0.34144604206085205,0.5368320941925049,0.30228370428085327,0.5495150685310364,0.2706560790538788,paper,04070,C:/Users/Javier/PIDS_HandPose/work/HAR_mediapipe/data/gestos_pids/train//paper/paper_04070.jpg
0.3286702036857605,0.7813284397125244,0.4009144902229309,0.7995126247406006,0.4651111364364624,0.7511879801750183,0.5098565816879272,0.6928604245185852,0.549241304397583,0.6464993357658386,0.45996400713920593,0.5975988507270813,0.49788811802864075,0.4989492893218994,0.5192665457725525,0.43886274099349976,0.5405218601226807,0.385270893573761,0.42810487747192383,0.5627033114433289,0.4634682834148407,0.44293445348739624,0.48722103238105774,0.37017279863357544,0.5074126720428467,0.30611923336982727,0.38831162452697754,0.554267406463623,0.41337117552757263,0.4328673481941223,0.42781099677085876,0.35323286056518555,0.440460741519928,0.2842099666595459,0.34508994221687317,0.5656799077987671,0.3524599075317383,0.46734821796417236,0.3559616208076477,0.4028575122356415,0.36087924242019653,0.3428323566913605,paper,05001,C:/Users/Javier/PIDS_HandPose/work/HAR_mediapipe/data/gestos_pids/train//paper/paper_05001.jpg
0.36509841680526733,0.8315417170524597,0.4436725974082947,0.8482533693313599,0.5182937979698181,0.7853280305862427,0.5636780261993408,0.7101584672927856,0.6060203313827515,0.6649937033653259,0.501006543636322,0.5907313823699951,0.5434027910232544,0.4814072847366333,0.5697079300880432,0.4213904142379761,0.5931559205055237,0.36785435676574707,0.46459057927131653,0.5456236004829407,0.503055214881897,0.41356247663497925,0.5285342931747437,0.3378603756427765,0.5495331883430481,0.2719983756542206,0.42299985885620117,0.5374979376792908,0.4462035298347473,0.40347737073898315,0.463360995054245,0.32148656249046326,0.4803066551685333,0.24949270486831665,0.37886229157447815,0.5556685924530029,0.38517269492149353,0.44945862889289856,0.3909360468387604,0.3814893960952759,0.40109312534332275,0.31847676634788513,paper,05002,C:/Users/Javier/PIDS_HandPose/work/HAR_mediapipe/data/gestos_pids/train//paper/paper_05002.jpg
0.38881635665893555,0.8856596946716309,0.4710102081298828,0.9149782061576843,0.5525465607643127,0.852562665939331,0.6081855893135071,0.7884324193000793,0.6557039618492126,0.7356947660446167,0.5479899048805237,0.6487236022949219,0.6029716730117798,0.5415454506874084,0.638460636138916,0.4741731584072113,0.6698567271232605,0.41203632950782776,0.5130380392074585,0.5970867872238159,0.5634273290634155,0.4587797522544861,0.5994676351547241,0.3727512061595917,0.6288613677024841,0.2966795265674591,0.4656444787979126,0.5820731520652771,0.5025834441184998,0.4339621067047119,0.530140221118927,0.3355169892311096,0.5559461712837219,0.2471621334552765,0.41039544343948364,0.5960649251937866,0.4248022139072418,0.47146815061569214,0.4365546703338623,0.39038729667663574,0.4512348473072052,0.3143962025642395,paper,05003,C:/Users/Javier/PIDS_HandPose/work/HAR_mediapipe/data/gestos_pids/train//paper/paper_05003.jpg
0.4153076708316803,0.7281082272529602,0.4660623073577881,0.7372885942459106,0.5022523403167725,0.6986749172210693,0.5252854228019714,0.6478087902069092,0.5453487634658813,0.6161947846412659,0.4964621961116791,0.5806140899658203,0.5176038146018982,0.5156380534172058,0.5290908217430115,0.4780198931694031,0.5393073558807373,0.4440540671348572,0.4790832996368408,0.5527087450027466,0.5025498867034912,0.47689318656921387,0.5167257189750671,0.4343068599700928,0.5289726257324219,0.3978152871131897,0.45938941836357117,0.5416930317878723,0.47650885581970215,0.46285247802734375,0.4870568513870239,0.42035359144210815,0.4962747395038605,0.3860197067260742,0.436870276927948,0.5438159108161926,0.44499272108078003,0.47874313592910767,0.45118141174316406,0.44082170724868774,0.45806869864463806,0.4089721143245697,paper,05004,C:/Users/Javier/PIDS_HandPose/work/HAR_mediapipe/data/gestos_pids/train//paper/paper_05004.jpg
0.1886330544948578,0.7278867959976196,0.23707149922847748,0.7179470658302307,0.2752363681793213,0.6695392727851868,0.29575270414352417,0.6188108325004578,0.31168824434280396,0.5811532735824585,0.2596016526222229,0.5697635412216187,0.2764597535133362,0.5070098042488098,0.2845919132232666,0.4659344255924225,0.29151415824890137,0.42709633708000183,0.23769815266132355,0.5489296317100525,0.2520008683204651,0.4737982749938965,0.26090601086616516,0.42580753564834595,0.2685376703739166,0.38279300928115845,0.2131243646144867,0.5458001494407654,0.22207169234752655,0.46792495250701904,0.22750328481197357,0.41731712222099304,0.2324584275484085,0.3720003366470337,0.18484380841255188,0.5565211772918701,0.1888251006603241,0.49245700240135193,0.19064107537269592,0.4496580958366394,0.19354106485843658,0.40861672163009644,paper,05005,C:/Users/Javier/PIDS_HandPose/work/HAR_mediapipe/data/gestos_pids/train//paper/paper_05005.jpg
0.6492752432823181,0.7050772905349731,0.6039491891860962,0.6804192662239075,0.5730512738227844,0.631960391998291,0.5566794872283936,0.5792011022567749,0.5470414161682129,0.5341927409172058,0.5974040031433105,0.5463168025016785,0.5863857865333557,0.48201441764831543,0.5807632803916931,0.4421011805534363,0.5765818953514099,0.40586769580841064,0.6203909516334534,0.5313175916671753,0.6108564734458923,0.4597850441932678,0.6051889657974243,0.4137308895587921,0.600186824798584,0.37542805075645447,0.6432985067367554,0.5306370258331299,0.6368281841278076,0.46480584144592285,0.6317728757858276,0.42231425642967224,0.6270712614059448,0.38652825355529785,0.668368935585022,0.5414092540740967,0.6676149964332581,0.48960113525390625,0.6654558777809143,0.4551944136619568,0.6635782122612,0.42379245162010193,paper,05006,C:/Users/Javier/PIDS_HandPose/work/HAR_mediapipe/data/gestos_pids/train//paper/paper_05006.jpg
0.1220867708325386,0.8433433771133423,0.17206181585788727,0.8219338655471802,0.21008726954460144,0.7699465751647949,0.22982588410377502,0.7118568420410156,0.24162688851356506,0.6623156070709229,0.19043627381324768,0.6779581904411316,0.203749418258667,0.6084908246994019,0.20902565121650696,0.5658892393112183,0.21341422200202942,0.5231541991233826,0.16561545431613922,0.6613210439682007,0.17472611367702484,0.5835633277893066,0.18069316446781158,0.5350961685180664,0.18540330231189728,0.4894509017467499,0.13912025094032288,0.6638792753219604,0.14218875765800476,0.5866053700447083,0.14505629241466522,0.5383986830711365,0.14794674515724182,0.4932346045970917,0.11031883209943771,0.6804545521736145,0.1104193851351738,0.6176544427871704,0.11036578565835953,0.5776689648628235,0.11257576942443848,0.5381476879119873,paper,05007,C:/Users/Javier/PIDS_HandPose/work/HAR_mediapipe/data/gestos_pids/train//paper/paper_05007.jpg
0.7499327063560486,0.8008137941360474,0.706282377243042,0.7543717622756958,0.6803444623947144,0.6855919361114502,0.6720730662345886,0.6256729960441589,0.6628416180610657,0.5828452706336975,0.7106662392616272,0.6132318377494812,0.704258143901825,0.5482673048973083,0.702479898929596,0.5098292827606201,0.7020135521888733,0.47433629631996155,0.7358951568603516,0.6058647036552429,0.733069121837616,0.5318959951400757,0.7318411469459534,0.4854173958301544,0.7317787408828735,0.4468013048171997,0.7600350975990295,0.6137550473213196,0.7585386037826538,0.5439640879631042,0.7572174072265625,0.499189555644989,0.756403386592865,0.4619559049606323,0.784658670425415,0.6335642337799072,0.7902884483337402,0.5771318078041077,0.7925357818603516,0.5405529737472534,0.7948017716407776,0.507807195186615,paper,05008,C:/Users/Javier/PIDS_HandPose/work/HAR_mediapipe/data/gestos_pids/train//paper/paper_05008.jpg
0.12497371435165405,0.7592481374740601,0.174695685505867,0.75193852186203,0.21561016142368317,0.7053306102752686,0.2346402406692505,0.6477178931236267,0.25136062502861023,0.6056753396987915,0.2027752846479416,0.6152428984642029,0.21510711312294006,0.5500287413597107,0.21991971135139465,0.5120355486869812,0.22498004138469696,0.47621625661849976,0.17822511494159698,0.5987494587898254,0.1905803382396698,0.5255725383758545,0.19477397203445435,0.4821789860725403,0.19945761561393738,0.4447632431983948,0.1526511311531067,0.5978488922119141,0.16057738661766052,0.5223293304443359,0.16326472163200378,0.47667163610458374,0.16756364703178406,0.4375057816505432,0.12458661198616028,0.607762336730957,0.12919753789901733,0.5464640855789185,0.1311115324497223,0.5080615282058716,0.13545118272304535,0.4722754657268524,paper,05009,C:/Users/Javier/PIDS_HandPose/work/HAR_mediapipe/data/gestos_pids/train//paper/paper_05009.jpg
0.6756746768951416,0.8234169483184814,0.6306674480438232,0.7906861305236816,0.6016941070556641,0.7229049205780029,0.5901402831077576,0.6588424444198608,0.5793673992156982,0.6110920310020447,0.6295825242996216,0.6373541355133057,0.6225274801254272,0.5694899559020996,0.619199275970459,0.527807354927063,0.6164246201515198,0.48882347345352173,0.6541147232055664,0.625288188457489,0.6506267189979553,0.548594057559967,0.6468433737754822,0.500663697719574,0.6424014568328857,0.4587973654270172,0.6764335036277771,0.6289986371994019,0.6743518114089966,0.5543187260627747,0.6706355214118958,0.5068889856338501,0.6663044691085815,0.4661831557750702,0.6997278928756714,0.6447793245315552,0.7016758918762207,0.5832763910293579,0.7017250657081604,0.5431914925575256,0.7017015218734741,0.5060904026031494,paper,05010,C:/Users/Javier/PIDS_HandPose/work/HAR_mediapipe/data/gestos_pids/train//paper/paper_05010.jpg
0.7019749283790588,0.7548838257789612,0.6554698944091797,0.7217341661453247,0.6254932284355164,0.656419575214386,0.6125742197036743,0.594592273235321,0.5975788235664368,0.5527799129486084,0.6481055021286011,0.5697290301322937,0.638564944267273,0.4996797442436218,0.6346258521080017,0.45763203501701355,0.631671667098999,0.4185278117656708,0.6718789339065552,0.5565736293792725,0.6629618406295776,0.47873353958129883,0.6572738289833069,0.4314197599887848,0.6528009176254272,0.3900395929813385,0.6953323483467102,0.5586752891540527,0.688637375831604,0.4837339520454407,0.6828029155731201,0.43911588191986084,0.6780934929847717,0.4007773995399475,0.7209486365318298,0.5727570056915283,0.7200440168380737,0.51267409324646,0.7184048891067505,0.4759314954280853,0.717606782913208,0.442195326089859,paper,05011,C:/Users/Javier/PIDS_HandPose/work/HAR_mediapipe/data/gestos_pids/train//paper/paper_05011.jpg
0.7393880486488342,0.7932106256484985,0.6888031363487244,0.7705870270729065,0.6512684226036072,0.7191540598869324,0.6338211297988892,0.6576970219612122,0.6317148804664612,0.6059231162071228,0.6669961214065552,0.6428956985473633,0.653735339641571,0.5861831307411194,0.6513751149177551,0.5564224720001221,0.651401162147522,0.5254347324371338,0.6917046904563904,0.6209969520568848,0.6790522336959839,0.5500204563140869,0.6737217903137207,0.5033895969390869,0.6690005660057068,0.46280282735824585,0.7148697376251221,0.6134989261627197,0.7058138847351074,0.5466708540916443,0.7000081539154053,0.5018482804298401,0.6950824856758118,0.462854266166687,0.743091344833374,0.6171215176582336,0.7362584471702576,0.5625665187835693,0.7312651872634888,0.5272384285926819,0.7269704341888428,0.49387985467910767,paper,05012,C:/Users/Javier/PIDS_HandPose/work/HAR_mediapipe/data/gestos_pids/train//paper/paper_05012.jpg
0.10101163387298584,0.8413746356964111,0.14570331573486328,0.8295947909355164,0.18568216264247894,0.7890478372573853,0.20982931554317474,0.7415174245834351,0.21930164098739624,0.691506564617157,0.17295844852924347,0.6956507563591003,0.18654130399227142,0.6400517225265503,0.19070884585380554,0.6086837649345398,0.19547268748283386,0.5758428573608398,0.14820894598960876,0.6750481128692627,0.16199542582035065,0.6089348793029785,0.16996701061725616,0.5708776712417603,0.17790910601615906,0.5356016159057617,0.12194257974624634,0.671022891998291,0.1279020607471466,0.6021471619606018,0.1340700089931488,0.5603827238082886,0.14132648706436157,0.5235806703567505,0.09484146535396576,0.6798892617225647,0.09776037186384201,0.6253253817558289,0.10107830911874771,0.589154064655304,0.1070164293050766,0.5553967952728271,paper,05013,C:/Users/Javier/PIDS_HandPose/work/HAR_mediapipe/data/gestos_pids/train//paper/paper_05013.jpg
0.693960428237915,0.9001790285110474,0.6462216377258301,0.8568160533905029,0.6174037456512451,0.7796995639801025,0.6112427115440369,0.7074044942855835,0.6069983243942261,0.6507971286773682,0.6446895003318787,0.6905480623245239,0.6372430920600891,0.617713212966919,0.6354467272758484,0.5751045942306519,0.6354869604110718,0.5351431369781494,0.6715573072433472,0.6796203851699829,0.6667217016220093,0.5945524573326111,0.6640992164611816,0.5435837507247925,0.6624012589454651,0.500357449054718,0.6958428621292114,0.6865849494934082,0.693256676197052,0.6033234000205994,0.6904991865158081,0.5536576509475708,0.688656210899353,0.5109384059906006,0.7221299409866333,0.708231508731842,0.7233971953392029,0.6403030753135681,0.7227896451950073,0.597298264503479,0.722973108291626,0.5572230815887451,paper,05014,C:/Users/Javier/PIDS_HandPose/work/HAR_mediapipe/data/gestos_pids/train//paper/paper_05014.jpg
0.699755072593689,0.9387905597686768,0.6529082655906677,0.8930851221084595,0.6249252557754517,0.8158921003341675,0.620594322681427,0.7430979013442993,0.6214908361434937,0.6839690208435059,0.6564428806304932,0.7282103300094604,0.6495116353034973,0.6549990773200989,0.6464182138442993,0.6116074323654175,0.6454073190689087,0.5692962408065796,0.6847645044326782,0.7180119752883911,0.6833897233009338,0.6329609155654907,0.6817848086357117,0.5804946422576904,0.6801666617393494,0.5348103642463684,0.7095073461532593,0.7264759540557861,0.7107213139533997,0.6452007293701172,0.7097159028053284,0.5948563814163208,0.7086391448974609,0.5500664710998535,0.7353017330169678,0.747706413269043,0.7408120632171631,0.6817706823348999,0.7430799603462219,0.6373493075370789,0.745079755783081,0.5958167314529419,paper,05015,C:/Users/Javier/PIDS_HandPose/work/HAR_mediapipe/data/gestos_pids/train//paper/paper_05015.jpg
0.7056362628936768,0.9304404258728027,0.6613373756408691,0.882282018661499,0.6364936232566833,0.8069064617156982,0.6323972940444946,0.7333785891532898,0.6324297189712524,0.6773006319999695,0.6624556183815002,0.7227242588996887,0.6597183346748352,0.6466907262802124,0.659940242767334,0.6019764542579651,0.6614860892295837,0.5595637559890747,0.690438449382782,0.7140317559242249,0.6892732381820679,0.6295421719551086,0.6876555681228638,0.5785672068595886,0.6863427758216858,0.5331117510795593,0.7151057720184326,0.7223162055015564,0.7166523933410645,0.6402474641799927,0.7157280445098877,0.5909813642501831,0.7150844931602478,0.5477501749992371,0.7402390241622925,0.7444373369216919,0.7441950440406799,0.6780601143836975,0.745875358581543,0.6354396939277649,0.7483930587768555,0.5961312055587769,paper,05016,C:/Users/Javier/PIDS_HandPose/work/HAR_mediapipe/data/gestos_pids/train//paper/paper_05016.jpg
0.7011900544166565,0.935605525970459,0.6581535339355469,0.8811448216438293,0.6323482990264893,0.8058609366416931,0.627434492111206,0.7336889505386353,0.6323078274726868,0.6751725673675537,0.6614582538604736,0.7206982374191284,0.6582967638969421,0.6473055481910706,0.6581286191940308,0.6047695875167847,0.6600976586341858,0.5629584789276123,0.688884973526001,0.7134878039360046,0.6898982524871826,0.6274421215057373,0.688949465751648,0.5772653222084045,0.6887757182121277,0.5311028957366943,0.7127208113670349,0.7227692604064941,0.7160560488700867,0.6397960782051086,0.7159577012062073,0.5909290313720703,0.7162315249443054,0.547315239906311,0.7372578382492065,0.7462460994720459,0.7424961924552917,0.6807456016540527,0.744965136051178,0.6383408308029175,0.747920572757721,0.5975260138511658,paper,05017,C:/Users/Javier/PIDS_HandPose/work/HAR_mediapipe/data/gestos_pids/train//paper/paper_05017.jpg
0.17919707298278809,0.7757433652877808,0.23619017004966736,0.7681736350059509,0.27897390723228455,0.7152993083000183,0.30453115701675415,0.6588252186775208,0.3251861035823822,0.6201991438865662,0.2633028030395508,0.6270896792411804,0.28332000970840454,0.5591719150543213,0.2953038215637207,0.5222196578979492,0.3074047267436981,0.4878283143043518,0.24150139093399048,0.610100269317627,0.26107853651046753,0.532118022441864,0.27426964044570923,0.4856414198875427,0.2869661748409271,0.4445022940635681,0.21694470942020416,0.6085338592529297,0.23099106550216675,0.5271913409233093,0.23906180262565613,0.4765186607837677,0.24831710755825043,0.43246394395828247,0.190250426530838,0.6186797618865967,0.19872771203517914,0.5548654198646545,0.2028712034225464,0.5124838352203369,0.20934000611305237,0.4732847809791565,paper,05018,C:/Users/Javier/PIDS_HandPose/work/HAR_mediapipe/data/gestos_pids/train//paper/paper_05018.jpg
0.6525378227233887,0.9126415252685547,0.6095934510231018,0.8640180230140686,0.5817475914955139,0.7876973152160645,0.5703706741333008,0.7212164998054504,0.5608107447624207,0.6678880453109741,0.6180861592292786,0.691595733165741,0.6128657460212708,0.6129284501075745,0.609670102596283,0.5661196708679199,0.6070983409881592,0.5235777497291565,0.6470921635627747,0.6882442831993103,0.6476209163665771,0.6004946827888489,0.6463046073913574,0.5472127199172974,0.6444721221923828,0.500359296798706,0.6726718544960022,0.7054724097251892,0.6775704622268677,0.6210318803787231,0.6771873831748962,0.566949188709259,0.6754505038261414,0.5198447108268738,0.6964007616043091,0.7372540235519409,0.707073450088501,0.6714006066322327,0.7129300832748413,0.6261980533599854,0.7177904844284058,0.5839601755142212,paper,05019,C:/Users/Javier/PIDS_HandPose/work/HAR_mediapipe/data/gestos_pids/train//paper/paper_05019.jpg
0.1370151787996292,0.7679504752159119,0.1921125203371048,0.7545569539070129,0.23466145992279053,0.7006046175956726,0.2564989924430847,0.6408835053443909,0.2776573896408081,0.6006705164909363,0.22285009920597076,0.5961858034133911,0.24067215621471405,0.5325611233711243,0.24846738576889038,0.4958001673221588,0.2561897039413452,0.4595106840133667,0.1971498280763626,0.5767269730567932,0.2138974368572235,0.504020631313324,0.22280243039131165,0.461384117603302,0.23083660006523132,0.4221651554107666,0.16967961192131042,0.57484370470047,0.18151599168777466,0.4994030296802521,0.18781769275665283,0.45570850372314453,0.19481582939624786,0.41514647006988525,0.1399325430393219,0.5868357419967651,0.1453913301229477,0.5278832912445068,0.14861491322517395,0.4910685122013092,0.15354086458683014,0.45497578382492065,paper,05020,C:/Users/Javier/PIDS_HandPose/work/HAR_mediapipe/data/gestos_pids/train//paper/paper_05020.jpg
0.666595995426178,0.9117952585220337,0.6227419376373291,0.8650871515274048,0.5953267216682434,0.7874890565872192,0.5849766731262207,0.7180793285369873,0.5748783349990845,0.664336085319519,0.6310693621635437,0.6913298964500427,0.6303953528404236,0.6110124588012695,0.6321175694465637,0.562851071357727,0.6344215869903564,0.5186861753463745,0.6579967141151428,0.6867560744285583,0.6605861186981201,0.6002949476242065,0.6630815863609314,0.5465300679206848,0.6649134755134583,0.49820268154144287,0.6817493438720703,0.6998339891433716,0.6850687861442566,0.617954432964325,0.6867324113845825,0.564487636089325,0.6870763301849365,0.5170334577560425,0.7055749297142029,0.7272189855575562,0.711959958076477,0.6610190272331238,0.7145028710365295,0.6172611117362976,0.7167596220970154,0.576199471950531,paper,05021,C:/Users/Javier/PIDS_HandPose/work/HAR_mediapipe/data/gestos_pids/train//paper/paper_05021.jpg
0.6615986824035645,0.9381234049797058,0.6187348365783691,0.8916499614715576,0.5909512042999268,0.8160072565078735,0.5807019472122192,0.7480350136756897,0.5711585283279419,0.6925491094589233,0.624129056930542,0.7228410840034485,0.6193775534629822,0.6456310749053955,0.6175277829170227,0.6008480191230774,0.6170355081558228,0.557868242263794,0.6516491770744324,0.7158874869346619,0.6511144042015076,0.6276500821113586,0.650579571723938,0.575903058052063,0.6504023671150208,0.5301316976547241,0.6759944558143616,0.7279359102249146,0.6777225136756897,0.6425032615661621,0.6775287389755249,0.5913890600204468,0.6768442392349243,0.546125054359436,0.6996062994003296,0.7545443773269653,0.7042986154556274,0.6861342191696167,0.7068421840667725,0.642732560634613,0.7098369598388672,0.6019108295440674,paper,05022,C:/Users/Javier/PIDS_HandPose/work/HAR_mediapipe/data/gestos_pids/train//paper/paper_05022.jpg
0.6550960540771484,0.8315503597259521,0.6146884560585022,0.7892839908599854,0.5889295339584351,0.7200867533683777,0.5790076851844788,0.6601722836494446,0.5701709389686584,0.6133859753608704,0.6191727519035339,0.6330722570419312,0.614018976688385,0.5619816780090332,0.6124210357666016,0.5204042196273804,0.612542450428009,0.4815327525138855,0.6444609761238098,0.6266354918479919,0.6425257325172424,0.5468924641609192,0.6417083740234375,0.4970513582229614,0.6414878368377686,0.45286819338798523,0.6677145957946777,0.6377937197685242,0.6686392426490784,0.5603376626968384,0.6680724620819092,0.5116164088249207,0.6669735908508301,0.4691728949546814,0.6903190612792969,0.6626089215278625,0.6957411766052246,0.6004090309143066,0.6985042095184326,0.559873104095459,0.7008505463600159,0.5222753882408142,paper,05023,C:/Users/Javier/PIDS_HandPose/work/HAR_mediapipe/data/gestos_pids/train//paper/paper_05023.jpg
0.6539333462715149,0.9417048692703247,0.6108620762825012,0.8900667428970337,0.5852456092834473,0.8088330626487732,0.5773179531097412,0.7421984076499939,0.5689559578895569,0.6889325976371765,0.6225001811981201,0.7187929749488831,0.6195250153541565,0.641732931137085,0.6180508732795715,0.5972748398780823,0.6172263026237488,0.5560352802276611,0.6498679518699646,0.7154425978660583,0.650931179523468,0.6273351907730103,0.6511989235877991,0.57467120885849,0.6515177488327026,0.5293434262275696,0.6741062998771667,0.7311314940452576,0.6782425045967102,0.6460768580436707,0.6787336468696594,0.5946664810180664,0.6783400774002075,0.5501855611801147,0.6974366903305054,0.7611686587333679,0.7049731612205505,0.6942566633224487,0.708892822265625,0.6511894464492798,0.7130273580551147,0.6111219525337219,paper,05024,C:/Users/Javier/PIDS_HandPose/work/HAR_mediapipe/data/gestos_pids/train//paper/paper_05024.jpg
0.7012717723846436,0.9275823831558228,0.6575674414634705,0.8762076497077942,0.628497838973999,0.8013520240783691,0.6181919574737549,0.7319352030754089,0.6116899847984314,0.6749354600906372,0.6650344133377075,0.7040761709213257,0.6621140241622925,0.6245027780532837,0.6624358892440796,0.5790440440177917,0.6638709306716919,0.5359324216842651,0.6921796798706055,0.6990444660186768,0.6914364695549011,0.6090328097343445,0.690574049949646,0.5556387901306152,0.6900908946990967,0.508770227432251,0.7166450023651123,0.710957944393158,0.7183991074562073,0.6243038773536682,0.7176657915115356,0.5726966857910156,0.7169392108917236,0.5274764895439148,0.7418156862258911,0.7375007271766663,0.7475457787513733,0.6690231561660767,0.7501174211502075,0.625734269618988,0.7534199953079224,0.5849688053131104,paper,05025,C:/Users/Javier/PIDS_HandPose/work/HAR_mediapipe/data/gestos_pids/train//paper/paper_05025.jpg
0.6704851984977722,0.9718959331512451,0.6275731325149536,0.918553352355957,0.600941002368927,0.8391814827919006,0.5935859680175781,0.7738929390907288,0.5885215401649475,0.7191397547721863,0.6400688886642456,0.7469685077667236,0.6439954042434692,0.6655680537223816,0.646950364112854,0.6168115139007568,0.6496255397796631,0.5725238919258118,0.6666677594184875,0.7455956935882568,0.6713396906852722,0.6558997631072998,0.6728886365890503,0.5989401340484619,0.6738954186439514,0.5481972694396973,0.6902517676353455,0.762007474899292,0.6965191960334778,0.6739423274993896,0.6988231539726257,0.6193481087684631,0.7002264857292175,0.5703835487365723,0.7136039733886719,0.7937723994255066,0.7214633226394653,0.7243102192878723,0.7250569462776184,0.6783065795898438,0.7287031412124634,0.6352741718292236,paper,05026,C:/Users/Javier/PIDS_HandPose/work/HAR_mediapipe/data/gestos_pids/train//paper/paper_05026.jpg
0.6586573719978333,0.9914681911468506,0.6151598691940308,0.9431986212730408,0.5891710519790649,0.8647608160972595,0.5804879069328308,0.7974310517311096,0.5721395611763,0.742405116558075,0.6251891851425171,0.7689996361732483,0.6271771192550659,0.6856874227523804,0.6293717622756958,0.6355522871017456,0.6321489214897156,0.5902569890022278,0.6525266766548157,0.7685799598693848,0.6557775735855103,0.679050862789154,0.6578124165534973,0.6224793195724487,0.6594743728637695,0.5694347620010376,0.6771341562271118,0.7866173982620239,0.6838861107826233,0.7003132700920105,0.6865701675415039,0.6460069417953491,0.6875141859054565,0.596096932888031,0.700961709022522,0.8195087313652039,0.708798348903656,0.7488113641738892,0.711947500705719,0.7016264200210571,0.7144039869308472,0.6565365791320801,paper,05027,C:/Users/Javier/PIDS_HandPose/work/HAR_mediapipe/data/gestos_pids/train//paper/paper_05027.jpg
0.6577293276786804,0.9259467124938965,0.6136406660079956,0.8818234801292419,0.5852283835411072,0.8106306195259094,0.5733828544616699,0.7460541129112244,0.5635491609573364,0.6908422112464905,0.6184168457984924,0.7143014073371887,0.617633581161499,0.6341415047645569,0.6183121204376221,0.5856063961982727,0.6193118095397949,0.5410330295562744,0.6438453197479248,0.7089983224868774,0.6441278457641602,0.6204862594604492,0.6444798707962036,0.5640627145767212,0.6441444754600525,0.5118363499641418,0.6672202348709106,0.7215712666511536,0.6696423292160034,0.6364361643791199,0.6705105304718018,0.5818901062011719,0.6698294878005981,0.5320513248443604,0.6914284229278564,0.7486544847488403,0.6958639025688171,0.6803901791572571,0.6972559690475464,0.6353772282600403,0.6981166005134583,0.593170702457428,paper,05028,C:/Users/Javier/PIDS_HandPose/work/HAR_mediapipe/data/gestos_pids/train//paper/paper_05028.jpg
0.661477267742157,0.892484188079834,0.6189797520637512,0.8476566076278687,0.5910239815711975,0.7720059752464294,0.5793061852455139,0.703935444355011,0.5697982907295227,0.648748517036438,0.623494029045105,0.6736419200897217,0.6211941242218018,0.5928389430046082,0.6220532059669495,0.544244110584259,0.6243418455123901,0.49999815225601196,0.6496798992156982,0.6673890352249146,0.649389922618866,0.5780289173126221,0.6493417620658875,0.5231582522392273,0.6499167084693909,0.47381699085235596,0.6734086871147156,0.679447591304779,0.6762093901634216,0.5934579372406006,0.6758361458778381,0.5401822328567505,0.6748092770576477,0.49316179752349854,0.697188675403595,0.7063034772872925,0.7017707228660583,0.6384060978889465,0.7029076814651489,0.5931116342544556,0.7041864395141602,0.5506190061569214,paper,05029,C:/Users/Javier/PIDS_HandPose/work/HAR_mediapipe/data/gestos_pids/train//paper/paper_05029.jpg
0.6611019372940063,0.9008876085281372,0.6173606514930725,0.8524814248085022,0.5881510972976685,0.7765845656394958,0.577181339263916,0.7069765329360962,0.5679648518562317,0.6500779986381531,0.6207066774368286,0.677094042301178,0.6202301383018494,0.596328854560852,0.6213632225990295,0.54891437292099,0.6229730248451233,0.504594624042511,0.6464715600013733,0.6724622845649719,0.6470677852630615,0.5837363600730896,0.647315502166748,0.528574526309967,0.6473668217658997,0.4782485365867615,0.6706047058105469,0.685375988483429,0.67305988073349,0.5984334349632263,0.6732840538024902,0.5453120470046997,0.6728647351264954,0.49734368920326233,0.6956188082695007,0.7127246260643005,0.6994878053665161,0.6408308148384094,0.7006974220275879,0.5948440432548523,0.7025846242904663,0.5512418150901794,paper,05030,C:/Users/Javier/PIDS_HandPose/work/HAR_mediapipe/data/gestos_pids/train//paper/paper_05030.jpg
0.13264751434326172,0.8054462671279907,0.18364791572093964,0.8001804947853088,0.2234571874141693,0.7509173154830933,0.2455679476261139,0.6947190761566162,0.25862744450569153,0.6423687934875488,0.2116076797246933,0.6397631168365479,0.22462213039398193,0.5685009956359863,0.2308686226606369,0.5252991318702698,0.23766344785690308,0.48525187373161316,0.18657967448234558,0.6239902973175049,0.20187409222126007,0.5445393919944763,0.21004000306129456,0.4983755946159363,0.21819385886192322,0.4578682482242584,0.16038554906845093,0.6253068447113037,0.17313560843467712,0.5472603440284729,0.17962606251239777,0.501115083694458,0.18647339940071106,0.46053335070610046,0.13265913724899292,0.6389100551605225,0.14205248653888702,0.5806841850280762,0.14762572944164276,0.5437442064285278,0.15397538244724274,0.5097491145133972,paper,05031,C:/Users/Javier/PIDS_HandPose/work/HAR_mediapipe/data/gestos_pids/train//paper/paper_05031.jpg
0.14155921339988708,0.8214455246925354,0.1982981264591217,0.800561785697937,0.23780226707458496,0.7396054267883301,0.25835981965065,0.6753303408622742,0.265529990196228,0.6198424100875854,0.21877901256084442,0.6281483173370361,0.23038841784000397,0.551957368850708,0.2334042489528656,0.5085358619689941,0.23706656694412231,0.46552902460098267,0.19041921198368073,0.6143898367881775,0.20251072943210602,0.5305922031402588,0.2079857587814331,0.48430925607681274,0.21367445588111877,0.44139230251312256,0.16233113408088684,0.6178522109985352,0.17283976078033447,0.5351536273956299,0.17774897813796997,0.48676496744155884,0.18266606330871582,0.4423622786998749,0.13334770500659943,0.633944034576416,0.14186984300613403,0.5692929625511169,0.14830046892166138,0.529488205909729,0.15559504926204681,0.49156689643859863,paper,05032,C:/Users/Javier/PIDS_HandPose/work/HAR_mediapipe/data/gestos_pids/train//paper/paper_05032.jpg
0.1760755181312561,0.7868647575378418,0.2312328815460205,0.762362003326416,0.270253449678421,0.6958565711975098,0.29224100708961487,0.6369191408157349,0.3098735511302948,0.5912938117980957,0.2506331205368042,0.607810914516449,0.265303373336792,0.5402725338935852,0.2740122377872467,0.49620601534843445,0.2826046645641327,0.45414870977401733,0.230491504073143,0.595038890838623,0.24708963930606842,0.5170542597770691,0.25794294476509094,0.4682636260986328,0.2683085501194,0.42489439249038696,0.20706559717655182,0.5970786213874817,0.22137969732284546,0.5167577266693115,0.229966938495636,0.4685671031475067,0.2393159419298172,0.4259358048439026,0.17988164722919464,0.6105116009712219,0.19162307679653168,0.5460845232009888,0.19937291741371155,0.5060068964958191,0.20812170207500458,0.46880149841308594,paper,05033,C:/Users/Javier/PIDS_HandPose/work/HAR_mediapipe/data/gestos_pids/train//paper/paper_05033.jpg
0.6488117575645447,0.858526885509491,0.6043322682380676,0.811282217502594,0.5733721256256104,0.7334629893302917,0.5595765113830566,0.663703441619873,0.5466501116752625,0.6093675494194031,0.603465735912323,0.6287851929664612,0.6010939478874207,0.5471917986869812,0.6016265749931335,0.49928146600723267,0.6029064059257507,0.4545789957046509,0.6301106810569763,0.6227844953536987,0.6290410757064819,0.5301711559295654,0.6275296211242676,0.4759797155857086,0.6265850067138672,0.426017701625824,0.6546338200569153,0.6353247761726379,0.6553164124488831,0.5452122092247009,0.6533774137496948,0.4910801649093628,0.6515102982521057,0.4427281618118286,0.6800130605697632,0.6636940836906433,0.6829037070274353,0.5894070267677307,0.6832936406135559,0.5416390895843506,0.6841415762901306,0.4961472749710083,paper,05034,C:/Users/Javier/PIDS_HandPose/work/HAR_mediapipe/data/gestos_pids/train//paper/paper_05034.jpg
0.6532541513442993,0.8899796009063721,0.6075394153594971,0.8394477367401123,0.575363039970398,0.7606221437454224,0.5604140162467957,0.6877889633178711,0.5493944883346558,0.6276703476905823,0.6072391271591187,0.647276759147644,0.6058782935142517,0.5613991618156433,0.6062932014465332,0.5119033455848694,0.6069828867912292,0.46544206142425537,0.6343575119972229,0.642063319683075,0.6331215500831604,0.5469942688941956,0.6316750645637512,0.4903983473777771,0.629693329334259,0.4387069046497345,0.6596527099609375,0.6552793383598328,0.6593725681304932,0.5636463165283203,0.6576448678970337,0.5075287818908691,0.6546517610549927,0.4572102725505829,0.6854966282844543,0.6839809417724609,0.6879838109016418,0.6074862480163574,0.6884950399398804,0.5594019889831543,0.6892898082733154,0.5142883062362671,paper,05035,C:/Users/Javier/PIDS_HandPose/work/HAR_mediapipe/data/gestos_pids/train//paper/paper_05035.jpg
0.6516554355621338,0.8749350309371948,0.6054690480232239,0.8219319581985474,0.5758988857269287,0.7346614003181458,0.5642595887184143,0.6581178307533264,0.5518149137496948,0.5989973545074463,0.6094894409179688,0.6292804479598999,0.6077854633331299,0.5427104234695435,0.6092269420623779,0.4929187297821045,0.6116304397583008,0.44511252641677856,0.6371060609817505,0.6229695677757263,0.6367321014404297,0.525566816329956,0.6359376907348633,0.4690394103527069,0.6360708475112915,0.41573095321655273,0.6622741222381592,0.634344220161438,0.6631333827972412,0.5417343974113464,0.6617405414581299,0.4855990409851074,0.659877598285675,0.43447571992874146,0.687807559967041,0.6615505218505859,0.6915470361709595,0.5862535238265991,0.6928156018257141,0.5397377014160156,0.6935226321220398,0.4956102669239044,paper,05036,C:/Users/Javier/PIDS_HandPose/work/HAR_mediapipe/data/gestos_pids/train//paper/paper_05036.jpg
0.6521414518356323,0.8758919835090637,0.6048993468284607,0.8216678500175476,0.5719862580299377,0.7403343915939331,0.5570808053016663,0.6671229004859924,0.5464493036270142,0.6104626059532166,0.6002277731895447,0.630347490310669,0.5971246957778931,0.5484249591827393,0.5974269509315491,0.5009989738464355,0.5979679226875305,0.4548482298851013,0.6279869079589844,0.6231216788291931,0.6247076988220215,0.5313490033149719,0.6220042705535889,0.4770051836967468,0.6198962330818176,0.4252547025680542,0.6536517143249512,0.6337952017784119,0.6506651043891907,0.5453649759292603,0.646441638469696,0.49072539806365967,0.6418408751487732,0.44093114137649536,0.6805003881454468,0.6599078178405762,0.6800665855407715,0.5853639245033264,0.6784622669219971,0.5383124947547913,0.6773711442947388,0.49321654438972473,paper,05037,C:/Users/Javier/PIDS_HandPose/work/HAR_mediapipe/data/gestos_pids/train//paper/paper_05037.jpg
0.6615652441978455,0.8963080048561096,0.6154220700263977,0.8454517722129822,0.5840908885002136,0.767308235168457,0.5730329751968384,0.6925960183143616,0.5669914484024048,0.6311317086219788,0.6118279695510864,0.6712751984596252,0.6041911244392395,0.5951105952262878,0.600753128528595,0.5508041977882385,0.5986597537994385,0.5058571696281433,0.6386492252349854,0.6600604057312012,0.6310607194900513,0.5738120675086975,0.6250970363616943,0.5232686996459961,0.6202399730682373,0.47525879740715027,0.6638719439506531,0.6653009653091431,0.6579587459564209,0.5797992944717407,0.6520732641220093,0.5287038683891296,0.6458979845046997,0.4827038645744324,0.690702497959137,0.685610294342041,0.687732458114624,0.6124200224876404,0.6840723156929016,0.5667997598648071,0.6801049709320068,0.5251740217208862,paper,05038,C:/Users/Javier/PIDS_HandPose/work/HAR_mediapipe/data/gestos_pids/train//paper/paper_05038.jpg
0.6834089756011963,0.9616475701332092,0.6375129222869873,0.9089800119400024,0.607673168182373,0.8273593187332153,0.5997768044471741,0.7523439526557922,0.5988445281982422,0.6901589632034302,0.6392624974250793,0.728813648223877,0.6354540586471558,0.6456960439682007,0.634570300579071,0.5984780788421631,0.6350740790367126,0.5529481768608093,0.6668715476989746,0.7209864258766174,0.664802074432373,0.6300913095474243,0.6622586846351624,0.5767830610275269,0.6602256298065186,0.5275617837905884,0.6922848224639893,0.7301796078681946,0.6918799877166748,0.6414017677307129,0.68939208984375,0.5883403420448303,0.6863418221473694,0.5406562089920044,0.718254804611206,0.7545735836029053,0.7196623682975769,0.6817102432250977,0.718557596206665,0.6346624493598938,0.717166543006897,0.59101802110672,paper,05039,C:/Users/Javier/PIDS_HandPose/work/HAR_mediapipe/data/gestos_pids/train//paper/paper_05039.jpg
0.33502036333084106,0.399350643157959,0.3607463538646698,0.3956742286682129,0.388683557510376,0.38521790504455566,0.407197505235672,0.38181284070014954,0.423038512468338,0.38235434889793396,0.3995088040828705,0.35094743967056274,0.43557238578796387,0.3584122657775879,0.4582301080226898,0.3755236566066742,0.4745890498161316,0.3932521939277649,0.3999881446361542,0.35187283158302307,0.4409456253051758,0.36346694827079773,0.464295893907547,0.3842768967151642,0.47998374700546265,0.4042291045188904,0.397970050573349,0.3656083643436432,0.4379732608795166,0.37759140133857727,0.4615424871444702,0.3957759439945221,0.4775312840938568,0.41300150752067566,0.394111305475235,0.39096513390541077,0.425062894821167,0.4006294906139374,0.445054292678833,0.4092070758342743,0.46089625358581543,0.4169837236404419,paper,05040,C:/Users/Javier/PIDS_HandPose/work/HAR_mediapipe/data/gestos_pids/train//paper/paper_05040.jpg
0.6616224050521851,1.005293607711792,0.6150253415107727,0.9555469751358032,0.586520254611969,0.8756630420684814,0.5797809958457947,0.8013307452201843,0.5760283470153809,0.7387967109680176,0.6184065341949463,0.7785174250602722,0.613282322883606,0.6999101638793945,0.6114837527275085,0.653260350227356,0.6107953786849976,0.6086022257804871,0.6464711427688599,0.7717728018760681,0.6416358947753906,0.6865168213844299,0.6369749307632446,0.632386326789856,0.6322580575942993,0.581784725189209,0.6718220114707947,0.7827551364898682,0.670585572719574,0.6988387107849121,0.6662912368774414,0.6456461548805237,0.6612106561660767,0.5968071222305298,0.697923481464386,0.8097452521324158,0.6991980075836182,0.7384439706802368,0.6971765160560608,0.6917820572853088,0.6953474283218384,0.6480132341384888,paper,05041,C:/Users/Javier/PIDS_HandPose/work/HAR_mediapipe/data/gestos_pids/train//paper/paper_05041.jpg
0.6469752788543701,1.0194625854492188,0.6025434732437134,0.9655320644378662,0.575720489025116,0.8835105299949646,0.5683841705322266,0.8078522086143494,0.5636743903160095,0.7444218993186951,0.6078541874885559,0.784451961517334,0.6029144525527954,0.7037310600280762,0.6004160642623901,0.6567932963371277,0.5991600751876831,0.6101175546646118,0.6351326107978821,0.7784682512283325,0.6310026049613953,0.6886284351348877,0.6258910298347473,0.6369917392730713,0.6215775609016418,0.586137056350708,0.6601551175117493,0.7906458973884583,0.6597353219985962,0.7014085054397583,0.6554415225982666,0.6498693227767944,0.6502670645713806,0.6008706092834473,0.684898316860199,0.8188872337341309,0.6877416968345642,0.7451017498970032,0.6874454617500305,0.6987398266792297,0.6869343519210815,0.6541604399681091,paper,05042,C:/Users/Javier/PIDS_HandPose/work/HAR_mediapipe/data/gestos_pids/train//paper/paper_05042.jpg
0.6643972396850586,0.8191162943840027,0.620211660861969,0.7753955125808716,0.5924505591392517,0.7020031809806824,0.5843591094017029,0.6319609880447388,0.5793389081954956,0.5752360224723816,0.6198606491088867,0.6177743673324585,0.6146985292434692,0.5431675910949707,0.612899124622345,0.4986562430858612,0.6120319366455078,0.45603859424591064,0.6442317962646484,0.6075249314308167,0.64035964012146,0.5243829488754272,0.6366415023803711,0.47514504194259644,0.6339647769927979,0.4296033978462219,0.6670858263969421,0.6114885807037354,0.6649007797241211,0.5290935039520264,0.6608349680900574,0.47880375385284424,0.6567414402961731,0.43455612659454346,0.6910579800605774,0.6284148693084717,0.6914553642272949,0.5589200854301453,0.6904982328414917,0.5157830119132996,0.6894719004631042,0.47642409801483154,paper,05043,C:/Users/Javier/PIDS_HandPose/work/HAR_mediapipe/data/gestos_pids/train//paper/paper_05043.jpg
0.6495840549468994,0.8282750248908997,0.606816828250885,0.7835502028465271,0.5779117941856384,0.7089755535125732,0.567781925201416,0.6421676874160767,0.5602599382400513,0.5898538827896118,0.6089069843292236,0.616883397102356,0.6035524606704712,0.5409533977508545,0.6006940007209778,0.49733784794807434,0.5986607074737549,0.4561474323272705,0.6340233087539673,0.6073084473609924,0.6299155354499817,0.5214749574661255,0.6258387565612793,0.470800518989563,0.6230050325393677,0.42504072189331055,0.6577881574630737,0.6133768558502197,0.6574206948280334,0.5274721384048462,0.6538166403770447,0.4765094518661499,0.6505999565124512,0.4312836825847626,0.6820836067199707,0.6329607367515564,0.6861408948898315,0.5639324188232422,0.6879615783691406,0.5217224955558777,0.6904171109199524,0.4820725917816162,paper,05044,C:/Users/Javier/PIDS_HandPose/work/HAR_mediapipe/data/gestos_pids/train//paper/paper_05044.jpg
0.6341001987457275,0.877405047416687,0.5925800800323486,0.8201437592506409,0.5649122595787048,0.7429133057594299,0.5548319816589355,0.6716257929801941,0.5482197999954224,0.6136900782585144,0.5974905490875244,0.6486578583717346,0.5930590629577637,0.5721928477287292,0.5908287167549133,0.528607189655304,0.5903382897377014,0.4844115376472473,0.6236013174057007,0.6429290771484375,0.6206439733505249,0.5564111471176147,0.6169693470001221,0.504936933517456,0.6151726841926575,0.4559158682823181,0.6476000547409058,0.6532831788063049,0.6480541229248047,0.5693627595901489,0.6457588076591492,0.5175473690032959,0.6437130570411682,0.470605731010437,0.6719314455986023,0.6778644919395447,0.6763930916786194,0.6094242334365845,0.6778653860092163,0.565456211566925,0.6789045929908752,0.5237391591072083,paper,05045,C:/Users/Javier/PIDS_HandPose/work/HAR_mediapipe/data/gestos_pids/train//paper/paper_05045.jpg
0.6349037289619446,0.9169803857803345,0.5890685319900513,0.8663829565048218,0.5599069595336914,0.7857131361961365,0.5506027936935425,0.7127653956413269,0.5433457493782043,0.6538339257240295,0.5916428565979004,0.6919334530830383,0.5854172110557556,0.6109644174575806,0.5818444490432739,0.5674538612365723,0.5791841745376587,0.523662269115448,0.6180933117866516,0.6839302778244019,0.6139586567878723,0.593492865562439,0.6085708737373352,0.542145311832428,0.6042846441268921,0.4940633773803711,0.6427939534187317,0.6933896541595459,0.6425356864929199,0.6051980257034302,0.6380739808082581,0.5530343055725098,0.6337593197822571,0.5046268105506897,0.6681851148605347,0.7179049253463745,0.6725457310676575,0.6463771462440491,0.6731265783309937,0.6015787124633789,0.6734437942504883,0.5587363839149475,paper,05046,C:/Users/Javier/PIDS_HandPose/work/HAR_mediapipe/data/gestos_pids/train//paper/paper_05046.jpg
0.6453671455383301,0.9415385127067566,0.5997912883758545,0.8931803703308105,0.5719073414802551,0.8117899298667908,0.5637023448944092,0.7403026819229126,0.5546653866767883,0.683482825756073,0.604036271572113,0.7172977328300476,0.5983166098594666,0.6406618356704712,0.5956887006759644,0.5960779190063477,0.5934272408485413,0.5521782040596008,0.6314502358436584,0.7108361124992371,0.6272045969963074,0.6249562501907349,0.6226788759231567,0.571513295173645,0.6177788376808167,0.5223997831344604,0.6564105749130249,0.721875011920929,0.6562086343765259,0.6375939249992371,0.6531637907028198,0.5844659805297852,0.6488029360771179,0.5370227098464966,0.681155800819397,0.7470796704292297,0.6852256655693054,0.675453245639801,0.6860250234603882,0.6288190484046936,0.686268150806427,0.5852789282798767,paper,05047,C:/Users/Javier/PIDS_HandPose/work/HAR_mediapipe/data/gestos_pids/train//paper/paper_05047.jpg
0.14782832562923431,0.7778589725494385,0.20465496182441711,0.7568479776382446,0.244034543633461,0.6972722411155701,0.262616366147995,0.6336729526519775,0.2745424807071686,0.5802372097969055,0.2238135039806366,0.6013162732124329,0.23969236016273499,0.5267205238342285,0.24622085690498352,0.4845055937767029,0.2530415952205658,0.44446414709091187,0.1962728649377823,0.5826964974403381,0.20838132500648499,0.5006129741668701,0.21447578072547913,0.4508987069129944,0.22143062949180603,0.4068435728549957,0.16734087467193604,0.581059455871582,0.17476552724838257,0.4971432685852051,0.1791655719280243,0.4464017152786255,0.1854332536458969,0.40151721239089966,0.1374991536140442,0.5933898687362671,0.13889014720916748,0.5260864496231079,0.1393411010503769,0.4841715097427368,0.14256425201892853,0.44484034180641174,paper,05048,C:/Users/Javier/PIDS_HandPose/work/HAR_mediapipe/data/gestos_pids/train//paper/paper_05048.jpg
0.6326764225959778,0.866403341293335,0.5880327820777893,0.8263235092163086,0.5572558045387268,0.7536321878433228,0.5440076589584351,0.6842631101608276,0.5331599712371826,0.6293715834617615,0.583027720451355,0.6509785056114197,0.5746929049491882,0.5755513310432434,0.5704406499862671,0.532585620880127,0.5675067901611328,0.4910440444946289,0.6085377931594849,0.6411247849464417,0.6016954183578491,0.555606484413147,0.5962265133857727,0.5049144625663757,0.5916325449943542,0.4606832265853882,0.6326223015785217,0.6481738090515137,0.6288313269615173,0.5646443367004395,0.6238498091697693,0.514362096786499,0.6190798282623291,0.4705967307090759,0.6577775478363037,0.6688737869262695,0.6583879590034485,0.5991221070289612,0.6577949523925781,0.5553043484687805,0.657751202583313,0.5146751999855042,paper,05049,C:/Users/Javier/PIDS_HandPose/work/HAR_mediapipe/data/gestos_pids/train//paper/paper_05049.jpg
0.6281748414039612,0.888667106628418,0.5846394300460815,0.8478962779045105,0.5553296804428101,0.773777961730957,0.5426025986671448,0.705049991607666,0.5316628813743591,0.6500020027160645,0.581763505935669,0.6735871434211731,0.5737954378128052,0.5956969857215881,0.5692274570465088,0.5497030019760132,0.5663429498672485,0.506311297416687,0.6070040464401245,0.6643840074539185,0.6002751588821411,0.5778844356536865,0.5951659679412842,0.5249475240707397,0.5911004543304443,0.47842568159103394,0.6310264468193054,0.6719518899917603,0.6275380849838257,0.587645411491394,0.6229088306427002,0.5357323884963989,0.6182629466056824,0.49056515097618103,0.6560064554214478,0.6929572224617004,0.65773606300354,0.6228264570236206,0.6579805016517639,0.5783641934394836,0.6583568453788757,0.5376160144805908,paper,05050,C:/Users/Javier/PIDS_HandPose/work/HAR_mediapipe/data/gestos_pids/train//paper/paper_05050.jpg
0.6046993136405945,0.9236096143722534,0.568119466304779,0.8624759912490845,0.5517175793647766,0.7795508503913879,0.5510044693946838,0.7112436294555664,0.5505098104476929,0.6561341285705566,0.5924737453460693,0.7026457786560059,0.5973219871520996,0.6280691027641296,0.5995299220085144,0.583669900894165,0.6018524765968323,0.5416443943977356,0.6187561750411987,0.7052817344665527,0.6255435943603516,0.6234347820281982,0.6272788047790527,0.5709160566329956,0.6290484666824341,0.5229414105415344,0.6411449909210205,0.7235227823257446,0.6507204174995422,0.6449158191680908,0.6536270380020142,0.5946171879768372,0.65597003698349,0.5493773221969604,0.6615615487098694,0.7548282146453857,0.6733096837997437,0.6901562809944153,0.6792977452278137,0.648587167263031,0.6855249404907227,0.6100702285766602,paper,05051,C:/Users/Javier/PIDS_HandPose/work/HAR_mediapipe/data/gestos_pids/train//paper/paper_05051.jpg
0.6078007817268372,0.954393744468689,0.5724518299102783,0.8963087797164917,0.5553895235061646,0.8138282299041748,0.5528067350387573,0.7474008798599243,0.5515328049659729,0.6940398812294006,0.5959622859954834,0.7391486763954163,0.5995869040489197,0.6657366752624512,0.6009282469749451,0.6216124296188354,0.6023932695388794,0.5808606743812561,0.6214249730110168,0.7409163117408752,0.6263484954833984,0.6616061329841614,0.6282443404197693,0.6106786727905273,0.629900336265564,0.5645159482955933,0.6437504291534424,0.7590324282646179,0.6523916721343994,0.6827879548072815,0.6558946967124939,0.6322613954544067,0.6581985950469971,0.5865563154220581,0.6639202833175659,0.7908273339271545,0.674897313117981,0.7282860279083252,0.6804746389389038,0.6875884532928467,0.6855562329292297,0.6495584845542908,paper,05052,C:/Users/Javier/PIDS_HandPose/work/HAR_mediapipe/data/gestos_pids/train//paper/paper_05052.jpg
0.5917114615440369,0.9302220344543457,0.5537594556808472,0.8760374784469604,0.5329496264457703,0.7971241474151611,0.5268703699111938,0.7296137809753418,0.5217323303222656,0.6736197471618652,0.5684504508972168,0.712844729423523,0.5671407580375671,0.6383189558982849,0.5654188990592957,0.594285249710083,0.5643855929374695,0.5530584454536438,0.5933670401573181,0.7104856967926025,0.5925533771514893,0.6291426420211792,0.5899779200553894,0.5775918364524841,0.5878646373748779,0.5297079086303711,0.6157021522521973,0.7241580486297607,0.617983877658844,0.6446841359138489,0.6163260340690613,0.5935467481613159,0.6138086318969727,0.5473451614379883,0.637340247631073,0.7519950270652771,0.643198549747467,0.6868833899497986,0.6447079181671143,0.6437965035438538,0.6452712416648865,0.6036984324455261,paper,05053,C:/Users/Javier/PIDS_HandPose/work/HAR_mediapipe/data/gestos_pids/train//paper/paper_05053.jpg
0.5994696021080017,0.9114206433296204,0.5615594387054443,0.8605262041091919,0.5376855134963989,0.783349335193634,0.5302857160568237,0.7159715294837952,0.526409387588501,0.6609723567962646,0.5721203088760376,0.696403443813324,0.5690890550613403,0.6246830821037292,0.5673103928565979,0.583596408367157,0.5661979913711548,0.5440468192100525,0.5961918830871582,0.6926571726799011,0.5944710373878479,0.6120006442070007,0.5908399224281311,0.5630478858947754,0.5876032710075378,0.5189093947410583,0.6180432438850403,0.7040935158729553,0.6195021867752075,0.6244091391563416,0.6170828342437744,0.5741692781448364,0.6142883896827698,0.5300214886665344,0.6399293541908264,0.7288864850997925,0.6455907225608826,0.663504958152771,0.6476713418960571,0.6199195384979248,0.6493157148361206,0.5796428918838501,paper,05054,C:/Users/Javier/PIDS_HandPose/work/HAR_mediapipe/data/gestos_pids/train//paper/paper_05054.jpg
0.6057340502738953,0.9660886526107788,0.5676726698875427,0.9111291170120239,0.544033408164978,0.8297457695007324,0.5357975959777832,0.7608287334442139,0.530639111995697,0.705464243888855,0.5775781869888306,0.7412676811218262,0.5751193761825562,0.6687697172164917,0.5733128786087036,0.6276394128799438,0.57197105884552,0.5868923664093018,0.6030296683311462,0.7384979724884033,0.6025295257568359,0.6549348831176758,0.5992454290390015,0.6068289279937744,0.5963859558105469,0.5613683462142944,0.6259819865226746,0.7520584464073181,0.6284698843955994,0.670589029788971,0.6261744499206543,0.6210265755653381,0.6233521103858948,0.5753501653671265,0.64803147315979,0.7794123888015747,0.6534498333930969,0.712138295173645,0.6558889150619507,0.6703441143035889,0.658427894115448,0.6306580901145935,paper,05055,C:/Users/Javier/PIDS_HandPose/work/HAR_mediapipe/data/gestos_pids/train//paper/paper_05055.jpg
0.6253923177719116,0.9415461421012878,0.5851598978042603,0.8888254761695862,0.5622374415397644,0.8102356791496277,0.5565802454948425,0.7429282665252686,0.5517768263816833,0.6872453689575195,0.5967679619789124,0.7274024486541748,0.5951542258262634,0.6542841196060181,0.5942434072494507,0.6121345162391663,0.5942055583000183,0.571178674697876,0.6217317581176758,0.7236296534538269,0.6226298809051514,0.6424121856689453,0.6208347678184509,0.5931051969528198,0.6194345951080322,0.5483686327934265,0.6440979838371277,0.7359676957130432,0.6474596261978149,0.6571189761161804,0.6466003656387329,0.6084221601486206,0.6455247402191162,0.5643892288208008,0.6667971611022949,0.7611889839172363,0.6749022603034973,0.6971973776817322,0.6784270405769348,0.6558929085731506,0.6814843416213989,0.6167026162147522,paper,05056,C:/Users/Javier/PIDS_HandPose/work/HAR_mediapipe/data/gestos_pids/train//paper/paper_05056.jpg
0.6181942224502563,0.9710841178894043,0.5790671706199646,0.9186185598373413,0.5563876032829285,0.8388974070549011,0.5500345230102539,0.7702117562294006,0.5453371405601501,0.7144132256507874,0.5886519551277161,0.7498559951782227,0.5871056318283081,0.6779267191886902,0.5863845944404602,0.6371575593948364,0.5859725475311279,0.5978233814239502,0.6145789623260498,0.7476521134376526,0.613909900188446,0.6673393249511719,0.6117269992828369,0.6202455163002014,0.6100819706916809,0.5758351683616638,0.6382012367248535,0.76252681016922,0.6410555243492126,0.6828014850616455,0.6395570039749146,0.6341737508773804,0.6378806233406067,0.5889754295349121,0.6616660356521606,0.7917327880859375,0.6698265075683594,0.7268973588943481,0.6735491752624512,0.6852393746376038,0.6770629286766052,0.6444080471992493,paper,05057,C:/Users/Javier/PIDS_HandPose/work/HAR_mediapipe/data/gestos_pids/train//paper/paper_05057.jpg
0.6199005842208862,0.9798533916473389,0.5812256932258606,0.930042564868927,0.5588400363922119,0.8546541929244995,0.5528379678726196,0.7893441319465637,0.5487044453620911,0.7341177463531494,0.594818115234375,0.7669656872749329,0.5945261120796204,0.6932588219642639,0.5930583477020264,0.6505736112594604,0.5911919474601746,0.6110270023345947,0.6199812889099121,0.7665659189224243,0.620196521282196,0.6850552558898926,0.6186282634735107,0.6351820230484009,0.6166310906410217,0.588537335395813,0.6430134177207947,0.7839163541793823,0.6465310454368591,0.7038395404815674,0.6459896564483643,0.654826283454895,0.6444754004478455,0.6090341210365295,0.6656281352043152,0.8151522874832153,0.6742067337036133,0.7496979236602783,0.6782144904136658,0.7078713178634644,0.6817196607589722,0.6677761077880859,paper,05058,C:/Users/Javier/PIDS_HandPose/work/HAR_mediapipe/data/gestos_pids/train//paper/paper_05058.jpg
0.6245525479316711,0.8279024362564087,0.5830245018005371,0.7945891618728638,0.5546435117721558,0.727104902267456,0.5431991219520569,0.6663656234741211,0.5310220122337341,0.6207300424575806,0.5789178609848022,0.630452036857605,0.569686233997345,0.5631352663040161,0.562630295753479,0.5265101194381714,0.5554826259613037,0.49326997995376587,0.6015556454658508,0.6212302446365356,0.5918220281600952,0.5455517768859863,0.5830337405204773,0.5002530813217163,0.574833869934082,0.460643470287323,0.6240243911743164,0.6282561421394348,0.617822527885437,0.5516217947006226,0.6109760999679565,0.5049929618835449,0.604531466960907,0.46470892429351807,0.6470738649368286,0.6482877731323242,0.6472302079200745,0.5843431949615479,0.6456994414329529,0.5433715581893921,0.6445900797843933,0.5056053996086121,paper,05059,C:/Users/Javier/PIDS_HandPose/work/HAR_mediapipe/data/gestos_pids/train//paper/paper_05059.jpg
0.6369331479072571,0.873962938785553,0.5945906043052673,0.8328091502189636,0.564231276512146,0.7697879076004028,0.5501573085784912,0.7115354537963867,0.5404242277145386,0.6603584289550781,0.5919094085693359,0.6683640480041504,0.5833359956741333,0.5976650714874268,0.5789235234260559,0.556930661201477,0.576108455657959,0.5171321630477905,0.6171137690544128,0.6591833233833313,0.6106013655662537,0.5785920023918152,0.6056639552116394,0.5301932692527771,0.6023678779602051,0.4861641526222229,0.6407322287559509,0.6678280234336853,0.6369312405586243,0.5888062119483948,0.6323196887969971,0.5404811501502991,0.6286604404449463,0.4968998432159424,0.6650402545928955,0.6903307437896729,0.6681490540504456,0.6262345314025879,0.6693208813667297,0.5857296586036682,0.6708013415336609,0.5464367866516113,paper,05060,C:/Users/Javier/PIDS_HandPose/work/HAR_mediapipe/data/gestos_pids/train//paper/paper_05060.jpg
0.19545534253120422,0.7881344556808472,0.24481886625289917,0.7933948040008545,0.2890743911266327,0.7612249255180359,0.3186304569244385,0.7256715893745422,0.34140077233314514,0.690392792224884,0.2808458209037781,0.6524807810783386,0.30361026525497437,0.5917786359786987,0.3147701621055603,0.5562171339988708,0.32619714736938477,0.5229578614234924,0.2576693892478943,0.6292595863342285,0.27430593967437744,0.5582532286643982,0.2844705879688263,0.5174583196640015,0.29500338435173035,0.4801905155181885,0.230381578207016,0.6229916214942932,0.241566464304924,0.5499011278152466,0.2497999221086502,0.5058689713478088,0.25975358486175537,0.46622002124786377,0.2014181911945343,0.6306226253509521,0.2027684450149536,0.5718574523925781,0.2047099471092224,0.5337439775466919,0.2093619406223297,0.4976152777671814,paper,05061,C:/Users/Javier/PIDS_HandPose/work/HAR_mediapipe/data/gestos_pids/train//paper/paper_05061.jpg
0.1801317036151886,0.7947995662689209,0.22939085960388184,0.7886441349983215,0.2744930386543274,0.7504019737243652,0.3027995824813843,0.7100938558578491,0.3237763047218323,0.6711992025375366,0.26287996768951416,0.6350540518760681,0.28115636110305786,0.5684618353843689,0.28758230805397034,0.5314807891845703,0.2945154905319214,0.49539774656295776,0.23649542033672333,0.6159273982048035,0.24769282341003418,0.5402021408081055,0.2523924708366394,0.4979553818702698,0.25790098309516907,0.4578865170478821,0.20794229209423065,0.6138181686401367,0.2127721607685089,0.5412699580192566,0.2171771228313446,0.4971008896827698,0.22317436337471008,0.45519906282424927,0.1787792444229126,0.6251360774040222,0.175680473446846,0.5663503408432007,0.17337001860141754,0.5294841527938843,0.17431357502937317,0.49291324615478516,paper,05062,C:/Users/Javier/PIDS_HandPose/work/HAR_mediapipe/data/gestos_pids/train//paper/paper_05062.jpg
0.16558459401130676,0.8290845155715942,0.2153596729040146,0.8202540874481201,0.2580394148826599,0.7748010158538818,0.2828144431114197,0.7293211817741394,0.3030094504356384,0.690068781375885,0.24299457669258118,0.6629904508590698,0.2573052644729614,0.5971182584762573,0.2619418203830719,0.5603459477424622,0.267045795917511,0.5247155427932739,0.21425452828407288,0.6458374261856079,0.22039689123630524,0.5719959735870361,0.22236338257789612,0.5293511748313904,0.22466690838336945,0.49084413051605225,0.18479034304618835,0.6466125845909119,0.1858542263507843,0.5762844681739807,0.18580032885074615,0.5334299802780151,0.18747387826442719,0.49404028058052063,0.15586304664611816,0.6615320444107056,0.14961671829223633,0.6080644726753235,0.14448443055152893,0.5730760097503662,0.14261028170585632,0.5390843749046326,paper,05063,C:/Users/Javier/PIDS_HandPose/work/HAR_mediapipe/data/gestos_pids/train//paper/paper_05063.jpg
0.62506502866745,1.0082948207855225,0.5877780318260193,0.9587881565093994,0.5653290152549744,0.8892615437507629,0.5574368834495544,0.8329866528511047,0.5522913932800293,0.7825160026550293,0.6029811501502991,0.8050826191902161,0.602992057800293,0.7341253161430359,0.6024825572967529,0.6929413676261902,0.6030651926994324,0.6532995104789734,0.6307316422462463,0.8073137402534485,0.6345702409744263,0.7292976379394531,0.6348692178726196,0.6828526854515076,0.6364182829856873,0.6387401819229126,0.6546435356140137,0.8274641633033752,0.6625850200653076,0.7523921728134155,0.6639769077301025,0.7060003280639648,0.6654931306838989,0.6608738899230957,0.6759737133979797,0.8606665730476379,0.6886168718338013,0.8004482388496399,0.69538414478302,0.7607966661453247,0.702210545539856,0.720255434513092,paper,05064,C:/Users/Javier/PIDS_HandPose/work/HAR_mediapipe/data/gestos_pids/train//paper/paper_05064.jpg
0.6212450265884399,1.0056161880493164,0.5842995643615723,0.9599889516830444,0.5615434050559998,0.8905520439147949,0.5537594556808472,0.8340485095977783,0.5484446287155151,0.7852215766906738,0.5995100140571594,0.8058689832687378,0.5988847017288208,0.7337214946746826,0.5971274971961975,0.6951902508735657,0.5956589579582214,0.6589475870132446,0.6260718107223511,0.8078316450119019,0.6298011541366577,0.7281954288482666,0.6288642883300781,0.684958815574646,0.6290881633758545,0.6429548263549805,0.6495428681373596,0.8266173601150513,0.6569066643714905,0.7492713928222656,0.6575426459312439,0.7018263936042786,0.6587178111076355,0.6560211777687073,0.6711128950119019,0.8587113618850708,0.6842676401138306,0.7962321043014526,0.6914874911308289,0.7566549181938171,0.6985478401184082,0.716449499130249,paper,05065,C:/Users/Javier/PIDS_HandPose/work/HAR_mediapipe/data/gestos_pids/train//paper/paper_05065.jpg
0.1780664175748825,0.7664955258369446,0.22258853912353516,0.7314450740814209,0.2534388303756714,0.6742963790893555,0.26850882172584534,0.6276381611824036,0.28221678733825684,0.588676393032074,0.23147475719451904,0.5893814563751221,0.24445714056491852,0.5300586223602295,0.2535744905471802,0.5008999109268188,0.26377803087234497,0.47387033700942993,0.21178670227527618,0.5846520662307739,0.21923185884952545,0.5154532790184021,0.2267635315656662,0.47840672731399536,0.23642781376838684,0.4447883367538452,0.19172781705856323,0.5949161052703857,0.19578474760055542,0.5257595777511597,0.20049649477005005,0.486253023147583,0.207696795463562,0.45075124502182007,0.17121192812919617,0.6177975535392761,0.1697051078081131,0.5645544528961182,0.171573668718338,0.5287564396858215,0.17475801706314087,0.49386972188949585,paper,05066,C:/Users/Javier/PIDS_HandPose/work/HAR_mediapipe/data/gestos_pids/train//paper/paper_05066.jpg
0.6398529410362244,0.9990183115005493,0.5995439291000366,0.9547811150550842,0.5744670629501343,0.8829160928726196,0.564300537109375,0.8254536390304565,0.557273268699646,0.7755151987075806,0.6079752445220947,0.7965090274810791,0.6075117588043213,0.7236545085906982,0.6070683002471924,0.6831568479537964,0.6071821451187134,0.6443314552307129,0.6357535123825073,0.7961031794548035,0.638576865196228,0.7177389860153198,0.6381010413169861,0.6735553741455078,0.6382540464401245,0.6316153407096863,0.660977840423584,0.8132758736610413,0.6666480898857117,0.7377733588218689,0.6670634746551514,0.6928516626358032,0.6675969362258911,0.6476792693138123,0.6846264600753784,0.8436861634254456,0.6953457593917847,0.783559262752533,0.7001879215240479,0.7457863688468933,0.7049024701118469,0.706148087978363,paper,05067,C:/Users/Javier/PIDS_HandPose/work/HAR_mediapipe/data/gestos_pids/train//paper/paper_05067.jpg
0.6294384598731995,1.0153263807296753,0.5941895246505737,0.9673359394073486,0.5723192095756531,0.8971205353736877,0.5646282434463501,0.8421478271484375,0.5609227418899536,0.7969791889190674,0.6090599894523621,0.808790922164917,0.6102476119995117,0.7366007566452026,0.6096863150596619,0.6978941559791565,0.6085795164108276,0.6620151996612549,0.635524332523346,0.812781035900116,0.6413494944572449,0.7331365346908569,0.6413774490356445,0.6904763579368591,0.6410412788391113,0.6509281396865845,0.6588773727416992,0.8334781527519226,0.6675415635108948,0.755538821220398,0.6692191958427429,0.7089678645133972,0.6705891489982605,0.6648277044296265,0.679935872554779,0.8666951060295105,0.693453848361969,0.8041483759880066,0.7008748650550842,0.7649568915367126,0.7082420587539673,0.7257547378540039,paper,05068,C:/Users/Javier/PIDS_HandPose/work/HAR_mediapipe/data/gestos_pids/train//paper/paper_05068.jpg
0.6318544745445251,1.0084644556045532,0.5945050120353699,0.9582504034042358,0.5719907879829407,0.8883501291275024,0.5637712478637695,0.831616222858429,0.5582840442657471,0.7829509973526001,0.6092102527618408,0.8005037903785706,0.6092215180397034,0.7277620434761047,0.608430802822113,0.6888867616653442,0.6072659492492676,0.6528711318969727,0.6356180310249329,0.8034846782684326,0.6393937468528748,0.7242295742034912,0.6387490034103394,0.6805959343910217,0.6385172009468079,0.6400759220123291,0.659156322479248,0.8235539793968201,0.6663344502449036,0.7462279796600342,0.6675153374671936,0.6984308958053589,0.6691460609436035,0.6536558866500854,0.6804599165916443,0.8563465476036072,0.6928389072418213,0.7945923209190369,0.7000420093536377,0.7549085021018982,0.707874596118927,0.7153922915458679,paper,05069,C:/Users/Javier/PIDS_HandPose/work/HAR_mediapipe/data/gestos_pids/train//paper/paper_05069.jpg
0.6369581818580627,1.0062834024429321,0.600321888923645,0.9538344740867615,0.5789088606834412,0.8863817453384399,0.5724590420722961,0.8323585987091064,0.5672752261161804,0.7832368612289429,0.6163894534111023,0.8004839420318604,0.6164782643318176,0.7296704053878784,0.6160038709640503,0.6892142295837402,0.6160374283790588,0.6512944102287292,0.6428513526916504,0.8031483888626099,0.6473327279090881,0.7263379096984863,0.6473719477653503,0.6820240020751953,0.648268461227417,0.6416007876396179,0.6665211319923401,0.8235077857971191,0.6749168038368225,0.7471263408660889,0.6762624382972717,0.6991562247276306,0.6774216890335083,0.6551981568336487,0.688474178314209,0.857973039150238,0.7017494440078735,0.7970492839813232,0.7078650593757629,0.7564873099327087,0.7131816148757935,0.7164685726165771,paper,05070,C:/Users/Javier/PIDS_HandPose/work/HAR_mediapipe/data/gestos_pids/train//paper/paper_05070.jpg
