x0,y0,x1,y1,x2,y2,x3,y3,x4,y4,x5,y5,x6,y6,x7,y7,x8,y8,x9,y9,x10,y10,x11,y11,x12,y12,x13,y13,x14,y14,x15,y15,x16,y16,x17,y17,x18,y18,x19,y19,x20,y20,label,frame,path
0.4654841721057892,0.5279706120491028,0.5041800141334534,0.5219720005989075,0.5339094400405884,0.5003311634063721,0.5628191232681274,0.4845314919948578,0.5907719135284424,0.45863738656044006,0.5161413550376892,0.3864673972129822,0.5500884652137756,0.37662214040756226,0.5714138150215149,0.40350648760795593,0.5835354924201965,0.4360535144805908,0.5136090517044067,0.3688358962535858,0.5360338687896729,0.28762561082839966,0.5515251755714417,0.23273919522762299,0.5626721382141113,0.19278180599212646,0.5064367055892944,0.35918471217155457,0.5236482620239258,0.28061652183532715,0.5391039848327637,0.23121915757656097,0.5516759157180786,0.1930173933506012,0.49820464849472046,0.36201271414756775,0.50838303565979,0.2929140329360962,0.5197656154632568,0.24676918983459473,0.5310779213905334,0.21055561304092407,ok,01001,C:/Users/Javier/PIDS_HandPose/work/HAR_mediapipe/data/gestos_pids/train//ok/ok_01001.jpg
0.5326637625694275,0.6132738590240479,0.5779871940612793,0.6193436980247498,0.6199414730072021,0.6056745648384094,0.654147744178772,0.5920205116271973,0.683370053768158,0.5726683139801025,0.6122458577156067,0.4945366382598877,0.6410895586013794,0.48589974641799927,0.6593022346496582,0.5120535492897034,0.6711763739585876,0.5416358709335327,0.607216477394104,0.47735685110092163,0.6346772909164429,0.4090358316898346,0.6640945672988892,0.390763521194458,0.6817802786827087,0.38481417298316956,0.5956032872200012,0.4678385257720947,0.616675615310669,0.3724595308303833,0.641213059425354,0.33008646965026855,0.6574569940567017,0.3048384189605713,0.5783551335334778,0.47383031249046326,0.5817906856536865,0.3954050540924072,0.5917978882789612,0.3468886613845825,0.6014727354049683,0.3083566427230835,ok,01002,C:/Users/Javier/PIDS_HandPose/work/HAR_mediapipe/data/gestos_pids/train//ok/ok_01002.jpg
0.554230272769928,0.636593759059906,0.5960394740104675,0.6295942068099976,0.6293085217475891,0.611270010471344,0.6605356931686401,0.6004629731178284,0.690561056137085,0.5882201790809631,0.6230067014694214,0.4985625743865967,0.6547043323516846,0.49975675344467163,0.6744687557220459,0.5264614820480347,0.6847073435783386,0.5572559237480164,0.6159963607788086,0.47254520654678345,0.6379983425140381,0.3982763886451721,0.6553429365158081,0.35899031162261963,0.6669341325759888,0.32916104793548584,0.6051121354103088,0.4601198136806488,0.6138507127761841,0.37554746866226196,0.6251150965690613,0.3276265859603882,0.6335110664367676,0.29166534543037415,0.5937208533287048,0.4658412039279938,0.5917758941650391,0.39294129610061646,0.5950073003768921,0.3470323085784912,0.5985606908798218,0.30890947580337524,ok,01003,C:/Users/Javier/PIDS_HandPose/work/HAR_mediapipe/data/gestos_pids/train//ok/ok_01003.jpg
0.49735867977142334,0.5988532900810242,0.5281735062599182,0.6115171909332275,0.5601431131362915,0.594997227191925,0.5900819301605225,0.581534743309021,0.6155489087104797,0.5712099075317383,0.5507329106330872,0.4828847646713257,0.5829067230224609,0.47663453221321106,0.6016231775283813,0.49783629179000854,0.6144432425498962,0.5245897173881531,0.5406813621520996,0.450478732585907,0.5630152225494385,0.38092270493507385,0.5831788778305054,0.3330773711204529,0.5987920761108398,0.2954115569591522,0.5243582725524902,0.4365260601043701,0.5336101651191711,0.3575206995010376,0.5499303340911865,0.30960607528686523,0.563586950302124,0.27301347255706787,0.5054754614830017,0.4401841163635254,0.5034852623939514,0.37064313888549805,0.507576584815979,0.32149267196655273,0.514388382434845,0.27863046526908875,ok,01004,C:/Users/Javier/PIDS_HandPose/work/HAR_mediapipe/data/gestos_pids/train//ok/ok_01004.jpg
0.4013074040412903,0.6386419534683228,0.4368085265159607,0.6347157955169678,0.4774971604347229,0.6089048385620117,0.5126345157623291,0.5937792658805847,0.5392537117004395,0.5679445266723633,0.4698048233985901,0.4948602020740509,0.5081791877746582,0.47179311513900757,0.5253841876983643,0.4986386299133301,0.5294445157051086,0.539995014667511,0.4547845721244812,0.4616664946079254,0.48315343260765076,0.386456161737442,0.5067151188850403,0.34026557207107544,0.524686336517334,0.3045029044151306,0.43499207496643066,0.45015624165534973,0.4475878179073334,0.364739328622818,0.46573859453201294,0.3139888346195221,0.48239925503730774,0.27715441584587097,0.41289934515953064,0.46085503697395325,0.40997639298439026,0.392943412065506,0.4140683710575104,0.3418923020362854,0.42192625999450684,0.2993795871734619,ok,01005,C:/Users/Javier/PIDS_HandPose/work/HAR_mediapipe/data/gestos_pids/train//ok/ok_01005.jpg
0.30514904856681824,0.6543973684310913,0.34269872307777405,0.6578173041343689,0.3824150264263153,0.6347396373748779,0.4145679473876953,0.6103683114051819,0.44133007526397705,0.5852617025375366,0.37424108386039734,0.5196250081062317,0.4131333827972412,0.4952736794948578,0.42664557695388794,0.5226126909255981,0.4292411506175995,0.5625438094139099,0.35677212476730347,0.4885711073875427,0.37940436601638794,0.40883708000183105,0.40099355578422546,0.36360639333724976,0.41407349705696106,0.33143967390060425,0.3342588245868683,0.48226088285446167,0.3414670526981354,0.39614981412887573,0.3537294566631317,0.34064003825187683,0.36431339383125305,0.29946696758270264,0.31151267886161804,0.49675312638282776,0.30375564098358154,0.43723100423812866,0.30181455612182617,0.3942731022834778,0.3032316565513611,0.3568236231803894,ok,01006,C:/Users/Javier/PIDS_HandPose/work/HAR_mediapipe/data/gestos_pids/train//ok/ok_01006.jpg
0.18925568461418152,0.6856895685195923,0.23422230780124664,0.6920353174209595,0.27077049016952515,0.6695791482925415,0.2873082756996155,0.6428697109222412,0.2773776054382324,0.6176859140396118,0.277828186750412,0.5420936942100525,0.30287402868270874,0.5002524256706238,0.2926567792892456,0.5501503944396973,0.2800540626049042,0.5951741933822632,0.2508712112903595,0.5057486295700073,0.2684219479560852,0.410153329372406,0.281473845243454,0.3515882194042206,0.289142370223999,0.29799965023994446,0.2160269170999527,0.49797487258911133,0.22421489655971527,0.4048476219177246,0.23094376921653748,0.34972935914993286,0.2374137043952942,0.3059970736503601,0.1802610456943512,0.5159309506416321,0.1765633225440979,0.4526854455471039,0.17430248856544495,0.40965670347213745,0.17473235726356506,0.3725266456604004,ok,01007,C:/Users/Javier/PIDS_HandPose/work/HAR_mediapipe/data/gestos_pids/train//ok/ok_01007.jpg
0.33359745144844055,0.6052180528640747,0.3705183267593384,0.591666042804718,0.40474948287010193,0.5633396506309509,0.43507978320121765,0.54459547996521,0.4610612988471985,0.5184736847877502,0.3820912539958954,0.4519348740577698,0.4211639165878296,0.42563676834106445,0.44168832898139954,0.4508800804615021,0.4514734148979187,0.4897102117538452,0.37077856063842773,0.4332672357559204,0.3947858214378357,0.35375598073005676,0.4170003831386566,0.3037950098514557,0.43290355801582336,0.26484715938568115,0.355142205953598,0.43323296308517456,0.36131423711776733,0.3447743356227875,0.37598100304603577,0.2886340320110321,0.39033275842666626,0.24468503892421722,0.33882394433021545,0.450664222240448,0.32794928550720215,0.38591381907463074,0.329377144575119,0.3383297026157379,0.33444154262542725,0.2960222363471985,ok,01008,C:/Users/Javier/PIDS_HandPose/work/HAR_mediapipe/data/gestos_pids/train//ok/ok_01008.jpg
0.5950098037719727,0.6010655164718628,0.6242700815200806,0.6168971657752991,0.6547397971153259,0.5965046286582947,0.6846372485160828,0.5864277482032776,0.7109940052032471,0.5748031735420227,0.64834064245224,0.48454779386520386,0.6808642148971558,0.4841673672199249,0.6974126696586609,0.5143648982048035,0.7025498747825623,0.5486610531806946,0.6403392553329468,0.4695585370063782,0.6668495535850525,0.453474223613739,0.6865958571434021,0.46977880597114563,0.6986608505249023,0.49278169870376587,0.6348890662193298,0.46596384048461914,0.6608577370643616,0.4383177161216736,0.6808671355247498,0.4452730119228363,0.6912818551063538,0.46242788434028625,0.6309213042259216,0.47243383526802063,0.6567652821540833,0.45935961604118347,0.6732633709907532,0.47699716687202454,0.6806103587150574,0.5033220648765564,ok,01009,C:/Users/Javier/PIDS_HandPose/work/HAR_mediapipe/data/gestos_pids/train//ok/ok_01009.jpg
0.7249665260314941,0.6773145198822021,0.7509627342224121,0.7022456526756287,0.7752996683120728,0.6980597376823425,0.7927473187446594,0.6961109042167664,0.8063331842422485,0.6889461874961853,0.7900765538215637,0.6114547848701477,0.8103086948394775,0.5618311166763306,0.824593722820282,0.526860237121582,0.8348934650421143,0.4981214106082916,0.7854849696159363,0.5890623331069946,0.8052529096603394,0.5283347368240356,0.8198294043540955,0.4918500781059265,0.8300607204437256,0.4621928930282593,0.7806305885314941,0.5754076242446899,0.8015412092208862,0.514411211013794,0.8169207572937012,0.4799063801765442,0.8275234699249268,0.45184987783432007,0.776021420955658,0.5729310512542725,0.7947885990142822,0.528932511806488,0.8074818253517151,0.5023579597473145,0.8167025446891785,0.481098473072052,ok,01010,C:/Users/Javier/PIDS_HandPose/work/HAR_mediapipe/data/gestos_pids/train//ok/ok_01010.jpg
0.6213769912719727,0.6214038133621216,0.5878429412841797,0.5746864080429077,0.575938880443573,0.5250308513641357,0.581779956817627,0.4854690134525299,0.5915783643722534,0.47054317593574524,0.598516583442688,0.4586693346500397,0.5951073169708252,0.40466490387916565,0.5979111194610596,0.42122918367385864,0.6007629036903381,0.4441734552383423,0.6281781196594238,0.4603341519832611,0.6335279941558838,0.3717121481895447,0.6398434042930603,0.32908397912979126,0.6444361805915833,0.29625892639160156,0.6515797972679138,0.47583112120628357,0.6632449626922607,0.3922487795352936,0.6722661852836609,0.34275737404823303,0.6771369576454163,0.30727702379226685,0.6703810095787048,0.5048449635505676,0.6883949041366577,0.4430372416973114,0.697614312171936,0.40846386551856995,0.7014476656913757,0.3795963227748871,ok,01011,C:/Users/Javier/PIDS_HandPose/work/HAR_mediapipe/data/gestos_pids/train//ok/ok_01011.jpg
0.5619295239448547,0.6564891338348389,0.588521420955658,0.6759920120239258,0.6269237995147705,0.6746742129325867,0.6602164506912231,0.6768299341201782,0.6861012578010559,0.6700655817985535,0.6270658373832703,0.5581802129745483,0.6612591743469238,0.5611002445220947,0.678749144077301,0.5973861813545227,0.6871880292892456,0.6373801827430725,0.6249322891235352,0.5373213887214661,0.6504740118980408,0.47520962357521057,0.6732369065284729,0.4476800560951233,0.6882081031799316,0.4300825893878937,0.6154935956001282,0.5299915671348572,0.632755696773529,0.45739901065826416,0.6557866930961609,0.42268240451812744,0.6710314750671387,0.4024662375450134,0.6037063598632812,0.5384088158607483,0.6026358604431152,0.4837900996208191,0.6099078059196472,0.44455283880233765,0.6163125038146973,0.41064631938934326,ok,01012,C:/Users/Javier/PIDS_HandPose/work/HAR_mediapipe/data/gestos_pids/train//ok/ok_01012.jpg
0.4964791536331177,0.6483981013298035,0.5390734076499939,0.6855147480964661,0.5762278437614441,0.7002595663070679,0.6106248497962952,0.7119084000587463,0.6424065828323364,0.7032564282417297,0.5901092886924744,0.5976359248161316,0.6236607432365417,0.6114867925643921,0.6380738615989685,0.6438614726066589,0.6434462070465088,0.6764918565750122,0.5914532542228699,0.5689194798469543,0.6349633932113647,0.5339111685752869,0.6641053557395935,0.5293691754341125,0.6893873810768127,0.5270935893058777,0.5854347348213196,0.5485535860061646,0.6240334510803223,0.4875625967979431,0.6515688300132751,0.4633385241031647,0.6719014644622803,0.44736677408218384,0.5738899111747742,0.5405138731002808,0.5896445512771606,0.47832411527633667,0.6050907969474792,0.44280457496643066,0.6184180974960327,0.4137779772281647,ok,01013,C:/Users/Javier/PIDS_HandPose/work/HAR_mediapipe/data/gestos_pids/train//ok/ok_01013.jpg
0.9575816988945007,0.7128394842147827,0.9317166209220886,0.7255854606628418,0.9080545902252197,0.7173181176185608,0.9087566137313843,0.7120392322540283,0.9224869012832642,0.7022678852081299,0.896156907081604,0.5433166027069092,0.8847274780273438,0.5334554314613342,0.8958258032798767,0.5986813306808472,0.9061263203620911,0.6523618698120117,0.9290915131568909,0.5099049210548401,0.9076104760169983,0.40118902921676636,0.894566535949707,0.32338178157806396,0.8842760920524597,0.24888592958450317,0.9619172215461731,0.5076091885566711,0.951691746711731,0.40377044677734375,0.9462664127349854,0.3229326605796814,0.9422433376312256,0.2529890239238739,0.9974163174629211,0.5298937559127808,1.0024962425231934,0.45192819833755493,1.0034174919128418,0.3885972797870636,1.0044718980789185,0.3279106914997101,ok,01014,C:/Users/Javier/PIDS_HandPose/work/HAR_mediapipe/data/gestos_pids/train//ok/ok_01014.jpg
0.8203703165054321,0.68302321434021,0.7736225724220276,0.6419413685798645,0.7314223051071167,0.5890970230102539,0.6887677907943726,0.5632587671279907,0.6575896739959717,0.539959728717804,0.7700432538986206,0.45971962809562683,0.7296501994132996,0.42381107807159424,0.69756680727005,0.46323761343955994,0.675941526889801,0.5017361640930176,0.7972754240036011,0.44486433267593384,0.7757753133773804,0.32969701290130615,0.7595040202140808,0.25237923860549927,0.7466718554496765,0.17891472578048706,0.82546466588974,0.47224077582359314,0.8411859273910522,0.34981968998908997,0.8472760319709778,0.2712215483188629,0.8508742451667786,0.19624829292297363,0.8472957015037537,0.5253944993019104,0.878812313079834,0.44693291187286377,0.8961878418922424,0.3874702453613281,0.9117752313613892,0.32513993978500366,ok,01015,C:/Users/Javier/PIDS_HandPose/work/HAR_mediapipe/data/gestos_pids/train//ok/ok_01015.jpg
0.8338225483894348,0.6973296403884888,0.7864295244216919,0.6476453542709351,0.7446564435958862,0.5820664763450623,0.7039958238601685,0.5436452031135559,0.6715556383132935,0.5126438140869141,0.7838386297225952,0.45098641514778137,0.7457513809204102,0.4012395441532135,0.7171134948730469,0.4349304139614105,0.6994938850402832,0.4701690971851349,0.8142311573028564,0.4367302656173706,0.7960984706878662,0.3184291124343872,0.7833372950553894,0.23748043179512024,0.773827075958252,0.16217350959777832,0.8443910479545593,0.46349817514419556,0.8643143177032471,0.34079283475875854,0.8723762631416321,0.2646607756614685,0.8760863542556763,0.19260844588279724,0.868658185005188,0.5164249539375305,0.9051274657249451,0.43450549244880676,0.9239925146102905,0.3745241165161133,0.9384390711784363,0.3127647638320923,ok,01016,C:/Users/Javier/PIDS_HandPose/work/HAR_mediapipe/data/gestos_pids/train//ok/ok_01016.jpg
0.8872857689857483,0.7551366686820984,0.8352580666542053,0.7027956247329712,0.7899107933044434,0.6316600441932678,0.7527680397033691,0.5866289138793945,0.7277336120605469,0.5496448278427124,0.8232423663139343,0.4912501573562622,0.7867584228515625,0.42397522926330566,0.7633777260780334,0.4584922790527344,0.7532299160957336,0.5017872452735901,0.8579663038253784,0.469507098197937,0.8367370963096619,0.35025840997695923,0.8234294652938843,0.2698051929473877,0.8136547207832336,0.19658797979354858,0.8957821130752563,0.4856003522872925,0.9020559787750244,0.3623386025428772,0.9029016494750977,0.2895108461380005,0.9029976725578308,0.22207574546337128,0.9317559003829956,0.5313317775726318,0.9570239186286926,0.4390113353729248,0.9700177907943726,0.3776361644268036,0.9800708293914795,0.317129909992218,ok,01017,C:/Users/Javier/PIDS_HandPose/work/HAR_mediapipe/data/gestos_pids/train//ok/ok_01017.jpg
0.9419901967048645,0.7565482258796692,0.8908612728118896,0.703528642654419,0.8520961403846741,0.6269441246986389,0.8192485570907593,0.5804104804992676,0.7987081408500671,0.5363876819610596,0.8843300938606262,0.49562638998031616,0.8520334959030151,0.42105036973953247,0.830284595489502,0.443356990814209,0.8219395875930786,0.47877049446105957,0.9193084836006165,0.4728967249393463,0.9010796546936035,0.34775084257125854,0.8893587589263916,0.26814529299736023,0.8813021183013916,0.19576019048690796,0.9577982425689697,0.4894518554210663,0.9662672877311707,0.36437562108039856,0.9683399200439453,0.28820139169692993,0.967674195766449,0.21736939251422882,0.993519127368927,0.5412091016769409,1.0202800035476685,0.46531134843826294,1.034896731376648,0.4284747838973999,1.0452210903167725,0.3953891694545746,ok,01018,C:/Users/Javier/PIDS_HandPose/work/HAR_mediapipe/data/gestos_pids/train//ok/ok_01018.jpg
0.8054795265197754,0.681830644607544,0.7510936856269836,0.6461200714111328,0.7007952928543091,0.5893827676773071,0.6582117080688477,0.5486234426498413,0.6291520595550537,0.5143715143203735,0.7295476198196411,0.44690728187561035,0.6888396739959717,0.3927991986274719,0.6685172915458679,0.42662250995635986,0.6605350971221924,0.46786561608314514,0.7602736949920654,0.4193197786808014,0.7327503561973572,0.30617043375968933,0.7148454189300537,0.23172052204608917,0.70010906457901,0.16672250628471375,0.7932172417640686,0.42756327986717224,0.794822096824646,0.3095359206199646,0.7926573157310486,0.23700882494449615,0.7882558107376099,0.17256301641464233,0.8239654302597046,0.46170520782470703,0.8477224707603455,0.37531816959381104,0.8594797849655151,0.31445688009262085,0.8664065599441528,0.25362253189086914,ok,01019,C:/Users/Javier/PIDS_HandPose/work/HAR_mediapipe/data/gestos_pids/train//ok/ok_01019.jpg
0.5542112588882446,0.6896154880523682,0.5075967311859131,0.6548992395401001,0.4666712284088135,0.6023948192596436,0.4239717125892639,0.5707008838653564,0.3932984173297882,0.5427617430686951,0.4955333173274994,0.457176148891449,0.45297443866729736,0.4229719638824463,0.4258373975753784,0.465785413980484,0.4134275019168854,0.5093240141868591,0.5146341323852539,0.4321519136428833,0.49024516344070435,0.32606831192970276,0.4698294997215271,0.2573578357696533,0.4533242881298065,0.1975724995136261,0.5373236536979675,0.4395754635334015,0.5432657599449158,0.3235715627670288,0.5414586067199707,0.24605485796928406,0.5388016700744629,0.1787765920162201,0.5559030175209045,0.4698225259780884,0.5750927329063416,0.38146525621414185,0.5835483074188232,0.31950902938842773,0.5892611742019653,0.2612653374671936,ok,01020,C:/Users/Javier/PIDS_HandPose/work/HAR_mediapipe/data/gestos_pids/train//ok/ok_01020.jpg
0.3426421880722046,0.6599785089492798,0.28608450293540955,0.6111286878585815,0.2521628439426422,0.5619216561317444,0.21222996711730957,0.5401651859283447,0.1815912425518036,0.5162303447723389,0.2854682207107544,0.42387789487838745,0.24269090592861176,0.39056119322776794,0.21350082755088806,0.4312402307987213,0.19965419173240662,0.47540658712387085,0.29341280460357666,0.4060109853744507,0.2684480845928192,0.30383414030075073,0.24442408978939056,0.23960156738758087,0.2263106256723404,0.18858473002910614,0.3023691773414612,0.41723600029945374,0.30335453152656555,0.31342267990112305,0.29969266057014465,0.23951709270477295,0.2963334918022156,0.17935723066329956,0.3058009445667267,0.4466286897659302,0.31548693776130676,0.3667250871658325,0.31233078241348267,0.3058745563030243,0.30815795063972473,0.2521032691001892,ok,01021,C:/Users/Javier/PIDS_HandPose/work/HAR_mediapipe/data/gestos_pids/train//ok/ok_01021.jpg
0.30337125062942505,0.6587969660758972,0.24362356960773468,0.5901784896850586,0.2144930362701416,0.5543965697288513,0.17491741478443146,0.537279486656189,0.13876453042030334,0.512316107749939,0.24939782917499542,0.4114956259727478,0.1977856308221817,0.38259562849998474,0.16912561655044556,0.4301404356956482,0.1587493121623993,0.4790007472038269,0.2585158944129944,0.41080442070961,0.22307203710079193,0.2997804284095764,0.19652557373046875,0.23596422374248505,0.17877188324928284,0.19136467576026917,0.25876256823539734,0.43535661697387695,0.2492009401321411,0.3123036026954651,0.23838089406490326,0.23325102031230927,0.23365294933319092,0.17066508531570435,0.24888555705547333,0.46132487058639526,0.25025874376296997,0.3699893355369568,0.2468876838684082,0.3060045540332794,0.24361948668956757,0.24620245397090912,ok,01022,C:/Users/Javier/PIDS_HandPose/work/HAR_mediapipe/data/gestos_pids/train//ok/ok_01022.jpg
0.3026675879955292,0.5946383476257324,0.24470655620098114,0.5305080413818359,0.21391573548316956,0.49275049567222595,0.17231139540672302,0.47488701343536377,0.13934355974197388,0.44388797879219055,0.24810945987701416,0.3510673940181732,0.1970701515674591,0.3267650008201599,0.16613978147506714,0.3670038878917694,0.15222296118736267,0.41047051548957825,0.2534184455871582,0.34434211254119873,0.2238774597644806,0.23619145154953003,0.19838663935661316,0.17034974694252014,0.17906959354877472,0.12422811985015869,0.25608521699905396,0.35751795768737793,0.25035616755485535,0.2370702028274536,0.24184994399547577,0.15914219617843628,0.23752248287200928,0.09889405965805054,0.25259122252464294,0.3752301335334778,0.25809505581855774,0.28137993812561035,0.2546818256378174,0.21677446365356445,0.2517583668231964,0.15839934349060059,ok,01023,C:/Users/Javier/PIDS_HandPose/work/HAR_mediapipe/data/gestos_pids/train//ok/ok_01023.jpg
0.30842146277427673,0.5969905257225037,0.2516705095767975,0.5374556183815002,0.21970506012439728,0.4978858232498169,0.17957185208797455,0.478671133518219,0.14488725364208221,0.4515593945980072,0.2520887851715088,0.35919129848480225,0.2041623592376709,0.3275286853313446,0.17314615845680237,0.36901161074638367,0.15892577171325684,0.414509117603302,0.2590954005718231,0.3505030870437622,0.23499833047389984,0.24334684014320374,0.20981353521347046,0.1760680228471756,0.19030478596687317,0.13150836527347565,0.2615140974521637,0.3604198694229126,0.259569376707077,0.24562907218933105,0.2521040439605713,0.17041395604610443,0.24766524136066437,0.11531047523021698,0.2572566568851471,0.37835371494293213,0.2637263536453247,0.2878531217575073,0.2617732286453247,0.2259989082813263,0.2600911557674408,0.17156949639320374,ok,01024,C:/Users/Javier/PIDS_HandPose/work/HAR_mediapipe/data/gestos_pids/train//ok/ok_01024.jpg
0.3107401430606842,0.6794995069503784,0.25270113348960876,0.6203234195709229,0.22239723801612854,0.5822649002075195,0.18376010656356812,0.5655943751335144,0.14698061347007751,0.5431632399559021,0.25532951951026917,0.44440528750419617,0.20699812471866608,0.4207533299922943,0.17904093861579895,0.4631110429763794,0.16709275543689728,0.5102639198303223,0.2636473774909973,0.44182249903678894,0.232552632689476,0.338483065366745,0.19965985417366028,0.2809619605541229,0.17262306809425354,0.24970100820064545,0.26598986983299255,0.4574928879737854,0.2572467625141144,0.3356562852859497,0.24403001368045807,0.2636597156524658,0.23505569994449615,0.21176496148109436,0.259344220161438,0.47859644889831543,0.2620142996311188,0.3900587558746338,0.2595776319503784,0.3298488259315491,0.2566014230251312,0.27577656507492065,ok,01025,C:/Users/Javier/PIDS_HandPose/work/HAR_mediapipe/data/gestos_pids/train//ok/ok_01025.jpg
0.3137088119983673,0.6916454434394836,0.2532072961330414,0.622938334941864,0.22356460988521576,0.586305558681488,0.18324649333953857,0.5735780596733093,0.14595778286457062,0.5529161691665649,0.2571133077144623,0.45090600848197937,0.20542651414871216,0.42681193351745605,0.17837217450141907,0.47026166319847107,0.16719911992549896,0.5174444913864136,0.2639599144458771,0.4522019624710083,0.2288168966770172,0.3444631099700928,0.1953790783882141,0.287326455116272,0.16797590255737305,0.2610330581665039,0.26423606276512146,0.47115886211395264,0.2530471682548523,0.34613674879074097,0.23928497731685638,0.2734389901161194,0.23082101345062256,0.22117727994918823,0.2550535202026367,0.4908146858215332,0.2557562589645386,0.40020909905433655,0.2525823712348938,0.33945900201797485,0.2500254809856415,0.2834925651550293,ok,01026,C:/Users/Javier/PIDS_HandPose/work/HAR_mediapipe/data/gestos_pids/train//ok/ok_01026.jpg
0.22160974144935608,0.6725140810012817,0.2377767711877823,0.5698582530021667,0.23346775770187378,0.48359736800193787,0.220607727766037,0.40640395879745483,0.1963660717010498,0.37038034200668335,0.1665026843547821,0.46532315015792847,0.15939883887767792,0.38149958848953247,0.18150119483470917,0.3856677711009979,0.20455926656723022,0.4064312279224396,0.13619691133499146,0.5020521879196167,0.10006742924451828,0.4007483720779419,0.08022664487361908,0.3255671262741089,0.06306060403585434,0.2732830047607422,0.11749482154846191,0.5473215579986572,0.06422126293182373,0.4769657254219055,0.03548476845026016,0.4225539267063141,0.014990895986557007,0.3822435438632965,0.11090855300426483,0.5958029627799988,0.05921735614538193,0.5614957213401794,0.028238698840141296,0.5368670225143433,0.0036971867084503174,0.5134038329124451,ok,01027,C:/Users/Javier/PIDS_HandPose/work/HAR_mediapipe/data/gestos_pids/train//ok/ok_01027.jpg
0.21266910433769226,0.7895790338516235,0.24561145901679993,0.7137953639030457,0.2581409811973572,0.622898519039154,0.25331544876098633,0.5468360185623169,0.24400606751441956,0.5037627220153809,0.17652258276939392,0.6202390789985657,0.15874283015727997,0.521736204624176,0.15378326177597046,0.47706788778305054,0.15593953430652618,0.4444725513458252,0.14458651840686798,0.6393119096755981,0.11466819792985916,0.5210886001586914,0.1051279753446579,0.44042322039604187,0.10039912164211273,0.38398659229278564,0.13193529844284058,0.660767674446106,0.0993407666683197,0.5733118057250977,0.10368060320615768,0.5419617295265198,0.10890664160251617,0.5306342244148254,0.13063454627990723,0.6797025203704834,0.08305009454488754,0.6393183469772339,0.05788250267505646,0.6201305389404297,0.03759948909282684,0.6036955714225769,ok,01028,C:/Users/Javier/PIDS_HandPose/work/HAR_mediapipe/data/gestos_pids/train//ok/ok_01028.jpg
0.3835935592651367,0.8605304956436157,0.42017632722854614,0.776595950126648,0.4353179931640625,0.6834834814071655,0.4367416501045227,0.5991508960723877,0.431223064661026,0.5279885530471802,0.3814173638820648,0.6547744274139404,0.38361823558807373,0.5495553016662598,0.404695987701416,0.5537117719650269,0.42579472064971924,0.5815569162368774,0.3460983633995056,0.6714829802513123,0.32257944345474243,0.5533444881439209,0.31562694907188416,0.47384172677993774,0.3065364956855774,0.4184929430484772,0.3221694827079773,0.6974819302558899,0.2800869047641754,0.614166796207428,0.2606327533721924,0.560575008392334,0.24410036206245422,0.5236959457397461,0.30961036682128906,0.7300280332565308,0.2689288556575775,0.6847319602966309,0.2433645874261856,0.6552630066871643,0.2231176197528839,0.6299365758895874,ok,01029,C:/Users/Javier/PIDS_HandPose/work/HAR_mediapipe/data/gestos_pids/train//ok/ok_01029.jpg
0.3078403174877167,0.8363319039344788,0.34575846791267395,0.761115550994873,0.37219035625457764,0.6761751770973206,0.3904939293861389,0.607683539390564,0.3998667001724243,0.549530029296875,0.30988892912864685,0.5971019864082336,0.3312400281429291,0.5256510972976685,0.3585575819015503,0.545333981513977,0.3783142864704132,0.5794285535812378,0.2838756740093231,0.6074302196502686,0.27129507064819336,0.49809733033180237,0.27343180775642395,0.42854490876197815,0.2698717713356018,0.3747372627258301,0.2684447169303894,0.6335472464561462,0.2423991709947586,0.5409007668495178,0.2279854714870453,0.4816243052482605,0.21603313088417053,0.4395599067211151,0.2656129002571106,0.6685315370559692,0.23566237092018127,0.6175586581230164,0.21332135796546936,0.5806789398193359,0.1944800615310669,0.5498486757278442,ok,01030,C:/Users/Javier/PIDS_HandPose/work/HAR_mediapipe/data/gestos_pids/train//ok/ok_01030.jpg
0.3159940838813782,0.8186949491500854,0.35398057103157043,0.7392169237136841,0.37508589029312134,0.6550950407981873,0.39078956842422485,0.585155189037323,0.39678338170051575,0.5264317989349365,0.31573373079299927,0.5814084410667419,0.3313998281955719,0.5108731389045715,0.35520845651626587,0.5293233394622803,0.37341952323913574,0.5638247728347778,0.28760814666748047,0.5927545428276062,0.2751656770706177,0.4862038791179657,0.2763860821723938,0.4153939485549927,0.27246007323265076,0.3626450002193451,0.2688925862312317,0.621194064617157,0.24052438139915466,0.5276123285293579,0.22669772803783417,0.4675859212875366,0.2148534655570984,0.42781567573547363,0.26330050826072693,0.6601407527923584,0.2291261851787567,0.6095819473266602,0.2057546079158783,0.5732471346855164,0.18617236614227295,0.5422726273536682,ok,01031,C:/Users/Javier/PIDS_HandPose/work/HAR_mediapipe/data/gestos_pids/train//ok/ok_01031.jpg
0.33404257893562317,0.7434618473052979,0.3775380849838257,0.722347617149353,0.41073161363601685,0.6800216436386108,0.4399881064891815,0.6510838270187378,0.46452596783638,0.6186995506286621,0.387378454208374,0.5628783702850342,0.4218200445175171,0.5263073444366455,0.44295066595077515,0.5533789992332458,0.45395562052726746,0.5949016809463501,0.3683620095252991,0.5393455624580383,0.3901154100894928,0.4621630609035492,0.41402196884155273,0.41543352603912354,0.43201881647109985,0.3765091896057129,0.3469579219818115,0.5397915244102478,0.3492678701877594,0.4505356252193451,0.3607470691204071,0.39383912086486816,0.37044185400009155,0.34871751070022583,0.32518255710601807,0.5613238215446472,0.3126254081726074,0.4995882511138916,0.30744868516921997,0.451762318611145,0.30535775423049927,0.4106590151786804,ok,01033,C:/Users/Javier/PIDS_HandPose/work/HAR_mediapipe/data/gestos_pids/train//ok/ok_01033.jpg
0.3736671507358551,0.7974950075149536,0.3506571352481842,0.7245980501174927,0.3563773036003113,0.6337490677833557,0.38195785880088806,0.5665521621704102,0.4076134264469147,0.5387399792671204,0.35784873366355896,0.6108282804489136,0.39557886123657227,0.5104598999023438,0.405057817697525,0.530287504196167,0.4042275846004486,0.5642381906509399,0.3880990445613861,0.6375206112861633,0.4236956536769867,0.5192758440971375,0.4439775347709656,0.46395251154899597,0.45651140809059143,0.41928890347480774,0.4190332591533661,0.6684054136276245,0.4569636285305023,0.5629392862319946,0.4800693988800049,0.5076442360877991,0.49494367837905884,0.46356552839279175,0.4468226730823517,0.7007208466529846,0.4846905469894409,0.6427186131477356,0.5089713931083679,0.6107766032218933,0.5292947292327881,0.5813651084899902,ok,01034,C:/Users/Javier/PIDS_HandPose/work/HAR_mediapipe/data/gestos_pids/train//ok/ok_01034.jpg
0.5448566675186157,0.7092534303665161,0.4954570531845093,0.6960650086402893,0.4535841941833496,0.6591443419456482,0.42430415749549866,0.607509970664978,0.4044530391693115,0.5587236881256104,0.4853445589542389,0.5770052075386047,0.4456184208393097,0.5004876852035522,0.4236557185649872,0.5115364193916321,0.4151969850063324,0.5353337526321411,0.5083927512168884,0.5453078150749207,0.4775397777557373,0.4495057463645935,0.45915520191192627,0.39144253730773926,0.44893327355384827,0.3432280421257019,0.5229069590568542,0.530381441116333,0.49900054931640625,0.44125717878341675,0.48516103625297546,0.3813682496547699,0.47627323865890503,0.3369636535644531,0.5315542221069336,0.526128351688385,0.521268367767334,0.45338892936706543,0.5183109641075134,0.4122116267681122,0.5166933536529541,0.37877023220062256,ok,01035,C:/Users/Javier/PIDS_HandPose/work/HAR_mediapipe/data/gestos_pids/train//ok/ok_01035.jpg
0.5451147556304932,0.7074341773986816,0.49462658166885376,0.6796622276306152,0.4667747914791107,0.6314729452133179,0.4504508376121521,0.5727008581161499,0.4416672885417938,0.5254817605018616,0.48001205921173096,0.555213212966919,0.4506765604019165,0.47370436787605286,0.45103853940963745,0.482879638671875,0.45892807841300964,0.5075615644454956,0.5115067958831787,0.5299913883209229,0.48465049266815186,0.42188236117362976,0.4748956561088562,0.35960647463798523,0.4696654975414276,0.3108038604259491,0.5400125980377197,0.5233844518661499,0.5326350331306458,0.42274412512779236,0.5323113203048706,0.3585194945335388,0.5330442190170288,0.3101295232772827,0.5624662041664124,0.5300711393356323,0.5737399458885193,0.4579501152038574,0.5833953619003296,0.41659289598464966,0.5928552150726318,0.38236773014068604,ok,01036,C:/Users/Javier/PIDS_HandPose/work/HAR_mediapipe/data/gestos_pids/train//ok/ok_01036.jpg
0.5299071073532104,0.7095469236373901,0.48224329948425293,0.6741611361503601,0.4523116946220398,0.616485595703125,0.4387117028236389,0.5522072911262512,0.43215033411979675,0.4972839057445526,0.4832518398761749,0.5742413401603699,0.462589830160141,0.48422324657440186,0.4425244927406311,0.47541359066963196,0.43229052424430847,0.48786336183547974,0.5166121125221252,0.5546132922172546,0.5125867128372192,0.4457426071166992,0.5044072866439819,0.38055986166000366,0.5004040598869324,0.33348873257637024,0.5370607972145081,0.5461470484733582,0.5403470396995544,0.4470837712287903,0.5386731624603271,0.37740522623062134,0.5381925702095032,0.3244469165802002,0.547621488571167,0.5397660732269287,0.5512059926986694,0.46431809663772583,0.5565492510795593,0.4192466735839844,0.5606114268302917,0.381813108921051,ok,01037,C:/Users/Javier/PIDS_HandPose/work/HAR_mediapipe/data/gestos_pids/train//ok/ok_01037.jpg
0.47769519686698914,0.7346282005310059,0.517249584197998,0.674511194229126,0.5442599654197693,0.6163372993469238,0.5718525648117065,0.588767409324646,0.6012605428695679,0.5671185851097107,0.4917595684528351,0.5228337049484253,0.5335485935211182,0.4664263427257538,0.5589593648910522,0.48898446559906006,0.5773651599884033,0.5233858227729797,0.48563435673713684,0.5298426151275635,0.505203902721405,0.43146416544914246,0.5245553851127625,0.38353440165519714,0.5406969785690308,0.3491555452346802,0.48301491141319275,0.5545564293861389,0.5001518130302429,0.45093023777008057,0.5145024061203003,0.39921265840530396,0.5264047384262085,0.35811638832092285,0.4876621961593628,0.5890054702758789,0.4903047978878021,0.5314950942993164,0.4974915385246277,0.4815424382686615,0.504935622215271,0.432436466217041,ok,01038,C:/Users/Javier/PIDS_HandPose/work/HAR_mediapipe/data/gestos_pids/train//ok/ok_01038.jpg
0.4110829830169678,0.6865265369415283,0.44764232635498047,0.6864798069000244,0.4877683222293854,0.6627539992332458,0.5175555944442749,0.6433072090148926,0.5438985824584961,0.6248795986175537,0.48461228609085083,0.5507795214653015,0.5207233428955078,0.5191567540168762,0.5311195254325867,0.5534815192222595,0.5314576625823975,0.5980916023254395,0.46576783061027527,0.5206375122070312,0.489140123128891,0.4393329322338104,0.5122886300086975,0.3999643325805664,0.5295104384422302,0.36969852447509766,0.44238927960395813,0.513954758644104,0.4507805407047272,0.42885279655456543,0.4640392065048218,0.37420839071273804,0.47562700510025024,0.3328785300254822,0.4175131320953369,0.5292859673500061,0.40837568044662476,0.46663230657577515,0.40538740158081055,0.4222237765789032,0.4053865373134613,0.38393622636795044,ok,01039,C:/Users/Javier/PIDS_HandPose/work/HAR_mediapipe/data/gestos_pids/train//ok/ok_01039.jpg
0.4342155158519745,0.7178447246551514,0.4704408645629883,0.7239557504653931,0.5110875964164734,0.7038435339927673,0.5376918315887451,0.6904942989349365,0.558625340461731,0.6721810102462769,0.5147513747215271,0.5860083103179932,0.5497268438339233,0.5567172765731812,0.5549231171607971,0.5967711806297302,0.5506500601768494,0.642002284526825,0.4957652688026428,0.5557854771614075,0.5208132266998291,0.4824063777923584,0.5444976091384888,0.44425517320632935,0.5610824227333069,0.41273051500320435,0.4721582233905792,0.5476020574569702,0.48507118225097656,0.46747612953186035,0.5017908811569214,0.41483935713768005,0.5153366327285767,0.37560534477233887,0.4465404450893402,0.5599595904350281,0.4413137435913086,0.49835923314094543,0.441440612077713,0.4521659016609192,0.44387558102607727,0.4131820797920227,ok,01040,C:/Users/Javier/PIDS_HandPose/work/HAR_mediapipe/data/gestos_pids/train//ok/ok_01040.jpg
0.4142177104949951,0.7300819754600525,0.4494619369506836,0.7346473932266235,0.4866003096103668,0.7100107073783875,0.5122690200805664,0.6916131377220154,0.5368604063987732,0.6787856817245483,0.49113932251930237,0.5939624309539795,0.5257553458213806,0.5623382329940796,0.5306351780891418,0.6001335978507996,0.5268014073371887,0.6440063118934631,0.4711776673793793,0.566219687461853,0.49335014820098877,0.4916422367095947,0.5157433152198792,0.4545285105705261,0.5326371192932129,0.42504677176475525,0.44699761271476746,0.559886634349823,0.4602736234664917,0.4819713532924652,0.4760388433933258,0.43318670988082886,0.4907262623310089,0.39789897203445435,0.42125293612480164,0.5742256045341492,0.41600149869918823,0.5139269232749939,0.41611701250076294,0.4700782895088196,0.41955217719078064,0.43404465913772583,ok,01041,C:/Users/Javier/PIDS_HandPose/work/HAR_mediapipe/data/gestos_pids/train//ok/ok_01041.jpg
0.2968997359275818,0.7598586678504944,0.3352479338645935,0.7284693121910095,0.36632367968559265,0.6825911402702332,0.38647136092185974,0.6516529321670532,0.4008810520172119,0.6146209239959717,0.34674832224845886,0.5685619115829468,0.3762950301170349,0.5199742317199707,0.384417861700058,0.5588889718055725,0.3833755552768707,0.6027116775512695,0.32417744398117065,0.5536865592002869,0.3350776135921478,0.4564123749732971,0.34344327449798584,0.40356001257896423,0.34931328892707825,0.3573063910007477,0.302083283662796,0.5608586668968201,0.306303471326828,0.47022759914398193,0.31272372603416443,0.41463619470596313,0.3203302025794983,0.367486834526062,0.28003621101379395,0.585992693901062,0.278185099363327,0.5176604986190796,0.2798789441585541,0.4693847894668579,0.2829000651836395,0.42707276344299316,ok,01042,C:/Users/Javier/PIDS_HandPose/work/HAR_mediapipe/data/gestos_pids/train//ok/ok_01042.jpg
0.35194462537765503,0.831457793712616,0.28682512044906616,0.8026667833328247,0.24658843874931335,0.7295073866844177,0.23719704151153564,0.644850492477417,0.24969276785850525,0.5885825753211975,0.24606862664222717,0.6828793287277222,0.2290230244398117,0.5658124685287476,0.24594739079475403,0.5711246728897095,0.2614082098007202,0.5964222550392151,0.2835579216480255,0.64579838514328,0.2590506672859192,0.5172616839408875,0.2513287663459778,0.4488842487335205,0.24386997520923615,0.3988322615623474,0.31844058632850647,0.6211545467376709,0.29772526025772095,0.50473952293396,0.2897966802120209,0.4329848289489746,0.2820221781730652,0.3806041479110718,0.3474838435649872,0.6107254028320312,0.34082722663879395,0.5262393355369568,0.3395046889781952,0.47844499349594116,0.3393334150314331,0.4404093027114868,ok,01043,C:/Users/Javier/PIDS_HandPose/work/HAR_mediapipe/data/gestos_pids/train//ok/ok_01043.jpg
0.39860019087791443,0.6720726490020752,0.35813575983047485,0.6608239412307739,0.32346147298812866,0.6256839036941528,0.28707098960876465,0.607815146446228,0.2603950500488281,0.5938912034034729,0.33886289596557617,0.5130099654197693,0.3076711595058441,0.491828978061676,0.2860904932022095,0.5238218903541565,0.2756023705005646,0.5578901767730713,0.3493257761001587,0.48646342754364014,0.3272642493247986,0.41525906324386597,0.30651968717575073,0.3674103617668152,0.2881225645542145,0.3298336863517761,0.3644452691078186,0.48170629143714905,0.36328551173210144,0.40091025829315186,0.3560900390148163,0.35227149724960327,0.3484036922454834,0.3128908574581146,0.3788484036922455,0.49318182468414307,0.38966378569602966,0.4254673421382904,0.39163756370544434,0.37885957956314087,0.3919873535633087,0.3358917832374573,ok,01045,C:/Users/Javier/PIDS_HandPose/work/HAR_mediapipe/data/gestos_pids/train//ok/ok_01045.jpg
0.29506784677505493,0.611160933971405,0.3278006315231323,0.552590548992157,0.3403552174568176,0.4759898781776428,0.3481750786304474,0.41456693410873413,0.35882052779197693,0.37472692131996155,0.2801573872566223,0.42289039492607117,0.29715070128440857,0.35528406500816345,0.3200347423553467,0.36692318320274353,0.3368115723133087,0.3899657130241394,0.255411297082901,0.4362661838531494,0.24150046706199646,0.3470239043235779,0.23645776510238647,0.2900567650794983,0.22711771726608276,0.24674269556999207,0.24263682961463928,0.45943912863731384,0.21404778957366943,0.39071375131607056,0.19804874062538147,0.34786757826805115,0.1846732497215271,0.3144487738609314,0.24236643314361572,0.4848906993865967,0.2184062898159027,0.44369152188301086,0.20251888036727905,0.4179242253303528,0.1899474859237671,0.3960053026676178,ok,01046,C:/Users/Javier/PIDS_HandPose/work/HAR_mediapipe/data/gestos_pids/train//ok/ok_01046.jpg
0.28430691361427307,0.6276540160179138,0.3167645335197449,0.576671302318573,0.3352378010749817,0.5124446153640747,0.3486208915710449,0.4598344564437866,0.36578741669654846,0.42921242117881775,0.28399330377578735,0.44840192794799805,0.302932471036911,0.406124085187912,0.3222580552101135,0.4281352162361145,0.336272656917572,0.45670968294143677,0.2603672444820404,0.4531220495700836,0.2534475028514862,0.3719930350780487,0.25447386503219604,0.3168584108352661,0.2502930760383606,0.27851247787475586,0.24648261070251465,0.47489845752716064,0.22402581572532654,0.40335044264793396,0.21281321346759796,0.36016830801963806,0.20260554552078247,0.3298152685165405,0.2440967857837677,0.506080150604248,0.22210997343063354,0.4678625166416168,0.20621761679649353,0.44142481684684753,0.19261103868484497,0.41842973232269287,ok,01047,C:/Users/Javier/PIDS_HandPose/work/HAR_mediapipe/data/gestos_pids/train//ok/ok_01047.jpg
0.3092625141143799,0.6625689268112183,0.3419910967350006,0.606203556060791,0.35933271050453186,0.5470528602600098,0.3731217682361603,0.4932699203491211,0.3766617476940155,0.4510573446750641,0.3070339858531952,0.48365965485572815,0.32655999064445496,0.4346606135368347,0.34592267870903015,0.4539032578468323,0.35929062962532043,0.48156729340553284,0.28316593170166016,0.4885484576225281,0.2755030393600464,0.4038343131542206,0.27527570724487305,0.3474767506122589,0.2701127827167511,0.30858010053634644,0.2681421935558319,0.5094272494316101,0.24380379915237427,0.4373326897621155,0.2331937551498413,0.3906209468841553,0.22333280742168427,0.35738420486450195,0.2640741467475891,0.5399515628814697,0.23809751868247986,0.49836456775665283,0.22182035446166992,0.4694957733154297,0.20820288360118866,0.444035142660141,ok,01048,C:/Users/Javier/PIDS_HandPose/work/HAR_mediapipe/data/gestos_pids/train//ok/ok_01048.jpg
0.34149396419525146,0.695494532585144,0.3718845546245575,0.6338415145874023,0.387999564409256,0.5686272382736206,0.4000144600868225,0.5135889053344727,0.39606690406799316,0.4731747508049011,0.3368304967880249,0.5153772234916687,0.35152649879455566,0.46637263894081116,0.36973103880882263,0.48337486386299133,0.38334783911705017,0.5100210905075073,0.3112657070159912,0.521957278251648,0.30126523971557617,0.43708187341690063,0.2984292507171631,0.3776496648788452,0.2914131283760071,0.3370898962020874,0.2956790328025818,0.5431118607521057,0.2702203691005707,0.4718115031719208,0.25748440623283386,0.42596566677093506,0.24685528874397278,0.39446091651916504,0.2920345366001129,0.5720456838607788,0.2635079324245453,0.5373396277427673,0.2439086139202118,0.5137363076210022,0.2279239296913147,0.49207302927970886,ok,01049,C:/Users/Javier/PIDS_HandPose/work/HAR_mediapipe/data/gestos_pids/train//ok/ok_01049.jpg
0.33950191736221313,0.7155554890632629,0.3690153658390045,0.656657338142395,0.38506248593330383,0.5924433469772339,0.39774662256240845,0.539929986000061,0.40014171600341797,0.49794942140579224,0.3333554267883301,0.5316356420516968,0.34882691502571106,0.47808295488357544,0.37026721239089966,0.492928147315979,0.3866695761680603,0.5200698971748352,0.31001198291778564,0.5392469763755798,0.30436524748802185,0.4536469578742981,0.3061922788619995,0.398332804441452,0.3044279217720032,0.35880380868911743,0.29555949568748474,0.5609170794487,0.27449676394462585,0.4823310077190399,0.2662292420864105,0.43342912197113037,0.2601201832294464,0.3999599814414978,0.29110953211784363,0.590094268321991,0.26489928364753723,0.5485610961914062,0.2483559101819992,0.5172215700149536,0.2362360954284668,0.4895080327987671,ok,01050,C:/Users/Javier/PIDS_HandPose/work/HAR_mediapipe/data/gestos_pids/train//ok/ok_01050.jpg
0.3541339635848999,0.6241970062255859,0.38876602053642273,0.5763496160507202,0.40284329652786255,0.5180148482322693,0.4104786515235901,0.4705215394496918,0.4138955771923065,0.43589216470718384,0.36096975207328796,0.45267271995544434,0.37252020835876465,0.4045175611972809,0.3863421082496643,0.4223530888557434,0.3953275680541992,0.4498654901981354,0.334827184677124,0.4586538076400757,0.3277604877948761,0.3819728493690491,0.32935506105422974,0.3380674123764038,0.32676562666893005,0.30485090613365173,0.3174000680446625,0.4788365662097931,0.2994740307331085,0.4157688617706299,0.2903679609298706,0.37332502007484436,0.2828861474990845,0.34420058131217957,0.3116540014743805,0.5083940625190735,0.30153200030326843,0.48215633630752563,0.29884740710258484,0.47278982400894165,0.2965340316295624,0.4728560745716095,ok,01051,C:/Users/Javier/PIDS_HandPose/work/HAR_mediapipe/data/gestos_pids/train//ok/ok_01051.jpg
0.2992357909679413,0.7347302436828613,0.25324851274490356,0.7212499380111694,0.2124342918395996,0.6866057515144348,0.17188486456871033,0.6741263270378113,0.14351427555084229,0.6638889312744141,0.22406229376792908,0.5701501369476318,0.18659499287605286,0.5597238540649414,0.17005020380020142,0.6031331419944763,0.16498413681983948,0.642831563949585,0.23813296854496002,0.5408484935760498,0.2098127007484436,0.4764750599861145,0.18794266879558563,0.4261625111103058,0.16843706369400024,0.38794320821762085,0.2575345039367676,0.5385919809341431,0.2523340880870819,0.4585501551628113,0.24490337073802948,0.4043644964694977,0.23738417029380798,0.3621048331260681,0.2754148840904236,0.5550458431243896,0.2856285572052002,0.4914620816707611,0.2888501286506653,0.4453500509262085,0.2909621000289917,0.4034425914287567,ok,01052,C:/Users/Javier/PIDS_HandPose/work/HAR_mediapipe/data/gestos_pids/train//ok/ok_01052.jpg
0.3734349012374878,0.7042595744132996,0.3279910981655121,0.675800621509552,0.2878071069717407,0.6275527477264404,0.24932977557182312,0.5989587306976318,0.22106848657131195,0.576545774936676,0.3097039759159088,0.5088416934013367,0.2719469666481018,0.48155391216278076,0.24670787155628204,0.5099310278892517,0.23296046257019043,0.5440659523010254,0.3258187472820282,0.4853259325027466,0.30421486496925354,0.4011497497558594,0.28158289194107056,0.34815579652786255,0.26131898164749146,0.3055565357208252,0.3457654118537903,0.4868234395980835,0.34320777654647827,0.3987294137477875,0.33515119552612305,0.34186992049217224,0.32749423384666443,0.2934108376502991,0.3635612428188324,0.5081461668014526,0.37909820675849915,0.442529559135437,0.3873271048069,0.3952103853225708,0.3935535252094269,0.34917116165161133,ok,01053,C:/Users/Javier/PIDS_HandPose/work/HAR_mediapipe/data/gestos_pids/train//ok/ok_01053.jpg
0.133276104927063,0.7170431613922119,0.16356301307678223,0.7144859433174133,0.19905231893062592,0.6885970234870911,0.21216373145580292,0.6663751602172852,0.1954725980758667,0.6396253108978271,0.2026556134223938,0.551649808883667,0.2192118912935257,0.5243152379989624,0.207253560423851,0.5757409334182739,0.19131219387054443,0.6174076795578003,0.1780926138162613,0.515468955039978,0.19701078534126282,0.43054667115211487,0.20974083244800568,0.3786924481391907,0.22087186574935913,0.32588303089141846,0.1475224494934082,0.5062292814254761,0.1556634157896042,0.4214739501476288,0.16185888648033142,0.37125837802886963,0.16980622708797455,0.3252113163471222,0.11390706151723862,0.5200465321540833,0.1113247498869896,0.45401522517204285,0.10970496386289597,0.409734845161438,0.11166684329509735,0.36758971214294434,ok,01054,C:/Users/Javier/PIDS_HandPose/work/HAR_mediapipe/data/gestos_pids/train//ok/ok_01054.jpg
0.13165439665317535,0.667542576789856,0.16434913873672485,0.6131575703620911,0.19147107005119324,0.5573117136955261,0.21896716952323914,0.5317352414131165,0.24212321639060974,0.5043500065803528,0.1586339771747589,0.46597161889076233,0.19727341830730438,0.431013286113739,0.2227570116519928,0.45725831389427185,0.23790158331394196,0.4904354512691498,0.15570148825645447,0.47392916679382324,0.16229768097400665,0.3807973861694336,0.1777714639902115,0.3210766911506653,0.18493112921714783,0.27294617891311646,0.15400712192058563,0.5025272965431213,0.1446862816810608,0.407854825258255,0.14572809636592865,0.3527906835079193,0.14450302720069885,0.3047991991043091,0.15696842968463898,0.5439963936805725,0.14107367396354675,0.4912555515766144,0.1334381252527237,0.448604017496109,0.12717874348163605,0.40597203373908997,ok,01055,C:/Users/Javier/PIDS_HandPose/work/HAR_mediapipe/data/gestos_pids/train//ok/ok_01055.jpg
0.15589572489261627,0.6416767835617065,0.19294138252735138,0.6011137366294861,0.22727495431900024,0.5613253116607666,0.25827306509017944,0.5443939566612244,0.28382012248039246,0.5270087718963623,0.2063177227973938,0.460678368806839,0.24387206137180328,0.4451492428779602,0.2668014466762543,0.48388415575027466,0.282003790140152,0.5242701768875122,0.20083221793174744,0.45900142192840576,0.21065056324005127,0.37322551012039185,0.22649948298931122,0.32176581025123596,0.23383018374443054,0.2772700786590576,0.19139158725738525,0.4766111969947815,0.18529534339904785,0.3818284869194031,0.19062891602516174,0.3263164162635803,0.1929234266281128,0.27824199199676514,0.1823127269744873,0.5109019875526428,0.16465060412883759,0.45231354236602783,0.15766778588294983,0.40692129731178284,0.15269175171852112,0.3625061810016632,ok,01056,C:/Users/Javier/PIDS_HandPose/work/HAR_mediapipe/data/gestos_pids/train//ok/ok_01056.jpg
0.1842082440853119,0.6225869655609131,0.2167312651872635,0.5921311974525452,0.2473020851612091,0.5460939407348633,0.2758823335170746,0.5219320058822632,0.30094635486602783,0.5041725635528564,0.22083169221878052,0.4550793766975403,0.2508223354816437,0.41721171140670776,0.2719542384147644,0.43264734745025635,0.28777334094047546,0.4613187313079834,0.20422793924808502,0.44100627303123474,0.21731841564178467,0.36628320813179016,0.23951250314712524,0.32402530312538147,0.25834721326828003,0.29321998357772827,0.1853121519088745,0.4508209526538849,0.18146879971027374,0.3672354519367218,0.19117030501365662,0.31797105073928833,0.20329539477825165,0.278176486492157,0.16828396916389465,0.4837011992931366,0.14923608303070068,0.4288797080516815,0.14473827183246613,0.38504132628440857,0.14574268460273743,0.3434813618659973,ok,01057,C:/Users/Javier/PIDS_HandPose/work/HAR_mediapipe/data/gestos_pids/train//ok/ok_01057.jpg
0.0460285060107708,0.8727613091468811,0.07915985584259033,0.8070136904716492,0.08667493611574173,0.718024492263794,0.0750206932425499,0.6455146074295044,0.060363151133060455,0.5989658832550049,0.06538089364767075,0.6732724905014038,0.0998074859380722,0.575951099395752,0.12266793102025986,0.5179563164710999,0.13997027277946472,0.46855679154396057,0.027938175946474075,0.6527400016784668,0.03803696110844612,0.5072618722915649,0.041949763894081116,0.4178984761238098,0.04116889834403992,0.34492266178131104,0.00014555081725120544,0.6479364037513733,0.008677128702402115,0.5198185443878174,0.017391737550497055,0.4583001434803009,0.02137814089655876,0.41444510221481323,-0.014488175511360168,0.6596304178237915,0.0032448992133140564,0.5742287635803223,0.014871552586555481,0.5490545630455017,0.024272371083498,0.5343466997146606,ok,01058,C:/Users/Javier/PIDS_HandPose/work/HAR_mediapipe/data/gestos_pids/train//ok/ok_01058.jpg
0.630972146987915,0.6869102120399475,0.6572783589363098,0.7243741750717163,0.6972805857658386,0.725608766078949,0.7175890207290649,0.6790037155151367,0.7222970128059387,0.638380229473114,0.7481260895729065,0.6417863368988037,0.781999409198761,0.6113942861557007,0.7570110559463501,0.624710202217102,0.7298166155815125,0.6384702324867249,0.7412216663360596,0.587498664855957,0.7846099734306335,0.535453200340271,0.8092173337936401,0.49683481454849243,0.8326833248138428,0.45908302068710327,0.723578155040741,0.5515672564506531,0.7596791386604309,0.49148428440093994,0.7810717225074768,0.45107901096343994,0.8032385110855103,0.41697263717651367,0.6951671838760376,0.5298266410827637,0.7156811952590942,0.4778797924518585,0.7279953360557556,0.4443753957748413,0.7415838241577148,0.41525039076805115,ok,01060,C:/Users/Javier/PIDS_HandPose/work/HAR_mediapipe/data/gestos_pids/train//ok/ok_01060.jpg
0.5818551778793335,0.6055441498756409,0.6271915435791016,0.5970112085342407,0.6636929512023926,0.5671512484550476,0.6921043395996094,0.5292805433273315,0.702349066734314,0.48724278807640076,0.6446876525878906,0.4927140772342682,0.6659720540046692,0.45523694157600403,0.6801950931549072,0.4529785215854645,0.6927961707115173,0.45594045519828796,0.6287600994110107,0.4661017656326294,0.6425299644470215,0.3961845636367798,0.6573675870895386,0.35343778133392334,0.6715022325515747,0.317813515663147,0.6084129214286804,0.4566604495048523,0.6156116724014282,0.3889312446117401,0.6247063279151917,0.35008081793785095,0.6348801851272583,0.3188049793243408,0.5861637592315674,0.4633723497390747,0.5809747576713562,0.4144596755504608,0.5792313814163208,0.3803284764289856,0.5811144113540649,0.35178041458129883,ok,01061,C:/Users/Javier/PIDS_HandPose/work/HAR_mediapipe/data/gestos_pids/train//ok/ok_01061.jpg
0.5793997645378113,0.6959444284439087,0.6191995739936829,0.701765239238739,0.659712016582489,0.6754186153411865,0.6914368867874146,0.6487690210342407,0.708874523639679,0.6120784878730774,0.6473146677017212,0.5917745232582092,0.6776643395423889,0.5566595792770386,0.6934287548065186,0.5671312212944031,0.7030036449432373,0.5847159624099731,0.6334894895553589,0.5602671504020691,0.6573122143745422,0.4876255393028259,0.6736237406730652,0.4529080390930176,0.6866899728775024,0.4244529604911804,0.6171525716781616,0.5455039739608765,0.6308363080024719,0.4670068919658661,0.6428142189979553,0.42156827449798584,0.6516053676605225,0.38723281025886536,0.5989828705787659,0.5465106964111328,0.5950990915298462,0.48490583896636963,0.5941497087478638,0.44354164600372314,0.5952117443084717,0.4109274446964264,ok,01062,C:/Users/Javier/PIDS_HandPose/work/HAR_mediapipe/data/gestos_pids/train//ok/ok_01062.jpg
0.5070726275444031,0.662143349647522,0.5377559065818787,0.7168156504631042,0.5755611658096313,0.7454680800437927,0.6144030690193176,0.7593626976013184,0.6402915120124817,0.7346264719963074,0.6007218360900879,0.6871296763420105,0.6270439028739929,0.6965063214302063,0.6422540545463562,0.7095209360122681,0.6514813899993896,0.7178234457969666,0.6051145195960999,0.6451653242111206,0.6457939147949219,0.6365558505058289,0.669183611869812,0.6316488981246948,0.6931048631668091,0.6293022036552429,0.5990925431251526,0.6076105833053589,0.6365916728973389,0.5797265768051147,0.6602610945701599,0.5662972927093506,0.6806272864341736,0.5552981495857239,0.5835910439491272,0.5746188759803772,0.6040796041488647,0.5318470597267151,0.6181893348693848,0.5059851408004761,0.6306079626083374,0.4847864508628845,ok,01063,C:/Users/Javier/PIDS_HandPose/work/HAR_mediapipe/data/gestos_pids/train//ok/ok_01063.jpg
0.5152972936630249,0.6224700212478638,0.5521851778030396,0.6564690470695496,0.5937539935112,0.670600175857544,0.6260292530059814,0.6837557554244995,0.6541642546653748,0.6805654764175415,0.613145112991333,0.5772778391838074,0.650191068649292,0.5849047899246216,0.6551443934440613,0.62186199426651,0.6520100235939026,0.6582408547401428,0.6101619005203247,0.558487057685852,0.6530395746231079,0.5224300026893616,0.6815167665481567,0.5136739611625671,0.7046653032302856,0.5052445530891418,0.5996603965759277,0.5480070114135742,0.6367176175117493,0.4976859390735626,0.6641087532043457,0.4765416979789734,0.6859968900680542,0.4603201150894165,0.5831455588340759,0.5471901893615723,0.5975225567817688,0.4880792498588562,0.6122118830680847,0.452029287815094,0.6269872188568115,0.42320382595062256,ok,01064,C:/Users/Javier/PIDS_HandPose/work/HAR_mediapipe/data/gestos_pids/train//ok/ok_01064.jpg
0.4458748996257782,0.49112704396247864,0.47845813632011414,0.5111377835273743,0.5223841667175293,0.501233696937561,0.5524492859840393,0.4811543822288513,0.5732435584068298,0.4597095251083374,0.5280256271362305,0.41705936193466187,0.5619148015975952,0.39400514960289,0.5722357630729675,0.419097363948822,0.5740836262702942,0.4523952603340149,0.5166453123092651,0.38440799713134766,0.5522069931030273,0.32732564210891724,0.5797784924507141,0.299605131149292,0.6008483171463013,0.27928102016448975,0.4985511302947998,0.3680894672870636,0.5238301157951355,0.3049507141113281,0.5468777418136597,0.2677983343601227,0.5653625726699829,0.24076558649539948,0.47495147585868835,0.3661690056324005,0.481891006231308,0.3013670742511749,0.48962104320526123,0.2579710781574249,0.49810880422592163,0.22177733480930328,ok,01065,C:/Users/Javier/PIDS_HandPose/work/HAR_mediapipe/data/gestos_pids/train//ok/ok_01065.jpg
0.6119899153709412,0.38723045587539673,0.6423120498657227,0.41117042303085327,0.6810865998268127,0.418795108795166,0.7129585146903992,0.42022639513015747,0.7366859912872314,0.3985895812511444,0.6876972317695618,0.3220847249031067,0.719399631023407,0.31478366255760193,0.7322465777397156,0.34550970792770386,0.733798086643219,0.37962356209754944,0.6830086708068848,0.2997090816497803,0.7176772356033325,0.2448940873146057,0.7438415288925171,0.22420303523540497,0.7619118094444275,0.21044756472110748,0.6728817224502563,0.28863754868507385,0.7037863731384277,0.22459159791469574,0.7296227216720581,0.19597433507442474,0.747852623462677,0.17877957224845886,0.6591387391090393,0.2895379662513733,0.6717585325241089,0.23287537693977356,0.68475741147995,0.19440963864326477,0.69582599401474,0.16431406140327454,ok,01066,C:/Users/Javier/PIDS_HandPose/work/HAR_mediapipe/data/gestos_pids/train//ok/ok_01066.jpg
0.5946016311645508,0.40182197093963623,0.6279319524765015,0.42619773745536804,0.6694833040237427,0.4162839949131012,0.7010549306869507,0.40473178029060364,0.7235837578773499,0.3870540261268616,0.6774169206619263,0.33320310711860657,0.7060999870300293,0.31396162509918213,0.7198033332824707,0.3398078382015228,0.7248743772506714,0.3718278110027313,0.6719135046005249,0.3065681457519531,0.7055414319038391,0.24847839772701263,0.7310306429862976,0.22484134137630463,0.7513197064399719,0.2081564962863922,0.6596818566322327,0.2927745580673218,0.6901499032974243,0.2307342141866684,0.7178586721420288,0.2016465663909912,0.738411545753479,0.18277236819267273,0.6423746347427368,0.2914660573005676,0.6571359634399414,0.22954979538917542,0.67277991771698,0.18770062923431396,0.6853104829788208,0.15443658828735352,ok,01067,C:/Users/Javier/PIDS_HandPose/work/HAR_mediapipe/data/gestos_pids/train//ok/ok_01067.jpg
0.43872252106666565,0.5159233808517456,0.4210899770259857,0.44977498054504395,0.4273530840873718,0.3931146562099457,0.44768208265304565,0.3526577055454254,0.4662417769432068,0.3350923955440521,0.4338671565055847,0.3733348548412323,0.4542386531829834,0.2978142499923706,0.4655729830265045,0.2889329195022583,0.46851539611816406,0.3001023530960083,0.4584048092365265,0.39194929599761963,0.4910755157470703,0.31175151467323303,0.5113729238510132,0.27521219849586487,0.5248839259147644,0.25021135807037354,0.47998833656311035,0.41967061161994934,0.5136430263519287,0.3571980893611908,0.5347440838813782,0.3212597668170929,0.5497333407402039,0.29312023520469666,0.4959525167942047,0.4522133469581604,0.5263407230377197,0.4232037365436554,0.5445910692214966,0.4057008624076843,0.5584768652915955,0.3891426920890808,ok,01068,C:/Users/Javier/PIDS_HandPose/work/HAR_mediapipe/data/gestos_pids/train//ok/ok_01068.jpg
0.32293936610221863,0.6383914947509766,0.35148677229881287,0.5990256667137146,0.36208346486091614,0.5282878279685974,0.3627137839794159,0.4830394685268402,0.35884717106819153,0.4505685567855835,0.3351391553878784,0.4832625985145569,0.3349888324737549,0.44327786564826965,0.34111735224723816,0.41880714893341064,0.3453006446361542,0.39760977029800415,0.3225049376487732,0.48192766308784485,0.32008659839630127,0.45126789808273315,0.3235413730144501,0.4740108251571655,0.3235708773136139,0.49459266662597656,0.31001293659210205,0.48370131850242615,0.30559271574020386,0.4292565584182739,0.30916628241539,0.395844042301178,0.3097575604915619,0.3668959140777588,0.2966507375240326,0.4898720979690552,0.29327481985092163,0.43285638093948364,0.29392194747924805,0.3966151475906372,0.29485055804252625,0.361514687538147,ok,01069,C:/Users/Javier/PIDS_HandPose/work/HAR_mediapipe/data/gestos_pids/train//ok/ok_01069.jpg
0.30326083302497864,0.6234169006347656,0.3209789991378784,0.6196023225784302,0.3328189551830292,0.5985001921653748,0.31640762090682983,0.5753528475761414,0.2988722622394562,0.5629009008407593,0.34261971712112427,0.5116575360298157,0.33465275168418884,0.47751668095588684,0.3149057924747467,0.5055946707725525,0.30066612362861633,0.5303055644035339,0.3305792510509491,0.48489925265312195,0.33271291851997375,0.41719144582748413,0.33131659030914307,0.3729010224342346,0.33348095417022705,0.3285013437271118,0.31560346484184265,0.4749872088432312,0.31615355610847473,0.4100228548049927,0.31733474135398865,0.3752553164958954,0.32117897272109985,0.3458859622478485,0.2995668649673462,0.4782915413379669,0.29890939593315125,0.4268707036972046,0.29857689142227173,0.392854779958725,0.3008725345134735,0.3619539141654968,ok,01070,C:/Users/Javier/PIDS_HandPose/work/HAR_mediapipe/data/gestos_pids/train//ok/ok_01070.jpg
0.4857092499732971,0.9396333694458008,0.5336998105049133,0.8612136244773865,0.5731052160263062,0.7949373126029968,0.6093080043792725,0.7507790923118591,0.6321366429328918,0.6916412711143494,0.5004612803459167,0.6533010601997375,0.5486631393432617,0.5797017216682434,0.5865280032157898,0.6162611246109009,0.6106221675872803,0.6686209440231323,0.476965993642807,0.6455652713775635,0.4702918827533722,0.5138696432113647,0.48375609517097473,0.420394629240036,0.4911225438117981,0.33766812086105347,0.4570139944553375,0.6723300814628601,0.4173026382923126,0.5583701133728027,0.41080793738365173,0.4749900996685028,0.4086371958255768,0.398841917514801,0.44368284940719604,0.7247542142868042,0.3987501263618469,0.6611360907554626,0.38673627376556396,0.6002554893493652,0.38340118527412415,0.5365931987762451,ok,02001,C:/Users/Javier/PIDS_HandPose/work/HAR_mediapipe/data/gestos_pids/train//ok/ok_02001.jpg
0.3881162703037262,0.8801548480987549,0.4235808551311493,0.8221151828765869,0.4508848488330841,0.7585968375205994,0.47710347175598145,0.716972827911377,0.48789548873901367,0.6661657094955444,0.3991676867008209,0.665131688117981,0.4260798990726471,0.6065788865089417,0.45141664147377014,0.631573498249054,0.47099918127059937,0.6688847541809082,0.3795284926891327,0.6609653830528259,0.37506258487701416,0.5730252265930176,0.3890024423599243,0.5125976204872131,0.40008240938186646,0.4610222578048706,0.3635484576225281,0.681738555431366,0.3399110436439514,0.6113678812980652,0.33949947357177734,0.5575687885284424,0.3419731855392456,0.5123082995414734,0.35378506779670715,0.7219776511192322,0.3263165056705475,0.6842598915100098,0.31751710176467896,0.6448328495025635,0.31368890404701233,0.6066858768463135,ok,02002,C:/Users/Javier/PIDS_HandPose/work/HAR_mediapipe/data/gestos_pids/train//ok/ok_02002.jpg
0.46559301018714905,0.6492977142333984,0.4588913917541504,0.5871216058731079,0.45444533228874207,0.5350298881530762,0.4569556713104248,0.493793249130249,0.4578425884246826,0.4508734345436096,0.4701498746871948,0.5328465104103088,0.5135278105735779,0.5190988779067993,0.535530686378479,0.535548985004425,0.5541393756866455,0.5525005459785461,0.46751832962036133,0.5503237247467041,0.4671550989151001,0.4893934726715088,0.4686979055404663,0.4360590875148773,0.4717234671115875,0.3891938328742981,0.4624137878417969,0.5805422067642212,0.439462810754776,0.549191415309906,0.4331202507019043,0.5191823840141296,0.43235236406326294,0.4946959316730499,0.4581748843193054,0.6156812906265259,0.43675148487091064,0.606754720211029,0.4353576898574829,0.5970154404640198,0.43894168734550476,0.5864686369895935,ok,02003,C:/Users/Javier/PIDS_HandPose/work/HAR_mediapipe/data/gestos_pids/train//ok/ok_02003.jpg
0.5399078130722046,0.6603602766990662,0.5483193397521973,0.5992153882980347,0.5492306351661682,0.5511509776115417,0.5569171905517578,0.5163586735725403,0.566282331943512,0.47833579778671265,0.5315184593200684,0.5172392129898071,0.5542279481887817,0.4661446213722229,0.5698230862617493,0.444085955619812,0.5869825482368469,0.4308927655220032,0.5265633463859558,0.5300454497337341,0.5265694856643677,0.46490907669067383,0.536655068397522,0.430547833442688,0.5482290983200073,0.40498656034469604,0.5222673416137695,0.5582566857337952,0.5113278031349182,0.4979945421218872,0.5164040327072144,0.4565896689891815,0.5225616693496704,0.42315584421157837,0.5194932818412781,0.5956723690032959,0.5075763463973999,0.5686037540435791,0.5085136890411377,0.5365074872970581,0.5125263333320618,0.5055457353591919,ok,02004,C:/Users/Javier/PIDS_HandPose/work/HAR_mediapipe/data/gestos_pids/train//ok/ok_02004.jpg
0.4680790901184082,0.8209052085876465,0.5064136385917664,0.7606401443481445,0.5341424942016602,0.7039337754249573,0.5618897676467896,0.6678398847579956,0.5791637301445007,0.6159878969192505,0.47598350048065186,0.6007803678512573,0.5082993507385254,0.5411581993103027,0.5368497371673584,0.5667355060577393,0.5616257190704346,0.6063932776451111,0.45957207679748535,0.6000787615776062,0.45136818289756775,0.49781274795532227,0.4702390134334564,0.4340246319770813,0.48981329798698425,0.38120007514953613,0.44543224573135376,0.6269330978393555,0.41530656814575195,0.5347719788551331,0.41942960023880005,0.47023212909698486,0.4289727210998535,0.417438268661499,0.43830975890159607,0.6728503704071045,0.406802237033844,0.6261986494064331,0.40600675344467163,0.5828118920326233,0.4126570522785187,0.542913019657135,ok,02006,C:/Users/Javier/PIDS_HandPose/work/HAR_mediapipe/data/gestos_pids/train//ok/ok_02006.jpg
0.36439844965934753,0.8557753562927246,0.40355047583580017,0.8009606003761292,0.43542414903640747,0.7377455234527588,0.4631635248661041,0.6983659267425537,0.47960638999938965,0.6509377956390381,0.3812495470046997,0.6310510039329529,0.41486814618110657,0.5750387907028198,0.44192442297935486,0.5975908041000366,0.46264344453811646,0.639778196811676,0.35930585861206055,0.6245992183685303,0.3579416573047638,0.5258844494819641,0.3772326409816742,0.4639471173286438,0.394563227891922,0.41695380210876465,0.34076955914497375,0.6473608613014221,0.31959235668182373,0.5587917566299438,0.32433390617370605,0.49884867668151855,0.3329337239265442,0.44987571239471436,0.3286455273628235,0.6937608122825623,0.2990085184574127,0.6479859948158264,0.292969673871994,0.6048005223274231,0.29367393255233765,0.5639492869377136,ok,02007,C:/Users/Javier/PIDS_HandPose/work/HAR_mediapipe/data/gestos_pids/train//ok/ok_02007.jpg
0.2787565588951111,0.8295504450798035,0.31949469447135925,0.7792074680328369,0.34811457991600037,0.7166236639022827,0.3721843957901001,0.6776617169380188,0.3821558356285095,0.6333372592926025,0.30530300736427307,0.6273583173751831,0.3282332718372345,0.5700679421424866,0.3502286672592163,0.590656042098999,0.36856865882873535,0.6229631900787354,0.2820630371570587,0.6207897663116455,0.28167209029197693,0.5323654413223267,0.29530954360961914,0.4767606854438782,0.3075709640979767,0.43252015113830566,0.26079991459846497,0.6382704377174377,0.2441178262233734,0.5584136247634888,0.24605384469032288,0.50246262550354,0.25233253836631775,0.45760637521743774,0.24383693933486938,0.6760236620903015,0.21675297617912292,0.6339022517204285,0.2077256292104721,0.5920020937919617,0.2047974020242691,0.5531265139579773,ok,02008,C:/Users/Javier/PIDS_HandPose/work/HAR_mediapipe/data/gestos_pids/train//ok/ok_02008.jpg
0.3043288588523865,0.7996107339859009,0.3409145176410675,0.7621840238571167,0.36985060572624207,0.7093074321746826,0.39355841279029846,0.6747763156890869,0.4020850956439972,0.6314424276351929,0.32903197407722473,0.6183427572250366,0.35365626215934753,0.5637532472610474,0.3735922873020172,0.5846362709999084,0.3881479799747467,0.6188814640045166,0.30694106221199036,0.608218252658844,0.3095437288284302,0.5228666067123413,0.3264683783054352,0.4737199544906616,0.34022951126098633,0.4386489987373352,0.28693655133247375,0.6225152611732483,0.2722063660621643,0.5479574203491211,0.27715083956718445,0.4958345293998718,0.28529801964759827,0.4560025930404663,0.2716585397720337,0.6572193503379822,0.24992778897285461,0.6189468502998352,0.24355125427246094,0.5803371667861938,0.242477148771286,0.5443832278251648,ok,02009,C:/Users/Javier/PIDS_HandPose/work/HAR_mediapipe/data/gestos_pids/train//ok/ok_02009.jpg
0.445593923330307,0.7461978793144226,0.4841296076774597,0.7025439739227295,0.5170060992240906,0.6453610062599182,0.5503477454185486,0.6062958240509033,0.5674532651901245,0.5508546829223633,0.45612388849258423,0.5184409618377686,0.4979657232761383,0.4643504321575165,0.5279842019081116,0.4919586479663849,0.5473721623420715,0.5380865335464478,0.4399092495441437,0.5032604932785034,0.4444608986377716,0.3992716670036316,0.4670412540435791,0.33372780680656433,0.4866524040699005,0.28527235984802246,0.4242926836013794,0.5141263008117676,0.40680810809135437,0.4183555841445923,0.41659924387931824,0.352094441652298,0.42853304743766785,0.3029465079307556,0.41385525465011597,0.5471674203872681,0.39132919907569885,0.4745408296585083,0.39035868644714355,0.4161335229873657,0.39548859000205994,0.3670310080051422,ok,02010,C:/Users/Javier/PIDS_HandPose/work/HAR_mediapipe/data/gestos_pids/train//ok/ok_02010.jpg
0.3533477485179901,0.9274367094039917,0.4261210858821869,0.8315106630325317,0.4907113313674927,0.7158113121986389,0.548230767250061,0.6522793769836426,0.5714923143386841,0.5592429041862488,0.3974432349205017,0.5130826830863953,0.4642268419265747,0.4132464528083801,0.5138513445854187,0.4706799387931824,0.5485074520111084,0.5528934001922607,0.3578788638114929,0.49822691082954407,0.3638122081756592,0.31047242879867554,0.4033774435520172,0.19460740685462952,0.4399222135543823,0.10240092873573303,0.3190804719924927,0.5287026166915894,0.29122522473335266,0.3559630215167999,0.30785518884658813,0.2455463856458664,0.33151698112487793,0.15549367666244507,0.2890797257423401,0.5996320247650146,0.24212490022182465,0.4889794886112213,0.23214209079742432,0.3913530707359314,0.23454001545906067,0.29921719431877136,ok,02011,C:/Users/Javier/PIDS_HandPose/work/HAR_mediapipe/data/gestos_pids/train//ok/ok_02011.jpg
0.3386983871459961,1.021432876586914,0.40956053137779236,0.9179191589355469,0.46870118379592896,0.8031783103942871,0.5258231163024902,0.7292595505714417,0.5623526573181152,0.6318041682243347,0.369202584028244,0.5893513560295105,0.43219006061553955,0.4686414897441864,0.48585885763168335,0.5296505093574524,0.526154637336731,0.6148288249969482,0.3246709704399109,0.5796990394592285,0.32823339104652405,0.38775789737701416,0.36668553948402405,0.25900521874427795,0.4010658264160156,0.1558823585510254,0.2823032736778259,0.6237038969993591,0.24795383214950562,0.4427105486392975,0.26189398765563965,0.3219451904296875,0.28520023822784424,0.2216024398803711,0.25090765953063965,0.7130009531974792,0.1936078667640686,0.6125578880310059,0.17992529273033142,0.5125113129615784,0.18079572916030884,0.41351020336151123,ok,02012,C:/Users/Javier/PIDS_HandPose/work/HAR_mediapipe/data/gestos_pids/train//ok/ok_02012.jpg
0.37505993247032166,0.8710180521011353,0.42437446117401123,0.7849514484405518,0.46156424283981323,0.6999161243438721,0.49835827946662903,0.645787239074707,0.5181719064712524,0.5796551704406738,0.39228883385658264,0.5655437707901001,0.43284574151039124,0.4850269556045532,0.46753785014152527,0.5165989995002747,0.4934852123260498,0.5654919147491455,0.3652111887931824,0.5598160028457642,0.3653722405433655,0.42983147501945496,0.38846221566200256,0.35116463899612427,0.41008979082107544,0.29056039452552795,0.34136825799942017,0.5864131450653076,0.31376397609710693,0.4709465503692627,0.32180362939834595,0.39220577478408813,0.3371548056602478,0.32781141996383667,0.3248976767063141,0.6384920477867126,0.2871953845024109,0.5689995884895325,0.27701181173324585,0.5065075755119324,0.27728933095932007,0.4471619725227356,ok,02013,C:/Users/Javier/PIDS_HandPose/work/HAR_mediapipe/data/gestos_pids/train//ok/ok_02013.jpg
0.4910111427307129,0.8355816602706909,0.5381971001625061,0.7671666145324707,0.5745413899421692,0.6914057731628418,0.6089111566543579,0.6418414115905762,0.6289510726928711,0.586907148361206,0.5189433693885803,0.5710021257400513,0.5525062680244446,0.5040247440338135,0.5814936757087708,0.5307013392448425,0.6058039665222168,0.5692567825317383,0.49322372674942017,0.5610051155090332,0.4979369044303894,0.4495900869369507,0.5215563774108887,0.3856874704360962,0.54411780834198,0.3357965052127838,0.46953338384628296,0.5787092447280884,0.45204275846481323,0.4757905602455139,0.4635658264160156,0.40949440002441406,0.48084965348243713,0.3575392961502075,0.45123159885406494,0.6197231411933899,0.4249359369277954,0.5539819002151489,0.42014026641845703,0.4953486919403076,0.42335695028305054,0.4421834647655487,ok,02014,C:/Users/Javier/PIDS_HandPose/work/HAR_mediapipe/data/gestos_pids/train//ok/ok_02014.jpg
0.4424981474876404,0.7675377726554871,0.49551457166671753,0.7376400828361511,0.5447424650192261,0.6848112940788269,0.5790640711784363,0.6463117599487305,0.5713274478912354,0.5937107801437378,0.5180531740188599,0.5291881561279297,0.5519712567329407,0.4555683732032776,0.5612699389457703,0.5155894160270691,0.5622274875640869,0.584606945514679,0.48078036308288574,0.5039226412773132,0.4940255582332611,0.38105568289756775,0.5110277533531189,0.3101333677768707,0.5252754092216492,0.24902716279029846,0.4458807110786438,0.5084741115570068,0.44982826709747314,0.40011337399482727,0.4593004584312439,0.32657670974731445,0.46925997734069824,0.2690410614013672,0.41514962911605835,0.5411713719367981,0.39684903621673584,0.46825650334358215,0.38660579919815063,0.40929508209228516,0.3819624185562134,0.35786503553390503,ok,02015,C:/Users/Javier/PIDS_HandPose/work/HAR_mediapipe/data/gestos_pids/train//ok/ok_02015.jpg
0.49239546060562134,0.7752372622489929,0.5349927544593811,0.6578599214553833,0.5544837117195129,0.5806488394737244,0.5831971168518066,0.5331592559814453,0.6057038307189941,0.47684624791145325,0.47005435824394226,0.5068517327308655,0.5098214745521545,0.418020099401474,0.5498241782188416,0.4322056174278259,0.5794035792350769,0.46121132373809814,0.46323153376579285,0.5162912607192993,0.4578564465045929,0.39235809445381165,0.4886501431465149,0.31065481901168823,0.515218198299408,0.25388118624687195,0.4677303433418274,0.5466908812522888,0.43874114751815796,0.4286683201789856,0.4460490345954895,0.3571794033050537,0.4533631205558777,0.3015595078468323,0.48474329710006714,0.5847451686859131,0.4602207541465759,0.5088172554969788,0.4543222188949585,0.44918930530548096,0.45145946741104126,0.40169891715049744,ok,02016,C:/Users/Javier/PIDS_HandPose/work/HAR_mediapipe/data/gestos_pids/train//ok/ok_02016.jpg
0.4868451952934265,0.7792762517929077,0.5254306197166443,0.6806836128234863,0.5434919595718384,0.5964455008506775,0.5691922307014465,0.5449530482292175,0.5894460678100586,0.48907890915870667,0.46909305453300476,0.5120460391044617,0.5041781067848206,0.4341370165348053,0.541176974773407,0.4510936141014099,0.5693473815917969,0.4809572994709015,0.45999670028686523,0.5158407092094421,0.45701491832733154,0.3979398012161255,0.48524072766304016,0.32108545303344727,0.5084702372550964,0.26747578382492065,0.4590759873390198,0.5409498810768127,0.4356893301010132,0.4273286461830139,0.44580647349357605,0.3577207922935486,0.4570559561252594,0.30516740679740906,0.47077712416648865,0.5771973133087158,0.44659000635147095,0.5057783722877502,0.44521525502204895,0.4504050016403198,0.44927212595939636,0.4036341905593872,ok,02017,C:/Users/Javier/PIDS_HandPose/work/HAR_mediapipe/data/gestos_pids/train//ok/ok_02017.jpg
0.6815083622932434,0.7314785718917847,0.6704093217849731,0.6164984107017517,0.671355664730072,0.5330566167831421,0.6949368715286255,0.47537553310394287,0.7224373817443848,0.4584024250507355,0.6563209295272827,0.5050637125968933,0.6843929886817932,0.39190036058425903,0.7108354568481445,0.34675726294517517,0.7324833869934082,0.318713515996933,0.6795753240585327,0.5118219256401062,0.6926038861274719,0.36452382802963257,0.7107438445091248,0.29506590962409973,0.7249938249588013,0.2482069730758667,0.7111508250236511,0.5324209332466125,0.7202093601226807,0.38762620091438293,0.7314016819000244,0.3185722827911377,0.7380695343017578,0.26896774768829346,0.7511386871337891,0.564125120639801,0.779258131980896,0.47087034583091736,0.7945729494094849,0.4223330616950989,0.8063128590583801,0.3786940574645996,ok,02019,C:/Users/Javier/PIDS_HandPose/work/HAR_mediapipe/data/gestos_pids/train//ok/ok_02019.jpg
0.4065451920032501,0.7585037350654602,0.4457467794418335,0.698065459728241,0.4751385450363159,0.6417474746704102,0.5077411532402039,0.6077355146408081,0.5256657004356384,0.5548099279403687,0.412321537733078,0.5214011669158936,0.4567439556121826,0.47260159254074097,0.48691776394844055,0.5036813616752625,0.507479727268219,0.5504844188690186,0.3992999494075775,0.5164092183113098,0.3967486619949341,0.4148464500904083,0.42041316628456116,0.34941303730010986,0.44058647751808167,0.2977142333984375,0.3910173773765564,0.540719211101532,0.3636030852794647,0.465140700340271,0.3629053235054016,0.4132912755012512,0.3621101975440979,0.37214308977127075,0.3926387429237366,0.5835828185081482,0.36677199602127075,0.5463046431541443,0.3611380159854889,0.5167920589447021,0.3557133674621582,0.49176645278930664,ok,02020,C:/Users/Javier/PIDS_HandPose/work/HAR_mediapipe/data/gestos_pids/train//ok/ok_02020.jpg
0.35803842544555664,0.7812614440917969,0.4068772792816162,0.7190412878990173,0.4436722695827484,0.6524852514266968,0.4740787744522095,0.6092702746391296,0.4942081570625305,0.5526692271232605,0.3885106146335602,0.5339616537094116,0.42578402161598206,0.48416614532470703,0.4554364085197449,0.5146740078926086,0.476101815700531,0.5494486689567566,0.38109955191612244,0.528153657913208,0.3853655755519867,0.41214418411254883,0.3926873207092285,0.3421371281147003,0.3945246636867523,0.28311824798583984,0.3730334937572479,0.5346860289573669,0.37079811096191406,0.4265718460083008,0.3714030683040619,0.3590715527534485,0.3696301579475403,0.3055979311466217,0.368655264377594,0.5524957776069641,0.365001916885376,0.4698496162891388,0.3608478903770447,0.4126597046852112,0.3557893931865692,0.36306339502334595,ok,02021,C:/Users/Javier/PIDS_HandPose/work/HAR_mediapipe/data/gestos_pids/train//ok/ok_02021.jpg
0.3624287247657776,0.7838476896286011,0.4112795293331146,0.7104451656341553,0.4422183334827423,0.6406030654907227,0.46899139881134033,0.5932897925376892,0.486458420753479,0.5326979160308838,0.37720727920532227,0.5312564373016357,0.4164457321166992,0.47790321707725525,0.44785186648368835,0.5018744468688965,0.46944618225097656,0.5329475402832031,0.36961629986763,0.5250353813171387,0.3708130419254303,0.4104270339012146,0.37592974305152893,0.33998754620552063,0.3770153820514679,0.28167444467544556,0.364047646522522,0.5301097631454468,0.3593388795852661,0.42272594571113586,0.35886067152023315,0.35698556900024414,0.35634976625442505,0.30441761016845703,0.3640674948692322,0.543400764465332,0.35659584403038025,0.46013957262039185,0.35142648220062256,0.4034744203090668,0.3467312753200531,0.35412049293518066,ok,02022,C:/Users/Javier/PIDS_HandPose/work/HAR_mediapipe/data/gestos_pids/train//ok/ok_02022.jpg
0.3782355785369873,0.7892614603042603,0.4249609708786011,0.7180386781692505,0.4523956775665283,0.6466702222824097,0.4801749289035797,0.6017290949821472,0.4945846199989319,0.5423663854598999,0.38981056213378906,0.5448806285858154,0.4300904870033264,0.487125962972641,0.45620766282081604,0.5093557834625244,0.4729200005531311,0.5440388917922974,0.3774435222148895,0.5380771160125732,0.4100494980812073,0.4477906823158264,0.440969318151474,0.41048547625541687,0.46820715069770813,0.3935047686100006,0.367237389087677,0.5450539588928223,0.3943772315979004,0.4561847448348999,0.42354875802993774,0.41198304295539856,0.45020461082458496,0.386907696723938,0.3636607229709625,0.5657798051834106,0.3800879716873169,0.49204185605049133,0.3993465304374695,0.4474963843822479,0.42036405205726624,0.4181775450706482,ok,02023,C:/Users/Javier/PIDS_HandPose/work/HAR_mediapipe/data/gestos_pids/train//ok/ok_02023.jpg
0.4212677478790283,0.9246535897254944,0.5158698558807373,0.8183186054229736,0.5648062825202942,0.7382960319519043,0.6080437302589417,0.6886337399482727,0.6328880190849304,0.6158938407897949,0.47488123178482056,0.5537735223770142,0.5414865612983704,0.4773833751678467,0.5815814137458801,0.5407069325447083,0.6032849550247192,0.6107117533683777,0.4581011235713959,0.5552741885185242,0.4928845167160034,0.40295836329460144,0.545045018196106,0.3672116994857788,0.5845059156417847,0.34884244203567505,0.4443843960762024,0.580238938331604,0.4603103697299957,0.40827256441116333,0.4958525598049164,0.3397918939590454,0.524987518787384,0.2919773757457733,0.4382084012031555,0.6276420950889587,0.4364510178565979,0.5056600570678711,0.45190662145614624,0.42446136474609375,0.4682391285896301,0.35463839769363403,ok,02024,C:/Users/Javier/PIDS_HandPose/work/HAR_mediapipe/data/gestos_pids/train//ok/ok_02024.jpg
0.38732683658599854,0.8483372926712036,0.4514924883842468,0.7583461999893188,0.48509013652801514,0.675539493560791,0.5170676708221436,0.6271114945411682,0.5386969447135925,0.5600671172142029,0.41509532928466797,0.547218382358551,0.4557932913303375,0.4820694029331207,0.48992446064949036,0.5147812962532043,0.5135801434516907,0.5593210458755493,0.40001165866851807,0.5383735299110413,0.418242484331131,0.4307425916194916,0.4615080952644348,0.3949839174747467,0.4996034502983093,0.38986310362815857,0.38396233320236206,0.5448727607727051,0.3949243128299713,0.42862674593925476,0.4274683892726898,0.37665441632270813,0.4582853317260742,0.3528616428375244,0.3754253089427948,0.5676679015159607,0.3830544948577881,0.47241222858428955,0.40185749530792236,0.4108809232711792,0.42311838269233704,0.3685428202152252,ok,02025,C:/Users/Javier/PIDS_HandPose/work/HAR_mediapipe/data/gestos_pids/train//ok/ok_02025.jpg
0.5139118432998657,0.8997138142585754,0.6071735620498657,0.8231022357940674,0.6613481640815735,0.7258398532867432,0.7064090967178345,0.6555357575416565,0.7447605133056641,0.5647820830345154,0.5718567371368408,0.5092252492904663,0.6424795985221863,0.43840092420578003,0.683864951133728,0.5019394755363464,0.70011967420578,0.5774022340774536,0.557876467704773,0.491956889629364,0.6129379868507385,0.3525623083114624,0.6726645827293396,0.30904901027679443,0.7144046425819397,0.294887900352478,0.5399699211120605,0.4940541386604309,0.5861321091651917,0.33200353384017944,0.6425583958625793,0.26426082849502563,0.6872648596763611,0.2230142056941986,0.5229844450950623,0.5194288492202759,0.5513916015625,0.39022931456565857,0.5896156430244446,0.3159414827823639,0.6272141337394714,0.2630794644355774,ok,02026,C:/Users/Javier/PIDS_HandPose/work/HAR_mediapipe/data/gestos_pids/train//ok/ok_02026.jpg
0.4532230496406555,0.8844516277313232,0.530026376247406,0.8104786276817322,0.5789129734039307,0.7397029995918274,0.6188768148422241,0.6996423602104187,0.6497800946235657,0.6399232745170593,0.513218104839325,0.5756583213806152,0.5711976289749146,0.5182563066482544,0.6071775555610657,0.5635777115821838,0.6308442950248718,0.6170706748962402,0.5039756894111633,0.5737122893333435,0.5443868637084961,0.4614970088005066,0.5776117444038391,0.3904978632926941,0.6014912128448486,0.3322902321815491,0.4954298734664917,0.593578577041626,0.5323057174682617,0.47212862968444824,0.5626377463340759,0.3985663652420044,0.5865275263786316,0.3406660556793213,0.49133962392807007,0.630614697933197,0.5154378414154053,0.5366823077201843,0.5376972556114197,0.46756863594055176,0.5580669045448303,0.410652220249176,ok,02027,C:/Users/Javier/PIDS_HandPose/work/HAR_mediapipe/data/gestos_pids/train//ok/ok_02027.jpg
0.46412599086761475,0.746781051158905,0.5503034591674805,0.7295554876327515,0.597724437713623,0.699134886264801,0.6376233100891113,0.686859130859375,0.673091471195221,0.6463251113891602,0.5687824487686157,0.5153658390045166,0.6300104856491089,0.4973948001861572,0.6497624516487122,0.5531786680221558,0.6602090001106262,0.6096282601356506,0.5604972839355469,0.5098245739936829,0.6178125143051147,0.42882007360458374,0.662675678730011,0.396645724773407,0.701622486114502,0.3708782196044922,0.5486125349998474,0.5258729457855225,0.6029381155967712,0.43385016918182373,0.6494762897491455,0.3854258954524994,0.6884087324142456,0.3460276424884796,0.5402501821517944,0.558954119682312,0.5815007090568542,0.48143431544303894,0.6147428154945374,0.4301755726337433,0.6448244452476501,0.3870563209056854,ok,02028,C:/Users/Javier/PIDS_HandPose/work/HAR_mediapipe/data/gestos_pids/train//ok/ok_02028.jpg
0.49785903096199036,0.791418194770813,0.5424662232398987,0.6525907516479492,0.5602869987487793,0.5735487937927246,0.5812495946884155,0.5143653750419617,0.5853551626205444,0.4494367837905884,0.4627124071121216,0.5165296792984009,0.5021588802337646,0.43031907081604004,0.5421314835548401,0.4369105100631714,0.5728017687797546,0.4609218239784241,0.4566909074783325,0.5228745341300964,0.46684563159942627,0.3967646062374115,0.4803592562675476,0.3160820007324219,0.4899103045463562,0.2524353563785553,0.4585024416446686,0.538978099822998,0.46045544743537903,0.40882664918899536,0.46902626752853394,0.32695847749710083,0.47539377212524414,0.2605173587799072,0.4694291949272156,0.5568156242370605,0.46340084075927734,0.45200034976005554,0.46481385827064514,0.3832301199436188,0.46850162744522095,0.32610654830932617,ok,02029,C:/Users/Javier/PIDS_HandPose/work/HAR_mediapipe/data/gestos_pids/train//ok/ok_02029.jpg
0.46897292137145996,0.7740595936775208,0.5436601042747498,0.6932934522628784,0.5797578692436218,0.619528591632843,0.6096596121788025,0.5743045806884766,0.6305055618286133,0.5214090943336487,0.5299853682518005,0.5048977136611938,0.5675075650215149,0.43798643350601196,0.5885512828826904,0.4710909128189087,0.5982099771499634,0.5156086087226868,0.5182547569274902,0.507356584072113,0.544366180896759,0.39118194580078125,0.5699501633644104,0.3243180811405182,0.5907344818115234,0.26774317026138306,0.508018970489502,0.5233686566352844,0.5312017202377319,0.3979966640472412,0.5518821477890015,0.32665514945983887,0.5706607103347778,0.2710297405719757,0.5015080571174622,0.5459769368171692,0.5148175358772278,0.4531169831752777,0.5275936126708984,0.38927337527275085,0.5407072305679321,0.335466206073761,ok,02032,C:/Users/Javier/PIDS_HandPose/work/HAR_mediapipe/data/gestos_pids/train//ok/ok_02032.jpg
0.781318724155426,0.8475193977355957,0.7322077751159668,0.7715142369270325,0.6910805106163025,0.692080020904541,0.6586118936538696,0.6385244727134705,0.6527483463287354,0.5848405361175537,0.7569848299026489,0.5623918175697327,0.7180589437484741,0.5043412446975708,0.6856338381767273,0.5249087810516357,0.6656627058982849,0.5700840353965759,0.7862635254859924,0.5509724617004395,0.8123658895492554,0.4367842674255371,0.7933562994003296,0.37772536277770996,0.7626650333404541,0.36012890934944153,0.8143543004989624,0.5729990005493164,0.8548381924629211,0.4747909903526306,0.8410732746124268,0.42057204246520996,0.8099513649940491,0.40218400955200195,0.8335170149803162,0.6163176894187927,0.8770214915275574,0.555121660232544,0.8671931028366089,0.5108774304389954,0.8386538028717041,0.4950063228607178,ok,02033,C:/Users/Javier/PIDS_HandPose/work/HAR_mediapipe/data/gestos_pids/train//ok/ok_02033.jpg
0.7835381627082825,0.7563833594322205,0.7284606099128723,0.6717809438705444,0.6921700239181519,0.5825128555297852,0.6628494262695312,0.5127460956573486,0.6638296842575073,0.4519564211368561,0.7645893692970276,0.46716171503067017,0.7345228791236877,0.39061474800109863,0.7010592818260193,0.4007585644721985,0.6787048578262329,0.4396957457065582,0.7953601479530334,0.44982266426086426,0.810693621635437,0.33840885758399963,0.7949619889259338,0.2695196866989136,0.7688021063804626,0.235927015542984,0.8222672939300537,0.4626237154006958,0.8484906554222107,0.3636062741279602,0.8388514518737793,0.29480424523353577,0.8153879046440125,0.25415247678756714,0.8402240872383118,0.4976634681224823,0.8776488304138184,0.4363067150115967,0.8783066272735596,0.3749103546142578,0.8622292280197144,0.32870399951934814,ok,02034,C:/Users/Javier/PIDS_HandPose/work/HAR_mediapipe/data/gestos_pids/train//ok/ok_02034.jpg
0.8039045333862305,0.7805489301681519,0.7489432692527771,0.7074466943740845,0.7076364159584045,0.614739179611206,0.6760315895080566,0.5494012236595154,0.6715109348297119,0.48631635308265686,0.769718587398529,0.49345144629478455,0.7433661222457886,0.40226900577545166,0.709037721157074,0.42724934220314026,0.68816077709198,0.4668774902820587,0.7928339838981628,0.4836209714412689,0.7895312309265137,0.35418346524238586,0.782087504863739,0.27673882246017456,0.7791076898574829,0.20364147424697876,0.8150612711906433,0.5014973878860474,0.8178181052207947,0.3729362487792969,0.816842794418335,0.29211896657943726,0.8166961073875427,0.21786381304264069,0.8328028321266174,0.5398955345153809,0.841415524482727,0.4391309320926666,0.8428308963775635,0.36868345737457275,0.8435619473457336,0.3025957942008972,ok,02035,C:/Users/Javier/PIDS_HandPose/work/HAR_mediapipe/data/gestos_pids/train//ok/ok_02035.jpg
0.8189314603805542,0.7110887765884399,0.7575404644012451,0.6600384712219238,0.7119451761245728,0.5927239656448364,0.6766440272331238,0.5510164499282837,0.6660872101783752,0.4986749291419983,0.756564736366272,0.461288183927536,0.7192615866661072,0.388869971036911,0.6895277500152588,0.4309070408344269,0.673843264579773,0.47853338718414307,0.7756456136703491,0.45170921087265015,0.7426365613937378,0.3452819585800171,0.7153735756874084,0.2939260005950928,0.694162905216217,0.250127911567688,0.7970881462097168,0.4641660153865814,0.7679376006126404,0.3509334325790405,0.743590772151947,0.29083460569381714,0.7250968217849731,0.2400115579366684,0.8166615962982178,0.494533896446228,0.7977044582366943,0.40412282943725586,0.7783584594726562,0.3462538719177246,0.7610878944396973,0.2949942648410797,ok,02036,C:/Users/Javier/PIDS_HandPose/work/HAR_mediapipe/data/gestos_pids/train//ok/ok_02036.jpg
0.8444149494171143,0.7520667314529419,0.7900768518447876,0.6845621466636658,0.7512550354003906,0.6088146567344666,0.7191411256790161,0.5607321262359619,0.7005610466003418,0.5042330622673035,0.8049027323722839,0.4961453974246979,0.768704354763031,0.42806971073150635,0.7339830994606018,0.445915549993515,0.7099249958992004,0.47632843255996704,0.8227917551994324,0.489874929189682,0.7940993905067444,0.38462334871292114,0.7647978663444519,0.33081507682800293,0.7379398345947266,0.29373300075531006,0.8412584662437439,0.5035216808319092,0.8192660808563232,0.38919252157211304,0.7936631441116333,0.3299844264984131,0.7717044353485107,0.2854897081851959,0.8571889400482178,0.5331239700317383,0.8470544815063477,0.44144946336746216,0.8318865299224854,0.3823326826095581,0.816857635974884,0.3296562433242798,ok,02037,C:/Users/Javier/PIDS_HandPose/work/HAR_mediapipe/data/gestos_pids/train//ok/ok_02037.jpg
0.8761951923370361,0.77449631690979,0.8243169188499451,0.7125629186630249,0.7882137298583984,0.6376965045928955,0.7565948963165283,0.5896674394607544,0.7346739172935486,0.5387009382247925,0.842430830001831,0.529548704624176,0.8063969612121582,0.4734642207622528,0.7742790579795837,0.48659083247184753,0.7494958639144897,0.5117591023445129,0.8629814386367798,0.527553915977478,0.8393755555152893,0.42430615425109863,0.8068370819091797,0.38782799243927,0.7746225595474243,0.3742208480834961,0.8837304711341858,0.5450558066368103,0.8682777285575867,0.4374701976776123,0.8384484052658081,0.3900880217552185,0.8094185590744019,0.36515265703201294,0.9015822410583496,0.5775874257087708,0.899052083492279,0.49164944887161255,0.8811503648757935,0.437455415725708,0.8592123985290527,0.39733725786209106,ok,02038,C:/Users/Javier/PIDS_HandPose/work/HAR_mediapipe/data/gestos_pids/train//ok/ok_02038.jpg
0.8664692044258118,0.752770185470581,0.8121485710144043,0.694604754447937,0.7720080614089966,0.6260610818862915,0.7400610446929932,0.5835748314857483,0.7165606021881104,0.5354092717170715,0.8137717247009277,0.5144782662391663,0.7801766395568848,0.4508073627948761,0.7497549057006836,0.48182204365730286,0.7300156354904175,0.5220030546188354,0.8338066935539246,0.5096886157989502,0.8044004440307617,0.4041169285774231,0.7686589360237122,0.37459492683410645,0.7388017773628235,0.36437058448791504,0.854225218296051,0.5268363952636719,0.830253541469574,0.4161389470100403,0.7978981137275696,0.37460288405418396,0.7692879438400269,0.3508544862270355,0.8730006814002991,0.5611409544944763,0.863895058631897,0.4767536222934723,0.843940019607544,0.42696863412857056,0.822037398815155,0.38712233304977417,ok,02039,C:/Users/Javier/PIDS_HandPose/work/HAR_mediapipe/data/gestos_pids/train//ok/ok_02039.jpg
0.8739259839057922,0.650871992111206,0.8218024969100952,0.6355855464935303,0.7772760987281799,0.6041037440299988,0.7448990345001221,0.5862584710121155,0.7215143442153931,0.5524551868438721,0.7959932684898376,0.4724271893501282,0.7587944865226746,0.4322544038295746,0.734828770160675,0.47155752778053284,0.7221813797950745,0.5153974890708923,0.8116264939308167,0.4575718641281128,0.7690169215202332,0.3832375705242157,0.7331935167312622,0.37216097116470337,0.7059206366539001,0.3730669319629669,0.8314577341079712,0.4613562226295471,0.7923778295516968,0.383827269077301,0.7573251724243164,0.3623163104057312,0.7296177744865417,0.35217055678367615,0.853718101978302,0.4811258912086487,0.8316555023193359,0.41122373938560486,0.8062102794647217,0.3782062232494354,0.7809266448020935,0.3534247875213623,ok,02040,C:/Users/Javier/PIDS_HandPose/work/HAR_mediapipe/data/gestos_pids/train//ok/ok_02040.jpg
0.885884165763855,0.5550743341445923,0.8261311054229736,0.5709540247917175,0.7759368419647217,0.5705050826072693,0.7429919242858887,0.5808600783348083,0.717717170715332,0.5690666437149048,0.7725562453269958,0.4285496771335602,0.727896511554718,0.40177279710769653,0.7194990515708923,0.45273637771606445,0.7217967510223389,0.5098186135292053,0.7864471673965454,0.4091491103172302,0.7265459895133972,0.37307146191596985,0.6901671290397644,0.3940194249153137,0.6642839312553406,0.425786554813385,0.8078422546386719,0.4050537645816803,0.7497011423110962,0.3593347668647766,0.7098528742790222,0.3677927851676941,0.6794185638427734,0.38410916924476624,0.8328319191932678,0.4149000942707062,0.7962223291397095,0.3750092685222626,0.7653120756149292,0.35939550399780273,0.736150860786438,0.34882768988609314,ok,02041,C:/Users/Javier/PIDS_HandPose/work/HAR_mediapipe/data/gestos_pids/train//ok/ok_02041.jpg
0.872351884841919,0.49037420749664307,0.80472731590271,0.5068697929382324,0.7508916258811951,0.5040638446807861,0.7167903780937195,0.513504147529602,0.6948044300079346,0.49602195620536804,0.7390551567077637,0.3709965944290161,0.687400221824646,0.355303019285202,0.6695939898490906,0.39325159788131714,0.660489559173584,0.4405539333820343,0.7504963874816895,0.35320478677749634,0.6800509691238403,0.3272249102592468,0.6475584506988525,0.3601009249687195,0.6278373003005981,0.40024033188819885,0.7717346549034119,0.3492884635925293,0.7032677531242371,0.310436874628067,0.6661081314086914,0.33522459864616394,0.6391459107398987,0.36294904351234436,0.7974498867988586,0.3588988184928894,0.7564024925231934,0.32245001196861267,0.723400354385376,0.3112735152244568,0.6923015117645264,0.3023035526275635,ok,02042,C:/Users/Javier/PIDS_HandPose/work/HAR_mediapipe/data/gestos_pids/train//ok/ok_02042.jpg
0.8622650504112244,0.44583195447921753,0.7977560758590698,0.46473753452301025,0.7521988749504089,0.46921175718307495,0.7223640084266663,0.488793283700943,0.6948879361152649,0.4975498914718628,0.7263480424880981,0.34561312198638916,0.6825735569000244,0.3715212643146515,0.6822141408920288,0.41867595911026,0.6883907318115234,0.4690294861793518,0.7352420091629028,0.33253782987594604,0.6673786640167236,0.34685617685317993,0.6393609046936035,0.3796660006046295,0.62241131067276,0.4217938482761383,0.7519198656082153,0.33192694187164307,0.6844743490219116,0.3359960913658142,0.6514813899993896,0.36243873834609985,0.6270771622657776,0.388153076171875,0.7707548141479492,0.3442503809928894,0.7283133864402771,0.337704598903656,0.6982323527336121,0.33353933691978455,0.6694217920303345,0.3270847201347351,ok,02043,C:/Users/Javier/PIDS_HandPose/work/HAR_mediapipe/data/gestos_pids/train//ok/ok_02043.jpg
0.8403148651123047,0.4386170208454132,0.7865797877311707,0.4623880386352539,0.7414674162864685,0.4790281653404236,0.713515043258667,0.5026081204414368,0.6973124146461487,0.49866366386413574,0.7268080115318298,0.3698364496231079,0.6801464557647705,0.3493165075778961,0.6673661470413208,0.3754696547985077,0.6682435274124146,0.4171990156173706,0.7371044158935547,0.35116246342658997,0.681943953037262,0.3404296636581421,0.6686117053031921,0.3781016170978546,0.6688169240951538,0.42284542322158813,0.7547777891159058,0.33713221549987793,0.7007817625999451,0.31415030360221863,0.6750669479370117,0.3294658660888672,0.6581110954284668,0.3490554690361023,0.777255654335022,0.3291224241256714,0.7419877648353577,0.30410143733024597,0.7141889333724976,0.2971130907535553,0.6878609657287598,0.29168251156806946,ok,02044,C:/Users/Javier/PIDS_HandPose/work/HAR_mediapipe/data/gestos_pids/train//ok/ok_02044.jpg
0.8268846273422241,0.4389466345310211,0.7778252959251404,0.47130870819091797,0.7374200224876404,0.4994972348213196,0.7124537825584412,0.5327642560005188,0.6966248154640198,0.5478399991989136,0.7100866436958313,0.3949636220932007,0.6727131009101868,0.4053395390510559,0.6762503981590271,0.45360690355300903,0.6864474415779114,0.5038855671882629,0.7208595275878906,0.3666449785232544,0.670984148979187,0.3472721576690674,0.6496537327766418,0.3694385588169098,0.6363192796707153,0.4004797339439392,0.7414696216583252,0.34783247113227844,0.6942071318626404,0.3211152255535126,0.6693441271781921,0.3319948613643646,0.6504713296890259,0.3484926223754883,0.768199622631073,0.34085094928741455,0.7352686524391174,0.3148725926876068,0.7095190286636353,0.3104289472103119,0.6838229298591614,0.30833128094673157,ok,02045,C:/Users/Javier/PIDS_HandPose/work/HAR_mediapipe/data/gestos_pids/train//ok/ok_02045.jpg
0.8034211993217468,0.4646599292755127,0.7808030843734741,0.5046007633209229,0.7488508820533752,0.5299767255783081,0.7330403327941895,0.5646449327468872,0.7155086398124695,0.5858932733535767,0.7366121411323547,0.42807263135910034,0.7042930126190186,0.43599891662597656,0.700790524482727,0.49056026339530945,0.7001768350601196,0.549043595790863,0.7561922669410706,0.4065067768096924,0.7222955822944641,0.3329569697380066,0.6939632892608643,0.3608688414096832,0.6725236177444458,0.40060287714004517,0.7818711400032043,0.4053068161010742,0.7629234194755554,0.3284033536911011,0.7360875606536865,0.33093661069869995,0.7129210829734802,0.33700165152549744,0.8113678097724915,0.4239232838153839,0.8362429738044739,0.3779248595237732,0.8508825302124023,0.35775959491729736,0.8601447343826294,0.3407544493675232,ok,02046,C:/Users/Javier/PIDS_HandPose/work/HAR_mediapipe/data/gestos_pids/train//ok/ok_02046.jpg
0.8224281668663025,0.4429054260253906,0.7830777168273926,0.4673795700073242,0.7435415387153625,0.4790021777153015,0.717405378818512,0.49610546231269836,0.6989891529083252,0.4989588260650635,0.724287748336792,0.3500958979129791,0.6904830932617188,0.35223498940467834,0.6813371777534485,0.3923376202583313,0.6816098690032959,0.4297991693019867,0.7395492196083069,0.3144764006137848,0.7080513834953308,0.24092525243759155,0.677706241607666,0.23634544014930725,0.6527208089828491,0.25229036808013916,0.7638114094734192,0.3032046854496002,0.7451334595680237,0.21805137395858765,0.7193546891212463,0.19058288633823395,0.6969782710075378,0.1788220852613449,0.790964663028717,0.3172285258769989,0.802308201789856,0.24525150656700134,0.8028098344802856,0.19773900508880615,0.8006122708320618,0.15656103193759918,ok,02047,C:/Users/Javier/PIDS_HandPose/work/HAR_mediapipe/data/gestos_pids/train//ok/ok_02047.jpg
0.8272475600242615,0.6592386960983276,0.7873566746711731,0.6518635749816895,0.7534853219985962,0.6242383718490601,0.7268237471580505,0.5999728441238403,0.7169251441955566,0.5661237835884094,0.7856460213661194,0.4894753396511078,0.7649036049842834,0.40697169303894043,0.7452043890953064,0.3653731346130371,0.7268444895744324,0.3314184546470642,0.8013914823532104,0.48322629928588867,0.808822512626648,0.40289387106895447,0.7997348308563232,0.34933149814605713,0.7895714044570923,0.30571556091308594,0.8097837567329407,0.49260926246643066,0.8289280533790588,0.4239419102668762,0.8310753107070923,0.37601974606513977,0.8319027423858643,0.3362455666065216,0.8123684525489807,0.5101247429847717,0.8265674114227295,0.45694422721862793,0.834632396697998,0.4240260720252991,0.8421497344970703,0.3945199251174927,ok,02048,C:/Users/Javier/PIDS_HandPose/work/HAR_mediapipe/data/gestos_pids/train//ok/ok_02048.jpg
0.880605161190033,0.8630136847496033,0.8464698791503906,0.821053683757782,0.8186269998550415,0.7730913758277893,0.7946897745132446,0.7372289299964905,0.7885097861289978,0.6996237635612488,0.865028440952301,0.6808398962020874,0.8396472930908203,0.6352543234825134,0.8146787285804749,0.6462870836257935,0.7991995811462402,0.6700891852378845,0.8831717371940613,0.6706795692443848,0.8891603946685791,0.5892273187637329,0.8826561570167542,0.5366544127464294,0.8719337582588196,0.4981110692024231,0.8981432318687439,0.6820560693740845,0.9187386631965637,0.6081358790397644,0.9231732487678528,0.5558415651321411,0.9225965738296509,0.5142467021942139,0.9067604541778564,0.7084296941757202,0.9345518350601196,0.6655468940734863,0.9487774968147278,0.6288601160049438,0.9589981436729431,0.5941212773323059,ok,02049,C:/Users/Javier/PIDS_HandPose/work/HAR_mediapipe/data/gestos_pids/train//ok/ok_02049.jpg
0.9061762094497681,0.8705223798751831,0.868536651134491,0.8330036401748657,0.839705765247345,0.779346227645874,0.8131489157676697,0.7411175966262817,0.8105669021606445,0.7050896286964417,0.8762741684913635,0.6891338229179382,0.8562740683555603,0.6404927372932434,0.8308252692222595,0.6540640592575073,0.8145760893821716,0.6793208718299866,0.8934768438339233,0.6776716709136963,0.8962692618370056,0.5932515859603882,0.8976338505744934,0.5343655347824097,0.8991804718971252,0.4851449131965637,0.9101722240447998,0.6869296431541443,0.9233132600784302,0.607740044593811,0.9323161244392395,0.5524159669876099,0.9377424120903015,0.5052937269210815,0.9225836992263794,0.710125207901001,0.9384855031967163,0.6480135917663574,0.9480764269828796,0.6021243929862976,0.9555982351303101,0.560528039932251,ok,02050,C:/Users/Javier/PIDS_HandPose/work/HAR_mediapipe/data/gestos_pids/train//ok/ok_02050.jpg
0.9120059013366699,0.8766207695007324,0.8729367256164551,0.8363381028175354,0.841550886631012,0.7848286628723145,0.8207285404205322,0.7478858828544617,0.8166759610176086,0.7138662338256836,0.8793577551841736,0.6943463683128357,0.8581255078315735,0.6387568712234497,0.8377543091773987,0.6543344259262085,0.824029803276062,0.6853258013725281,0.9038166999816895,0.6901518702507019,0.8967192769050598,0.6146515607833862,0.8773338794708252,0.5790034532546997,0.8561205267906189,0.5593526363372803,0.9264531135559082,0.7072250247001648,0.9336502552032471,0.630868673324585,0.9227759838104248,0.5868743062019348,0.9092996120452881,0.5547022819519043,0.9431494474411011,0.7419582009315491,0.9590620398521423,0.6998588442802429,0.9642751216888428,0.6646679639816284,0.9654800295829773,0.6298996210098267,ok,02051,C:/Users/Javier/PIDS_HandPose/work/HAR_mediapipe/data/gestos_pids/train//ok/ok_02051.jpg
0.9126583933830261,0.8263214826583862,0.8615779876708984,0.8108408451080322,0.8212036490440369,0.7697650194168091,0.7903378009796143,0.7378287315368652,0.7735167145729065,0.7064154744148254,0.8469489812850952,0.6440891623497009,0.8132115602493286,0.5995521545410156,0.7936916351318359,0.6252206563949585,0.7824774384498596,0.6580942869186401,0.872147262096405,0.6299648284912109,0.857154369354248,0.5326916575431824,0.8373396992683411,0.48747754096984863,0.8170955777168274,0.45242851972579956,0.896848738193512,0.6412525177001953,0.8925591111183167,0.5509676337242126,0.8816049695014954,0.4982336461544037,0.869777262210846,0.4553747773170471,0.9200593829154968,0.6725743412971497,0.9285779595375061,0.6044866442680359,0.9309091567993164,0.5591447353363037,0.9310608506202698,0.5186028480529785,ok,02052,C:/Users/Javier/PIDS_HandPose/work/HAR_mediapipe/data/gestos_pids/train//ok/ok_02052.jpg
0.7661261558532715,0.7820945978164673,0.6944229006767273,0.7770913243293762,0.6372098922729492,0.753671407699585,0.5923797488212585,0.7548649311065674,0.56255042552948,0.7290894985198975,0.6417601108551025,0.5758702754974365,0.5889539122581482,0.5436183214187622,0.5674627423286438,0.5917397141456604,0.5589818358421326,0.6410297751426697,0.6560547351837158,0.548646867275238,0.6076878309249878,0.4489237368106842,0.5705679655075073,0.40564724802970886,0.5395520925521851,0.3727678656578064,0.6811084151268005,0.5525962710380554,0.6372314691543579,0.447407990694046,0.6001265645027161,0.39426177740097046,0.5692748427391052,0.3487468361854553,0.7075030207633972,0.5828040838241577,0.6878175735473633,0.5064622759819031,0.667410671710968,0.453260213136673,0.6476755738258362,0.4009574055671692,ok,02053,C:/Users/Javier/PIDS_HandPose/work/HAR_mediapipe/data/gestos_pids/train//ok/ok_02053.jpg
0.5401814579963684,0.838279128074646,0.4809211492538452,0.8440704345703125,0.4197837710380554,0.8181871771812439,0.3759637773036957,0.8000546097755432,0.35437002778053284,0.7545072436332703,0.4332033693790436,0.6267193555831909,0.38298481702804565,0.5914240479469299,0.36145687103271484,0.6520206332206726,0.3563600480556488,0.713948667049408,0.454540878534317,0.5930435657501221,0.412896990776062,0.4800330698490143,0.3750515580177307,0.43687087297439575,0.3428260087966919,0.4116328954696655,0.4831852912902832,0.5876050591468811,0.44993266463279724,0.47133174538612366,0.4187578558921814,0.4101415276527405,0.3929712474346161,0.3596731722354889,0.5131767988204956,0.608849823474884,0.5011277794837952,0.5137902498245239,0.4899793565273285,0.45232969522476196,0.47898513078689575,0.3953566253185272,ok,02054,C:/Users/Javier/PIDS_HandPose/work/HAR_mediapipe/data/gestos_pids/train//ok/ok_02054.jpg
0.47931474447250366,0.8685771226882935,0.4175942540168762,0.8963130712509155,0.3537707030773163,0.893325686454773,0.3097081482410431,0.880746603012085,0.31016919016838074,0.8299627900123596,0.35018816590309143,0.6518330574035645,0.3065818250179291,0.6064687371253967,0.306889146566391,0.6893066167831421,0.3229562044143677,0.7631115913391113,0.3898908793926239,0.5928306579589844,0.36171767115592957,0.4668007791042328,0.332328200340271,0.41799092292785645,0.30648529529571533,0.37413978576660156,0.4366033673286438,0.577395498752594,0.43410634994506836,0.43794453144073486,0.4214395582675934,0.3514386713504791,0.4111381769180298,0.2678164541721344,0.48177236318588257,0.601132333278656,0.511978030204773,0.48677173256874084,0.5317771434783936,0.41196751594543457,0.5485901832580566,0.33272358775138855,ok,02055,C:/Users/Javier/PIDS_HandPose/work/HAR_mediapipe/data/gestos_pids/train//ok/ok_02055.jpg
0.46011221408843994,0.7839671969413757,0.49513497948646545,0.7251453995704651,0.5229030847549438,0.6448395252227783,0.5379325151443481,0.5705839395523071,0.5248225927352905,0.5221057534217834,0.4381505250930786,0.6107096076011658,0.43703266978263855,0.5108358860015869,0.4613926112651825,0.4914563298225403,0.4846745431423187,0.49923762679100037,0.4176439344882965,0.6155850291252136,0.3961770832538605,0.4996708631515503,0.3967842161655426,0.43059423565864563,0.398345947265625,0.38789916038513184,0.41276490688323975,0.6212001442909241,0.40374720096588135,0.5130721926689148,0.41117429733276367,0.4655536413192749,0.41803014278411865,0.4447503685951233,0.4177260994911194,0.6240447759628296,0.4079948663711548,0.5505290627479553,0.4035261273384094,0.511728048324585,0.4030342102050781,0.48835402727127075,ok,02056,C:/Users/Javier/PIDS_HandPose/work/HAR_mediapipe/data/gestos_pids/train//ok/ok_02056.jpg
0.5196688175201416,0.8683751821517944,0.5438572764396667,0.8012880086898804,0.5646573901176453,0.7173019647598267,0.5780823826789856,0.6418551206588745,0.5656675100326538,0.588750958442688,0.48936980962753296,0.7002514004707336,0.5025115013122559,0.5998904705047607,0.5329172611236572,0.5858831405639648,0.5576363801956177,0.5977665185928345,0.46987441182136536,0.7105768322944641,0.44286978244781494,0.6000992059707642,0.43726983666419983,0.5345613956451416,0.4318505823612213,0.4859054684638977,0.4641591012477875,0.7173450589179993,0.43979644775390625,0.6236733794212341,0.4319245219230652,0.5633580684661865,0.428099125623703,0.5233274102210999,0.4697384536266327,0.7172845005989075,0.45564812421798706,0.6510463356971741,0.44318491220474243,0.6080694794654846,0.43631282448768616,0.5730569958686829,ok,02057,C:/Users/Javier/PIDS_HandPose/work/HAR_mediapipe/data/gestos_pids/train//ok/ok_02057.jpg
0.5280727744102478,0.824250340461731,0.5599677562713623,0.7722181677818298,0.5741735100746155,0.6893181204795837,0.5810449719429016,0.6226685643196106,0.5687235593795776,0.5767567753791809,0.5044508576393127,0.6891813278198242,0.5061174035072327,0.5924564599990845,0.5366699695587158,0.5786120295524597,0.5599977374076843,0.5878365635871887,0.48414716124534607,0.6954904794692993,0.4582590162754059,0.6005387306213379,0.45255446434020996,0.5491483211517334,0.44330984354019165,0.5212008953094482,0.4764034152030945,0.6981731653213501,0.4626045227050781,0.6118187308311462,0.47017985582351685,0.5679629445075989,0.47402170300483704,0.5551913380622864,0.4771118462085724,0.695608913898468,0.46448686718940735,0.6329509615898132,0.46052825450897217,0.5900606513023376,0.457211434841156,0.5627440214157104,ok,02058,C:/Users/Javier/PIDS_HandPose/work/HAR_mediapipe/data/gestos_pids/train//ok/ok_02058.jpg
0.5263209939002991,0.7784526944160461,0.5590578317642212,0.7347215414047241,0.5738810896873474,0.6578612327575684,0.5811768770217896,0.5910634994506836,0.5686255097389221,0.5510216951370239,0.5022996068000793,0.6484619975090027,0.5100774168968201,0.5591150522232056,0.539074182510376,0.549392580986023,0.5598222613334656,0.5649486184120178,0.4834129512310028,0.6569099426269531,0.49631252884864807,0.5716699957847595,0.5221628546714783,0.5605578422546387,0.5360825061798096,0.5698183178901672,0.47613266110420227,0.6620985865592957,0.48071643710136414,0.5783842206001282,0.503108024597168,0.565104603767395,0.5149145722389221,0.5759649276733398,0.47428110241889954,0.6618807911872864,0.4669856131076813,0.6037406325340271,0.4696429669857025,0.5805541276931763,0.47074922919273376,0.5727322697639465,ok,02059,C:/Users/Javier/PIDS_HandPose/work/HAR_mediapipe/data/gestos_pids/train//ok/ok_02059.jpg
0.6704946756362915,0.8618103861808777,0.690933346748352,0.7827516198158264,0.6819941997528076,0.6904645562171936,0.6602365374565125,0.6184095740318298,0.6280370950698853,0.5969833731651306,0.6291465759277344,0.7568041682243347,0.5910919308662415,0.6745396852493286,0.6001490950584412,0.6286708116531372,0.6170525550842285,0.6067447066307068,0.6057361364364624,0.7814990878105164,0.538955569267273,0.7270426154136658,0.50899338722229,0.669786274433136,0.4911648631095886,0.6318815350532532,0.5914390087127686,0.7954500317573547,0.5348871946334839,0.7324939370155334,0.514907956123352,0.6752409934997559,0.5064417719841003,0.6491871476173401,0.5850980281829834,0.7942759990692139,0.5456693768501282,0.7491026520729065,0.5306397080421448,0.7095362544059753,0.5230776071548462,0.6877793669700623,ok,02060,C:/Users/Javier/PIDS_HandPose/work/HAR_mediapipe/data/gestos_pids/train//ok/ok_02060.jpg
0.7563180327415466,0.8114429712295532,0.7727129459381104,0.7079439759254456,0.7500013113021851,0.5960136651992798,0.7135820388793945,0.54191654920578,0.6854000091552734,0.567230224609375,0.728067934513092,0.6664047837257385,0.6675068736076355,0.6071745753288269,0.6765512228012085,0.5898956060409546,0.6995422840118408,0.5954813957214355,0.7064821720123291,0.729046106338501,0.6284977197647095,0.6850979328155518,0.5867733359336853,0.6229504346847534,0.5638852119445801,0.5976554155349731,0.6873165965080261,0.7791249752044678,0.621024489402771,0.7134377956390381,0.6015210151672363,0.6516915559768677,0.5974501371383667,0.6248167753219604,0.6757065057754517,0.8044401407241821,0.6287364363670349,0.7429987192153931,0.6121394634246826,0.6960002779960632,0.6055406332015991,0.6710265278816223,ok,02061,C:/Users/Javier/PIDS_HandPose/work/HAR_mediapipe/data/gestos_pids/train//ok/ok_02061.jpg
0.7934130430221558,0.8712853789329529,0.831133246421814,0.7685125470161438,0.8453817367553711,0.6446020007133484,0.8223012685775757,0.5542184114456177,0.7807938456535339,0.5446715354919434,0.8320630192756653,0.7801487445831299,0.7977948188781738,0.7193361520767212,0.7703548669815063,0.6535164713859558,0.7507476806640625,0.5939457416534424,0.7821664810180664,0.8300856947898865,0.7253412008285522,0.742332935333252,0.6868334412574768,0.6434354186058044,0.6627261638641357,0.5696073174476624,0.7380781769752502,0.843695878982544,0.6819778084754944,0.7460730671882629,0.643484890460968,0.6492988467216492,0.6183512806892395,0.5753872394561768,0.7052733898162842,0.8425614833831787,0.6554825305938721,0.7425532937049866,0.6256085634231567,0.6736474633216858,0.6041949987411499,0.620166540145874,ok,02062,C:/Users/Javier/PIDS_HandPose/work/HAR_mediapipe/data/gestos_pids/train//ok/ok_02062.jpg
0.7896035313606262,0.8555047512054443,0.8184391260147095,0.7517514228820801,0.8287760615348816,0.6369168162345886,0.807833731174469,0.5575897097587585,0.771362841129303,0.5457238554954529,0.8291692137718201,0.7729505300521851,0.7902252674102783,0.705715000629425,0.7638919353485107,0.6416870951652527,0.7434283494949341,0.5850217342376709,0.7848725914955139,0.8313189744949341,0.7214843034744263,0.7362441420555115,0.6825451254844666,0.6403709053993225,0.6571400165557861,0.5678808689117432,0.7434239983558655,0.8532946109771729,0.6784543991088867,0.7461193799972534,0.6325192451477051,0.6517238616943359,0.6005700826644897,0.5863640308380127,0.7101333737373352,0.852269172668457,0.65925532579422,0.7557248473167419,0.6268248558044434,0.6899313926696777,0.5998154878616333,0.6399732232093811,ok,02063,C:/Users/Javier/PIDS_HandPose/work/HAR_mediapipe/data/gestos_pids/train//ok/ok_02063.jpg
0.6840391755104065,0.8495339155197144,0.707068920135498,0.8053056597709656,0.7019516825675964,0.7229318618774414,0.685274600982666,0.6462114453315735,0.6725115180015564,0.5932192206382751,0.737711489200592,0.7056661248207092,0.7523770332336426,0.6109044551849365,0.7283586859703064,0.5690560340881348,0.7051665782928467,0.5610631704330444,0.7123807072639465,0.7032390236854553,0.7031585574150085,0.6001747250556946,0.6809843182563782,0.5850515961647034,0.6739133596420288,0.5999851226806641,0.6849228739738464,0.7085890769958496,0.6722352504730225,0.6219425201416016,0.6621771454811096,0.6161842346191406,0.6630010604858398,0.6316565275192261,0.6589493751525879,0.7205116748809814,0.6512338519096375,0.6562601923942566,0.6467100977897644,0.6387927532196045,0.6492360234260559,0.6417747139930725,ok,02064,C:/Users/Javier/PIDS_HandPose/work/HAR_mediapipe/data/gestos_pids/train//ok/ok_02064.jpg
0.819162905216217,1.02157723903656,0.8391175866127014,0.9409146308898926,0.8295369148254395,0.8450030088424683,0.8101376891136169,0.7686598300933838,0.7877256274223328,0.7170692682266235,0.8183769583702087,0.8621559739112854,0.7872014045715332,0.7834039926528931,0.7646458745002747,0.7358442544937134,0.7488646507263184,0.7006675004959106,0.7882957458496094,0.8998010754585266,0.7432494163513184,0.8151533007621765,0.7171131372451782,0.7528990507125854,0.7029856443405151,0.7045184969902039,0.7609987258911133,0.9344056248664856,0.7165237069129944,0.8529539704322815,0.6922197937965393,0.7895793914794922,0.6790149807929993,0.7387780547142029,0.740846574306488,0.96270352602005,0.6996636986732483,0.9018265008926392,0.6765792369842529,0.8530244827270508,0.6622475385665894,0.809535562992096,ok,02065,C:/Users/Javier/PIDS_HandPose/work/HAR_mediapipe/data/gestos_pids/train//ok/ok_02065.jpg
0.5410279631614685,0.8783267140388489,0.5928438901901245,0.8207530975341797,0.6248158812522888,0.775968074798584,0.6548572182655334,0.7403174042701721,0.6720496416091919,0.6829747557640076,0.5683785080909729,0.6450945138931274,0.6080333590507507,0.5909714102745056,0.6356221437454224,0.6254193782806396,0.6510276198387146,0.6695858836174011,0.5543143153190613,0.6276677250862122,0.5686176419258118,0.5228036642074585,0.5942243337631226,0.4706571102142334,0.6171202659606934,0.4269157350063324,0.5384640097618103,0.6327860951423645,0.5357456207275391,0.5249361395835876,0.550822377204895,0.45620131492614746,0.5669782161712646,0.40369099378585815,0.5235113501548767,0.6579397320747375,0.510301411151886,0.5726158618927002,0.5150644779205322,0.5078060030937195,0.5252067446708679,0.4557148218154907,ok,02066,C:/Users/Javier/PIDS_HandPose/work/HAR_mediapipe/data/gestos_pids/train//ok/ok_02066.jpg
0.49262145161628723,0.9240789413452148,0.5365090370178223,0.8613656163215637,0.5690545439720154,0.7908648252487183,0.5986427068710327,0.7457836270332336,0.617638111114502,0.6947078108787537,0.5126305222511292,0.6788613200187683,0.5461202263832092,0.6126888990402222,0.5756322741508484,0.6383622884750366,0.594851016998291,0.6813048124313354,0.4921324849128723,0.6648304462432861,0.49866053462028503,0.5575042963027954,0.5226269364356995,0.4969850182533264,0.5431376099586487,0.4469608962535858,0.47198665142059326,0.6750898957252502,0.45982128381729126,0.5728971362113953,0.46651512384414673,0.5051801800727844,0.4757712781429291,0.4524250328540802,0.45407670736312866,0.7072899341583252,0.4389936327934265,0.6274959444999695,0.4379696547985077,0.5685185790061951,0.44161298871040344,0.5180231332778931,ok,02067,C:/Users/Javier/PIDS_HandPose/work/HAR_mediapipe/data/gestos_pids/train//ok/ok_02067.jpg
0.4425898790359497,0.9333035945892334,0.4816323518753052,0.8705924153327942,0.5128219127655029,0.789633572101593,0.5395398736000061,0.733197808265686,0.5545263886451721,0.6754052639007568,0.45189154148101807,0.6823139786720276,0.4817078709602356,0.6065520644187927,0.5116658806800842,0.628631591796875,0.5332136750221252,0.6681610345840454,0.4251110255718231,0.6695520877838135,0.4268704652786255,0.5618165731430054,0.44784677028656006,0.4953779876232147,0.4655439853668213,0.44635462760925293,0.4010791480541229,0.6834872364997864,0.3824729025363922,0.5834885239601135,0.38641974329948425,0.5125296115875244,0.39385688304901123,0.45994067192077637,0.38219019770622253,0.7206636667251587,0.3629211187362671,0.6446771025657654,0.35702693462371826,0.5846142172813416,0.3565206229686737,0.5319187641143799,ok,02068,C:/Users/Javier/PIDS_HandPose/work/HAR_mediapipe/data/gestos_pids/train//ok/ok_02068.jpg
0.3923569917678833,0.9372393488883972,0.4330351650714874,0.8645064234733582,0.46724796295166016,0.7750104665756226,0.49625951051712036,0.7146085500717163,0.5101082921028137,0.6552210450172424,0.4040721356868744,0.6628518104553223,0.43337827920913696,0.585761308670044,0.46503880620002747,0.608863890171051,0.49026814103126526,0.6450002193450928,0.3746243417263031,0.6520519256591797,0.37752529978752136,0.540069580078125,0.396975040435791,0.4704876244068146,0.4142919182777405,0.41319963335990906,0.34772834181785583,0.6693493723869324,0.330835223197937,0.5681377649307251,0.3327033519744873,0.49346494674682617,0.3389049172401428,0.4325011968612671,0.32539230585098267,0.7102058529853821,0.30618610978126526,0.6320846676826477,0.29911959171295166,0.5684071779251099,0.29756227135658264,0.5102174878120422,ok,02069,C:/Users/Javier/PIDS_HandPose/work/HAR_mediapipe/data/gestos_pids/train//ok/ok_02069.jpg
0.3626515567302704,0.9427797794342041,0.40481889247894287,0.8659696578979492,0.4380531311035156,0.7760051488876343,0.4674355685710907,0.715179979801178,0.47690674662590027,0.6521621346473694,0.3746921122074127,0.6684980392456055,0.40161141753196716,0.5897563099861145,0.43207263946533203,0.60671067237854,0.4562236964702606,0.6438009142875671,0.34449514746665955,0.6580318808555603,0.34628379344940186,0.5432215332984924,0.36475056409835815,0.47013527154922485,0.38065117597579956,0.41479772329330444,0.316595196723938,0.6757166385650635,0.2988070845603943,0.5716487765312195,0.3011579215526581,0.49853163957595825,0.3079781234264374,0.44243836402893066,0.2928178012371063,0.7170158624649048,0.2715725898742676,0.6386024355888367,0.2642576992511749,0.5742191076278687,0.26322248578071594,0.5165064334869385,ok,02070,C:/Users/Javier/PIDS_HandPose/work/HAR_mediapipe/data/gestos_pids/train//ok/ok_02070.jpg
0.3110992908477783,0.7146341800689697,0.3555539846420288,0.7067009806632996,0.396457314491272,0.6730905771255493,0.4252591133117676,0.6410139203071594,0.4360387921333313,0.6026522517204285,0.37923097610473633,0.570362389087677,0.4085533022880554,0.5387641191482544,0.42170965671539307,0.5589296817779541,0.4282849431037903,0.586267352104187,0.36113080382347107,0.5400106310844421,0.3872927725315094,0.4634127914905548,0.4054245352745056,0.41460734605789185,0.41927286982536316,0.3731474280357361,0.34033626317977905,0.5294708609580994,0.3486434817314148,0.4479348063468933,0.3600356876850128,0.39878422021865845,0.3714604377746582,0.3609108030796051,0.3161768615245819,0.5369734168052673,0.3140240013599396,0.47416794300079346,0.3189608156681061,0.43211501836776733,0.3268091380596161,0.3971516489982605,ok,03001,C:/Users/Javier/PIDS_HandPose/work/HAR_mediapipe/data/gestos_pids/train//ok/ok_03001.jpg
0.35749369859695435,0.7060821652412415,0.39783573150634766,0.7063236236572266,0.44059330224990845,0.6814410090446472,0.4723854064941406,0.6547490358352661,0.48418712615966797,0.6142027974128723,0.42292320728302,0.5674711465835571,0.45567935705184937,0.5372540354728699,0.46984148025512695,0.5611339211463928,0.4737774133682251,0.5947186350822449,0.406646192073822,0.5347335338592529,0.4327697157859802,0.45742130279541016,0.4526788294315338,0.40934377908706665,0.46612006425857544,0.37003839015960693,0.38697588443756104,0.5230935215950012,0.3952142596244812,0.4433254897594452,0.4073943793773651,0.39155998826026917,0.41754692792892456,0.3526074290275574,0.3637966513633728,0.5312709212303162,0.3624827563762665,0.47083011269569397,0.3679824471473694,0.4291779696941376,0.3756597936153412,0.394562304019928,ok,03002,C:/Users/Javier/PIDS_HandPose/work/HAR_mediapipe/data/gestos_pids/train//ok/ok_03002.jpg
0.5241780877113342,0.7218035459518433,0.5685052871704102,0.706678032875061,0.6045994162559509,0.679125189781189,0.636401891708374,0.645618736743927,0.6559110879898071,0.5984713435173035,0.5837234258651733,0.5600494742393494,0.61586993932724,0.5268550515174866,0.6346571445465088,0.5481049418449402,0.6466549038887024,0.576208233833313,0.5698556900024414,0.531392514705658,0.5872160792350769,0.4443119764328003,0.6042853593826294,0.3979890048503876,0.6192477345466614,0.3585185408592224,0.5536876916885376,0.5223348140716553,0.5509045124053955,0.4321385622024536,0.5591253042221069,0.3783261179924011,0.568759024143219,0.3373332619667053,0.5373712182044983,0.5319672226905823,0.5336540341377258,0.45947957038879395,0.5408340096473694,0.41326165199279785,0.5514577031135559,0.3746984601020813,ok,03003,C:/Users/Javier/PIDS_HandPose/work/HAR_mediapipe/data/gestos_pids/train//ok/ok_03003.jpg
0.6127380132675171,0.7144279479980469,0.6678034067153931,0.7017006874084473,0.7132136821746826,0.6720762848854065,0.7530192732810974,0.6453895568847656,0.7821557521820068,0.5981855392456055,0.688293993473053,0.5368860960006714,0.7304618954658508,0.5078359246253967,0.7512433528900146,0.5396977066993713,0.76291823387146,0.5782334804534912,0.6766514778137207,0.5124584436416626,0.6941298246383667,0.4163663685321808,0.7162336111068726,0.3673211932182312,0.7366338968276978,0.32401707768440247,0.6655892729759216,0.50361168384552,0.668364942073822,0.4105373024940491,0.6817082166671753,0.3569200038909912,0.6939948201179504,0.31215977668762207,0.6587697863578796,0.5104955434799194,0.6583549976348877,0.4314253330230713,0.6677708029747009,0.38342124223709106,0.6794748902320862,0.3444695472717285,ok,03004,C:/Users/Javier/PIDS_HandPose/work/HAR_mediapipe/data/gestos_pids/train//ok/ok_03004.jpg
0.6905660033226013,0.7795888185501099,0.7513849139213562,0.7652134895324707,0.7944287657737732,0.7384536266326904,0.8345581293106079,0.7199403643608093,0.8641690611839294,0.6729734539985657,0.7704787850379944,0.5980291366577148,0.815259575843811,0.5785621404647827,0.8380364775657654,0.6193715333938599,0.8503071665763855,0.6624617576599121,0.7603059411048889,0.5764545798301697,0.7807487845420837,0.47850513458251953,0.8028292059898376,0.4245092272758484,0.8212490677833557,0.3741765022277832,0.7494708299636841,0.5688696503639221,0.7508004307746887,0.46248292922973633,0.7651187181472778,0.40289586782455444,0.7769666910171509,0.35386136174201965,0.7420459985733032,0.5814917087554932,0.7383990287780762,0.49220895767211914,0.7489528059959412,0.4417070746421814,0.7608461976051331,0.4013524055480957,ok,03005,C:/Users/Javier/PIDS_HandPose/work/HAR_mediapipe/data/gestos_pids/train//ok/ok_03005.jpg
0.6895425319671631,0.7619583606719971,0.7507804036140442,0.7744166851043701,0.8085833191871643,0.759261965751648,0.8575888872146606,0.7438651323318481,0.8857452869415283,0.6956158876419067,0.798719048500061,0.6114829182624817,0.845123827457428,0.5895229578018188,0.8644486665725708,0.6241740584373474,0.8696199655532837,0.6642599105834961,0.781299889087677,0.5686531066894531,0.8238521218299866,0.4760722517967224,0.8562975525856018,0.4228169918060303,0.8799228668212891,0.3759348392486572,0.7560291886329651,0.5494842529296875,0.7755773663520813,0.44275665283203125,0.7965996265411377,0.38307058811187744,0.8139904737472534,0.3384529948234558,0.725939929485321,0.5537170171737671,0.7303457260131836,0.46906590461730957,0.7432773113250732,0.41838517785072327,0.7582576870918274,0.37737488746643066,ok,03006,C:/Users/Javier/PIDS_HandPose/work/HAR_mediapipe/data/gestos_pids/train//ok/ok_03006.jpg
0.7931617498397827,0.792249321937561,0.7289245128631592,0.7687393426895142,0.6736758351325989,0.7099132537841797,0.6362753510475159,0.6570826172828674,0.6158199310302734,0.6043204665184021,0.7003209590911865,0.5606671571731567,0.6564031839370728,0.5112276077270508,0.6356973648071289,0.5357970595359802,0.628656804561615,0.5707162618637085,0.7336391806602478,0.5252220034599304,0.7112769484519958,0.40839293599128723,0.6919140815734863,0.33282986283302307,0.6723514199256897,0.274564266204834,0.7674381136894226,0.5226778984069824,0.7646840810775757,0.409057080745697,0.7557438015937805,0.335762619972229,0.7430050373077393,0.2760235071182251,0.8002933263778687,0.5482365489006042,0.8066468834877014,0.4562758803367615,0.8025326728820801,0.3935801386833191,0.7926118969917297,0.3387400805950165,ok,03008,C:/Users/Javier/PIDS_HandPose/work/HAR_mediapipe/data/gestos_pids/train//ok/ok_03008.jpg
0.6673609018325806,0.7907990217208862,0.6099271774291992,0.7622017860412598,0.5588330030441284,0.7004805207252502,0.5171533823013306,0.6567592024803162,0.4890241324901581,0.6120087504386902,0.5871348977088928,0.5497957468032837,0.5404517650604248,0.514656126499176,0.510564923286438,0.5442037582397461,0.4965799152851105,0.5782703161239624,0.6106723546981812,0.5167350769042969,0.592684268951416,0.39174750447273254,0.5696073770523071,0.3145553469657898,0.5474687218666077,0.2572464942932129,0.6376756429672241,0.5146874785423279,0.6416897177696228,0.39086583256721497,0.6313720345497131,0.3147391676902771,0.6152355074882507,0.2569054365158081,0.6629009246826172,0.537878692150116,0.6756327152252197,0.44073233008384705,0.6715084910392761,0.37179329991340637,0.6587948799133301,0.31528550386428833,ok,03009,C:/Users/Javier/PIDS_HandPose/work/HAR_mediapipe/data/gestos_pids/train//ok/ok_03009.jpg
0.5952165722846985,0.7911717891693115,0.5323096513748169,0.7859317064285278,0.47693994641304016,0.7400951385498047,0.43098020553588867,0.7061463594436646,0.4013436436653137,0.663524866104126,0.4925961494445801,0.5761649012565613,0.43929463624954224,0.5532720685005188,0.4175107479095459,0.585662305355072,0.4123747944831848,0.6235462427139282,0.5188799500465393,0.5377671122550964,0.4893862009048462,0.41786062717437744,0.4617675542831421,0.34125804901123047,0.4349372684955597,0.28384125232696533,0.5494905114173889,0.5307340025901794,0.5412744879722595,0.4059044420719147,0.5261654853820801,0.32526397705078125,0.5063313841819763,0.2641780376434326,0.5776304602622986,0.5514014959335327,0.5813887119293213,0.45032674074172974,0.5723759531974792,0.38045477867126465,0.5577352643013,0.3237220346927643,ok,03010,C:/Users/Javier/PIDS_HandPose/work/HAR_mediapipe/data/gestos_pids/train//ok/ok_03010.jpg
0.5005667209625244,0.7919683456420898,0.437919944524765,0.7843480110168457,0.3844332695007324,0.7464190125465393,0.33732739090919495,0.7167998552322388,0.3001739978790283,0.678542971611023,0.40811601281166077,0.5772781372070312,0.3532048463821411,0.5603941082954407,0.3278694450855255,0.5938936471939087,0.31767627596855164,0.6316056251525879,0.4268296957015991,0.5403902530670166,0.3919229507446289,0.4231387972831726,0.36038750410079956,0.35366421937942505,0.33068138360977173,0.30847108364105225,0.450665682554245,0.5356040596961975,0.4360184669494629,0.4107958674430847,0.4158504605293274,0.33286887407302856,0.393261581659317,0.2764885425567627,0.47244006395339966,0.5535628199577332,0.47445034980773926,0.4555039405822754,0.4618125855922699,0.38617661595344543,0.4436852037906647,0.3271716833114624,ok,03011,C:/Users/Javier/PIDS_HandPose/work/HAR_mediapipe/data/gestos_pids/train//ok/ok_03011.jpg
0.4287551939487457,0.8008412718772888,0.3724704086780548,0.7884534597396851,0.32371240854263306,0.7543236613273621,0.27759262919425964,0.7312456965446472,0.24641242623329163,0.6891807317733765,0.34915971755981445,0.5845292806625366,0.2934373617172241,0.5707806944847107,0.2672973871231079,0.6062996983528137,0.2571631669998169,0.645595908164978,0.36298930644989014,0.5561946034431458,0.3362194001674652,0.44374367594718933,0.30736976861953735,0.37219151854515076,0.27962031960487366,0.3262287378311157,0.38098230957984924,0.5556067228317261,0.37218624353408813,0.4377203583717346,0.35300084948539734,0.36640679836273193,0.33166390657424927,0.3212425112724304,0.3947700262069702,0.5733259916305542,0.3953581750392914,0.47900390625,0.3780730664730072,0.4118345081806183,0.35757675766944885,0.3610064387321472,ok,03012,C:/Users/Javier/PIDS_HandPose/work/HAR_mediapipe/data/gestos_pids/train//ok/ok_03012.jpg
0.6908378601074219,0.7740182876586914,0.6280354857444763,0.7543929815292358,0.5683795213699341,0.6979422569274902,0.5228627324104309,0.6586105227470398,0.4943523406982422,0.61337810754776,0.5880126357078552,0.5373077392578125,0.5312777161598206,0.5115780830383301,0.5102964639663696,0.5512874126434326,0.5074717402458191,0.5937530994415283,0.6163519024848938,0.5007054209709167,0.5840319395065308,0.3736555278301239,0.5575680136680603,0.28997135162353516,0.5336863994598389,0.2223907709121704,0.6503352522850037,0.4982030391693115,0.6400289535522461,0.36536893248558044,0.624572217464447,0.2851523458957672,0.6044065356254578,0.22137227654457092,0.6846490502357483,0.5236764550209045,0.6903958320617676,0.42017820477485657,0.6813127398490906,0.3493714928627014,0.6645339727401733,0.2899576723575592,ok,03013,C:/Users/Javier/PIDS_HandPose/work/HAR_mediapipe/data/gestos_pids/train//ok/ok_03013.jpg
0.8424179553985596,0.8455604314804077,0.7805621027946472,0.7891145944595337,0.7309836149215698,0.7113518714904785,0.6976253986358643,0.6547083854675293,0.6798650622367859,0.601248025894165,0.7661746144294739,0.5572755336761475,0.7207241058349609,0.48525407910346985,0.6949825286865234,0.512791633605957,0.6849517226219177,0.5561091899871826,0.8044074177742004,0.5352544784545898,0.7892898917198181,0.39231786131858826,0.7708255052566528,0.3028780221939087,0.7519415616989136,0.22886306047439575,0.8423488736152649,0.5487504005432129,0.8441654443740845,0.41051095724105835,0.834854245185852,0.32596465945243835,0.8203026056289673,0.251871258020401,0.8772807717323303,0.5938403606414795,0.8904438018798828,0.48569998145103455,0.888175368309021,0.41332370042800903,0.8774911761283875,0.3478338122367859,ok,03014,C:/Users/Javier/PIDS_HandPose/work/HAR_mediapipe/data/gestos_pids/train//ok/ok_03014.jpg
0.8235741257667542,0.772750735282898,0.7796077132225037,0.6505157351493835,0.7562182545661926,0.5753125548362732,0.7238458395004272,0.523220419883728,0.698603630065918,0.46387383341789246,0.8502073884010315,0.4784790277481079,0.7882114052772522,0.4080623984336853,0.7503497004508972,0.4238772392272949,0.7219721078872681,0.45189324021339417,0.8593856692314148,0.504692554473877,0.8625915050506592,0.36188244819641113,0.8529409170150757,0.2764841914176941,0.8353187441825867,0.21065759658813477,0.8586754202842712,0.5616835355758667,0.8818106055259705,0.42718517780303955,0.8838719725608826,0.3438868820667267,0.879292905330658,0.27168840169906616,0.8428645133972168,0.6169084310531616,0.8595201969146729,0.5461016297340393,0.8672871589660645,0.4808332026004791,0.8730092644691467,0.4115051031112671,ok,03015,C:/Users/Javier/PIDS_HandPose/work/HAR_mediapipe/data/gestos_pids/train//ok/ok_03015.jpg
0.7714495062828064,0.7688970565795898,0.7123759984970093,0.745844304561615,0.6629855632781982,0.6842204928398132,0.6324388384819031,0.6193734407424927,0.6234332919120789,0.553131639957428,0.6786877512931824,0.5484371185302734,0.6372798085212708,0.4811973571777344,0.6222630739212036,0.5030052661895752,0.6203365325927734,0.5373720526695251,0.7135617733001709,0.5136711597442627,0.6871441006660461,0.39768505096435547,0.6703834533691406,0.32647621631622314,0.6557634472846985,0.26339271664619446,0.7508454322814941,0.5105224847793579,0.7421661019325256,0.3979041278362274,0.7327377200126648,0.32864177227020264,0.7209326028823853,0.2675933837890625,0.7875511646270752,0.5325894355773926,0.7899016737937927,0.4389610290527344,0.7870050668716431,0.3806098997592926,0.7795488834381104,0.32927921414375305,ok,03016,C:/Users/Javier/PIDS_HandPose/work/HAR_mediapipe/data/gestos_pids/train//ok/ok_03016.jpg
0.7885236740112305,0.7578957080841064,0.7485461235046387,0.6471476554870605,0.7296815514564514,0.5702565312385559,0.7031323909759521,0.5187405347824097,0.6823381781578064,0.4600677788257599,0.8102898001670837,0.4756396412849426,0.7650846242904663,0.409526526927948,0.72614586353302,0.41849586367607117,0.6979714632034302,0.4403749108314514,0.8232311606407166,0.4866447150707245,0.8338488936424255,0.3578512668609619,0.8219064474105835,0.2713727355003357,0.8036596179008484,0.20562154054641724,0.8308160305023193,0.5296194553375244,0.8626079559326172,0.4129076898097992,0.8658427000045776,0.3280751705169678,0.8592060804367065,0.255012571811676,0.826445996761322,0.5827755928039551,0.8596654534339905,0.5193812847137451,0.8695403337478638,0.45359086990356445,0.8706761598587036,0.38861316442489624,ok,03017,C:/Users/Javier/PIDS_HandPose/work/HAR_mediapipe/data/gestos_pids/train//ok/ok_03017.jpg
0.3617480993270874,0.7313834428787231,0.4006102383136749,0.6505488753318787,0.40732356905937195,0.5707511901855469,0.4111521542072296,0.5095291137695312,0.42122405767440796,0.4677380919456482,0.3617153465747833,0.5219660401344299,0.38641124963760376,0.4478440582752228,0.4031536281108856,0.45690882205963135,0.41671204566955566,0.4636254608631134,0.3602287769317627,0.5263944268226624,0.37595584988594055,0.4288550317287445,0.38620126247406006,0.367150217294693,0.39445993304252625,0.31544673442840576,0.36847004294395447,0.5444583892822266,0.3831644058227539,0.4470616579055786,0.3914867639541626,0.37731361389160156,0.39581823348999023,0.32030463218688965,0.3847978413105011,0.568418025970459,0.40588700771331787,0.510997474193573,0.41647279262542725,0.468799352645874,0.42558297514915466,0.4316895008087158,ok,03018,C:/Users/Javier/PIDS_HandPose/work/HAR_mediapipe/data/gestos_pids/train//ok/ok_03018.jpg
0.3678790032863617,0.715325653553009,0.40863385796546936,0.6619518399238586,0.43657928705215454,0.6127386093139648,0.46086931228637695,0.5793974995613098,0.4650181829929352,0.5381877422332764,0.40109360218048096,0.5056954026222229,0.42923685908317566,0.45889532566070557,0.44747859239578247,0.4942448139190674,0.4580291509628296,0.5343074798583984,0.3879777193069458,0.5007041096687317,0.3936047852039337,0.4114512503147125,0.40282636880874634,0.359264612197876,0.4101189076900482,0.3078983426094055,0.376504510641098,0.5131006240844727,0.36603808403015137,0.4292324185371399,0.36529576778411865,0.37270379066467285,0.3674195110797882,0.3209853172302246,0.36790570616722107,0.5401620864868164,0.3505939841270447,0.48318469524383545,0.34623873233795166,0.4379863440990448,0.3467620313167572,0.39373689889907837,ok,03019,C:/Users/Javier/PIDS_HandPose/work/HAR_mediapipe/data/gestos_pids/train//ok/ok_03019.jpg
0.3736896216869354,0.6986867189407349,0.4189043641090393,0.6873131990432739,0.45870113372802734,0.6470412611961365,0.484696626663208,0.5999288558959961,0.47584110498428345,0.5553871989250183,0.4394324719905853,0.5576949715614319,0.46344733238220215,0.5016812682151794,0.4701903760433197,0.5137496590614319,0.4683140516281128,0.5419609546661377,0.41678670048713684,0.5299895405769348,0.4393725097179413,0.4530803859233856,0.45352181792259216,0.40411850810050964,0.46561023592948914,0.36358702182769775,0.3925173878669739,0.5207323431968689,0.400941401720047,0.44798827171325684,0.41109123826026917,0.40067005157470703,0.421619713306427,0.36575832962989807,0.36611950397491455,0.5277663469314575,0.3627520799636841,0.4747318625450134,0.3652932941913605,0.4359057545661926,0.3712352216243744,0.40378642082214355,ok,03020,C:/Users/Javier/PIDS_HandPose/work/HAR_mediapipe/data/gestos_pids/train//ok/ok_03020.jpg
0.34887662529945374,0.787284255027771,0.39569470286369324,0.7618380784988403,0.4356851279735565,0.7064094543457031,0.46785542368888855,0.6659606695175171,0.49582815170288086,0.6376848220825195,0.4118160605430603,0.5927357077598572,0.4464836120605469,0.5404389500617981,0.47229909896850586,0.5333353281021118,0.4947681725025177,0.5365041494369507,0.3906089961528778,0.5648338794708252,0.4169673025608063,0.4754781126976013,0.4407341778278351,0.4180343747138977,0.4610821008682251,0.3725869655609131,0.3645663857460022,0.5626677870750427,0.3729967474937439,0.46292343735694885,0.38789457082748413,0.4027066230773926,0.40551766753196716,0.35488906502723694,0.3359037935733795,0.584080696105957,0.3300885260105133,0.5109077095985413,0.33836081624031067,0.468391478061676,0.3528224229812622,0.43210235238075256,ok,03021,C:/Users/Javier/PIDS_HandPose/work/HAR_mediapipe/data/gestos_pids/train//ok/ok_03021.jpg
0.3677600920200348,0.813063383102417,0.4140406847000122,0.7903169989585876,0.4582591652870178,0.7398363351821899,0.4938179552555084,0.7021953463554382,0.5047435760498047,0.6483189463615417,0.43146246671676636,0.6125001311302185,0.4703603982925415,0.5643794536590576,0.4918670654296875,0.5815114974975586,0.505088746547699,0.6203940510749817,0.406981885433197,0.5853366851806641,0.4313722550868988,0.4899277091026306,0.46149909496307373,0.4508635103702545,0.48927250504493713,0.4322541654109955,0.37963417172431946,0.5820561051368713,0.38777342438697815,0.48419898748397827,0.41150614619255066,0.43706607818603516,0.4376105070114136,0.41124361753463745,0.35190969705581665,0.5984713435173035,0.3446422219276428,0.5224618315696716,0.35638344287872314,0.47962409257888794,0.37629443407058716,0.45266762375831604,ok,03022,C:/Users/Javier/PIDS_HandPose/work/HAR_mediapipe/data/gestos_pids/train//ok/ok_03022.jpg
0.3057750165462494,0.7850043773651123,0.3505147695541382,0.7806892395019531,0.3973250687122345,0.7443315386772156,0.42890092730522156,0.7154163122177124,0.4284173548221588,0.6689156889915466,0.3850528299808502,0.6128394603729248,0.4179343581199646,0.5633922815322876,0.428557813167572,0.5962920188903809,0.4288778603076935,0.6442708969116211,0.36371296644210815,0.5816600322723389,0.3968031704425812,0.501136302947998,0.4249206781387329,0.44837743043899536,0.44784343242645264,0.40670403838157654,0.3355141580104828,0.5744988322257996,0.3568655252456665,0.482939213514328,0.37546366453170776,0.41636037826538086,0.3919132947921753,0.36747753620147705,0.30278268456459045,0.5910643935203552,0.299886018037796,0.5192667245864868,0.3001798987388611,0.464441180229187,0.30408331751823425,0.41643455624580383,ok,03023,C:/Users/Javier/PIDS_HandPose/work/HAR_mediapipe/data/gestos_pids/train//ok/ok_03023.jpg
0.35307231545448303,0.7546079754829407,0.3961827754974365,0.7680417895317078,0.44584667682647705,0.7442496418952942,0.4794590473175049,0.7173509001731873,0.4802916646003723,0.671690821647644,0.4378589689731598,0.606576144695282,0.4715847969055176,0.5551849007606506,0.4806911051273346,0.5854613184928894,0.47942742705345154,0.6311737895011902,0.41938865184783936,0.5715900659561157,0.4603798985481262,0.5071398019790649,0.4938722252845764,0.46331101655960083,0.5217944383621216,0.4293476939201355,0.393069863319397,0.5566124320030212,0.42115092277526855,0.47156068682670593,0.444676011800766,0.40929335355758667,0.46469423174858093,0.36528000235557556,0.36081117391586304,0.5614681243896484,0.3677711486816406,0.48993515968322754,0.3739471733570099,0.437725305557251,0.38297057151794434,0.39334648847579956,ok,03024,C:/Users/Javier/PIDS_HandPose/work/HAR_mediapipe/data/gestos_pids/train//ok/ok_03024.jpg
0.23853930830955505,0.7993800640106201,0.28289732336997986,0.7790974378585815,0.32203438878059387,0.7395426630973816,0.34941306710243225,0.7069178819656372,0.3699866533279419,0.6701405644416809,0.3144555687904358,0.6199061870574951,0.3485869765281677,0.5934997200965881,0.36061424016952515,0.6202123165130615,0.36663785576820374,0.6530672907829285,0.2924237549304962,0.5844561457633972,0.3156937062740326,0.47759056091308594,0.33356615900993347,0.40809667110443115,0.34361696243286133,0.35348695516586304,0.26396289467811584,0.5798138380050659,0.26210126280784607,0.4709644317626953,0.26053497195243835,0.40085071325302124,0.2598281502723694,0.3467375636100769,0.23212218284606934,0.6018508076667786,0.21862080693244934,0.5272006988525391,0.2108507752418518,0.47458451986312866,0.20640353858470917,0.42664116621017456,ok,03025,C:/Users/Javier/PIDS_HandPose/work/HAR_mediapipe/data/gestos_pids/train//ok/ok_03025.jpg
0.18209756910800934,0.7997613549232483,0.23254254460334778,0.7787371277809143,0.27650779485702515,0.7282042503356934,0.29947030544281006,0.6812180876731873,0.29778948426246643,0.632583737373352,0.2618800699710846,0.6124574542045593,0.29088881611824036,0.5519320964813232,0.2977451682090759,0.5747049450874329,0.2948256731033325,0.6159876585006714,0.23333558440208435,0.5795791745185852,0.253750205039978,0.472988486289978,0.27011945843696594,0.4022747874259949,0.28003570437431335,0.348392516374588,0.2019978165626526,0.5745521187782288,0.20915964245796204,0.4754624366760254,0.21701565384864807,0.4050121307373047,0.22460810840129852,0.3514401614665985,0.1687895953655243,0.5943893790245056,0.15701422095298767,0.5233365297317505,0.15345469117164612,0.4700253903865814,0.15437796711921692,0.4234066903591156,ok,03026,C:/Users/Javier/PIDS_HandPose/work/HAR_mediapipe/data/gestos_pids/train//ok/ok_03026.jpg
0.23115162551403046,0.7982786893844604,0.27978354692459106,0.7317926287651062,0.3130033314228058,0.6692783236503601,0.3446539044380188,0.6348087787628174,0.37109315395355225,0.591453492641449,0.26387324929237366,0.5569030046463013,0.3082789480686188,0.5133178234100342,0.3397352397441864,0.5404736399650574,0.36548399925231934,0.5723009705543518,0.24874088168144226,0.557356059551239,0.25320810079574585,0.4385232627391815,0.27103593945503235,0.36664244532585144,0.28527238965034485,0.30570322275161743,0.23453164100646973,0.5882858633995056,0.21768435835838318,0.46974754333496094,0.22049538791179657,0.40263479948043823,0.2272990643978119,0.3418732285499573,0.22717730700969696,0.638724684715271,0.20324254035949707,0.5798781514167786,0.20280584692955017,0.5336657762527466,0.2090960144996643,0.48376816511154175,ok,03027,C:/Users/Javier/PIDS_HandPose/work/HAR_mediapipe/data/gestos_pids/train//ok/ok_03027.jpg
0.25204768776893616,0.7835274934768677,0.2980019450187683,0.725854754447937,0.3325244188308716,0.6633175611495972,0.3623773455619812,0.6238523721694946,0.38276374340057373,0.5770465135574341,0.2892724275588989,0.5517768263816833,0.32550162076950073,0.5073795914649963,0.35560616850852966,0.5334696173667908,0.37941107153892517,0.5657296776771545,0.27134597301483154,0.5432387590408325,0.280425488948822,0.4372425675392151,0.29496490955352783,0.3663404881954193,0.30460086464881897,0.30497798323631287,0.25275808572769165,0.5614793300628662,0.24467067420482635,0.45579981803894043,0.2510269582271576,0.3908557891845703,0.2595086693763733,0.3343549072742462,0.23589898645877838,0.6020520329475403,0.21295441687107086,0.537372887134552,0.2120976448059082,0.4875819683074951,0.21734954416751862,0.44048789143562317,ok,03028,C:/Users/Javier/PIDS_HandPose/work/HAR_mediapipe/data/gestos_pids/train//ok/ok_03028.jpg
0.2301596999168396,0.8828407526016235,0.29172074794769287,0.8167113661766052,0.32291728258132935,0.7333955764770508,0.3382279872894287,0.6508646011352539,0.3433190882205963,0.5827377438545227,0.3002399802207947,0.6445531249046326,0.31713563203811646,0.5776292681694031,0.3232075870037079,0.560250997543335,0.3322577476501465,0.5485968589782715,0.2708854675292969,0.6288692355155945,0.28058090806007385,0.5399174094200134,0.2918032705783844,0.4983229339122772,0.30862370133399963,0.4713849425315857,0.24212956428527832,0.6299268007278442,0.24314171075820923,0.5443935394287109,0.2551040053367615,0.5035876631736755,0.27220281958580017,0.4841947555541992,0.21394523978233337,0.6446970701217651,0.21255582571029663,0.5761467814445496,0.22071777284145355,0.5445265173912048,0.2350444197654724,0.5305708050727844,ok,03029,C:/Users/Javier/PIDS_HandPose/work/HAR_mediapipe/data/gestos_pids/train//ok/ok_03029.jpg
0.22158682346343994,0.8115431070327759,0.2663976550102234,0.7676905989646912,0.30201348662376404,0.702254593372345,0.3276330828666687,0.6470907330513,0.330388605594635,0.5886107683181763,0.2748225927352905,0.6030876636505127,0.30184701085090637,0.533628523349762,0.3186633884906769,0.5430555939674377,0.3264453709125519,0.5763797760009766,0.24808868765830994,0.5808134078979492,0.2585771083831787,0.47826334834098816,0.27177363634109497,0.4127207398414612,0.28111010789871216,0.36132073402404785,0.22113943099975586,0.5851672887802124,0.21128034591674805,0.49359434843063354,0.2156834900379181,0.4317018985748291,0.22234147787094116,0.384693443775177,0.195021390914917,0.6123929619789124,0.17815802991390228,0.5489268898963928,0.174200177192688,0.4986651539802551,0.1751103401184082,0.4536442160606384,ok,03030,C:/Users/Javier/PIDS_HandPose/work/HAR_mediapipe/data/gestos_pids/train//ok/ok_03030.jpg
0.2211410403251648,0.8094450235366821,0.2658446729183197,0.7660950422286987,0.30183154344558716,0.6957026124000549,0.32698363065719604,0.6406141519546509,0.3314906060695648,0.5852171778678894,0.2736538350582123,0.5975966453552246,0.30239999294281006,0.5289088487625122,0.31801512837409973,0.5399268865585327,0.32534414529800415,0.5698531866073608,0.2466920167207718,0.5770837664604187,0.2565408945083618,0.47248440980911255,0.26984474062919617,0.408832311630249,0.2788711190223694,0.3577204942703247,0.22005942463874817,0.5829865336418152,0.20787835121154785,0.48529645800590515,0.20870354771614075,0.41978105902671814,0.21209627389907837,0.36826756596565247,0.19549649953842163,0.6107759475708008,0.17860954999923706,0.5454455018043518,0.1727576106786728,0.49510830640792847,0.17174136638641357,0.44875240325927734,ok,03031,C:/Users/Javier/PIDS_HandPose/work/HAR_mediapipe/data/gestos_pids/train//ok/ok_03031.jpg
0.2638634145259857,0.9228514432907104,0.3128683567047119,0.8490090370178223,0.3417198061943054,0.772714376449585,0.3662663400173187,0.7288495302200317,0.3895169496536255,0.6879587769508362,0.2921784222126007,0.6838192939758301,0.3194393515586853,0.6218030452728271,0.34854820370674133,0.6198118329048157,0.3761135935783386,0.6348442435264587,0.2710961103439331,0.6853861808776855,0.2763923704624176,0.5824458003044128,0.30509400367736816,0.5453004837036133,0.3341137766838074,0.528535008430481,0.2543514370918274,0.7119330167770386,0.24489860236644745,0.618857204914093,0.2639867961406708,0.5778074860572815,0.2856123149394989,0.5504421591758728,0.24602532386779785,0.7563781142234802,0.24008437991142273,0.707176148891449,0.24830618500709534,0.6743171215057373,0.25798213481903076,0.6480570435523987,ok,03032,C:/Users/Javier/PIDS_HandPose/work/HAR_mediapipe/data/gestos_pids/train//ok/ok_03032.jpg
0.6517422199249268,0.696845293045044,0.598479688167572,0.6891232132911682,0.5508189797401428,0.6556147336959839,0.5086230039596558,0.634506344795227,0.47389280796051025,0.6086968779563904,0.5591925978660583,0.5133598446846008,0.5157573223114014,0.5029768943786621,0.4925173819065094,0.5349332690238953,0.48137837648391724,0.5661861896514893,0.5765267014503479,0.4778042137622833,0.5508888363838196,0.3747010827064514,0.5230931043624878,0.3122090697288513,0.4975169897079468,0.26278990507125854,0.600620448589325,0.4726923108100891,0.5925114154815674,0.36225539445877075,0.575450599193573,0.29712390899658203,0.5536450743675232,0.24724486470222473,0.6250815391540527,0.4924837648868561,0.6277925372123718,0.40686970949172974,0.6158684492111206,0.35057297348976135,0.5973871946334839,0.3066480755805969,ok,03033,C:/Users/Javier/PIDS_HandPose/work/HAR_mediapipe/data/gestos_pids/train//ok/ok_03033.jpg
0.657347559928894,0.6783180236816406,0.6095679998397827,0.7161659598350525,0.5571721196174622,0.7281155586242676,0.5121659636497498,0.7417945861816406,0.47557127475738525,0.7452319264411926,0.5208903551101685,0.5928661227226257,0.4717026352882385,0.6076539158821106,0.4661062955856323,0.6633161306381226,0.4735545814037323,0.7051029801368713,0.5292952060699463,0.5339018106460571,0.46679553389549255,0.47656702995300293,0.4243623614311218,0.4387720227241516,0.38719406723976135,0.4028794765472412,0.5535148978233337,0.5002700090408325,0.5157876014709473,0.40324512124061584,0.48843204975128174,0.34568318724632263,0.4598449170589447,0.29920631647109985,0.5867765545845032,0.4928034543991089,0.566245973110199,0.40295976400375366,0.5484576225280762,0.347103089094162,0.5293030738830566,0.29961860179901123,ok,03034,C:/Users/Javier/PIDS_HandPose/work/HAR_mediapipe/data/gestos_pids/train//ok/ok_03034.jpg
0.6991800665855408,0.6223471164703369,0.6521182060241699,0.6489391326904297,0.6030118465423584,0.6532890796661377,0.5621101260185242,0.6558140516281128,0.5294864177703857,0.6509394645690918,0.5673340559005737,0.5175768733024597,0.5282147526741028,0.5258873701095581,0.5379835963249207,0.5637533068656921,0.5575696229934692,0.5912529230117798,0.5806085467338562,0.4598136246204376,0.5187942981719971,0.38995179533958435,0.47956734895706177,0.3440186381340027,0.4452109634876251,0.30091390013694763,0.6094403266906738,0.4308054745197296,0.5810959339141846,0.3131418824195862,0.5627443194389343,0.24234022200107574,0.5399900078773499,0.1788274645805359,0.6467584371566772,0.42915645241737366,0.6398641467094421,0.32865333557128906,0.6320182085037231,0.2671752870082855,0.6199201345443726,0.20785164833068848,ok,03035,C:/Users/Javier/PIDS_HandPose/work/HAR_mediapipe/data/gestos_pids/train//ok/ok_03035.jpg
0.6625843048095703,0.6545690894126892,0.6087090373039246,0.647446870803833,0.5617558360099792,0.6300787329673767,0.5212433338165283,0.6303433775901794,0.4858860373497009,0.6245361566543579,0.5636547803878784,0.4839569926261902,0.5115854740142822,0.484952837228775,0.4941110610961914,0.5336542129516602,0.49203360080718994,0.5733954906463623,0.5834985375404358,0.45414072275161743,0.5409111380577087,0.3555349111557007,0.5054624676704407,0.2925604581832886,0.47416824102401733,0.23964406549930573,0.6113768219947815,0.461186021566391,0.6054810285568237,0.3383074402809143,0.5912845134735107,0.260712206363678,0.5725415945053101,0.1938352733850479,0.6386867165565491,0.4976014494895935,0.6505828499794006,0.4143522083759308,0.645000696182251,0.354361355304718,0.6344307661056519,0.2977721095085144,ok,03036,C:/Users/Javier/PIDS_HandPose/work/HAR_mediapipe/data/gestos_pids/train//ok/ok_03036.jpg
0.6714699268341064,0.690751314163208,0.6204280257225037,0.7131828665733337,0.5655431747436523,0.7077244520187378,0.5225201845169067,0.7090919613838196,0.49057286977767944,0.7043762803077698,0.5429469347000122,0.5625108480453491,0.48887836933135986,0.5686343908309937,0.48634690046310425,0.624402642250061,0.4995516538619995,0.6683560609817505,0.5593310594558716,0.5100695490837097,0.5024606585502625,0.427315354347229,0.46151337027549744,0.38159114122390747,0.42655888199806213,0.34171122312545776,0.58841472864151,0.4894690215587616,0.5639011263847351,0.37049365043640137,0.5419179201126099,0.30233263969421387,0.5177925229072571,0.2422618567943573,0.6235369443893433,0.4978288412094116,0.6181917190551758,0.4028110206127167,0.6084277629852295,0.34079617261886597,0.5950896739959717,0.28355658054351807,ok,03037,C:/Users/Javier/PIDS_HandPose/work/HAR_mediapipe/data/gestos_pids/train//ok/ok_03037.jpg
0.6579869389533997,0.6663983464241028,0.6048582792282104,0.6635262966156006,0.5539419651031494,0.6514072418212891,0.5109990835189819,0.6538510322570801,0.4771588444709778,0.6539096236228943,0.5437834858894348,0.511524498462677,0.49549025297164917,0.5249725580215454,0.4849869906902313,0.580145537853241,0.4881649315357208,0.6249197721481323,0.5649096965789795,0.47291186451911926,0.5221811532974243,0.3700386881828308,0.4876870810985565,0.30331501364707947,0.4578385651111603,0.24970562756061554,0.5953617095947266,0.46765512228012085,0.588517963886261,0.34359073638916016,0.5705804228782654,0.26911401748657227,0.5484459400177002,0.20948626101016998,0.6266247034072876,0.4902673065662384,0.6341944932937622,0.3937787115573883,0.6260886192321777,0.3287472724914551,0.6138530969619751,0.27043214440345764,ok,03038,C:/Users/Javier/PIDS_HandPose/work/HAR_mediapipe/data/gestos_pids/train//ok/ok_03038.jpg
0.7113522291183472,0.6837204694747925,0.6594091653823853,0.6809727549552917,0.608519434928894,0.668586015701294,0.566760241985321,0.6666306257247925,0.5327731370925903,0.661162793636322,0.6001135110855103,0.524720311164856,0.549892008304596,0.5337441563606262,0.5422860980033875,0.5826131105422974,0.5477967262268066,0.624475359916687,0.6206942796707153,0.4835144877433777,0.5744890570640564,0.38388675451278687,0.5415671467781067,0.3202388286590576,0.5123478174209595,0.27088671922683716,0.6521739959716797,0.4751756191253662,0.6403829455375671,0.35618066787719727,0.6228396892547607,0.2846328914165497,0.6014053225517273,0.22582325339317322,0.6861293911933899,0.4945284128189087,0.691321074962616,0.39895111322402954,0.684928834438324,0.336702823638916,0.6737462878227234,0.28033217787742615,ok,03039,C:/Users/Javier/PIDS_HandPose/work/HAR_mediapipe/data/gestos_pids/train//ok/ok_03039.jpg
0.7703732848167419,0.7001941800117493,0.7242169976234436,0.7192882299423218,0.6760839819908142,0.7021111249923706,0.6388422250747681,0.6816145181655884,0.6103099584579468,0.6599492430686951,0.6676629781723022,0.5739863514900208,0.6273106336593628,0.5651052594184875,0.6161412596702576,0.5967279076576233,0.6137465834617615,0.6252439618110657,0.6870920062065125,0.5275078415870667,0.6447521448135376,0.45494329929351807,0.616989016532898,0.4082493484020233,0.5925458073616028,0.3704378306865692,0.7152112722396851,0.512161135673523,0.6977099776268005,0.41806310415267944,0.6806313991546631,0.3635784089565277,0.66192626953125,0.3207496702671051,0.7478077411651611,0.5203574895858765,0.7473524808883667,0.43709036707878113,0.7387256026268005,0.3840843439102173,0.7248796224594116,0.3400435745716095,ok,03040,C:/Users/Javier/PIDS_HandPose/work/HAR_mediapipe/data/gestos_pids/train//ok/ok_03040.jpg
0.35124701261520386,0.8045822978019714,0.3985489308834076,0.7823003530502319,0.4395937919616699,0.7386723756790161,0.4716259837150574,0.7079455852508545,0.49313944578170776,0.6714233160018921,0.4137333631515503,0.62142014503479,0.45212894678115845,0.5909173488616943,0.47302693128585815,0.6143764853477478,0.4843023419380188,0.6474235653877258,0.39434313774108887,0.5911589860916138,0.41706618666648865,0.4960172474384308,0.4359539747238159,0.4359380602836609,0.4480731785297394,0.3869797885417938,0.3709605634212494,0.5864379405975342,0.3721560537815094,0.48522448539733887,0.38128721714019775,0.42123696208000183,0.39138180017471313,0.3709046244621277,0.34477126598358154,0.6040745377540588,0.3385573625564575,0.5320573449134827,0.34407737851142883,0.48367369174957275,0.3540506958961487,0.4420803189277649,ok,03041,C:/Users/Javier/PIDS_HandPose/work/HAR_mediapipe/data/gestos_pids/train//ok/ok_03041.jpg
0.40076160430908203,0.7878593802452087,0.445612370967865,0.775161623954773,0.49163782596588135,0.7369906306266785,0.5268430113792419,0.7088215947151184,0.5524287223815918,0.6781873106956482,0.47190403938293457,0.6148338913917542,0.5132355093955994,0.5885962843894958,0.5306663513183594,0.618340790271759,0.5376530289649963,0.6566157341003418,0.4521152973175049,0.5835078954696655,0.47743216156959534,0.4869144558906555,0.4950718283653259,0.42864054441452026,0.5083881616592407,0.3794851005077362,0.4282923936843872,0.5775766372680664,0.43326279520988464,0.47754210233688354,0.4421011209487915,0.4159829616546631,0.45308154821395874,0.3665984272956848,0.4027489721775055,0.5948482155799866,0.39710521697998047,0.5248175263404846,0.40304309129714966,0.4792915880680084,0.41351962089538574,0.4392910897731781,ok,03042,C:/Users/Javier/PIDS_HandPose/work/HAR_mediapipe/data/gestos_pids/train//ok/ok_03042.jpg
0.31806111335754395,0.8048607110977173,0.36332881450653076,0.7846602201461792,0.41106411814689636,0.7373829483985901,0.4441896677017212,0.7076971530914307,0.452925443649292,0.6680268049240112,0.3858262300491333,0.6206355094909668,0.42397138476371765,0.5841721892356873,0.43793752789497375,0.6142162680625916,0.4423716962337494,0.6557878255844116,0.36198002099990845,0.5907741189002991,0.3789006173610687,0.48722195625305176,0.39636552333831787,0.42607200145721436,0.40900206565856934,0.3790122866630554,0.3354008197784424,0.5878040790557861,0.33268284797668457,0.48783063888549805,0.3403295874595642,0.42224687337875366,0.3497377038002014,0.3732013702392578,0.3097667992115021,0.6102205514907837,0.3014889359474182,0.5417272448539734,0.30396324396133423,0.49179816246032715,0.3117816150188446,0.4470983147621155,ok,03043,C:/Users/Javier/PIDS_HandPose/work/HAR_mediapipe/data/gestos_pids/train//ok/ok_03043.jpg
0.3141091465950012,0.8000597953796387,0.3614582419395447,0.7899839878082275,0.4137515127658844,0.7555593252182007,0.45094040036201477,0.7287929058074951,0.4692554473876953,0.6891006231307983,0.38986748456954956,0.6334854364395142,0.43413591384887695,0.6015434861183167,0.45076611638069153,0.6256073117256165,0.45883190631866455,0.6592772603034973,0.37001216411590576,0.6018810272216797,0.40110382437705994,0.5069581270217896,0.42505672574043274,0.4488047957420349,0.4432537257671356,0.4015713334083557,0.34379786252975464,0.5968399047851562,0.34807640314102173,0.4889713227748871,0.3532719612121582,0.41926294565200806,0.3608962893486023,0.3654252886772156,0.3146046996116638,0.6152809858322144,0.3051259219646454,0.5413532853126526,0.30376189947128296,0.4891459345817566,0.3076520562171936,0.4430283308029175,ok,03044,C:/Users/Javier/PIDS_HandPose/work/HAR_mediapipe/data/gestos_pids/train//ok/ok_03044.jpg
0.8581066727638245,0.7070938348770142,0.8085392713546753,0.7091608643531799,0.7613376379013062,0.6799646019935608,0.725097119808197,0.6547365188598633,0.7005950212478638,0.6232243180274963,0.7572797536849976,0.5564038753509521,0.7115366458892822,0.5301281213760376,0.6990690231323242,0.5600203275680542,0.699653148651123,0.5871597528457642,0.777986466884613,0.514459490776062,0.7346957325935364,0.4369269907474518,0.7047470808029175,0.38850563764572144,0.6782309412956238,0.3454945683479309,0.8087469339370728,0.5029610991477966,0.7968515753746033,0.3980870246887207,0.7842166423797607,0.3324836492538452,0.7697874903678894,0.2746768891811371,0.8425379991531372,0.51667320728302,0.8506975173950195,0.4314116835594177,0.8509326577186584,0.37440112233161926,0.8482089638710022,0.3209797143936157,ok,03045,C:/Users/Javier/PIDS_HandPose/work/HAR_mediapipe/data/gestos_pids/train//ok/ok_03045.jpg
0.3588002324104309,0.7958602905273438,0.4052000641822815,0.7801908850669861,0.4547102749347687,0.7407815456390381,0.4923172891139984,0.7166019678115845,0.511148989200592,0.6770556569099426,0.43227824568748474,0.6205947995185852,0.4761025607585907,0.5910218954086304,0.49412018060684204,0.6178092360496521,0.49971771240234375,0.6558406949043274,0.4121960699558258,0.5853987336158752,0.4457217752933502,0.49602895975112915,0.47139972448349,0.43799448013305664,0.48955219984054565,0.389117568731308,0.3867473006248474,0.5774834156036377,0.3949855864048004,0.4742979109287262,0.4061744809150696,0.4082547426223755,0.4181664288043976,0.35503220558166504,0.3582477569580078,0.5936782956123352,0.354113906621933,0.5228458642959595,0.35911300778388977,0.4724244177341461,0.3687794804573059,0.4277065396308899,ok,03046,C:/Users/Javier/PIDS_HandPose/work/HAR_mediapipe/data/gestos_pids/train//ok/ok_03046.jpg
0.6379960179328918,0.6886864900588989,0.5856953263282776,0.6978431344032288,0.5367997884750366,0.6776403784751892,0.49501314759254456,0.6612814664840698,0.46218687295913696,0.6448054313659668,0.5329144597053528,0.5551726222038269,0.4848886728286743,0.5431309342384338,0.46733495593070984,0.5784087777137756,0.4637277126312256,0.6106419563293457,0.5437424778938293,0.5130559802055359,0.5011341571807861,0.4450013041496277,0.46561068296432495,0.4030938446521759,0.4341900646686554,0.3657735288143158,0.5640113353729248,0.49478891491889954,0.5465807318687439,0.3949827551841736,0.5247125029563904,0.334260493516922,0.5025789737701416,0.28326407074928284,0.58751380443573,0.500910222530365,0.5822626352310181,0.4172862470149994,0.5698204040527344,0.36047881841659546,0.5559495091438293,0.3096364140510559,ok,03047,C:/Users/Javier/PIDS_HandPose/work/HAR_mediapipe/data/gestos_pids/train//ok/ok_03047.jpg
0.33862820267677307,0.8031548261642456,0.3836212754249573,0.7913638949394226,0.4315981864929199,0.7530859708786011,0.4683495759963989,0.7260189652442932,0.48715531826019287,0.6808494925498962,0.40878716111183167,0.6262410879135132,0.45276597142219543,0.5932175517082214,0.4700295925140381,0.6229920387268066,0.476278156042099,0.6631132960319519,0.3881114423274994,0.5935733914375305,0.4188275933265686,0.49813219904899597,0.44465652108192444,0.4405234456062317,0.46404901146888733,0.39286506175994873,0.36168351769447327,0.5889288783073425,0.3658010959625244,0.48463550209999084,0.3756954073905945,0.4164081811904907,0.3872528374195099,0.3624389171600342,0.33307307958602905,0.6105684638023376,0.3262110948562622,0.541223406791687,0.3285771608352661,0.491000235080719,0.3354744017124176,0.44565439224243164,ok,03048,C:/Users/Javier/PIDS_HandPose/work/HAR_mediapipe/data/gestos_pids/train//ok/ok_03048.jpg
0.9390820860862732,0.6897401213645935,0.8891758322715759,0.687122642993927,0.8434939980506897,0.6554386615753174,0.8106468319892883,0.6220631003379822,0.799031138420105,0.5772812962532043,0.8463409543037415,0.5368379950523376,0.803604245185852,0.5013238191604614,0.7973400354385376,0.5331640243530273,0.8032078146934509,0.5633816123008728,0.8726115822792053,0.497679203748703,0.8317328691482544,0.41416898369789124,0.8057720065116882,0.3620664179325104,0.783539891242981,0.3133712708950043,0.9050940871238708,0.489424467086792,0.896001398563385,0.38900619745254517,0.8866882920265198,0.32342755794525146,0.876001238822937,0.26421159505844116,0.9383885860443115,0.504962146282196,0.9489529132843018,0.42163413763046265,0.9520084857940674,0.36689114570617676,0.9515020847320557,0.3136666417121887,ok,03049,C:/Users/Javier/PIDS_HandPose/work/HAR_mediapipe/data/gestos_pids/train//ok/ok_03049.jpg
0.39972859621047974,0.7883764505386353,0.4485657811164856,0.7739840149879456,0.49987325072288513,0.7314175963401794,0.5403238534927368,0.7106354236602783,0.5669565200805664,0.6784642338752747,0.48224034905433655,0.6073060631752014,0.5280312895774841,0.5775782465934753,0.5462823510169983,0.6108153462409973,0.5528129935264587,0.6532354950904846,0.46300554275512695,0.5716686248779297,0.4965609312057495,0.4764522612094879,0.5248627066612244,0.41822871565818787,0.5467095971107483,0.3671749234199524,0.4385945200920105,0.5642315745353699,0.44565582275390625,0.45819562673568726,0.45934054255485535,0.38881200551986694,0.4736957550048828,0.33228519558906555,0.41212064027786255,0.5810539126396179,0.41022932529449463,0.506341814994812,0.4188883304595947,0.45676618814468384,0.4317469000816345,0.41295894980430603,ok,03050,C:/Users/Javier/PIDS_HandPose/work/HAR_mediapipe/data/gestos_pids/train//ok/ok_03050.jpg
0.23591209948062897,0.8763515949249268,0.2886838912963867,0.8660392761230469,0.34445348381996155,0.8192625045776367,0.3834514915943146,0.7882021069526672,0.3855394423007965,0.741974413394928,0.321433424949646,0.6901795864105225,0.360804945230484,0.6389697790145874,0.3716166913509369,0.6822148561477661,0.37366899847984314,0.7378455996513367,0.29532283544540405,0.6663130521774292,0.3139268457889557,0.5562952160835266,0.33704301714897156,0.48598968982696533,0.35343828797340393,0.43084990978240967,0.26400724053382874,0.6719808578491211,0.26505428552627563,0.5662198662757874,0.27012884616851807,0.4950799345970154,0.27449333667755127,0.44282838702201843,0.23433491587638855,0.7018345594406128,0.21920549869537354,0.6304166316986084,0.21491894125938416,0.574221134185791,0.21625901758670807,0.5229971408843994,ok,03051,C:/Users/Javier/PIDS_HandPose/work/HAR_mediapipe/data/gestos_pids/train//ok/ok_03051.jpg
0.3614417016506195,0.7317617535591125,0.4076389968395233,0.7223467826843262,0.4598856270313263,0.6859305500984192,0.4985571801662445,0.6612486839294434,0.519723653793335,0.6256722211837769,0.4413129985332489,0.5651071071624756,0.48285526037216187,0.5319056510925293,0.49928516149520874,0.5590528249740601,0.5043628215789795,0.5971521735191345,0.41996580362319946,0.5286362171173096,0.4462275207042694,0.43252772092819214,0.46740469336509705,0.3757167458534241,0.4826173186302185,0.3293813467025757,0.3944021463394165,0.5199189186096191,0.39813709259033203,0.42034226655960083,0.4070596694946289,0.3572370111942291,0.4158901572227478,0.30956315994262695,0.3678343892097473,0.5362902879714966,0.3631967306137085,0.46805232763290405,0.36679619550704956,0.4199768602848053,0.3739640712738037,0.3774784803390503,ok,03052,C:/Users/Javier/PIDS_HandPose/work/HAR_mediapipe/data/gestos_pids/train//ok/ok_03052.jpg
0.9513455033302307,0.7245252728462219,0.898503303527832,0.6928350329399109,0.8565422892570496,0.6380793452262878,0.8269256353378296,0.5849894285202026,0.8161107301712036,0.5299690961837769,0.8837871551513672,0.5230463147163391,0.8471679091453552,0.46714305877685547,0.8297278881072998,0.47671446204185486,0.8220263719558716,0.49992406368255615,0.9168830513954163,0.49261540174484253,0.8931627869606018,0.39115798473358154,0.8780977129936218,0.32263946533203125,0.8635345697402954,0.2581406235694885,0.9522210359573364,0.496610552072525,0.962087869644165,0.39210113883018494,0.9644820094108582,0.32218462228775024,0.9602248668670654,0.25809669494628906,0.9847121238708496,0.5299643278121948,1.0051692724227905,0.4621099531650543,1.0140388011932373,0.4257870316505432,1.0171254873275757,0.3932252526283264,ok,03053,C:/Users/Javier/PIDS_HandPose/work/HAR_mediapipe/data/gestos_pids/train//ok/ok_03053.jpg
0.2373008131980896,0.8294535279273987,0.28602707386016846,0.7945587635040283,0.33459028601646423,0.7268984913825989,0.3670770525932312,0.6762619614601135,0.36488112807273865,0.6304712295532227,0.3000606894493103,0.6153379678726196,0.337695449590683,0.5543504953384399,0.35334423184394836,0.5766520500183105,0.3572729527950287,0.6163572669029236,0.27227115631103516,0.5928506851196289,0.2812230885028839,0.4803672432899475,0.29152560234069824,0.4098239541053772,0.29715481400489807,0.3531147241592407,0.24334681034088135,0.5993810296058655,0.2324642539024353,0.49578970670700073,0.23270592093467712,0.42579445242881775,0.23585101962089539,0.3693707585334778,0.21743367612361908,0.6306388974189758,0.1992400884628296,0.5649349093437195,0.1934477537870407,0.5134516954421997,0.1938781887292862,0.46334198117256165,ok,03054,C:/Users/Javier/PIDS_HandPose/work/HAR_mediapipe/data/gestos_pids/train//ok/ok_03054.jpg
0.20844724774360657,0.8744622468948364,0.2569039463996887,0.8309780359268188,0.29979851841926575,0.7565084099769592,0.33096030354499817,0.703980028629303,0.3353428244590759,0.6616606116294861,0.2607865035533905,0.647878110408783,0.29162806272506714,0.5849123597145081,0.3111048936843872,0.6090797185897827,0.3211992383003235,0.6491262316703796,0.23035061359405518,0.6271480321884155,0.2385176569223404,0.5134202241897583,0.24597790837287903,0.4414832293987274,0.24866892397403717,0.3841686248779297,0.20058344304561615,0.6367997527122498,0.18681754171848297,0.5366207361221313,0.18489181995391846,0.4689018726348877,0.18620836734771729,0.4148660898208618,0.17337825894355774,0.6717056035995483,0.15437260270118713,0.6081265211105347,0.14755427837371826,0.5585895776748657,0.145594522356987,0.5125101208686829,ok,03055,C:/Users/Javier/PIDS_HandPose/work/HAR_mediapipe/data/gestos_pids/train//ok/ok_03055.jpg
0.40582066774368286,0.7356924414634705,0.45279890298843384,0.7143082618713379,0.4953956604003906,0.6693769693374634,0.5282683372497559,0.6409094929695129,0.5471510887145996,0.600504994392395,0.47475680708885193,0.547319233417511,0.5126625299453735,0.512165367603302,0.5315132737159729,0.538538932800293,0.5422776937484741,0.5720250010490417,0.4551355838775635,0.5155342221260071,0.4768964350223541,0.4195461869239807,0.4960554838180542,0.36237794160842896,0.511183500289917,0.31296205520629883,0.4338335692882538,0.5104902982711792,0.4317236542701721,0.4153726100921631,0.44153615832328796,0.3536474108695984,0.4541507661342621,0.30189913511276245,0.41290318965911865,0.527033269405365,0.4068690836429596,0.4572898745536804,0.4130483865737915,0.4130851626396179,0.42484307289123535,0.37522199749946594,ok,03056,C:/Users/Javier/PIDS_HandPose/work/HAR_mediapipe/data/gestos_pids/train//ok/ok_03056.jpg
0.4959787428379059,0.7994272112846375,0.5514159202575684,0.7722518444061279,0.6023579239845276,0.7251859903335571,0.6456061005592346,0.7015537023544312,0.672881007194519,0.6514453887939453,0.5771135687828064,0.5781815052032471,0.6238645911216736,0.5428070425987244,0.6472254991531372,0.5792657136917114,0.6606703400611877,0.6260174512863159,0.5587145686149597,0.5532159209251404,0.5828894376754761,0.4363301396369934,0.6101342439651489,0.36773866415023804,0.6331407427787781,0.3109654486179352,0.5375102162361145,0.5563708543777466,0.5383902192115784,0.4401477873325348,0.5557568073272705,0.3719266653060913,0.5737598538398743,0.3199755847454071,0.51827073097229,0.5851601362228394,0.5119497776031494,0.4990695118904114,0.5226327180862427,0.44442057609558105,0.537727952003479,0.4009295105934143,ok,03057,C:/Users/Javier/PIDS_HandPose/work/HAR_mediapipe/data/gestos_pids/train//ok/ok_03057.jpg
0.49966591596603394,0.7581635117530823,0.5561833381652832,0.7367184162139893,0.6038680672645569,0.6927156448364258,0.6432357430458069,0.6684660315513611,0.6704617738723755,0.6160826683044434,0.5846635103225708,0.5418527126312256,0.6313499212265015,0.5109173655509949,0.652557373046875,0.5483652353286743,0.6608419418334961,0.5958582162857056,0.5670245289802551,0.5131425261497498,0.5910900831222534,0.4005107283592224,0.6188135147094727,0.33609598875045776,0.6409087777137756,0.283416211605072,0.5451330542564392,0.5123053193092346,0.5469236373901367,0.39258235692977905,0.5646157264709473,0.32662951946258545,0.5836154222488403,0.2769808769226074,0.5250611305236816,0.5360198616981506,0.516939103603363,0.4459759593009949,0.5304979085922241,0.395892858505249,0.5514323711395264,0.3570961356163025,ok,03058,C:/Users/Javier/PIDS_HandPose/work/HAR_mediapipe/data/gestos_pids/train//ok/ok_03058.jpg
0.5192611813545227,0.752284049987793,0.5794316530227661,0.732209324836731,0.6297613978385925,0.6884758472442627,0.6696397662162781,0.6617220640182495,0.6997407674789429,0.6140304803848267,0.6055299043655396,0.539919376373291,0.6520897150039673,0.5077561736106873,0.6730744242668152,0.544822633266449,0.685682475566864,0.5908375382423401,0.5890803337097168,0.5134467482566833,0.6135058403015137,0.398551881313324,0.6427847146987915,0.3343752920627594,0.667822003364563,0.28214338421821594,0.5684525370597839,0.5135284066200256,0.5708479285240173,0.3933558166027069,0.5902428030967712,0.32469576597213745,0.6105892062187195,0.2728480100631714,0.549992561340332,0.5377143621444702,0.5459200739860535,0.44693881273269653,0.5604309439659119,0.394267201423645,0.579897403717041,0.35307878255844116,ok,03059,C:/Users/Javier/PIDS_HandPose/work/HAR_mediapipe/data/gestos_pids/train//ok/ok_03059.jpg
0.566183865070343,0.7646675109863281,0.6313061714172363,0.7387934923171997,0.6801351308822632,0.6790887117385864,0.7136740684509277,0.6489861011505127,0.740532398223877,0.6164852976799011,0.6537885665893555,0.542934238910675,0.6978119015693665,0.5153353810310364,0.7244029641151428,0.5531845688819885,0.7436596155166626,0.5980006456375122,0.6357724070549011,0.5143912434577942,0.6560856103897095,0.3997970521450043,0.6870893836021423,0.3381073474884033,0.711563229560852,0.29241862893104553,0.6156818270683289,0.5120068192481995,0.6221210360527039,0.3854943513870239,0.6451738476753235,0.324435293674469,0.6674297451972961,0.2845054864883423,0.5997538566589355,0.5350682139396667,0.5973483324050903,0.44499489665031433,0.613168478012085,0.39674311876296997,0.6353194713592529,0.3620991110801697,ok,03060,C:/Users/Javier/PIDS_HandPose/work/HAR_mediapipe/data/gestos_pids/train//ok/ok_03060.jpg
0.4036288857460022,0.7468113899230957,0.4623836278915405,0.7187098860740662,0.510701060295105,0.660984456539154,0.5405381917953491,0.6048130393028259,0.5335941910743713,0.547791063785553,0.48690903186798096,0.5434708595275879,0.519019603729248,0.46897104382514954,0.527081310749054,0.48684847354888916,0.5245910286903381,0.526728630065918,0.45697182416915894,0.5097399353981018,0.4797675907611847,0.39762628078460693,0.49482959508895874,0.3259536027908325,0.5069279670715332,0.26692527532577515,0.4245448112487793,0.5045033097267151,0.43332913517951965,0.4019443392753601,0.443203330039978,0.33431726694107056,0.45492732524871826,0.28093427419662476,0.39000362157821655,0.5238548517227173,0.38016045093536377,0.45274123549461365,0.3798189163208008,0.4019833207130432,0.3841346502304077,0.3569886088371277,ok,03061,C:/Users/Javier/PIDS_HandPose/work/HAR_mediapipe/data/gestos_pids/train//ok/ok_03061.jpg
0.39267104864120483,0.7327330112457275,0.44617441296577454,0.6887609362602234,0.4914379417896271,0.6186008453369141,0.5246764421463013,0.5630714297294617,0.5247003436088562,0.5017621517181396,0.45578640699386597,0.4995851516723633,0.48500144481658936,0.42243528366088867,0.5050081610679626,0.4466710090637207,0.5146333575248718,0.4951244592666626,0.42733529210090637,0.47825542092323303,0.4393286108970642,0.3624449372291565,0.4523627460002899,0.28726091980934143,0.46095535159111023,0.22631826996803284,0.39850136637687683,0.4862421154975891,0.39372968673706055,0.3822312355041504,0.399478018283844,0.30640071630477905,0.40588951110839844,0.24692583084106445,0.3709666132926941,0.520148515701294,0.3510756194591522,0.4501267075538635,0.3456558287143707,0.39321744441986084,0.34531107544898987,0.3416755199432373,ok,03062,C:/Users/Javier/PIDS_HandPose/work/HAR_mediapipe/data/gestos_pids/train//ok/ok_03062.jpg
0.7204739451408386,0.5396482944488525,0.6661449670791626,0.5462965369224548,0.6135008931159973,0.5227838754653931,0.5733591318130493,0.49814847111701965,0.5517430305480957,0.45764851570129395,0.6131575703620911,0.38904109597206116,0.5669618844985962,0.3693233132362366,0.5519950985908508,0.4036403298377991,0.5513418912887573,0.43749937415122986,0.6325736045837402,0.3418236970901489,0.595149040222168,0.260251522064209,0.5661051273345947,0.2068389654159546,0.5403774380683899,0.1636366844177246,0.6584796905517578,0.32438403367996216,0.6422980427742004,0.2271261215209961,0.6238362193107605,0.16967721283435822,0.6030392646789551,0.12406687438488007,0.6875624656677246,0.33324652910232544,0.683478832244873,0.2515984773635864,0.6705777049064636,0.1984948217868805,0.6531228423118591,0.15574952960014343,ok,03063,C:/Users/Javier/PIDS_HandPose/work/HAR_mediapipe/data/gestos_pids/train//ok/ok_03063.jpg
0.7074674367904663,0.589423418045044,0.6531959176063538,0.6169048547744751,0.59773188829422,0.6138378381729126,0.5564915537834167,0.6023924350738525,0.5302790403366089,0.5684130191802979,0.5786852836608887,0.47688212990760803,0.5306646227836609,0.47394418716430664,0.5203869342803955,0.509451687335968,0.5235587954521179,0.5398629903793335,0.5929056406021118,0.4214569330215454,0.5414450764656067,0.3504733741283417,0.5064131021499634,0.30459290742874146,0.47709929943084717,0.26734691858291626,0.6189753413200378,0.39303165674209595,0.587418794631958,0.3014318346977234,0.5610908269882202,0.24842140078544617,0.5351401567459106,0.20720884203910828,0.6523194313049316,0.39021870493888855,0.6364231109619141,0.30775129795074463,0.6180544495582581,0.2578608989715576,0.5975026488304138,0.21862943470478058,ok,03064,C:/Users/Javier/PIDS_HandPose/work/HAR_mediapipe/data/gestos_pids/train//ok/ok_03064.jpg
0.8522573709487915,0.6195869445800781,0.7995148301124573,0.6302732229232788,0.7485563158988953,0.6112858057022095,0.7131608724594116,0.5880448818206787,0.6986568570137024,0.5503323078155518,0.7432895302772522,0.4765775203704834,0.6966158747673035,0.45672476291656494,0.6884596943855286,0.488761842250824,0.6936944723129272,0.5200276374816895,0.7661681175231934,0.4328954517841339,0.723649263381958,0.3506814241409302,0.6959995627403259,0.30154237151145935,0.6723413467407227,0.2606316804885864,0.7956966161727905,0.41783565282821655,0.7740837931632996,0.32565802335739136,0.7556923627853394,0.2705725431442261,0.7375970482826233,0.2228594571352005,0.8291912078857422,0.4262571632862091,0.8217265605926514,0.34351715445518494,0.8113531470298767,0.29301247000694275,0.7981302738189697,0.2485499382019043,ok,03065,C:/Users/Javier/PIDS_HandPose/work/HAR_mediapipe/data/gestos_pids/train//ok/ok_03065.jpg
0.8320367336273193,0.5981621146202087,0.7808790802955627,0.6132048964500427,0.7301631569862366,0.5982383489608765,0.6935709714889526,0.5780507326126099,0.6736243963241577,0.5392183661460876,0.7186995148658752,0.46410301327705383,0.6715056896209717,0.4465612769126892,0.6644935607910156,0.47991234064102173,0.6705858707427979,0.5109161734580994,0.7402992844581604,0.41732680797576904,0.6957868337631226,0.33907103538513184,0.6668394804000854,0.2914125621318817,0.642034649848938,0.2504501938819885,0.7694604396820068,0.3993344008922577,0.7449476718902588,0.3092537820339203,0.7246091365814209,0.2550157904624939,0.7043266296386719,0.20868653059005737,0.8029598593711853,0.4048154056072235,0.7940418124198914,0.3218810558319092,0.7819379568099976,0.2723098397254944,0.7667345404624939,0.23039510846138,ok,03066,C:/Users/Javier/PIDS_HandPose/work/HAR_mediapipe/data/gestos_pids/train//ok/ok_03066.jpg
0.8031555414199829,0.5874033570289612,0.7497430443763733,0.5978779792785645,0.6964119672775269,0.5820053219795227,0.6579304933547974,0.5613560676574707,0.6391656398773193,0.5215229988098145,0.6880398988723755,0.4498642683029175,0.641279399394989,0.4286457896232605,0.6311665773391724,0.46072301268577576,0.6350191831588745,0.4922918975353241,0.7081642150878906,0.4026769697666168,0.6637716889381409,0.32570889592170715,0.632584810256958,0.27641117572784424,0.6057385802268982,0.23589760065078735,0.7358978390693665,0.3818674683570862,0.7091423869132996,0.2889699935913086,0.6878863573074341,0.23427364230155945,0.6662312746047974,0.18951880931854248,0.7687259912490845,0.38544800877571106,0.7595498561859131,0.30343136191368103,0.7471053600311279,0.25175192952156067,0.7310593724250793,0.2088557779788971,ok,03067,C:/Users/Javier/PIDS_HandPose/work/HAR_mediapipe/data/gestos_pids/train//ok/ok_03067.jpg
0.7936021685600281,0.58652663230896,0.7399592399597168,0.5980646014213562,0.6868518590927124,0.5800262689590454,0.6484339237213135,0.5570651292800903,0.6266176700592041,0.5200358033180237,0.6770434975624084,0.44933831691741943,0.6297693848609924,0.4305327534675598,0.6194823384284973,0.46276184916496277,0.6227567791938782,0.4943823218345642,0.6971290707588196,0.40175339579582214,0.6524765491485596,0.32478126883506775,0.6208909153938293,0.2757408916950226,0.5935853123664856,0.23593959212303162,0.7247332334518433,0.38142699003219604,0.697881817817688,0.2892763614654541,0.676868200302124,0.23523320257663727,0.6550292372703552,0.1914629191160202,0.7575696110725403,0.3855152130126953,0.7480377554893494,0.30294284224510193,0.7353000640869141,0.2517382800579071,0.7183569669723511,0.21030820906162262,ok,03068,C:/Users/Javier/PIDS_HandPose/work/HAR_mediapipe/data/gestos_pids/train//ok/ok_03068.jpg
0.7888502478599548,0.5779412984848022,0.7379710674285889,0.5917495489120483,0.6873273849487305,0.5773659944534302,0.6505018472671509,0.5563682317733765,0.6283321976661682,0.5183969140052795,0.6734529137611389,0.4521905183792114,0.6269240379333496,0.4322560727596283,0.6199755072593689,0.46416956186294556,0.626916229724884,0.4923480749130249,0.6918079257011414,0.40464428067207336,0.643905520439148,0.33125755190849304,0.612838625907898,0.28408777713775635,0.587054431438446,0.24273426830768585,0.7195904850959778,0.3837622404098511,0.6930266618728638,0.28628814220428467,0.675082266330719,0.2270725965499878,0.6577324867248535,0.17492817342281342,0.7526369094848633,0.3860754668712616,0.7435123324394226,0.29930394887924194,0.7350274920463562,0.24277570843696594,0.7247999310493469,0.19139894843101501,ok,03069,C:/Users/Javier/PIDS_HandPose/work/HAR_mediapipe/data/gestos_pids/train//ok/ok_03069.jpg
0.79259192943573,0.5764147639274597,0.7422546148300171,0.5907123684883118,0.6911106109619141,0.5807852745056152,0.6543952226638794,0.5618768930435181,0.6340059638023376,0.5213144421577454,0.6721423268318176,0.45556992292404175,0.6258185505867004,0.4359298348426819,0.6229817271232605,0.47080564498901367,0.6329782009124756,0.49980974197387695,0.6902768611907959,0.4049311876296997,0.6423145532608032,0.33290088176727295,0.6118339896202087,0.2877364456653595,0.5856513977050781,0.24575354158878326,0.7184091806411743,0.3825165629386902,0.6955529451370239,0.2839948534965515,0.6793443560600281,0.22074295580387115,0.6627246737480164,0.1656745821237564,0.7513225674629211,0.3846580684185028,0.744533121585846,0.2968843877315521,0.7372212409973145,0.24022771418094635,0.7276813387870789,0.1888778954744339,ok,03070,C:/Users/Javier/PIDS_HandPose/work/HAR_mediapipe/data/gestos_pids/train//ok/ok_03070.jpg
0.213176891207695,0.632290244102478,0.26358863711357117,0.6122447848320007,0.30844807624816895,0.5650514364242554,0.33786776661872864,0.5309971570968628,0.3453526794910431,0.48698002099990845,0.2770329713821411,0.4629233181476593,0.3103182911872864,0.4143894910812378,0.32689717411994934,0.44279390573501587,0.3359975218772888,0.4829100966453552,0.25336533784866333,0.43818265199661255,0.2744968831539154,0.35118210315704346,0.3001093566417694,0.30944332480430603,0.322831392288208,0.27839168906211853,0.22672848403453827,0.43280065059661865,0.23911139369010925,0.3484315872192383,0.25818637013435364,0.30306822061538696,0.2781415283679962,0.271506130695343,0.19931171834468842,0.4453146457672119,0.19406796991825104,0.37624290585517883,0.19591392576694489,0.3230312466621399,0.20159588754177094,0.27703315019607544,ok,04001,C:/Users/Javier/PIDS_HandPose/work/HAR_mediapipe/data/gestos_pids/train//ok/ok_04001.jpg
0.6125288605690002,0.6094071269035339,0.5779197216033936,0.5892913341522217,0.5493572354316711,0.5497694611549377,0.5281449556350708,0.5183388590812683,0.522555947303772,0.4853079617023468,0.5765429139137268,0.4595549404621124,0.5515646934509277,0.4205481708049774,0.5352821946144104,0.43747571110725403,0.5287536382675171,0.46527814865112305,0.5920726656913757,0.44093096256256104,0.5792425870895386,0.37555384635925293,0.5676334500312805,0.3315329849720001,0.5571129322052002,0.2977507710456848,0.6090169548988342,0.4376148283481598,0.6029170751571655,0.3708285093307495,0.5952965021133423,0.32866227626800537,0.5885992050170898,0.2938665747642517,0.6248823404312134,0.4476243555545807,0.6283700466156006,0.3900999426841736,0.6282942295074463,0.35270315408706665,0.6272963285446167,0.31968560814857483,ok,04002,C:/Users/Javier/PIDS_HandPose/work/HAR_mediapipe/data/gestos_pids/train//ok/ok_04002.jpg
0.6111777424812317,0.6781214475631714,0.5775989890098572,0.6629188060760498,0.5486334562301636,0.6255086064338684,0.5269652009010315,0.5962826013565063,0.5165982842445374,0.5665580630302429,0.5679122805595398,0.5359665155410767,0.5423896908760071,0.5001137256622314,0.5273532271385193,0.5184300541877747,0.5213292241096497,0.5455898642539978,0.5807288885116577,0.5167422294616699,0.5608654618263245,0.45684415102005005,0.5441752672195435,0.41921064257621765,0.5294895768165588,0.3910663425922394,0.5963476896286011,0.5109975934028625,0.5835968255996704,0.4477362334728241,0.5706576108932495,0.4108342230319977,0.5596346259117126,0.3805627226829529,0.6121975779533386,0.5171047449111938,0.6100067496299744,0.46091827750205994,0.60614013671875,0.42594343423843384,0.6014688611030579,0.3941456079483032,ok,04003,C:/Users/Javier/PIDS_HandPose/work/HAR_mediapipe/data/gestos_pids/train//ok/ok_04003.jpg
0.7068307399749756,0.6193036437034607,0.6629837155342102,0.5881727933883667,0.6260015368461609,0.5365265607833862,0.6000002026557922,0.4994516968727112,0.5908089876174927,0.45955419540405273,0.6535005569458008,0.4294348657131195,0.6229031682014465,0.3782899081707001,0.6032251715660095,0.4031640291213989,0.5940544009208679,0.4379827678203583,0.6743460297584534,0.4123798906803131,0.6514523029327393,0.3317020833492279,0.6310494542121887,0.2827792763710022,0.6133981943130493,0.24439507722854614,0.6977275609970093,0.4157648980617523,0.6830170750617981,0.33319875597953796,0.6673499345779419,0.2833440899848938,0.6533113121986389,0.24147789180278778,0.7209970355033875,0.43694567680358887,0.7186580300331116,0.3669412434101105,0.7124747633934021,0.3198860287666321,0.7053301930427551,0.27729925513267517,ok,04004,C:/Users/Javier/PIDS_HandPose/work/HAR_mediapipe/data/gestos_pids/train//ok/ok_04004.jpg
0.04002130776643753,0.682246208190918,0.08070696145296097,0.6687313914299011,0.12084764242172241,0.6327857971191406,0.14524897933006287,0.6061014533042908,0.14065484702587128,0.5732470750808716,0.10468647629022598,0.5475003719329834,0.12695926427841187,0.503638505935669,0.13256847858428955,0.5299555063247681,0.1310880184173584,0.5690723061561584,0.08374938368797302,0.5246534943580627,0.10021621733903885,0.45794618129730225,0.11727724224328995,0.42269670963287354,0.13171930611133575,0.3960261642932892,0.060645174235105515,0.520598828792572,0.07049010694026947,0.4558032751083374,0.08147113025188446,0.41291365027427673,0.09248945862054825,0.382362425327301,0.03611750900745392,0.532827615737915,0.02940724790096283,0.4839220345020294,0.026410169899463654,0.44554272294044495,0.027412734925746918,0.4138936996459961,ok,04005,C:/Users/Javier/PIDS_HandPose/work/HAR_mediapipe/data/gestos_pids/train//ok/ok_04005.jpg
0.6196224093437195,0.7121741771697998,0.5812841057777405,0.6895980834960938,0.5459972023963928,0.6409672498703003,0.5181455612182617,0.6094447374343872,0.499573290348053,0.5790572762489319,0.5645057559013367,0.5297116041183472,0.5306570529937744,0.48662036657333374,0.5104572176933289,0.5099117159843445,0.5011506080627441,0.5413312315940857,0.5778409242630005,0.5119831562042236,0.5480754971504211,0.4356885552406311,0.5220969915390015,0.39603376388549805,0.4990631341934204,0.36938005685806274,0.5960477590560913,0.5112819075584412,0.5737963318824768,0.42929649353027344,0.5524123311042786,0.3855803608894348,0.5343793034553528,0.35130175948143005,0.6154158711433411,0.5253081917762756,0.6060303449630737,0.45718979835510254,0.5943672060966492,0.41510868072509766,0.5825395584106445,0.3766932487487793,ok,04006,C:/Users/Javier/PIDS_HandPose/work/HAR_mediapipe/data/gestos_pids/train//ok/ok_04006.jpg
0.2836878001689911,0.6110119819641113,0.33341270685195923,0.6231017112731934,0.38337355852127075,0.6022889614105225,0.41954416036605835,0.5812293887138367,0.4434770941734314,0.5430187582969666,0.36477306485176086,0.4877378046512604,0.4040401577949524,0.4626952111721039,0.42059525847435,0.4863619804382324,0.42848390340805054,0.5210055708885193,0.3489905297756195,0.44793644547462463,0.3877435326576233,0.38754069805145264,0.42133629322052,0.3632704019546509,0.44916531443595886,0.35215073823928833,0.3265437185764313,0.42337697744369507,0.3545786142349243,0.35134729743003845,0.3834342658519745,0.32383230328559875,0.40973514318466187,0.30981069803237915,0.30163973569869995,0.4190555214881897,0.31384673714637756,0.35237735509872437,0.3275306820869446,0.31090790033340454,0.3424484431743622,0.2781139612197876,ok,04007,C:/Users/Javier/PIDS_HandPose/work/HAR_mediapipe/data/gestos_pids/train//ok/ok_04007.jpg
0.323731005191803,0.5379960536956787,0.3786958158016205,0.5452991724014282,0.43238911032676697,0.5228353142738342,0.4727575182914734,0.5035750269889832,0.49801313877105713,0.46863096952438354,0.42184150218963623,0.39003056287765503,0.4615958631038666,0.37232455611228943,0.4773811399936676,0.40865278244018555,0.48287856578826904,0.44893813133239746,0.4071927070617676,0.34784188866615295,0.44662749767303467,0.2779392600059509,0.4774226248264313,0.24757996201515198,0.505492627620697,0.21990367770195007,0.38520729541778564,0.3249064087867737,0.41045254468917847,0.24393463134765625,0.435193806886673,0.2039339542388916,0.4587208032608032,0.17499305307865143,0.35701942443847656,0.32049670815467834,0.363582968711853,0.24262677133083344,0.37307459115982056,0.19145901501178741,0.38353821635246277,0.15012316405773163,ok,04008,C:/Users/Javier/PIDS_HandPose/work/HAR_mediapipe/data/gestos_pids/train//ok/ok_04008.jpg
0.3952299654483795,0.8953908681869507,0.3445254862308502,0.8670283555984497,0.32224908471107483,0.8158550262451172,0.3065505623817444,0.7875194549560547,0.2929728925228119,0.7665274143218994,0.3517307639122009,0.7117462158203125,0.3175690174102783,0.6628289818763733,0.2912169396877289,0.6367779970169067,0.26916974782943726,0.6213350296020508,0.35164737701416016,0.7052834033966064,0.3085891604423523,0.6676096320152283,0.2884189784526825,0.6846999526023865,0.2772262394428253,0.7069969177246094,0.3442751169204712,0.708075761795044,0.305042028427124,0.6532446146011353,0.27705395221710205,0.6444723606109619,0.25685495138168335,0.6479068398475647,0.3310457170009613,0.7194716930389404,0.3085668981075287,0.6614053249359131,0.28792959451675415,0.6332463026046753,0.2693956196308136,0.6187516450881958,ok,04009,C:/Users/Javier/PIDS_HandPose/work/HAR_mediapipe/data/gestos_pids/train//ok/ok_04009.jpg
0.03699028491973877,0.6221417784690857,0.07741372287273407,0.6198732852935791,0.11999005824327469,0.5879625082015991,0.14678499102592468,0.5616443157196045,0.15434619784355164,0.5288955569267273,0.10666042566299438,0.4913455545902252,0.1332649439573288,0.44588127732276917,0.14294908940792084,0.4716738164424896,0.14479820430278778,0.5109906792640686,0.08565661311149597,0.4676401913166046,0.10710161924362183,0.39888209104537964,0.12644876539707184,0.3648548126220703,0.14219072461128235,0.3424711227416992,0.05990885570645332,0.46240049600601196,0.07361935079097748,0.39789363741874695,0.08839567005634308,0.35757896304130554,0.10239261388778687,0.330716073513031,0.0320238322019577,0.4744532108306885,0.029920369386672974,0.4220521152019501,0.03126960247755051,0.38370612263679504,0.035016655921936035,0.3515465259552002,ok,04010,C:/Users/Javier/PIDS_HandPose/work/HAR_mediapipe/data/gestos_pids/train//ok/ok_04010.jpg
0.10055103152990341,0.6098027229309082,0.14212791621685028,0.6126695871353149,0.18530866503715515,0.5857527256011963,0.21407097578048706,0.565467119216919,0.22543089091777802,0.5304847359657288,0.17197225987911224,0.48417750000953674,0.20225371420383453,0.4465208053588867,0.2146376073360443,0.4706331193447113,0.21751664578914642,0.5077989101409912,0.15321296453475952,0.4561466574668884,0.1795901507139206,0.3918408453464508,0.2044399529695511,0.3654468059539795,0.22570574283599854,0.3500441610813141,0.12870769202709198,0.4457184970378876,0.14612355828285217,0.38076621294021606,0.16612841188907623,0.34403184056282043,0.1849692463874817,0.32204654812812805,0.1014719009399414,0.4554000198841095,0.10219626128673553,0.400765061378479,0.107297383248806,0.3611716032028198,0.11483623832464218,0.3288714289665222,ok,04011,C:/Users/Javier/PIDS_HandPose/work/HAR_mediapipe/data/gestos_pids/train//ok/ok_04011.jpg
0.6593707203865051,0.7607422471046448,0.6206173300743103,0.720881462097168,0.5921496152877808,0.6618269681930542,0.5681988596916199,0.6197509765625,0.5541524291038513,0.5798936486244202,0.6270563006401062,0.5671846866607666,0.6006700992584229,0.5178785920143127,0.5776345133781433,0.5326380133628845,0.5649377703666687,0.5578465461730957,0.6459936499595642,0.5534666180610657,0.6318955421447754,0.4748380482196808,0.6113393902778625,0.4329249858856201,0.5920457243919373,0.4074404835700989,0.6643330454826355,0.5581666231155396,0.66037917137146,0.47804492712020874,0.6496044397354126,0.4289613962173462,0.6395328044891357,0.3925964832305908,0.6810009479522705,0.5786199569702148,0.685187578201294,0.5148766040802002,0.682798445224762,0.46965113282203674,0.678709864616394,0.4290173649787903,ok,04012,C:/Users/Javier/PIDS_HandPose/work/HAR_mediapipe/data/gestos_pids/train//ok/ok_04012.jpg
0.7113391160964966,0.7506932020187378,0.6694524884223938,0.7104008197784424,0.6394956707954407,0.6475189924240112,0.6167647838592529,0.6010551452636719,0.6033689975738525,0.5608829855918884,0.674185037612915,0.5550492405891418,0.6486169099807739,0.5039621591567993,0.6268887519836426,0.5200071334838867,0.6141932606697083,0.5452974438667297,0.69539475440979,0.5423940420150757,0.6795275807380676,0.4675426483154297,0.6604495048522949,0.42207014560699463,0.6429429650306702,0.38755273818969727,0.7162996530532837,0.548862874507904,0.7101370692253113,0.4720523953437805,0.6974083185195923,0.4230896532535553,0.6851197481155396,0.3848538398742676,0.735623836517334,0.5710482001304626,0.7393208742141724,0.5070282220840454,0.7363355755805969,0.4618890881538391,0.7309426069259644,0.42162832617759705,ok,04013,C:/Users/Javier/PIDS_HandPose/work/HAR_mediapipe/data/gestos_pids/train//ok/ok_04013.jpg
0.7656376957893372,0.7293655872344971,0.7244187593460083,0.6694924831390381,0.6948685050010681,0.6009368300437927,0.6730829477310181,0.5481821894645691,0.6639276146888733,0.4997859299182892,0.7392074465751648,0.5131134986877441,0.716063916683197,0.4522683620452881,0.6938344240188599,0.462493896484375,0.67879319190979,0.486203134059906,0.7625516653060913,0.5017427802085876,0.7492623925209045,0.4216015934944153,0.7318222522735596,0.3733903765678406,0.7140105366706848,0.33731019496917725,0.784747838973999,0.5103594660758972,0.7788374423980713,0.43254977464675903,0.7678982615470886,0.3811192512512207,0.7571851015090942,0.3397104740142822,0.8047916293144226,0.5350456833839417,0.8116484880447388,0.47329065203666687,0.8105133175849915,0.4266263246536255,0.806887149810791,0.38243383169174194,ok,04014,C:/Users/Javier/PIDS_HandPose/work/HAR_mediapipe/data/gestos_pids/train//ok/ok_04014.jpg
0.7539551258087158,0.7115292549133301,0.7088555693626404,0.6674864292144775,0.6760455369949341,0.602550208568573,0.6509572267532349,0.5560990571975708,0.638454020023346,0.5120950937271118,0.7161190509796143,0.5079181790351868,0.68828284740448,0.45057862997055054,0.6657755970954895,0.46711623668670654,0.6521780490875244,0.49452829360961914,0.7394386529922485,0.49410223960876465,0.7223343253135681,0.41406702995300293,0.7006628513336182,0.36699140071868896,0.6800467371940613,0.33169758319854736,0.7624467015266418,0.5002859234809875,0.7535502314567566,0.41831815242767334,0.737844705581665,0.3680729269981384,0.7229744791984558,0.3290320634841919,0.7839339375495911,0.5232654213905334,0.7873626947402954,0.45436668395996094,0.7832719683647156,0.40556421875953674,0.7767624855041504,0.36200520396232605,ok,04015,C:/Users/Javier/PIDS_HandPose/work/HAR_mediapipe/data/gestos_pids/train//ok/ok_04015.jpg
0.7229151129722595,0.49843883514404297,0.6784868836402893,0.46422481536865234,0.6415905356407166,0.4124131202697754,0.6139088273048401,0.3705626130104065,0.5970975160598755,0.32849153876304626,0.6706250905990601,0.3109763562679291,0.6406996846199036,0.260540246963501,0.6208690404891968,0.2796604633331299,0.6102859973907471,0.30974650382995605,0.690558671951294,0.287174254655838,0.6667187213897705,0.21914678812026978,0.6443021893501282,0.17973685264587402,0.6239489316940308,0.15224161744117737,0.7131866812705994,0.28193092346191406,0.6954313516616821,0.20885193347930908,0.6775142550468445,0.1669209599494934,0.6621453762054443,0.13411754369735718,0.7361087799072266,0.2924036383628845,0.7322240471839905,0.22704735398292542,0.7246457934379578,0.18447142839431763,0.7157092094421387,0.14634840190410614,ok,04016,C:/Users/Javier/PIDS_HandPose/work/HAR_mediapipe/data/gestos_pids/train//ok/ok_04016.jpg
0.8106602430343628,0.5712012052536011,0.7683473229408264,0.528924822807312,0.7378449440002441,0.4713535010814667,0.7151092290878296,0.4267561733722687,0.7055776715278625,0.3803422451019287,0.7833114266395569,0.3748636841773987,0.7565448880195618,0.3228118419647217,0.7325276136398315,0.3371647596359253,0.7176011204719543,0.36106643080711365,0.8039076328277588,0.36032307147979736,0.7877233028411865,0.2845486104488373,0.7673463225364685,0.23818545043468475,0.747463583946228,0.20388752222061157,0.8244577646255493,0.36273452639579773,0.8177258372306824,0.28471386432647705,0.8040289282798767,0.2361026257276535,0.7905261516571045,0.19937853515148163,0.843526303768158,0.3796888291835785,0.8479453921318054,0.31158268451690674,0.8444101810455322,0.2641003131866455,0.8382304906845093,0.2225237488746643,ok,04017,C:/Users/Javier/PIDS_HandPose/work/HAR_mediapipe/data/gestos_pids/train//ok/ok_04017.jpg
0.733224093914032,0.8690341114997864,0.6886892318725586,0.8118970394134521,0.6558803915977478,0.7406991720199585,0.6305347084999084,0.6904345154762268,0.6188871264457703,0.6462571620941162,0.6959821581840515,0.6357945203781128,0.6701951026916504,0.5721885561943054,0.6464272141456604,0.5907602906227112,0.6318449378013611,0.6241291761398315,0.7173843383789062,0.6232383847236633,0.698788583278656,0.5349991321563721,0.6763839721679688,0.4888879060745239,0.6549821496009827,0.4586183428764343,0.7395690679550171,0.6336627006530762,0.7308500409126282,0.5453547239303589,0.7150798439979553,0.4942968487739563,0.6998825073242188,0.454675555229187,0.7599437832832336,0.6631081700325012,0.7635727524757385,0.5922682285308838,0.7596307396888733,0.5428386926651001,0.7534304261207581,0.49610355496406555,ok,04018,C:/Users/Javier/PIDS_HandPose/work/HAR_mediapipe/data/gestos_pids/train//ok/ok_04018.jpg
0.5173686146736145,0.8623554110527039,0.47061529755592346,0.8374517560005188,0.42746996879577637,0.7908986806869507,0.39210763573646545,0.761980414390564,0.36720147728919983,0.7352465391159058,0.4424736201763153,0.6621275544166565,0.40107670426368713,0.624260663986206,0.3791135847568512,0.6607913374900818,0.36873993277549744,0.7035144567489624,0.45855623483657837,0.639184832572937,0.42218121886253357,0.5658370852470398,0.3922579884529114,0.5379000306129456,0.36541885137557983,0.5265588164329529,0.48083505034446716,0.6351607441902161,0.45532017946243286,0.5493975877761841,0.4300096929073334,0.5093191862106323,0.4079577326774597,0.48122191429138184,0.5053809881210327,0.6478196978569031,0.494537353515625,0.5719200372695923,0.4819410741329193,0.5251332521438599,0.4679524600505829,0.4833488464355469,ok,04019,C:/Users/Javier/PIDS_HandPose/work/HAR_mediapipe/data/gestos_pids/train//ok/ok_04019.jpg
0.40383175015449524,0.8314350843429565,0.353731244802475,0.8418970704078674,0.3026057183742523,0.8234724998474121,0.2633087635040283,0.8128342032432556,0.2298850119113922,0.7992292642593384,0.29608428478240967,0.6796863079071045,0.24719935655593872,0.6757364869117737,0.23194244503974915,0.7216448783874512,0.22738081216812134,0.7669653296470642,0.3067522346973419,0.6488566994667053,0.25502824783325195,0.5973474383354187,0.2172313630580902,0.5821850299835205,0.18363043665885925,0.5823693871498108,0.32664626836776733,0.6343289613723755,0.28384673595428467,0.5658157467842102,0.24973440170288086,0.5392977595329285,0.219748854637146,0.5254719853401184,0.3508000075817108,0.6337500810623169,0.3252442479133606,0.5666224956512451,0.3022036850452423,0.5293201804161072,0.2780292332172394,0.49828198552131653,ok,04020,C:/Users/Javier/PIDS_HandPose/work/HAR_mediapipe/data/gestos_pids/train//ok/ok_04020.jpg
0.6171143651008606,0.950042188167572,0.5777554512023926,0.8909637928009033,0.55039381980896,0.8155770301818848,0.5240588784217834,0.7683637738227844,0.5072073340415955,0.7295718193054199,0.5874031186103821,0.7155959606170654,0.5557368397712708,0.6516735553741455,0.5273001194000244,0.6686672568321228,0.5100328326225281,0.7018688917160034,0.6015419363975525,0.7074415683746338,0.5776582360267639,0.604532778263092,0.5477839112281799,0.5602793097496033,0.5196861028671265,0.5395565629005432,0.6180750727653503,0.7189549803733826,0.6012098789215088,0.6146290898323059,0.5787671804428101,0.5627612471580505,0.5595449805259705,0.5268547534942627,0.6327266693115234,0.7460812330245972,0.6298350095748901,0.6678398251533508,0.620786726474762,0.6149727702140808,0.6114368438720703,0.5676733255386353,ok,04021,C:/Users/Javier/PIDS_HandPose/work/HAR_mediapipe/data/gestos_pids/train//ok/ok_04021.jpg
0.5592738389968872,0.9411522150039673,0.5255424380302429,0.906146228313446,0.49920758605003357,0.8541442155838013,0.47699975967407227,0.8180146217346191,0.45994797348976135,0.791231632232666,0.5208300352096558,0.7577899098396301,0.4958242177963257,0.7125580310821533,0.46923625469207764,0.7345068454742432,0.4502614736557007,0.765950620174408,0.5341695547103882,0.7488638162612915,0.514477550983429,0.6707118153572083,0.481187105178833,0.658437192440033,0.4550952911376953,0.6652061343193054,0.5485944151878357,0.7513988018035889,0.5322450995445251,0.6717071533203125,0.49627572298049927,0.6729827523231506,0.47068342566490173,0.6914798021316528,0.5611090660095215,0.7654394507408142,0.544836699962616,0.7036486864089966,0.5178321599960327,0.6994764804840088,0.49515050649642944,0.7114049792289734,ok,04022,C:/Users/Javier/PIDS_HandPose/work/HAR_mediapipe/data/gestos_pids/train//ok/ok_04022.jpg
0.19175657629966736,0.8363170623779297,0.2469557523727417,0.8249876499176025,0.30016985535621643,0.7807804346084595,0.3355807662010193,0.7559978365898132,0.3518041670322418,0.7156733274459839,0.2760636508464813,0.6529715061187744,0.31681233644485474,0.606745719909668,0.32969796657562256,0.6519159078598022,0.3324366509914398,0.7027614712715149,0.25348448753356934,0.6252660155296326,0.2817580997943878,0.5333156585693359,0.307558536529541,0.4827272593975067,0.32783034443855286,0.43878674507141113,0.22520491480827332,0.6225020885467529,0.24255311489105225,0.5321547985076904,0.2615419626235962,0.47542792558670044,0.27906861901283264,0.4296870827674866,0.19445374608039856,0.6410786509513855,0.18788093328475952,0.5715864300727844,0.1867956817150116,0.517121434211731,0.18740184605121613,0.4687182903289795,ok,04023,C:/Users/Javier/PIDS_HandPose/work/HAR_mediapipe/data/gestos_pids/train//ok/ok_04023.jpg
0.17421220242977142,0.8548183441162109,0.23167714476585388,0.8390766382217407,0.28640827536582947,0.7927414774894714,0.32249993085861206,0.7672425508499146,0.33757326006889343,0.7259173393249512,0.26065319776535034,0.6586548089981079,0.3017527163028717,0.6147469878196716,0.3153795301914215,0.6602701544761658,0.3198259770870209,0.7100135684013367,0.2365923672914505,0.6328049302101135,0.26357194781303406,0.5392181873321533,0.28907114267349243,0.48958390951156616,0.31027752161026,0.4457460641860962,0.2073286771774292,0.6325755715370178,0.22272628545761108,0.5394308567047119,0.24058392643928528,0.4815974235534668,0.25844353437423706,0.43456512689590454,0.1760055273771286,0.653762936592102,0.1671302169561386,0.585432767868042,0.16536574065685272,0.5290595889091492,0.165689617395401,0.47908562421798706,ok,04024,C:/Users/Javier/PIDS_HandPose/work/HAR_mediapipe/data/gestos_pids/train//ok/ok_04024.jpg
0.16793714463710785,0.8920689225196838,0.2245987057685852,0.8781300783157349,0.27780881524086,0.833210825920105,0.3131820261478424,0.8084585666656494,0.3316410779953003,0.7678658962249756,0.25246599316596985,0.6979469060897827,0.2933638393878937,0.6510547995567322,0.30756258964538574,0.6976928114891052,0.3102642297744751,0.7522662878036499,0.2276259958744049,0.6730138659477234,0.25475016236305237,0.5750300884246826,0.2815825045108795,0.5217347145080566,0.30235132575035095,0.47653821110725403,0.19698846340179443,0.6746243834495544,0.21216917037963867,0.5773721933364868,0.23187682032585144,0.5155127644538879,0.25005778670310974,0.46515995264053345,0.1641930639743805,0.6989994645118713,0.15327967703342438,0.6280933618545532,0.15168774127960205,0.5695587396621704,0.1523270457983017,0.5171263813972473,ok,04025,C:/Users/Javier/PIDS_HandPose/work/HAR_mediapipe/data/gestos_pids/train//ok/ok_04025.jpg
0.23948250710964203,0.5742343068122864,0.2929411828517914,0.5825057029724121,0.3481418192386627,0.5554515719413757,0.38620156049728394,0.5361248850822449,0.40705838799476624,0.49858808517456055,0.3400115966796875,0.4254528880119324,0.3796674609184265,0.390076220035553,0.39308881759643555,0.42647531628608704,0.3951908051967621,0.47338831424713135,0.3200526535511017,0.3852735459804535,0.3537411391735077,0.3014923930168152,0.38252121210098267,0.25845903158187866,0.4049178659915924,0.22562232613563538,0.292532354593277,0.36891070008277893,0.31683048605918884,0.2820582687854767,0.34102845191955566,0.2306077927350998,0.3616833984851837,0.19387540221214294,0.2596539855003357,0.3755018413066864,0.2593764662742615,0.2968197464942932,0.2646508514881134,0.23996755480766296,0.27175968885421753,0.19212555885314941,ok,04026,C:/Users/Javier/PIDS_HandPose/work/HAR_mediapipe/data/gestos_pids/train//ok/ok_04026.jpg
0.12144218385219574,0.6117391586303711,0.17491187155246735,0.6010515689849854,0.22870557010173798,0.5664291381835938,0.2614714503288269,0.5395885705947876,0.26682060956954956,0.49651825428009033,0.21228647232055664,0.44987761974334717,0.2475719451904297,0.4014632999897003,0.2536795735359192,0.4402148723602295,0.2500016987323761,0.4893973171710968,0.18614672124385834,0.4187670946121216,0.2158869057893753,0.32641008496284485,0.23947253823280334,0.27706480026245117,0.25898629426956177,0.23624904453754425,0.155269056558609,0.4101112186908722,0.1772632896900177,0.3222002387046814,0.1949978768825531,0.2687418758869171,0.21191206574440002,0.22690553963184357,0.12182643264532089,0.42170828580856323,0.1142953634262085,0.3484930694103241,0.11284012347459793,0.2945052981376648,0.11476799100637436,0.24797554314136505,ok,04027,C:/Users/Javier/PIDS_HandPose/work/HAR_mediapipe/data/gestos_pids/train//ok/ok_04027.jpg
0.08554144203662872,0.6466711163520813,0.13706789910793304,0.638503909111023,0.1911567896604538,0.6033424139022827,0.22311265766620636,0.5755689144134521,0.2203601598739624,0.5333654880523682,0.17627237737178802,0.4877025783061981,0.21126221120357513,0.43338656425476074,0.2151530236005783,0.4726013243198395,0.20959143340587616,0.5226365923881531,0.14932596683502197,0.45561692118644714,0.17780204117298126,0.3657488524913788,0.19892388582229614,0.31715625524520874,0.21619926393032074,0.27880632877349854,0.11920442432165146,0.44549110531806946,0.13771305978298187,0.3577168583869934,0.1533791422843933,0.30365753173828125,0.16769853234291077,0.2642342150211334,0.08717989176511765,0.45461955666542053,0.0784984603524208,0.384199857711792,0.0766107439994812,0.3330899477005005,0.07839412242174149,0.29110825061798096,ok,04028,C:/Users/Javier/PIDS_HandPose/work/HAR_mediapipe/data/gestos_pids/train//ok/ok_04028.jpg
0.11020511388778687,0.6504688858985901,0.16154637932777405,0.6471526622772217,0.2187090814113617,0.6094569563865662,0.25157007575035095,0.584533154964447,0.25964540243148804,0.5468549728393555,0.20441745221614838,0.48655813932418823,0.2421668916940689,0.4372810125350952,0.24632006883621216,0.48056384921073914,0.23954656720161438,0.5333085656166077,0.17808949947357178,0.452886700630188,0.2060951441526413,0.3629201650619507,0.2310260832309723,0.3140188157558441,0.24917209148406982,0.27511709928512573,0.1472044289112091,0.44337934255599976,0.16626039147377014,0.35546404123306274,0.1847769021987915,0.29744434356689453,0.20026957988739014,0.2548190951347351,0.11391964554786682,0.4557516574859619,0.10701572149991989,0.38612931966781616,0.10585325956344604,0.33359652757644653,0.10764956474304199,0.29007577896118164,ok,04029,C:/Users/Javier/PIDS_HandPose/work/HAR_mediapipe/data/gestos_pids/train//ok/ok_04029.jpg
0.12389244139194489,0.6412060856819153,0.17269642651081085,0.6372207999229431,0.2253580391407013,0.6056625247001648,0.25924447178840637,0.5875187516212463,0.26969629526138306,0.5516416430473328,0.21710914373397827,0.4811103940010071,0.25350305438041687,0.43668001890182495,0.25986209511756897,0.4802529811859131,0.2565016448497772,0.5314933657646179,0.1928529143333435,0.44739019870758057,0.22053317725658417,0.3633500039577484,0.2462177872657776,0.3151364326477051,0.26535794138908386,0.2754873037338257,0.16211213171482086,0.43752723932266235,0.18256518244743347,0.3543848395347595,0.2018190622329712,0.2981150150299072,0.21800649166107178,0.2553112506866455,0.12802833318710327,0.45060625672340393,0.12282313406467438,0.3825762867927551,0.12181992083787918,0.3309158682823181,0.1233937069773674,0.28635793924331665,ok,04030,C:/Users/Javier/PIDS_HandPose/work/HAR_mediapipe/data/gestos_pids/train//ok/ok_04030.jpg
0.12832221388816833,0.6246904134750366,0.17540937662124634,0.6258710622787476,0.2265879064798355,0.5959155559539795,0.2605389952659607,0.5754569172859192,0.27639681100845337,0.5383647084236145,0.21798019111156464,0.47452017664909363,0.2538614571094513,0.4319012463092804,0.2633931338787079,0.4705616235733032,0.26203790307044983,0.5222367644309998,0.19460874795913696,0.4403460919857025,0.22238223254680634,0.3579878509044647,0.24887631833553314,0.3095964193344116,0.2686871886253357,0.2719231843948364,0.1650208979845047,0.4301932156085968,0.18489161133766174,0.34986579418182373,0.20357228815555573,0.2940738797187805,0.2185734510421753,0.25345492362976074,0.13252410292625427,0.44397643208503723,0.12847435474395752,0.38205254077911377,0.12848560512065887,0.33325475454330444,0.13026024401187897,0.29194778203964233,ok,04031,C:/Users/Javier/PIDS_HandPose/work/HAR_mediapipe/data/gestos_pids/train//ok/ok_04031.jpg
0.648577868938446,0.8767978549003601,0.6671317219734192,0.8408088088035583,0.6743642687797546,0.7948694229125977,0.6719233989715576,0.7547999024391174,0.6619706153869629,0.7268614172935486,0.6997690796852112,0.7613359093666077,0.6906003355979919,0.678464412689209,0.669085681438446,0.658754825592041,0.6532474756240845,0.6617783904075623,0.695399284362793,0.7586468458175659,0.6654250025749207,0.6732243299484253,0.6409546732902527,0.6853281259536743,0.628618597984314,0.709561824798584,0.6847095489501953,0.757961630821228,0.6480161547660828,0.6845413446426392,0.6259801387786865,0.7096982598304749,0.6170528531074524,0.7395384311676025,0.6701326966285706,0.7609758973121643,0.6423072814941406,0.7102641463279724,0.6256522536277771,0.7291986346244812,0.618859052658081,0.7549101114273071,ok,04032,C:/Users/Javier/PIDS_HandPose/work/HAR_mediapipe/data/gestos_pids/train//ok/ok_04032.jpg
0.12370432913303375,0.5544493198394775,0.17377732694149017,0.5500921010971069,0.21940286457538605,0.525048553943634,0.2511245012283325,0.505938708782196,0.267375648021698,0.46722471714019775,0.21202769875526428,0.4098286032676697,0.2501068711280823,0.3735244572162628,0.25607335567474365,0.40633440017700195,0.25043985247612,0.44791334867477417,0.190486878156662,0.3739277124404907,0.22390927374362946,0.2973288893699646,0.2486703097820282,0.2583729922771454,0.2688089907169342,0.22666682302951813,0.16299444437026978,0.3599550724029541,0.18640601634979248,0.2838250696659088,0.20591652393341064,0.23825733363628387,0.22367683053016663,0.2025691717863083,0.13094563782215118,0.3638812303543091,0.12750287353992462,0.297606498003006,0.128985196352005,0.2485356479883194,0.1328788548707962,0.2048371285200119,ok,04033,C:/Users/Javier/PIDS_HandPose/work/HAR_mediapipe/data/gestos_pids/train//ok/ok_04033.jpg
0.5797536969184875,0.9263659715652466,0.5536841750144958,0.8446483612060547,0.553675651550293,0.7861924767494202,0.5572141408920288,0.7433494925498962,0.5562043190002441,0.7096213102340698,0.6097145676612854,0.7271979451179504,0.5765007138252258,0.6538593769073486,0.5482761263847351,0.6595381498336792,0.5349011421203613,0.6849762797355652,0.609289288520813,0.7289975881576538,0.5588159561157227,0.6583498120307922,0.5339860320091248,0.6957492232322693,0.5313835144042969,0.7409458160400391,0.6016100645065308,0.7388444542884827,0.5476958751678467,0.6818498373031616,0.529244601726532,0.724697470664978,0.5301228761672974,0.7683868408203125,0.5882147550582886,0.7519756555557251,0.5462571382522583,0.7180139422416687,0.5331804156303406,0.744802713394165,0.5339161157608032,0.7765820622444153,ok,04034,C:/Users/Javier/PIDS_HandPose/work/HAR_mediapipe/data/gestos_pids/train//ok/ok_04034.jpg
0.5836167335510254,0.9297160506248474,0.5579020977020264,0.8342888951301575,0.5563647150993347,0.7727940082550049,0.5572899580001831,0.725745439529419,0.5550699830055237,0.6904488801956177,0.6204915642738342,0.732549250125885,0.6014848947525024,0.6592311263084412,0.5726284384727478,0.6546125411987305,0.5551916360855103,0.6687071323394775,0.6213452816009521,0.7338963150978088,0.5896767973899841,0.6529066562652588,0.5593500137329102,0.6617344617843628,0.5435095429420471,0.6895413398742676,0.6141291856765747,0.7419736981391907,0.5658658742904663,0.6879270076751709,0.5449430346488953,0.7245703339576721,0.5399052500724792,0.7659124732017517,0.6007019281387329,0.751421332359314,0.5602653622627258,0.7184481620788574,0.5438283085823059,0.7421694993972778,0.5401374697685242,0.771944522857666,ok,04035,C:/Users/Javier/PIDS_HandPose/work/HAR_mediapipe/data/gestos_pids/train//ok/ok_04035.jpg
0.3970933258533478,0.5626206398010254,0.4370943009853363,0.5787829160690308,0.4884082078933716,0.570674479007721,0.5270165801048279,0.5702200531959534,0.556877851486206,0.5484713315963745,0.48994797468185425,0.4337787628173828,0.5332505106925964,0.42349520325660706,0.5391145348548889,0.46877145767211914,0.5330783128738403,0.5152634382247925,0.47859111428260803,0.3954525291919708,0.5209457278251648,0.3312806785106659,0.5561691522598267,0.30935007333755493,0.5854268074035645,0.2929936647415161,0.4583842158317566,0.37539488077163696,0.48716726899147034,0.29696229100227356,0.5179660320281982,0.26049768924713135,0.5458053350448608,0.23617881536483765,0.43183788657188416,0.37457898259162903,0.44649410247802734,0.3008624017238617,0.4631892740726471,0.24937012791633606,0.48068761825561523,0.2072213739156723,ok,04036,C:/Users/Javier/PIDS_HandPose/work/HAR_mediapipe/data/gestos_pids/train//ok/ok_04036.jpg
0.4988718628883362,0.5664470791816711,0.5440706610679626,0.587424635887146,0.5959303975105286,0.5828293561935425,0.6362441182136536,0.5840513110160828,0.6704397201538086,0.5798633694648743,0.6005449891090393,0.44825562834739685,0.6400126814842224,0.44653037190437317,0.6544193029403687,0.4880225360393524,0.6575224995613098,0.5351772308349609,0.5933849215507507,0.4091169536113739,0.6357014179229736,0.34902048110961914,0.6703313589096069,0.3307562470436096,0.6990286111831665,0.3217669129371643,0.5783983469009399,0.38505154848098755,0.6104724407196045,0.3085000813007355,0.6430128812789917,0.2795512080192566,0.6704636812210083,0.265011191368103,0.5573768019676208,0.3788571059703827,0.5760900974273682,0.3035260736942291,0.5965263247489929,0.2558729648590088,0.6155188083648682,0.21896179020404816,ok,04037,C:/Users/Javier/PIDS_HandPose/work/HAR_mediapipe/data/gestos_pids/train//ok/ok_04037.jpg
0.5676657557487488,0.9372811317443848,0.519492506980896,0.8831452131271362,0.5049511194229126,0.8334032297134399,0.4918685555458069,0.7911087870597839,0.4766233265399933,0.7604622840881348,0.5412308573722839,0.7303068041801453,0.49102336168289185,0.6917895078659058,0.4646865427494049,0.7199012637138367,0.4550844132900238,0.755420446395874,0.5427917242050171,0.733140230178833,0.4790593981742859,0.7020094990730286,0.4576200544834137,0.7522864937782288,0.4571685492992401,0.7991670370101929,0.5396972298622131,0.7492895126342773,0.47541362047195435,0.7354446053504944,0.4612247347831726,0.7862579822540283,0.4641759395599365,0.830194890499115,0.5314759016036987,0.7738087773323059,0.4834253191947937,0.771827220916748,0.47018566727638245,0.8048256039619446,0.46892431378364563,0.8368659019470215,ok,04038,C:/Users/Javier/PIDS_HandPose/work/HAR_mediapipe/data/gestos_pids/train//ok/ok_04038.jpg
0.15377965569496155,0.5405559539794922,0.20410938560962677,0.5491092205047607,0.25508007407188416,0.5221138000488281,0.2894861102104187,0.49895229935646057,0.31003284454345703,0.46150100231170654,0.24554502964019775,0.4041091203689575,0.2840976417064667,0.3608568608760834,0.29630962014198303,0.3901377022266388,0.29751721024513245,0.4322323501110077,0.22747690975666046,0.3670629560947418,0.2622165083885193,0.2986831068992615,0.29298415780067444,0.2824811637401581,0.31945347785949707,0.27855390310287476,0.2022826224565506,0.3468928337097168,0.2289823740720749,0.2729114890098572,0.2561715245246887,0.24100099503993988,0.280628502368927,0.22664937376976013,0.17225322127342224,0.3450392484664917,0.17849963903427124,0.27667859196662903,0.18731912970542908,0.2259356826543808,0.1978088766336441,0.18680301308631897,ok,04039,C:/Users/Javier/PIDS_HandPose/work/HAR_mediapipe/data/gestos_pids/train//ok/ok_04039.jpg
0.5372281670570374,0.7616124153137207,0.49636903405189514,0.7382038831710815,0.46106797456741333,0.6914423704147339,0.43514978885650635,0.659511387348175,0.42089855670928955,0.6281527280807495,0.48042675852775574,0.57843416929245,0.45086246728897095,0.534122884273529,0.43595778942108154,0.563178539276123,0.43172019720077515,0.5992347598075867,0.5010278820991516,0.5589865446090698,0.48377344012260437,0.4762411415576935,0.47082728147506714,0.4233875274658203,0.460452675819397,0.3797112703323364,0.5249871015548706,0.5644859075546265,0.5183182954788208,0.48245659470558167,0.5121646523475647,0.43182384967803955,0.5073100328445435,0.38760295510292053,0.5492496490478516,0.5886430144309998,0.558894157409668,0.5234174728393555,0.5634753704071045,0.48127037286758423,0.5662011504173279,0.44217342138290405,ok,04040,C:/Users/Javier/PIDS_HandPose/work/HAR_mediapipe/data/gestos_pids/train//ok/ok_04040.jpg
0.5420054197311401,0.7857107520103455,0.5001893639564514,0.7670599222183228,0.46270638704299927,0.718740701675415,0.43464750051498413,0.6863690614700317,0.4171946346759796,0.6568270325660706,0.4754156768321991,0.6058068871498108,0.4474124610424042,0.5600838661193848,0.43201228976249695,0.5898005962371826,0.42570585012435913,0.6246531009674072,0.49652957916259766,0.5843579173088074,0.47584831714630127,0.5042223930358887,0.4597998857498169,0.4544074535369873,0.44592395424842834,0.41288894414901733,0.5214921832084656,0.5864423513412476,0.5076095461845398,0.5062903761863708,0.49606621265411377,0.4575916528701782,0.4853770136833191,0.41499194502830505,0.5475585460662842,0.6061065793037415,0.5491487979888916,0.5390999913215637,0.5486732125282288,0.4958190321922302,0.5463854074478149,0.45658713579177856,ok,04041,C:/Users/Javier/PIDS_HandPose/work/HAR_mediapipe/data/gestos_pids/train//ok/ok_04041.jpg
0.5835703611373901,0.754399299621582,0.5408841967582703,0.7312696576118469,0.505463182926178,0.6835305094718933,0.4803893566131592,0.6476172804832458,0.468183696269989,0.6107240319252014,0.5256786942481995,0.5799027681350708,0.49972599744796753,0.5285171270370483,0.4849751591682434,0.5562684535980225,0.4780570864677429,0.5890078544616699,0.547217845916748,0.5598140358924866,0.5288193821907043,0.4828208386898041,0.5147053003311157,0.4332650899887085,0.5019195675849915,0.3898278772830963,0.5710613131523132,0.5625210404396057,0.5593852996826172,0.4871813952922821,0.5498058199882507,0.4391828179359436,0.5405707955360413,0.397164523601532,0.5951938629150391,0.5817906260490417,0.5977261066436768,0.5174965858459473,0.5972814559936523,0.4760150909423828,0.5947296619415283,0.43883296847343445,ok,04042,C:/Users/Javier/PIDS_HandPose/work/HAR_mediapipe/data/gestos_pids/train//ok/ok_04042.jpg
0.5870815515518188,0.7869740724563599,0.5455313920974731,0.7603988647460938,0.5117184519767761,0.704188346862793,0.4873860776424408,0.6644272208213806,0.4709025025367737,0.6319416165351868,0.5350246429443359,0.6008085012435913,0.5069051384925842,0.5532177090644836,0.4906223714351654,0.5785269141197205,0.48432737588882446,0.610518753528595,0.5564321279525757,0.5831089615821838,0.5383806228637695,0.502602756023407,0.5245285034179688,0.44946998357772827,0.5129715204238892,0.4056500792503357,0.5796886086463928,0.5886780023574829,0.5684816837310791,0.5078849196434021,0.5577465295791626,0.4580204486846924,0.5484610199928284,0.41568416357040405,0.6028404235839844,0.6118310689926147,0.6065782308578491,0.5459613800048828,0.6064020991325378,0.5028311014175415,0.6042008996009827,0.4647187888622284,ok,04043,C:/Users/Javier/PIDS_HandPose/work/HAR_mediapipe/data/gestos_pids/train//ok/ok_04043.jpg
0.5685745477676392,0.7626659274101257,0.530476987361908,0.7347618937492371,0.4988875389099121,0.6712064743041992,0.47475898265838623,0.6276094913482666,0.45440158247947693,0.6020434498786926,0.522578775882721,0.583286464214325,0.49294766783714294,0.5454440116882324,0.4713921546936035,0.5569432377815247,0.45835691690444946,0.5787208676338196,0.5417286157608032,0.5670294761657715,0.5238720178604126,0.4931086301803589,0.505781888961792,0.4466560482978821,0.48850733041763306,0.4137824475765228,0.5625211000442505,0.569833517074585,0.5507928133010864,0.492721825838089,0.538217306137085,0.4455277621746063,0.5265842080116272,0.4074084758758545,0.5829505920410156,0.5879729986190796,0.5852973461151123,0.5240097641944885,0.5841904282569885,0.48171237111091614,0.5811256766319275,0.4442448019981384,ok,04044,C:/Users/Javier/PIDS_HandPose/work/HAR_mediapipe/data/gestos_pids/train//ok/ok_04044.jpg
0.1625654399394989,0.623912513256073,0.21212059259414673,0.6377280354499817,0.2633502781391144,0.6177664399147034,0.2951658368110657,0.6029672622680664,0.3138507008552551,0.5710494518280029,0.2589889168739319,0.5080130696296692,0.296926885843277,0.47742295265197754,0.3074681758880615,0.5086418390274048,0.3108111619949341,0.5466704368591309,0.24517448246479034,0.47454482316970825,0.28014808893203735,0.4143984317779541,0.3068675100803375,0.4005317687988281,0.3300648331642151,0.3941322863101959,0.22439619898796082,0.4568764865398407,0.2513607144355774,0.3942112326622009,0.27539804577827454,0.3682912588119507,0.29787829518318176,0.35319674015045166,0.19853191077709198,0.45514535903930664,0.20444519817829132,0.3940108120441437,0.21301402151584625,0.3501041829586029,0.22276273369789124,0.3137584924697876,ok,04045,C:/Users/Javier/PIDS_HandPose/work/HAR_mediapipe/data/gestos_pids/train//ok/ok_04045.jpg
0.5994636416435242,0.7864823341369629,0.5607735514640808,0.7531804442405701,0.5297627449035645,0.6781907677650452,0.505683422088623,0.6278401613235474,0.48333895206451416,0.5984543561935425,0.5579726696014404,0.5905200242996216,0.5265129804611206,0.5482683181762695,0.5017580986022949,0.5614922046661377,0.48579108715057373,0.5842973589897156,0.5759908556938171,0.572895348072052,0.5571826100349426,0.49632513523101807,0.5386332869529724,0.44695883989334106,0.5213786363601685,0.4093732237815857,0.5959044694900513,0.576202929019928,0.5851193070411682,0.4967264235019684,0.5707504153251648,0.4469708502292633,0.558334469795227,0.40462082624435425,0.6137597560882568,0.5941746830940247,0.6186545491218567,0.527596116065979,0.619388222694397,0.4836996793746948,0.6182631254196167,0.4429328739643097,ok,04046,C:/Users/Javier/PIDS_HandPose/work/HAR_mediapipe/data/gestos_pids/train//ok/ok_04046.jpg
0.6337420344352722,0.7977418303489685,0.5956059694290161,0.753215491771698,0.5721349120140076,0.6758863925933838,0.5519747734069824,0.6227954626083374,0.5326036214828491,0.5904132127761841,0.6044862866401672,0.595617413520813,0.5775083303451538,0.5465574264526367,0.5536041259765625,0.5535114407539368,0.5378327965736389,0.5724328756332397,0.6259913444519043,0.5843333005905151,0.6149961948394775,0.5048943161964417,0.600561797618866,0.45219793915748596,0.5850998163223267,0.4123014211654663,0.6470202803611755,0.5934622883796692,0.6436730623245239,0.5129950046539307,0.6349043250083923,0.4616765081882477,0.6258136630058289,0.4190770983695984,0.6656569242477417,0.6172701120376587,0.6749557256698608,0.5545110106468201,0.6780917048454285,0.5118216276168823,0.6788304448127747,0.47163593769073486,ok,04047,C:/Users/Javier/PIDS_HandPose/work/HAR_mediapipe/data/gestos_pids/train//ok/ok_04047.jpg
0.5913281440734863,0.7750037908554077,0.552983820438385,0.7454833984375,0.5185971856117249,0.6832301616668701,0.4903581142425537,0.6406996846199036,0.4669892489910126,0.6161347031593323,0.5450061559677124,0.5881910920143127,0.5129011869430542,0.5546886324882507,0.4884490370750427,0.5681899785995483,0.47160905599594116,0.5902680158615112,0.5635095238685608,0.5723116397857666,0.543877363204956,0.49224013090133667,0.5239408612251282,0.4435936510562897,0.504328727722168,0.40722352266311646,0.5844907164573669,0.5759513974189758,0.5729121565818787,0.4957839548587799,0.5590288043022156,0.4476863741874695,0.5453765392303467,0.4074479937553406,0.6048592925071716,0.5950610041618347,0.60708087682724,0.5278145670890808,0.6054849028587341,0.4831996560096741,0.6010668873786926,0.4426351487636566,ok,04048,C:/Users/Javier/PIDS_HandPose/work/HAR_mediapipe/data/gestos_pids/train//ok/ok_04048.jpg
0.1955954134464264,0.6946945190429688,0.2433280497789383,0.6964314579963684,0.29039832949638367,0.668820858001709,0.3202807307243347,0.6538150906562805,0.3426075875759125,0.6321637034416199,0.28618624806404114,0.5506729483604431,0.32169419527053833,0.5278187394142151,0.33431872725486755,0.5632691383361816,0.339243084192276,0.6034533381462097,0.2737770974636078,0.5209722518920898,0.3065968155860901,0.4627600908279419,0.33786556124687195,0.45371001958847046,0.3641498386859894,0.4531046450138092,0.25499939918518066,0.5069651007652283,0.2799711227416992,0.4373214542865753,0.3070167601108551,0.4144074320793152,0.33182382583618164,0.4047319293022156,0.23175102472305298,0.5107144713401794,0.2403569221496582,0.4468824565410614,0.2541690468788147,0.4036048650741577,0.2694432735443115,0.3703919053077698,ok,04049,C:/Users/Javier/PIDS_HandPose/work/HAR_mediapipe/data/gestos_pids/train//ok/ok_04049.jpg
0.17774054408073425,0.6244888305664062,0.2233869582414627,0.6402528882026672,0.2725778818130493,0.6275241374969482,0.30319297313690186,0.6182246208190918,0.32080158591270447,0.589460015296936,0.27427875995635986,0.5222169756889343,0.3091197907924652,0.4975157082080841,0.31850749254226685,0.5289409756660461,0.3199247717857361,0.5663633942604065,0.2626556158065796,0.48802679777145386,0.29724496603012085,0.43394365906715393,0.3266717791557312,0.42601948976516724,0.35192975401878357,0.426256000995636,0.24386371672153473,0.46844640374183655,0.2716352939605713,0.4095165729522705,0.297085165977478,0.3861881494522095,0.32041266560554504,0.3758007884025574,0.21928080916404724,0.46503907442092896,0.22791418433189392,0.4069233536720276,0.2397729754447937,0.3663743734359741,0.2528192102909088,0.3352789282798767,ok,04050,C:/Users/Javier/PIDS_HandPose/work/HAR_mediapipe/data/gestos_pids/train//ok/ok_04050.jpg
0.5921097993850708,0.7937262654304504,0.5579294562339783,0.7528018951416016,0.5304694175720215,0.6867948770523071,0.5045687556266785,0.6421859860420227,0.4827221632003784,0.6125941276550293,0.5608264803886414,0.5976888537406921,0.5298004746437073,0.5574237704277039,0.504320502281189,0.5678043961524963,0.48701563477516174,0.5888571739196777,0.5773110389709473,0.5852630734443665,0.5608605742454529,0.5034828186035156,0.5410705208778381,0.45405256748199463,0.5213831663131714,0.4190863370895386,0.59531170129776,0.5925853252410889,0.5874193906784058,0.5084223747253418,0.5739427804946899,0.45874983072280884,0.5613389015197754,0.4179644286632538,0.6114457249641418,0.6152768731117249,0.6169357895851135,0.5490406155586243,0.6156259775161743,0.5034042596817017,0.6121428608894348,0.4606814980506897,ok,04051,C:/Users/Javier/PIDS_HandPose/work/HAR_mediapipe/data/gestos_pids/train//ok/ok_04051.jpg
0.5918775796890259,0.7831073999404907,0.5512517094612122,0.7511318922042847,0.5181458592414856,0.692292332649231,0.4903623163700104,0.6505669951438904,0.4687017798423767,0.6231027841567993,0.5398151278495789,0.6001878976821899,0.5081592202186584,0.5618382692337036,0.48574402928352356,0.5752278566360474,0.4716757535934448,0.5983221530914307,0.5601707696914673,0.5819444060325623,0.54004967212677,0.5091753005981445,0.5209609270095825,0.4625585675239563,0.5023723244667053,0.4294357895851135,0.5824486613273621,0.5841227769851685,0.569544792175293,0.5076960325241089,0.5559050440788269,0.46180278062820435,0.5430202484130859,0.4255673289299011,0.6042250990867615,0.602536678314209,0.604928731918335,0.5374767780303955,0.6020388603210449,0.49348658323287964,0.5975983738899231,0.45423251390457153,ok,04052,C:/Users/Javier/PIDS_HandPose/work/HAR_mediapipe/data/gestos_pids/train//ok/ok_04052.jpg
0.12378504872322083,0.6846082806587219,0.16859327256679535,0.6998522877693176,0.22107039391994476,0.6839346885681152,0.25385236740112305,0.671148955821991,0.2608698308467865,0.6376227736473083,0.22234417498111725,0.5765223503112793,0.2577996551990509,0.5396690964698792,0.2637672424316406,0.5676721334457397,0.2594433128833771,0.6066709160804749,0.20643244683742523,0.5417776703834534,0.23923544585704803,0.48273181915283203,0.2630510926246643,0.4702981114387512,0.2821235954761505,0.4707365036010742,0.18300044536590576,0.5222652554512024,0.20828866958618164,0.4630075991153717,0.23078975081443787,0.43782562017440796,0.25098416209220886,0.42805150151252747,0.1546950787305832,0.5170568823814392,0.16009794175624847,0.458055317401886,0.1689462661743164,0.41550135612487793,0.17990776896476746,0.3824065923690796,ok,04053,C:/Users/Javier/PIDS_HandPose/work/HAR_mediapipe/data/gestos_pids/train//ok/ok_04053.jpg
0.13977721333503723,0.6903626322746277,0.18621355295181274,0.7043699026107788,0.23631545901298523,0.6834306120872498,0.26763221621513367,0.6697980165481567,0.2823856472969055,0.6457127332687378,0.23643916845321655,0.5752269625663757,0.2739197909832001,0.5393028855323792,0.2803032696247101,0.5690348148345947,0.2772374749183655,0.6098880171775818,0.22061732411384583,0.542359471321106,0.25408604741096497,0.481173038482666,0.27942267060279846,0.4720933437347412,0.29995906352996826,0.47610682249069214,0.19768071174621582,0.5253244042396545,0.22314265370368958,0.4633652865886688,0.2468331754207611,0.44051140546798706,0.26841187477111816,0.43228644132614136,0.1697809398174286,0.5240494012832642,0.17671123147010803,0.46493417024612427,0.1870294064283371,0.4231111407279968,0.19877438247203827,0.38997191190719604,ok,04054,C:/Users/Javier/PIDS_HandPose/work/HAR_mediapipe/data/gestos_pids/train//ok/ok_04054.jpg
0.12244311720132828,0.6213600039482117,0.16136294603347778,0.640334963798523,0.20547762513160706,0.6273754835128784,0.23220619559288025,0.6121891736984253,0.24624064564704895,0.5918934345245361,0.21139773726463318,0.5410847663879395,0.2416784167289734,0.5098764300346375,0.24177008867263794,0.5359929800033569,0.23326149582862854,0.5686708688735962,0.19774848222732544,0.5087819695472717,0.22699034214019775,0.45629793405532837,0.24715211987495422,0.442595899105072,0.2642132043838501,0.4366685152053833,0.1769472360610962,0.48954567313194275,0.19854211807250977,0.44084182381629944,0.21843618154525757,0.41955357789993286,0.2360321283340454,0.40802693367004395,0.1514514833688736,0.4830344021320343,0.15645834803581238,0.4312390089035034,0.16521334648132324,0.3961403965950012,0.17467482388019562,0.367614209651947,ok,04055,C:/Users/Javier/PIDS_HandPose/work/HAR_mediapipe/data/gestos_pids/train//ok/ok_04055.jpg
0.1085127592086792,0.622185468673706,0.14403317868709564,0.634574830532074,0.19048263132572174,0.6104651689529419,0.21650776267051697,0.5792570114135742,0.20649859309196472,0.5416839122772217,0.1958116888999939,0.5266740918159485,0.21855375170707703,0.4891447424888611,0.21328318119049072,0.5107974410057068,0.20124569535255432,0.5395347476005554,0.17874562740325928,0.4955587089061737,0.20118556916713715,0.44203928112983704,0.21357887983322144,0.42102837562561035,0.22333385050296783,0.40861767530441284,0.15549056231975555,0.47841787338256836,0.1736777126789093,0.4269196093082428,0.18489423394203186,0.39961859583854675,0.19498416781425476,0.3815329074859619,0.12800332903862,0.47282421588897705,0.13130512833595276,0.4222801625728607,0.13384604454040527,0.38795411586761475,0.13881173729896545,0.3585648536682129,ok,04056,C:/Users/Javier/PIDS_HandPose/work/HAR_mediapipe/data/gestos_pids/train//ok/ok_04056.jpg
0.10787872225046158,0.6694258451461792,0.14966560900211334,0.6777684688568115,0.1990162879228592,0.6495885252952576,0.2287624180316925,0.6290534734725952,0.23663033545017242,0.5973742008209229,0.19090710580348969,0.5521443486213684,0.22203905880451202,0.5039475560188293,0.22773128747940063,0.5344833731651306,0.22531938552856445,0.580924391746521,0.17097163200378418,0.5221675634384155,0.19719035923480988,0.4518197178840637,0.2187424898147583,0.43821755051612854,0.23719638586044312,0.44321852922439575,0.14653877913951874,0.5090280175209045,0.16490831971168518,0.44114914536476135,0.1852264255285263,0.41216862201690674,0.20411981642246246,0.4055919051170349,0.12077996134757996,0.5142914056777954,0.12124394625425339,0.455594003200531,0.12450822442770004,0.4129751920700073,0.12989158928394318,0.38423237204551697,ok,04057,C:/Users/Javier/PIDS_HandPose/work/HAR_mediapipe/data/gestos_pids/train//ok/ok_04057.jpg
0.10138734430074692,0.656112790107727,0.140201598405838,0.668043315410614,0.185768723487854,0.6429024934768677,0.21520283818244934,0.6207214593887329,0.23011307418346405,0.5878704786300659,0.1812485158443451,0.5533146858215332,0.21197260916233063,0.5079638361930847,0.2215145379304886,0.5296677947044373,0.22524826228618622,0.5657744407653809,0.16299892961978912,0.5262947678565979,0.19016854465007782,0.46137773990631104,0.20992526412010193,0.44510090351104736,0.22744661569595337,0.444577157497406,0.14017528295516968,0.5132951140403748,0.15990546345710754,0.45066970586776733,0.1785913109779358,0.42097747325897217,0.19576115906238556,0.40945059061050415,0.11538911610841751,0.5160173177719116,0.1177520602941513,0.4625394940376282,0.12200075387954712,0.4246442914009094,0.12729120254516602,0.39797598123550415,ok,04058,C:/Users/Javier/PIDS_HandPose/work/HAR_mediapipe/data/gestos_pids/train//ok/ok_04058.jpg
0.582816481590271,0.8427977561950684,0.5503632426261902,0.781159520149231,0.5345427989959717,0.7093328237533569,0.5150045156478882,0.6687079668045044,0.4931059181690216,0.6400630474090576,0.5675908923149109,0.6418456435203552,0.5412250757217407,0.5905150771141052,0.5125666856765747,0.6008952856063843,0.4896126985549927,0.6197364926338196,0.5774277448654175,0.6487347483634949,0.5646167397499084,0.5565148591995239,0.5428818464279175,0.5104563236236572,0.5219493508338928,0.47908085584640503,0.5859235525131226,0.674784779548645,0.5814065933227539,0.5789291858673096,0.5666722059249878,0.5259783267974854,0.5531118512153625,0.4841328561306,0.5890980362892151,0.709652304649353,0.5938974022865295,0.6507741212844849,0.5933380126953125,0.6040798425674438,0.5919626355171204,0.5594485998153687,ok,04059,C:/Users/Javier/PIDS_HandPose/work/HAR_mediapipe/data/gestos_pids/train//ok/ok_04059.jpg
0.5803477764129639,0.8032675981521606,0.5493712425231934,0.7512015104293823,0.5337156653404236,0.6884576678276062,0.5153074264526367,0.6490495204925537,0.4946778118610382,0.6216145157814026,0.5672107338905334,0.6180770993232727,0.5389106869697571,0.5754035115242004,0.5119470357894897,0.5829652547836304,0.49161550402641296,0.5999012589454651,0.5770221948623657,0.6179578304290771,0.5621165037155151,0.5350803732872009,0.5421522259712219,0.487385094165802,0.5228549838066101,0.45355820655822754,0.5869226455688477,0.6373993754386902,0.5813360810279846,0.5514903664588928,0.5667904019355774,0.4992679953575134,0.5530457496643066,0.45926403999328613,0.5919229984283447,0.6656953692436218,0.5969427227973938,0.6107289791107178,0.5960571765899658,0.5674228668212891,0.5938082933425903,0.5265741348266602,ok,04060,C:/Users/Javier/PIDS_HandPose/work/HAR_mediapipe/data/gestos_pids/train//ok/ok_04060.jpg
0.09326642006635666,0.6590690016746521,0.13743856549263,0.6673609614372253,0.18267595767974854,0.6420934796333313,0.2125990241765976,0.6211573481559753,0.23115260899066925,0.588014543056488,0.17881442606449127,0.5512108206748962,0.21043160557746887,0.5138177275657654,0.22160381078720093,0.5312833786010742,0.22774268686771393,0.5621013045310974,0.16168752312660217,0.5222030282020569,0.18872489035129547,0.46038272976875305,0.2102140486240387,0.4448058307170868,0.22981564700603485,0.44583871960639954,0.13847754895687103,0.506662130355835,0.16048352420330048,0.4450535178184509,0.1798681616783142,0.4197024703025818,0.19857661426067352,0.41159069538116455,0.1115746945142746,0.5052720308303833,0.11746691912412643,0.4520557224750519,0.1261436939239502,0.413910448551178,0.13579559326171875,0.3851718008518219,ok,04061,C:/Users/Javier/PIDS_HandPose/work/HAR_mediapipe/data/gestos_pids/train//ok/ok_04061.jpg
0.578605055809021,0.7789537906646729,0.5495142340660095,0.7286173701286316,0.5329189896583557,0.6662089228630066,0.5118217468261719,0.6275203824043274,0.4918174743652344,0.600050687789917,0.5649933815002441,0.5955371856689453,0.5356234908103943,0.5519319176673889,0.510007381439209,0.5623528957366943,0.493211567401886,0.5806445479393005,0.5749296545982361,0.5912209749221802,0.5595240592956543,0.5069161653518677,0.5397273302078247,0.4593248963356018,0.5203312635421753,0.4269195795059204,0.586338222026825,0.6069604158401489,0.5812859535217285,0.5211833715438843,0.5684080123901367,0.4711955785751343,0.555491030216217,0.4343106150627136,0.5948986411094666,0.6322173476219177,0.6000602841377258,0.5726393461227417,0.5971729755401611,0.5284240245819092,0.5922070741653442,0.4884200394153595,ok,04062,C:/Users/Javier/PIDS_HandPose/work/HAR_mediapipe/data/gestos_pids/train//ok/ok_04062.jpg
0.11356496065855026,0.6895104050636292,0.16355180740356445,0.6864058375358582,0.20818215608596802,0.6596203446388245,0.23655249178409576,0.632819652557373,0.25977516174316406,0.6090973615646362,0.20747357606887817,0.5605922937393188,0.23050634562969208,0.5021278858184814,0.243849515914917,0.4976626932621002,0.25622543692588806,0.508427619934082,0.18610522150993347,0.5454636216163635,0.20685316622257233,0.4840085506439209,0.22484497725963593,0.4771425127983093,0.24245351552963257,0.4882853925228119,0.15924771130084991,0.5428503751754761,0.17844907939434052,0.4769156873226166,0.1964072734117508,0.45697465538978577,0.21506185829639435,0.45628488063812256,0.1282828003168106,0.5496169924736023,0.13645386695861816,0.49323728680610657,0.15124815702438354,0.46150100231170654,0.16814646124839783,0.4408416748046875,ok,04063,C:/Users/Javier/PIDS_HandPose/work/HAR_mediapipe/data/gestos_pids/train//ok/ok_04063.jpg
0.6041783094406128,0.702330470085144,0.5752773880958557,0.658598005771637,0.5522140264511108,0.60189288854599,0.5293794870376587,0.56597501039505,0.5115033388137817,0.5307539701461792,0.5857596397399902,0.5151376128196716,0.5557747483253479,0.47461897134780884,0.5331658720970154,0.48885685205459595,0.5181055068969727,0.5136281847953796,0.5993249416351318,0.5123279690742493,0.5842152237892151,0.4261166453361511,0.5598546862602234,0.3991146683692932,0.5349445343017578,0.39335355162620544,0.6133726835250854,0.5270891189575195,0.6034122109413147,0.4430520534515381,0.5828839540481567,0.41225147247314453,0.5649741291999817,0.3957163989543915,0.6245975494384766,0.5540159940719604,0.6219578385353088,0.4948831796646118,0.6088509559631348,0.4569452404975891,0.5963897705078125,0.4256060719490051,ok,04064,C:/Users/Javier/PIDS_HandPose/work/HAR_mediapipe/data/gestos_pids/train//ok/ok_04064.jpg
0.1308436095714569,0.6004611849784851,0.17639490962028503,0.6065915822982788,0.22209013998508453,0.5755100846290588,0.2500191926956177,0.5531734228134155,0.26379454135894775,0.5221002101898193,0.21019692718982697,0.47808241844177246,0.2424386739730835,0.4318598806858063,0.25397127866744995,0.4568197727203369,0.2568533420562744,0.4967176616191864,0.19257478415966034,0.4508143663406372,0.22167843580245972,0.3869374990463257,0.24775026738643646,0.3700997531414032,0.2701837420463562,0.36872026324272156,0.16900378465652466,0.43906527757644653,0.18959936499595642,0.37276163697242737,0.2109585553407669,0.3439323902130127,0.23110949993133545,0.333427369594574,0.1422644853591919,0.44412198662757874,0.14592871069908142,0.3892999291419983,0.15413391590118408,0.3498033881187439,0.1642846018075943,0.3200009763240814,ok,04065,C:/Users/Javier/PIDS_HandPose/work/HAR_mediapipe/data/gestos_pids/train//ok/ok_04065.jpg
0.14463916420936584,0.5728921294212341,0.18711425364017487,0.5745792388916016,0.2286708801984787,0.5426233410835266,0.25662675499916077,0.5168249011039734,0.27392709255218506,0.4817346930503845,0.21690237522125244,0.44828158617019653,0.24817319214344025,0.4059406816959381,0.2593650221824646,0.4273863136768341,0.2632122337818146,0.46236762404441833,0.19995015859603882,0.4245830774307251,0.22845560312271118,0.3641854524612427,0.2544376254081726,0.3397104740142822,0.27777841687202454,0.3271949887275696,0.17713895440101624,0.4158526659011841,0.19861596822738647,0.35133111476898193,0.21945062279701233,0.3189178705215454,0.2400694489479065,0.3014388382434845,0.15041783452033997,0.42062699794769287,0.16058912873268127,0.36964547634124756,0.1754215657711029,0.3384566903114319,0.19212986528873444,0.31679216027259827,ok,04066,C:/Users/Javier/PIDS_HandPose/work/HAR_mediapipe/data/gestos_pids/train//ok/ok_04066.jpg
0.5956450700759888,0.6421041488647461,0.5639582872390747,0.6221834421157837,0.5373285412788391,0.572653591632843,0.5131993293762207,0.5407844185829163,0.4918420612812042,0.5214428901672363,0.559312105178833,0.4897308945655823,0.5298323631286621,0.4605978727340698,0.508638858795166,0.4782998859882355,0.4933164417743683,0.49949195981025696,0.5729149580001831,0.47672581672668457,0.5518696904182434,0.4124930500984192,0.5306620001792908,0.3801875114440918,0.5085997581481934,0.3611387610435486,0.5890034437179565,0.4786370098590851,0.5746154189109802,0.4079091548919678,0.5562582015991211,0.3727515637874603,0.5381547808647156,0.34866392612457275,0.6039467453956604,0.49089887738227844,0.6022853255271912,0.4321868419647217,0.5951423645019531,0.3913136124610901,0.5856304168701172,0.3555294871330261,ok,04067,C:/Users/Javier/PIDS_HandPose/work/HAR_mediapipe/data/gestos_pids/train//ok/ok_04067.jpg
0.5885504484176636,0.6643285155296326,0.5552774667739868,0.6441883444786072,0.526221752166748,0.6027686595916748,0.5013446807861328,0.5764386653900146,0.4829629063606262,0.554388701915741,0.5421754717826843,0.5046122074127197,0.5116233825683594,0.4779374301433563,0.49237358570098877,0.49825653433799744,0.4815385937690735,0.5257697105407715,0.5531556606292725,0.49155718088150024,0.5297917723655701,0.42398300766944885,0.5067592859268188,0.39229610562324524,0.4847978353500366,0.3756423890590668,0.568004310131073,0.49265918135643005,0.5506280660629272,0.42017531394958496,0.5315427184104919,0.38262319564819336,0.5145555734634399,0.35567063093185425,0.5828552842140198,0.5056101083755493,0.5774523019790649,0.44471046328544617,0.5689632296562195,0.4068286716938019,0.559765636920929,0.37297627329826355,ok,04068,C:/Users/Javier/PIDS_HandPose/work/HAR_mediapipe/data/gestos_pids/train//ok/ok_04068.jpg
0.594985842704773,0.6811002492904663,0.5607731342315674,0.6592130661010742,0.5321685075759888,0.6153467893600464,0.5071720480918884,0.5876190662384033,0.48718464374542236,0.5644137859344482,0.5484439730644226,0.5195820331573486,0.5175053477287292,0.4911949932575226,0.4986301064491272,0.5115779042243958,0.4890063405036926,0.5391930341720581,0.5603381991386414,0.5057032704353333,0.5354310870170593,0.43732184171676636,0.5125182867050171,0.4034356474876404,0.49155911803245544,0.383803129196167,0.5754956603050232,0.505699872970581,0.5587313771247864,0.4326508641242981,0.5401526093482971,0.3933248519897461,0.5238924622535706,0.3644925355911255,0.5903973579406738,0.5173835754394531,0.5862696170806885,0.4563637673854828,0.5785091519355774,0.41692501306533813,0.5699205994606018,0.38196617364883423,ok,04069,C:/Users/Javier/PIDS_HandPose/work/HAR_mediapipe/data/gestos_pids/train//ok/ok_04069.jpg
0.59862220287323,0.6921228170394897,0.5633788108825684,0.6651993989944458,0.5361934900283813,0.6164351105690002,0.5122615098953247,0.5879942774772644,0.49465978145599365,0.5637287497520447,0.5544210076332092,0.5232686996459961,0.5231941342353821,0.49310222268104553,0.504175066947937,0.5113184452056885,0.49397724866867065,0.537596583366394,0.5655509233474731,0.5088667273521423,0.5422289371490479,0.44042110443115234,0.5202866196632385,0.4032820165157318,0.4985455274581909,0.3821409344673157,0.5802606344223022,0.509601354598999,0.5643006563186646,0.4354742169380188,0.5470424294471741,0.39701852202415466,0.5311590433120728,0.36932122707366943,0.5947570204734802,0.5203765630722046,0.5909226536750793,0.45758798718452454,0.5831277370452881,0.4175301194190979,0.5739098787307739,0.3815205693244934,ok,04070,C:/Users/Javier/PIDS_HandPose/work/HAR_mediapipe/data/gestos_pids/train//ok/ok_04070.jpg
0.44066381454467773,0.5515291690826416,0.478471964597702,0.5042026042938232,0.5007606744766235,0.4281827509403229,0.5179226398468018,0.3760860860347748,0.5191583037376404,0.3282534182071686,0.46822717785835266,0.35102757811546326,0.481804758310318,0.2891530692577362,0.4965989887714386,0.29704076051712036,0.5077490210533142,0.3211170732975006,0.45350396633148193,0.34380918741226196,0.46567144989967346,0.25999146699905396,0.47662732005119324,0.2141013890504837,0.4871751666069031,0.17646515369415283,0.43713995814323425,0.3509468138217926,0.44631296396255493,0.26651912927627563,0.4533405005931854,0.2133210450410843,0.46053123474121094,0.1714378297328949,0.4184202551841736,0.36986589431762695,0.4252905249595642,0.30330726504325867,0.4297921061515808,0.2572442293167114,0.434359073638916,0.21761569380760193,ok,05001,C:/Users/Javier/PIDS_HandPose/work/HAR_mediapipe/data/gestos_pids/train//ok/ok_05001.jpg
0.4042907953262329,0.5370012521743774,0.43956488370895386,0.49780526757240295,0.46311402320861816,0.4303506314754486,0.4816334843635559,0.37758442759513855,0.47957634925842285,0.32935211062431335,0.43711140751838684,0.35510319471359253,0.4504222273826599,0.29519590735435486,0.46021488308906555,0.30329230427742004,0.4651438295841217,0.3266260325908661,0.42064446210861206,0.3452708125114441,0.4308438003063202,0.2667351961135864,0.43949073553085327,0.22556880116462708,0.44877275824546814,0.18865953385829926,0.40427279472351074,0.3505276143550873,0.41074246168136597,0.272148996591568,0.4170851409435272,0.22420558333396912,0.4234706163406372,0.18487632274627686,0.38686347007751465,0.3673129975795746,0.3914739489555359,0.3064110279083252,0.3954104781150818,0.26404187083244324,0.40005624294281006,0.22580549120903015,ok,05002,C:/Users/Javier/PIDS_HandPose/work/HAR_mediapipe/data/gestos_pids/train//ok/ok_05002.jpg
0.4210730195045471,0.48165249824523926,0.4480708837509155,0.44370293617248535,0.4626554548740387,0.3913133144378662,0.4743030071258545,0.35176339745521545,0.47422653436660767,0.31640902161598206,0.43961820006370544,0.3358919620513916,0.4472857713699341,0.2876133322715759,0.45639804005622864,0.2912728786468506,0.4640747308731079,0.30443108081817627,0.4283294975757599,0.3330998718738556,0.4341953992843628,0.27250587940216064,0.44060230255126953,0.23675549030303955,0.4467332363128662,0.20755735039710999,0.4160984456539154,0.339982807636261,0.42056313157081604,0.2783578932285309,0.4235384166240692,0.23876330256462097,0.4274381697177887,0.20727258920669556,0.4022015631198883,0.3550264239311218,0.40555471181869507,0.3053586483001709,0.40767747163772583,0.2715674340724945,0.41017061471939087,0.24168634414672852,ok,05004,C:/Users/Javier/PIDS_HandPose/work/HAR_mediapipe/data/gestos_pids/train//ok/ok_05004.jpg
0.7101166844367981,0.8722605109214783,0.6803629398345947,0.8761119842529297,0.6621624827384949,0.9082822203636169,0.6535096168518066,0.9465852975845337,0.6464850306510925,0.9733758568763733,0.6770017743110657,0.9340752959251404,0.6639550924301147,0.9906235933303833,0.6570878624916077,0.9937105774879456,0.6545721888542175,0.9850155711174011,0.692770779132843,0.9495429396629333,0.6788619756698608,1.0023325681686401,0.6691755652427673,1.0147030353546143,0.6653068661689758,1.0152606964111328,0.7051706910133362,0.9580429196357727,0.6929575204849243,1.004448652267456,0.6840304136276245,1.0187044143676758,0.6791393756866455,1.0231373310089111,0.7140323519706726,0.9605205059051514,0.7048253417015076,0.9990296363830566,0.6984894871711731,1.0131498575210571,0.6940191388130188,1.0190379619598389,ok,05005,C:/Users/Javier/PIDS_HandPose/work/HAR_mediapipe/data/gestos_pids/train//ok/ok_05005.jpg
0.683921754360199,0.43660715222358704,0.6651227474212646,0.4019174575805664,0.6566137075424194,0.3482002019882202,0.649345874786377,0.3090001046657562,0.6530956625938416,0.282384991645813,0.681396484375,0.30256181955337524,0.680586576461792,0.2567209303379059,0.669404149055481,0.2551388144493103,0.6599043011665344,0.2652090787887573,0.6913663148880005,0.3033410310745239,0.691753625869751,0.24959930777549744,0.688470184803009,0.21449533104896545,0.6851154565811157,0.18587523698806763,0.7016596794128418,0.3135625720024109,0.7024115324020386,0.2593061625957489,0.7002800107002258,0.22362010180950165,0.6979960203170776,0.1929975003004074,0.7106406092643738,0.33112478256225586,0.7115670442581177,0.2864300012588501,0.7097156047821045,0.25657713413238525,0.708012580871582,0.22972722351551056,ok,05006,C:/Users/Javier/PIDS_HandPose/work/HAR_mediapipe/data/gestos_pids/train//ok/ok_05006.jpg
0.6846838593482971,0.44152751564979553,0.6674980521202087,0.40393176674842834,0.6604275107383728,0.34869641065597534,0.6547050476074219,0.30693867802619934,0.6611777544021606,0.282326340675354,0.6874144077301025,0.30833420157432556,0.6902115345001221,0.2609253227710724,0.6776408553123474,0.2585386633872986,0.6664698719978333,0.2677075266838074,0.6965237259864807,0.3096214532852173,0.700299084186554,0.25338640809059143,0.6973448395729065,0.21803241968154907,0.6943049430847168,0.18885201215744019,0.7055076956748962,0.32023748755455017,0.7102303504943848,0.26324811577796936,0.7087551951408386,0.2270747721195221,0.7068901062011719,0.19572889804840088,0.7128325700759888,0.3383389711380005,0.7163215279579163,0.2915736734867096,0.7156870365142822,0.26105692982673645,0.7151989936828613,0.23379705846309662,ok,05007,C:/Users/Javier/PIDS_HandPose/work/HAR_mediapipe/data/gestos_pids/train//ok/ok_05007.jpg
0.6801177263259888,0.450974702835083,0.6623086929321289,0.4094037413597107,0.6553187370300293,0.3543049991130829,0.6510124802589417,0.3134419023990631,0.6590690016746521,0.29145434498786926,0.6825506091117859,0.3163030445575714,0.6839454174041748,0.27048906683921814,0.6730852127075195,0.270161509513855,0.664086103439331,0.2814218997955322,0.6925644874572754,0.31758442521095276,0.6965339183807373,0.26247286796569824,0.6942912936210632,0.22792190313339233,0.6920337677001953,0.20076769590377808,0.701878547668457,0.32830139994621277,0.7048383951187134,0.2722255289554596,0.7035849690437317,0.2363855242729187,0.702343225479126,0.2060452699661255,0.7095323801040649,0.34637874364852905,0.7128555774688721,0.3005977272987366,0.7125040292739868,0.2708089053630829,0.7124152779579163,0.24352087080478668,ok,05008,C:/Users/Javier/PIDS_HandPose/work/HAR_mediapipe/data/gestos_pids/train//ok/ok_05008.jpg
0.5455809235572815,0.24201984703540802,0.5331247448921204,0.20384332537651062,0.5346666574478149,0.17328527569770813,0.5453935861587524,0.15804433822631836,0.5544357299804688,0.15747378766536713,0.5499925017356873,0.13268563151359558,0.5572320818901062,0.08467558026313782,0.5614871978759766,0.058811455965042114,0.5646156072616577,0.038768015801906586,0.565229594707489,0.1391042172908783,0.5817233920097351,0.11973954737186432,0.5790621638298035,0.13768398761749268,0.573633074760437,0.1524132639169693,0.5774840712547302,0.15684203803539276,0.586796760559082,0.15543785691261292,0.582599401473999,0.1690320074558258,0.576361358165741,0.17854301631450653,0.5867482423782349,0.17655794322490692,0.5917124152183533,0.17828227579593658,0.5868530869483948,0.189360111951828,0.5804354548454285,0.1973327100276947,ok,05009,C:/Users/Javier/PIDS_HandPose/work/HAR_mediapipe/data/gestos_pids/train//ok/ok_05009.jpg
0.44773051142692566,0.3608820140361786,0.46612855792045593,0.3222009837627411,0.4741213917732239,0.2755773961544037,0.481715589761734,0.24349308013916016,0.484247088432312,0.21051061153411865,0.4524019658565521,0.2453276813030243,0.4578300714492798,0.20798540115356445,0.4684031307697296,0.20488473773002625,0.4781757593154907,0.2106814682483673,0.44509056210517883,0.24430112540721893,0.448810875415802,0.19982387125492096,0.4572473168373108,0.17338404059410095,0.4659550189971924,0.15178772807121277,0.43671882152557373,0.24918769299983978,0.4402453899383545,0.2016390860080719,0.4463917315006256,0.16985979676246643,0.4529208838939667,0.14541858434677124,0.4278167188167572,0.2593996822834015,0.43081027269363403,0.2211914211511612,0.43525782227516174,0.19320504367351532,0.44021081924438477,0.1696580946445465,ok,05010,C:/Users/Javier/PIDS_HandPose/work/HAR_mediapipe/data/gestos_pids/train//ok/ok_05010.jpg
0.4562931954860687,0.35938599705696106,0.4773994982242584,0.31615495681762695,0.4869489371776581,0.27222317457199097,0.49690788984298706,0.24141164124011993,0.5006130933761597,0.20756439864635468,0.46589478850364685,0.23732011020183563,0.47520801424980164,0.2012331634759903,0.4862900972366333,0.2019437700510025,0.49645137786865234,0.2092553973197937,0.4593583941459656,0.23579101264476776,0.46510428190231323,0.19065195322036743,0.47411414980888367,0.1646525114774704,0.48329856991767883,0.14458414912223816,0.4514634907245636,0.24091286957263947,0.4572335183620453,0.19335904717445374,0.46453049778938293,0.16222529113292694,0.4722428321838379,0.1386106014251709,0.44332727789878845,0.2518642842769623,0.4488312005996704,0.2150866836309433,0.45411577820777893,0.1870095133781433,0.4596687853336334,0.16282165050506592,ok,05011,C:/Users/Javier/PIDS_HandPose/work/HAR_mediapipe/data/gestos_pids/train//ok/ok_05011.jpg
0.4586017429828644,0.37561073899269104,0.47950875759124756,0.33411097526550293,0.4883563220500946,0.2886117994785309,0.4955297112464905,0.2572968900203705,0.5002142190933228,0.22384633123874664,0.46423032879829407,0.25538069009780884,0.4720369577407837,0.2176465094089508,0.48349955677986145,0.21736304461956024,0.4936256408691406,0.2254982590675354,0.4576176404953003,0.25390493869781494,0.4628678262233734,0.20868957042694092,0.4724317193031311,0.18117621541023254,0.48155316710472107,0.16000168025493622,0.44991642236709595,0.25837281346321106,0.4547382891178131,0.2097402662038803,0.46181854605674744,0.17653924226760864,0.4691546559333801,0.15181241929531097,0.44197842478752136,0.26832929253578186,0.44495922327041626,0.22870707511901855,0.44970038533210754,0.19885441660881042,0.45495301485061646,0.17401884496212006,ok,05012,C:/Users/Javier/PIDS_HandPose/work/HAR_mediapipe/data/gestos_pids/train//ok/ok_05012.jpg
0.708354115486145,0.4328473210334778,0.6863297820091248,0.4039696753025055,0.672431230545044,0.35838979482650757,0.6658492088317871,0.3219192326068878,0.6704751253128052,0.298827588558197,0.6964644193649292,0.30853214859962463,0.696781575679779,0.26633375883102417,0.691067636013031,0.2656010389328003,0.6856546401977539,0.27398866415023804,0.7095890045166016,0.30640193819999695,0.7097522020339966,0.25666534900665283,0.7070943713188171,0.22509579360485077,0.7037276029586792,0.19786390662193298,0.7220222353935242,0.3133370578289032,0.7225505113601685,0.2616054117679596,0.7210370302200317,0.22850236296653748,0.7187597155570984,0.19987773895263672,0.7338579893112183,0.32836005091667175,0.7343600392341614,0.28509512543678284,0.7331381440162659,0.2576066553592682,0.7318950891494751,0.23290836811065674,ok,05013,C:/Users/Javier/PIDS_HandPose/work/HAR_mediapipe/data/gestos_pids/train//ok/ok_05013.jpg
0.45915478467941284,0.4109320044517517,0.4789365530014038,0.36692601442337036,0.486604243516922,0.3206861615180969,0.49464061856269836,0.2906331717967987,0.4977225363254547,0.25912490487098694,0.4618367552757263,0.28658029437065125,0.46917015314102173,0.24800050258636475,0.48123836517333984,0.2520301938056946,0.49138593673706055,0.26526758074760437,0.4548650085926056,0.2872970998287201,0.45813849568367004,0.24111543595790863,0.4689016044139862,0.21505939960479736,0.47939425706863403,0.19587494432926178,0.4476090967655182,0.29550689458847046,0.4503593146800995,0.24699711799621582,0.4582616686820984,0.21476279199123383,0.4665437638759613,0.1917882114648819,0.44119399785995483,0.3097773492336273,0.44482114911079407,0.2716537415981293,0.449320912361145,0.24273304641246796,0.4540945589542389,0.21905836462974548,ok,05014,C:/Users/Javier/PIDS_HandPose/work/HAR_mediapipe/data/gestos_pids/train//ok/ok_05014.jpg
0.6497247219085693,0.3730013966560364,0.6359978318214417,0.3237752318382263,0.6351844072341919,0.2783679962158203,0.633169412612915,0.24540975689888,0.6360995769500732,0.21532127261161804,0.6702820658683777,0.2515037953853607,0.6647804379463196,0.21150854229927063,0.6513469219207764,0.20652562379837036,0.6412827372550964,0.2143278867006302,0.6782139539718628,0.2536992132663727,0.6777429580688477,0.2003304362297058,0.6737249493598938,0.16391539573669434,0.6702553629875183,0.13760636746883392,0.6819167137145996,0.2622770369052887,0.6837369799613953,0.20859326422214508,0.6792978048324585,0.1710004210472107,0.6760953664779663,0.14333856105804443,0.6814501285552979,0.27196621894836426,0.6828355193138123,0.22346431016921997,0.6797828674316406,0.19049642980098724,0.6771435737609863,0.1640162169933319,ok,05015,C:/Users/Javier/PIDS_HandPose/work/HAR_mediapipe/data/gestos_pids/train//ok/ok_05015.jpg
0.6320485472679138,0.4291698932647705,0.6174280047416687,0.37303459644317627,0.6169232726097107,0.3204704821109772,0.6154685616493225,0.2828894257545471,0.6182593107223511,0.24984893202781677,0.6554672122001648,0.29270389676094055,0.6496639847755432,0.249124675989151,0.6348263621330261,0.24754329025745392,0.6217624545097351,0.25565025210380554,0.6629407405853271,0.2970843017101288,0.6606348156929016,0.2383490800857544,0.6529788970947266,0.20781771838665009,0.6445372700691223,0.18701642751693726,0.6669812202453613,0.30847352743148804,0.6669285297393799,0.24892909824848175,0.660730242729187,0.2089555263519287,0.6541653275489807,0.17890200018882751,0.6664844155311584,0.32191359996795654,0.6681155562400818,0.27410557866096497,0.6657217741012573,0.2384406328201294,0.6625092029571533,0.2077229619026184,ok,05016,C:/Users/Javier/PIDS_HandPose/work/HAR_mediapipe/data/gestos_pids/train//ok/ok_05016.jpg
0.621174693107605,0.4649525284767151,0.6052204370498657,0.414563924074173,0.6026692390441895,0.3645626902580261,0.6012575030326843,0.32806479930877686,0.6042779684066772,0.2966892421245575,0.6332128643989563,0.3352902829647064,0.6335435509681702,0.2899772524833679,0.6220690011978149,0.28518912196159363,0.6093051433563232,0.29356828331947327,0.641728937625885,0.33793309330940247,0.6451683044433594,0.2818467319011688,0.6381130218505859,0.2461758553981781,0.6274899244308472,0.22149772942066193,0.6482833027839661,0.3486292064189911,0.6525774002075195,0.290898859500885,0.6459806561470032,0.25388550758361816,0.6367822289466858,0.22581535577774048,0.6517518162727356,0.36452722549438477,0.6551653146743774,0.31758394837379456,0.6523383259773254,0.28512105345726013,0.647885799407959,0.25613290071487427,ok,05017,C:/Users/Javier/PIDS_HandPose/work/HAR_mediapipe/data/gestos_pids/train//ok/ok_05017.jpg
0.6346149444580078,0.448335200548172,0.6151145696640015,0.40005728602409363,0.6099334359169006,0.3416649103164673,0.6063342690467834,0.29994016885757446,0.6120983362197876,0.26829230785369873,0.6438193321228027,0.30543282628059387,0.644751787185669,0.25223779678344727,0.6329948306083679,0.24809154868125916,0.6218066215515137,0.2596225440502167,0.6529033780097961,0.30574727058410645,0.6555386781692505,0.24085292220115662,0.650393545627594,0.19931790232658386,0.6434153914451599,0.1694348305463791,0.660772442817688,0.3152221143245697,0.6637489795684814,0.2501247227191925,0.6589202880859375,0.20721107721328735,0.6532843112945557,0.17363454401493073,0.6661218404769897,0.33159661293029785,0.6698055267333984,0.2786741256713867,0.6677337288856506,0.24202094972133636,0.6651421785354614,0.2104535549879074,ok,05018,C:/Users/Javier/PIDS_HandPose/work/HAR_mediapipe/data/gestos_pids/train//ok/ok_05018.jpg
0.6433573961257935,0.42773503065109253,0.6209314465522766,0.37789157032966614,0.6140387058258057,0.31975507736206055,0.6100743412971497,0.2791380286216736,0.6135726571083069,0.24533945322036743,0.6483624577522278,0.2831984758377075,0.6492371559143066,0.2276950180530548,0.6353952288627625,0.22261568903923035,0.6233150959014893,0.23278403282165527,0.6575744152069092,0.28461992740631104,0.6599759459495544,0.216372549533844,0.6545203924179077,0.1719435155391693,0.6494662761688232,0.13903866708278656,0.6651352047920227,0.29542094469070435,0.6688337326049805,0.22654275596141815,0.664010763168335,0.18250301480293274,0.6600106358528137,0.14786702394485474,0.6708005666732788,0.3131783902645111,0.6750409603118896,0.2590464949607849,0.6731436252593994,0.2209462821483612,0.6711518168449402,0.18860909342765808,ok,05019,C:/Users/Javier/PIDS_HandPose/work/HAR_mediapipe/data/gestos_pids/train//ok/ok_05019.jpg
0.6448584198951721,0.4219268560409546,0.6240559220314026,0.3726641535758972,0.6189249753952026,0.31899067759513855,0.6160926222801208,0.2781599462032318,0.6197469830513,0.24386103451251984,0.6530656218528748,0.2820359766483307,0.6532686948776245,0.23090173304080963,0.6395036578178406,0.22729843854904175,0.6272269487380981,0.23979568481445312,0.6629559397697449,0.28287461400032043,0.6657663583755493,0.218270406126976,0.6592902541160583,0.1778276413679123,0.651814877986908,0.14873526990413666,0.6714997887611389,0.2918187379837036,0.6755452156066895,0.22775867581367493,0.6693409085273743,0.187332421541214,0.6625217795372009,0.156005397439003,0.6775233149528503,0.30673161149024963,0.680476725101471,0.2565906047821045,0.6770756840705872,0.22149115800857544,0.673230767250061,0.19141098856925964,ok,05020,C:/Users/Javier/PIDS_HandPose/work/HAR_mediapipe/data/gestos_pids/train//ok/ok_05020.jpg
0.44339606165885925,0.4053671956062317,0.473049521446228,0.355573832988739,0.48499998450279236,0.30112698674201965,0.49496549367904663,0.2656711935997009,0.5007510781288147,0.22769543528556824,0.45781245827674866,0.25473856925964355,0.46900126338005066,0.21147873997688293,0.4827737510204315,0.22032688558101654,0.4940436780452728,0.23735204339027405,0.45105090737342834,0.2543443441390991,0.4571194350719452,0.19573691487312317,0.4707585871219635,0.1684812605381012,0.48384174704551697,0.14848041534423828,0.44321370124816895,0.2624187469482422,0.44861045479774475,0.20151939988136292,0.4594295024871826,0.1654616743326187,0.47026392817497253,0.13949787616729736,0.4360467791557312,0.27778688073158264,0.4409101605415344,0.2300453633069992,0.44676974415779114,0.1950400173664093,0.45287981629371643,0.16600802540779114,ok,05021,C:/Users/Javier/PIDS_HandPose/work/HAR_mediapipe/data/gestos_pids/train//ok/ok_05021.jpg
0.4582703113555908,0.3784204125404358,0.486175537109375,0.33057156205177307,0.49618902802467346,0.2802329659461975,0.5051637887954712,0.2473309338092804,0.5112065076828003,0.21294346451759338,0.4682309329509735,0.23767179250717163,0.47589781880378723,0.1888338029384613,0.48965755105018616,0.1763986349105835,0.502998948097229,0.17150042951107025,0.4627331793308258,0.23749086260795593,0.468389093875885,0.1795501410961151,0.48209941387176514,0.1498066782951355,0.4946584105491638,0.12795233726501465,0.4559505581855774,0.24350214004516602,0.464281290769577,0.1839946061372757,0.47604504227638245,0.14787708222866058,0.48646053671836853,0.12074711173772812,0.45007970929145813,0.2540218234062195,0.45665597915649414,0.20902961492538452,0.46374139189720154,0.175399050116539,0.4701840281486511,0.145133376121521,ok,05022,C:/Users/Javier/PIDS_HandPose/work/HAR_mediapipe/data/gestos_pids/train//ok/ok_05022.jpg
0.6568782925605774,0.45937758684158325,0.6383974552154541,0.41132494807243347,0.6347675919532776,0.3523893356323242,0.6325525641441345,0.31094595789909363,0.6378953456878662,0.27973422408103943,0.670487105846405,0.3255016505718231,0.6739386916160583,0.2726380527019501,0.6602309942245483,0.2670011520385742,0.647900402545929,0.2752450704574585,0.6798862218856812,0.3303675353527069,0.6861554384231567,0.27047720551490784,0.6825931072235107,0.2307415008544922,0.6778872013092041,0.19868505001068115,0.6881207227706909,0.34371402859687805,0.6965926885604858,0.2830491065979004,0.6954401135444641,0.24284493923187256,0.6927403211593628,0.2088342159986496,0.6937108635902405,0.36375123262405396,0.7009913325309753,0.3160659968852997,0.7016507387161255,0.28249844908714294,0.7004408240318298,0.25326719880104065,ok,05023,C:/Users/Javier/PIDS_HandPose/work/HAR_mediapipe/data/gestos_pids/train//ok/ok_05023.jpg
0.446957528591156,0.42069050669670105,0.47423818707466125,0.3714793920516968,0.4851500391960144,0.3186696767807007,0.4959346354007721,0.28358280658721924,0.5033062696456909,0.24703200161457062,0.45979565382003784,0.27235379815101624,0.47098618745803833,0.22881463170051575,0.48425012826919556,0.2395511269569397,0.49515655636787415,0.2564903497695923,0.453808069229126,0.27492958307266235,0.45917850732803345,0.21641820669174194,0.4724840819835663,0.1894303858280182,0.4841364622116089,0.1682213544845581,0.44664907455444336,0.2866704761981964,0.45207464694976807,0.22769327461719513,0.4629186987876892,0.192495197057724,0.4729018211364746,0.16385607421398163,0.4401799440383911,0.3049897849559784,0.44354280829429626,0.26080337166786194,0.44976112246513367,0.22690221667289734,0.456120103597641,0.19505780935287476,ok,05024,C:/Users/Javier/PIDS_HandPose/work/HAR_mediapipe/data/gestos_pids/train//ok/ok_05024.jpg
0.4595677852630615,0.40028828382492065,0.483630895614624,0.3527255952358246,0.4919072985649109,0.29801177978515625,0.5016970038414001,0.26344797015190125,0.5086628794670105,0.22821727395057678,0.4655696451663971,0.2540014386177063,0.4756326675415039,0.21110010147094727,0.4898039996623993,0.2168063074350357,0.5018754601478577,0.23074012994766235,0.45940446853637695,0.25440117716789246,0.46548891067504883,0.19695276021957397,0.4800914227962494,0.17004141211509705,0.4931207299232483,0.15199905633926392,0.45216432213783264,0.264286071062088,0.45817598700523376,0.2054608166217804,0.46955475211143494,0.1720641404390335,0.4799972176551819,0.14762499928474426,0.44576311111450195,0.2814096212387085,0.45029309391975403,0.23806382715702057,0.45647308230400085,0.20584401488304138,0.4625868797302246,0.17823393642902374,ok,05025,C:/Users/Javier/PIDS_HandPose/work/HAR_mediapipe/data/gestos_pids/train//ok/ok_05025.jpg
0.458151638507843,0.39296644926071167,0.47889652848243713,0.34465235471725464,0.4853212535381317,0.29083696007728577,0.49317026138305664,0.2554183602333069,0.4984433054924011,0.22095046937465668,0.4572164714336395,0.252878338098526,0.46654194593429565,0.20964157581329346,0.4819052815437317,0.21082726120948792,0.4956739842891693,0.22065803408622742,0.4502754807472229,0.25389963388442993,0.45589807629585266,0.19640660285949707,0.467462420463562,0.16634643077850342,0.4782955050468445,0.1453920155763626,0.4436926543712616,0.26327231526374817,0.4498232305049896,0.20468822121620178,0.45855292677879333,0.16844771802425385,0.4669455587863922,0.1414427012205124,0.43895071744918823,0.27918094396591187,0.44398006796836853,0.2350921630859375,0.44818100333213806,0.20113754272460938,0.4522158205509186,0.17207516729831696,ok,05026,C:/Users/Javier/PIDS_HandPose/work/HAR_mediapipe/data/gestos_pids/train//ok/ok_05026.jpg
0.43499189615249634,0.42694103717803955,0.4546786844730377,0.3777695298194885,0.4610168933868408,0.32074394822120667,0.46761205792427063,0.28216999769210815,0.47135111689567566,0.24458324909210205,0.43146827816963196,0.28640082478523254,0.4373333156108856,0.23978933691978455,0.45305967330932617,0.23945432901382446,0.4679563045501709,0.2492181360721588,0.42499294877052307,0.28825753927230835,0.4267045259475708,0.23127052187919617,0.43843764066696167,0.1980898678302765,0.4499755799770355,0.1737794578075409,0.41851159930229187,0.298260360956192,0.42067551612854004,0.2375687062740326,0.42833301424980164,0.19889476895332336,0.43604764342308044,0.17138198018074036,0.41324231028556824,0.3155337870121002,0.41475778818130493,0.2706511914730072,0.4176793694496155,0.23488542437553406,0.42090389132499695,0.20560161769390106,ok,05027,C:/Users/Javier/PIDS_HandPose/work/HAR_mediapipe/data/gestos_pids/train//ok/ok_05027.jpg
0.6471686959266663,0.44461143016815186,0.6236386299133301,0.4029290974140167,0.6131592392921448,0.34612488746643066,0.6087061166763306,0.30425214767456055,0.6142610311508179,0.27575913071632385,0.6423940658569336,0.30335742235183716,0.6414291858673096,0.2537885308265686,0.629927933216095,0.2546726167201996,0.6196964979171753,0.2693059742450714,0.6532187461853027,0.3040160536766052,0.6555324196815491,0.24480709433555603,0.6488831639289856,0.21102288365364075,0.6404784917831421,0.18644803762435913,0.663145124912262,0.3137294352054596,0.6664950847625732,0.25431349873542786,0.660641610622406,0.2182038426399231,0.6527808904647827,0.19027918577194214,0.6710824370384216,0.3305942714214325,0.6735436320304871,0.2830495238304138,0.6704256534576416,0.25049111247062683,0.6660051941871643,0.22243648767471313,ok,05028,C:/Users/Javier/PIDS_HandPose/work/HAR_mediapipe/data/gestos_pids/train//ok/ok_05028.jpg
0.6472560167312622,0.4509478211402893,0.6256025433540344,0.4059276580810547,0.6166017651557922,0.3480023741722107,0.6145756244659424,0.30486398935317993,0.6221296191215515,0.2788735032081604,0.6486653685569763,0.3065490424633026,0.6507728695869446,0.26097622513771057,0.6405936479568481,0.25902754068374634,0.6297767162322998,0.26735222339630127,0.6597824692726135,0.3082602620124817,0.6631713509559631,0.2546830475330353,0.6578896641731262,0.22117778658866882,0.6503178477287292,0.19684606790542603,0.6696425676345825,0.3182249069213867,0.672870397567749,0.2635418474674225,0.6678913235664368,0.22884419560432434,0.6609660387039185,0.20163694024085999,0.6778454780578613,0.3362119495868683,0.6810674667358398,0.28988590836524963,0.6786199808120728,0.25832363963127136,0.6748353242874146,0.23015879094600677,ok,05029,C:/Users/Javier/PIDS_HandPose/work/HAR_mediapipe/data/gestos_pids/train//ok/ok_05029.jpg
0.46009916067123413,0.43978095054626465,0.4887843132019043,0.38242802023887634,0.49574583768844604,0.32759326696395874,0.502633810043335,0.2934001386165619,0.5070985555648804,0.26111820340156555,0.46164533495903015,0.29012754559516907,0.47032392024993896,0.24025365710258484,0.48400187492370605,0.22504737973213196,0.496705025434494,0.21686431765556335,0.4554111063480377,0.2931979298591614,0.46384677290916443,0.23548883199691772,0.4757919907569885,0.20864591002464294,0.48600536584854126,0.1892625093460083,0.45070040225982666,0.3041955828666687,0.46059370040893555,0.2485235035419464,0.47143441438674927,0.2173691987991333,0.4802502691745758,0.19306640326976776,0.44952523708343506,0.32090938091278076,0.4561806917190552,0.27717339992523193,0.46224549412727356,0.2461196482181549,0.46748828887939453,0.21776604652404785,ok,05030,C:/Users/Javier/PIDS_HandPose/work/HAR_mediapipe/data/gestos_pids/train//ok/ok_05030.jpg
0.44770994782447815,0.4603487253189087,0.4790971577167511,0.40249425172805786,0.4888763725757599,0.34501421451568604,0.49809950590133667,0.3078761696815491,0.5037878155708313,0.2726908028125763,0.45924538373947144,0.2950165867805481,0.46676862239837646,0.24089403450489044,0.4770565330982208,0.21915826201438904,0.4869011640548706,0.2031015157699585,0.4510267674922943,0.29772505164146423,0.4582255184650421,0.23446950316429138,0.4716218113899231,0.2112102210521698,0.4837839603424072,0.1952015459537506,0.44349950551986694,0.30769842863082886,0.4509042203426361,0.24667099118232727,0.4635774791240692,0.21727213263511658,0.47486940026283264,0.19550423324108124,0.4383995234966278,0.3232095241546631,0.4432467818260193,0.2767561078071594,0.4509727358818054,0.24596095085144043,0.4590272605419159,0.21842753887176514,ok,05031,C:/Users/Javier/PIDS_HandPose/work/HAR_mediapipe/data/gestos_pids/train//ok/ok_05031.jpg
0.6451318860054016,0.49089765548706055,0.620240330696106,0.4660322666168213,0.6023661494255066,0.41492757201194763,0.5970684289932251,0.3697686195373535,0.6105973720550537,0.34653717279434204,0.6245216727256775,0.35990840196609497,0.6219817399978638,0.315032035112381,0.6170620322227478,0.3237554728984833,0.6149758696556091,0.33955174684524536,0.640515923500061,0.35302650928497314,0.6379956603050232,0.2983231544494629,0.6345826387405396,0.2655869722366333,0.6314371228218079,0.23624834418296814,0.6557409167289734,0.35916176438331604,0.6556457281112671,0.3034084141254425,0.6538850665092468,0.2679207921028137,0.651852011680603,0.2356334626674652,0.670445442199707,0.37474313378334045,0.6722928881645203,0.3282051980495453,0.6725051403045654,0.29823794960975647,0.6725706458091736,0.27027660608291626,ok,05032,C:/Users/Javier/PIDS_HandPose/work/HAR_mediapipe/data/gestos_pids/train//ok/ok_05032.jpg
0.42865949869155884,0.46049314737319946,0.4576789140701294,0.4280511736869812,0.47467899322509766,0.37894177436828613,0.48399412631988525,0.34118232131004333,0.48254871368408203,0.30945658683776855,0.4509282112121582,0.3209485709667206,0.45799121260643005,0.27423936128616333,0.46678847074508667,0.27902284264564514,0.4739476144313812,0.2937936782836914,0.43938183784484863,0.31733933091163635,0.4452245235443115,0.2605096399784088,0.4519243538379669,0.2248547375202179,0.45796704292297363,0.1970411241054535,0.42701104283332825,0.3243241608142853,0.4298495650291443,0.26436516642570496,0.43291881680488586,0.22648602724075317,0.4371655583381653,0.1973436176776886,0.413332998752594,0.34042268991470337,0.41502565145492554,0.2939808666706085,0.4167909622192383,0.2619463801383972,0.4198113977909088,0.2342151701450348,ok,05033,C:/Users/Javier/PIDS_HandPose/work/HAR_mediapipe/data/gestos_pids/train//ok/ok_05033.jpg
0.6440088152885437,0.47296440601348877,0.6207399368286133,0.4426923990249634,0.6068680286407471,0.3881101906299591,0.6025229692459106,0.34504976868629456,0.6142833828926086,0.32879993319511414,0.6346180438995361,0.3337808847427368,0.6353000998497009,0.2886318266391754,0.6303330063819885,0.2958107590675354,0.627301037311554,0.31195515394210815,0.649592936038971,0.3320867717266083,0.6515741944313049,0.2773045003414154,0.650600016117096,0.24486768245697021,0.6494154930114746,0.21685978770256042,0.6635794043540955,0.34334707260131836,0.6660972833633423,0.2869109511375427,0.6659553647041321,0.25241002440452576,0.6654504537582397,0.22137537598609924,0.67609041929245,0.3642165958881378,0.6806197166442871,0.3172813653945923,0.6823570728302002,0.2876528203487396,0.6842471361160278,0.259961873292923,ok,05034,C:/Users/Javier/PIDS_HandPose/work/HAR_mediapipe/data/gestos_pids/train//ok/ok_05034.jpg
0.4563449025154114,0.43467336893081665,0.48765313625335693,0.39366990327835083,0.5018842816352844,0.3445281982421875,0.5107955932617188,0.312496542930603,0.5157076120376587,0.28021249175071716,0.4765743315219879,0.2936020791530609,0.48590633273124695,0.24869073927402496,0.49796441197395325,0.2583824098110199,0.5085505247116089,0.27493050694465637,0.4700688123703003,0.2930906414985657,0.4767238199710846,0.23545345664024353,0.48775649070739746,0.20222526788711548,0.498138964176178,0.1750441938638687,0.46162867546081543,0.3001692295074463,0.46742138266563416,0.23986804485321045,0.4731958508491516,0.20250976085662842,0.479369580745697,0.17365433275699615,0.4513690769672394,0.3142760992050171,0.45637157559394836,0.265960693359375,0.460051029920578,0.2333557903766632,0.463700532913208,0.2055286467075348,ok,05035,C:/Users/Javier/PIDS_HandPose/work/HAR_mediapipe/data/gestos_pids/train//ok/ok_05035.jpg
0.45856648683547974,0.39694005250930786,0.4865938723087311,0.34652456641197205,0.4967399835586548,0.29497653245925903,0.505341649055481,0.2631096839904785,0.5111409425735474,0.23194843530654907,0.4710284173488617,0.25041720271110535,0.4769519865512848,0.19842246174812317,0.4881230294704437,0.18319804966449738,0.49945029616355896,0.17389506101608276,0.46463891863822937,0.2506168484687805,0.46892404556274414,0.1926024854183197,0.4806597828865051,0.1708642542362213,0.4908832311630249,0.15821951627731323,0.4568757116794586,0.2576965391635895,0.46176770329475403,0.19656196236610413,0.47032293677330017,0.15971365571022034,0.47817277908325195,0.13167181611061096,0.4498089551925659,0.27083972096443176,0.45430245995521545,0.22384122014045715,0.45890238881111145,0.1906093806028366,0.4628443419933319,0.16020557284355164,ok,05036,C:/Users/Javier/PIDS_HandPose/work/HAR_mediapipe/data/gestos_pids/train//ok/ok_05036.jpg
0.48502495884895325,0.4431384801864624,0.5181336402893066,0.3940100073814392,0.5318161845207214,0.34205761551856995,0.5436254143714905,0.30918872356414795,0.5529370903968811,0.27438244223594666,0.5029818415641785,0.28799429535865784,0.5184029936790466,0.2425113469362259,0.5341649651527405,0.24871119856834412,0.5473784804344177,0.26156261563301086,0.4964035153388977,0.2881491482257843,0.5075510144233704,0.2271156907081604,0.5226171612739563,0.19808097183704376,0.5356407761573792,0.17712923884391785,0.48950013518333435,0.29764696955680847,0.5022397637367249,0.23636740446090698,0.5153922438621521,0.2007998526096344,0.5266566872596741,0.17408426105976105,0.48450639843940735,0.31438133120536804,0.4948139190673828,0.2706899344921112,0.502799391746521,0.23674635589122772,0.5096151232719421,0.2062983214855194,ok,05037,C:/Users/Javier/PIDS_HandPose/work/HAR_mediapipe/data/gestos_pids/train//ok/ok_05037.jpg
0.4543682634830475,0.4180986285209656,0.48091769218444824,0.3711881637573242,0.49079078435897827,0.3209162652492523,0.49792444705963135,0.2875498831272125,0.5030003190040588,0.25325655937194824,0.46320533752441406,0.2778794765472412,0.4685416519641876,0.23222048580646515,0.4819311499595642,0.23350758850574493,0.4943108856678009,0.24331796169281006,0.45754748582839966,0.2787218391895294,0.4600560963153839,0.22086569666862488,0.470840185880661,0.1897258758544922,0.4806019961833954,0.1672728806734085,0.45035290718078613,0.2869803011417389,0.4542545974254608,0.2263432741165161,0.46214771270751953,0.18843108415603638,0.46987780928611755,0.16055183112621307,0.4430602490901947,0.3024795353412628,0.444311261177063,0.25550392270088196,0.44713130593299866,0.2211407721042633,0.45027634501457214,0.19184981286525726,ok,05038,C:/Users/Javier/PIDS_HandPose/work/HAR_mediapipe/data/gestos_pids/train//ok/ok_05038.jpg
0.6538381576538086,0.42033812403678894,0.6309850215911865,0.38885536789894104,0.6193246841430664,0.3380771577358246,0.615167498588562,0.29964208602905273,0.6242459416389465,0.2766112685203552,0.6491158604621887,0.29507696628570557,0.6490188241004944,0.25000786781311035,0.6392970085144043,0.2539362609386444,0.6305933594703674,0.2681657075881958,0.6608281135559082,0.295818030834198,0.6612566113471985,0.24272826313972473,0.6563817262649536,0.2116772085428238,0.6510615944862366,0.1871124505996704,0.6720779538154602,0.3058474659919739,0.6735156774520874,0.2516780197620392,0.6702151298522949,0.21747121214866638,0.6664100885391235,0.18911585211753845,0.6825820207595825,0.32360029220581055,0.686378002166748,0.27824535965919495,0.6871030330657959,0.2475312203168869,0.6878533959388733,0.219417542219162,ok,05039,C:/Users/Javier/PIDS_HandPose/work/HAR_mediapipe/data/gestos_pids/train//ok/ok_05039.jpg
0.46833565831184387,0.39450398087501526,0.49409493803977966,0.3489939570426941,0.5036472082138062,0.3023061454296112,0.5113732218742371,0.2708674967288971,0.516419529914856,0.23641298711299896,0.4763205349445343,0.25640928745269775,0.4832397997379303,0.21352538466453552,0.49676409363746643,0.21752095222473145,0.5086352229118347,0.23020993173122406,0.47063708305358887,0.2556670010089874,0.4747782051563263,0.20058012008666992,0.48579642176628113,0.16793721914291382,0.496034175157547,0.14275039732456207,0.46358639001846313,0.2625393867492676,0.4674582779407501,0.20581717789173126,0.4752228260040283,0.16716989874839783,0.4827536344528198,0.13868868350982666,0.4563314616680145,0.27641260623931885,0.4595816433429718,0.23163282871246338,0.46371588110923767,0.1967967301607132,0.46810200810432434,0.1675482541322708,ok,05040,C:/Users/Javier/PIDS_HandPose/work/HAR_mediapipe/data/gestos_pids/train//ok/ok_05040.jpg
0.6392920613288879,0.45401471853256226,0.6162388324737549,0.4234619140625,0.6029065847396851,0.3735192120075226,0.5956270098686218,0.3355078101158142,0.601632833480835,0.31397607922554016,0.6316257119178772,0.3285575807094574,0.628143846988678,0.2840805947780609,0.616289496421814,0.2876719832420349,0.6071441173553467,0.30190229415893555,0.6430037617683411,0.3269110321998596,0.6410018801689148,0.2750607132911682,0.635249674320221,0.2433907687664032,0.6294889450073242,0.21835726499557495,0.6540142893791199,0.3346266448497772,0.6545361876487732,0.28222185373306274,0.6508809328079224,0.24915847182273865,0.6469812989234924,0.22242122888565063,0.6636418700218201,0.3497755229473114,0.666533350944519,0.30681005120277405,0.6670029759407043,0.2786098122596741,0.6673455238342285,0.2545497417449951,ok,05041,C:/Users/Javier/PIDS_HandPose/work/HAR_mediapipe/data/gestos_pids/train//ok/ok_05041.jpg
0.6351111531257629,0.45456641912460327,0.6105920672416687,0.4258837401866913,0.5960062742233276,0.37602484226226807,0.5892072916030884,0.3378685712814331,0.594997227191925,0.31550097465515137,0.622832179069519,0.3250795602798462,0.6185094714164734,0.2814050316810608,0.6079148054122925,0.2883765399456024,0.6002233624458313,0.3052442967891693,0.6345878839492798,0.32275956869125366,0.6298106908798218,0.27178090810775757,0.6218656301498413,0.2428661435842514,0.6141059398651123,0.2201928198337555,0.6463565230369568,0.3306131064891815,0.6433771848678589,0.2772071361541748,0.6373856067657471,0.24531212449073792,0.6315509080886841,0.21938103437423706,0.657823383808136,0.3472210466861725,0.658172607421875,0.30254486203193665,0.6564428806304932,0.27326303720474243,0.654974102973938,0.24716369807720184,ok,05042,C:/Users/Javier/PIDS_HandPose/work/HAR_mediapipe/data/gestos_pids/train//ok/ok_05042.jpg
0.45264241099357605,0.4172980487346649,0.47909045219421387,0.3616287112236023,0.48687493801116943,0.30851614475250244,0.4952884912490845,0.27607110142707825,0.5029791593551636,0.2452159821987152,0.4506186842918396,0.2729186713695526,0.46014857292175293,0.22666771709918976,0.47420454025268555,0.2027524709701538,0.48890405893325806,0.1839759647846222,0.4457907974720001,0.2804766595363617,0.4543384313583374,0.22776904702186584,0.47050419449806213,0.20171013474464417,0.4860745072364807,0.18068791925907135,0.4438697397708893,0.29601913690567017,0.44955840706825256,0.24210064113140106,0.4621758759021759,0.21335896849632263,0.47358405590057373,0.1900651901960373,0.4454333186149597,0.31847622990608215,0.44662362337112427,0.27326691150665283,0.4542118012905121,0.24296273291110992,0.462311327457428,0.2174643874168396,ok,05043,C:/Users/Javier/PIDS_HandPose/work/HAR_mediapipe/data/gestos_pids/train//ok/ok_05043.jpg
0.44456806778907776,0.4562484920024872,0.4718497395515442,0.40653735399246216,0.48290249705314636,0.35824429988861084,0.4922144412994385,0.3276033401489258,0.5053324103355408,0.3047875165939331,0.44534748792648315,0.32972365617752075,0.4584827125072479,0.28749096393585205,0.4759388267993927,0.27381497621536255,0.4952184855937958,0.2696917653083801,0.4395344853401184,0.34306836128234863,0.45110538601875305,0.2895260453224182,0.47254809737205505,0.2750951945781708,0.4936043620109558,0.27121028304100037,0.4383702278137207,0.36368557810783386,0.4455674886703491,0.3040223717689514,0.46361467242240906,0.28113269805908203,0.48044177889823914,0.26584556698799133,0.44150015711784363,0.38743096590042114,0.4459053874015808,0.3490442931652069,0.45518288016319275,0.32205215096473694,0.46491315960884094,0.2979447543621063,ok,05044,C:/Users/Javier/PIDS_HandPose/work/HAR_mediapipe/data/gestos_pids/train//ok/ok_05044.jpg
0.6337092518806458,0.45450446009635925,0.6111584901809692,0.4212667942047119,0.5986939072608948,0.37006404995918274,0.5923590660095215,0.33392977714538574,0.5974311828613281,0.31140536069869995,0.6269499659538269,0.32838425040245056,0.6258836388587952,0.2841436266899109,0.615318775177002,0.2908064126968384,0.6063664555549622,0.30717599391937256,0.6379483938217163,0.3294121026992798,0.6366178393363953,0.27824175357818604,0.6295851469039917,0.248454287648201,0.6217961311340332,0.22663241624832153,0.649250864982605,0.3383233845233917,0.6478877663612366,0.2856965959072113,0.6425890922546387,0.2535382807254791,0.636863112449646,0.22806447744369507,0.6595789790153503,0.35392361879348755,0.6620756387710571,0.31058257818222046,0.6618643999099731,0.282164603471756,0.6613350510597229,0.2571266293525696,ok,05045,C:/Users/Javier/PIDS_HandPose/work/HAR_mediapipe/data/gestos_pids/train//ok/ok_05045.jpg
0.46543022990226746,0.460843563079834,0.49398234486579895,0.4049536883831024,0.5049194693565369,0.35484373569488525,0.5145142674446106,0.322157621383667,0.5205569863319397,0.2917650640010834,0.46509307622909546,0.31727251410484314,0.47877538204193115,0.2703590989112854,0.494028776884079,0.25944435596466064,0.5095055103302002,0.2568625807762146,0.4612766206264496,0.326102614402771,0.4732505977153778,0.267122745513916,0.48658132553100586,0.24055415391921997,0.49919626116752625,0.21855828166007996,0.46096694469451904,0.3449419438838959,0.4703417718410492,0.2832275331020355,0.478863388299942,0.2530440092086792,0.486385315656662,0.22580945491790771,0.46431928873062134,0.37093010544776917,0.46657291054725647,0.3310690224170685,0.47042253613471985,0.30105215311050415,0.47425466775894165,0.27132824063301086,ok,05046,C:/Users/Javier/PIDS_HandPose/work/HAR_mediapipe/data/gestos_pids/train//ok/ok_05046.jpg
0.6514602303504944,0.4897262454032898,0.628020167350769,0.4472532272338867,0.617188572883606,0.39291393756866455,0.612108588218689,0.35417845845222473,0.6201563477516174,0.33230137825012207,0.6480610370635986,0.3506533205509186,0.6466900706291199,0.3067927062511444,0.6346638798713684,0.31228935718536377,0.6245468854904175,0.3291192352771759,0.6593148708343506,0.35264208912849426,0.6602528691291809,0.30056723952293396,0.6531774401664734,0.27253809571266174,0.6452710032463074,0.25327691435813904,0.6702471971511841,0.3652052581310272,0.6720213890075684,0.31149590015411377,0.6669473052024841,0.27922192215919495,0.6610962748527527,0.2548108994960785,0.6793549060821533,0.3862178921699524,0.6838639378547668,0.3433443605899811,0.6851531863212585,0.3142539858818054,0.6862202882766724,0.2878247797489166,ok,05047,C:/Users/Javier/PIDS_HandPose/work/HAR_mediapipe/data/gestos_pids/train//ok/ok_05047.jpg
0.4856180250644684,0.45914945006370544,0.5169789791107178,0.41482895612716675,0.5266807079315186,0.35606682300567627,0.5367727279663086,0.31727004051208496,0.5473902225494385,0.2930842638015747,0.48264047503471375,0.3183917701244354,0.5081146955490112,0.276998370885849,0.5275200009346008,0.2764774262905121,0.5442453026771545,0.28045928478240967,0.4794999659061432,0.3339575231075287,0.5061697959899902,0.28131136298179626,0.5277925729751587,0.2621172070503235,0.546867311000824,0.24908892810344696,0.4835160970687866,0.3592565953731537,0.5066693425178528,0.30120348930358887,0.5265435576438904,0.27589914202690125,0.5430473685264587,0.25578373670578003,0.4933762848377228,0.3889939785003662,0.5075768232345581,0.35024747252464294,0.5188727378845215,0.32283252477645874,0.529531717300415,0.2984256148338318,ok,05048,C:/Users/Javier/PIDS_HandPose/work/HAR_mediapipe/data/gestos_pids/train//ok/ok_05048.jpg
0.656464159488678,0.5129349231719971,0.6349081993103027,0.4743006229400635,0.6243014335632324,0.42179936170578003,0.6207333207130432,0.3822970986366272,0.6322060823440552,0.3680478036403656,0.6558073163032532,0.3842070400714874,0.6554680466651917,0.34213998913764954,0.6446533799171448,0.34970822930336,0.6350013017654419,0.3672666847705841,0.6683785319328308,0.3887970447540283,0.6712867617607117,0.341818630695343,0.6654031872749329,0.3203934133052826,0.657902717590332,0.30705174803733826,0.6796207427978516,0.40317797660827637,0.6827746033668518,0.35454484820365906,0.6789171099662781,0.32779863476753235,0.6739980578422546,0.3077472448348999,0.6888921856880188,0.4253287613391876,0.6936286687850952,0.3860105574131012,0.6950214505195618,0.3610081374645233,0.6964424848556519,0.3383340537548065,ok,05049,C:/Users/Javier/PIDS_HandPose/work/HAR_mediapipe/data/gestos_pids/train//ok/ok_05049.jpg
0.6573221683502197,0.4901456832885742,0.6341025233268738,0.45196980237960815,0.6218748092651367,0.3991548418998718,0.6167510747909546,0.35782963037490845,0.6256725788116455,0.33516791462898254,0.6517793536186218,0.3561481237411499,0.6496655344963074,0.3121703863143921,0.6394785642623901,0.32089629769325256,0.6312522292137146,0.3397882580757141,0.6642417311668396,0.3571555018424988,0.6647757887840271,0.3082011044025421,0.6581902503967285,0.2853127121925354,0.6506827473640442,0.2706505060195923,0.6761160492897034,0.3688783645629883,0.6779285073280334,0.3185935914516449,0.6732946038246155,0.29110607504844666,0.6677696108818054,0.26975217461586,0.6860360503196716,0.3886494040489197,0.6900396347045898,0.3476897180080414,0.6911723613739014,0.3217618465423584,0.6926185488700867,0.2977045774459839,ok,05050,C:/Users/Javier/PIDS_HandPose/work/HAR_mediapipe/data/gestos_pids/train//ok/ok_05050.jpg
0.6599688529968262,0.4346742033958435,0.6361031532287598,0.4038299322128296,0.6223872303962708,0.35328033566474915,0.6193904280662537,0.31394830346107483,0.6300395131111145,0.29396817088127136,0.6530928611755371,0.31124749779701233,0.6531488299369812,0.26864543557167053,0.6449165940284729,0.2746444046497345,0.637485146522522,0.289686381816864,0.6662145256996155,0.3103286027908325,0.6665952801704407,0.26009413599967957,0.6618176698684692,0.23010455071926117,0.6562017202377319,0.20671242475509644,0.6782445907592773,0.31824034452438354,0.6786431670188904,0.26681384444236755,0.6749649047851562,0.23456740379333496,0.6705445647239685,0.20823627710342407,0.6891738176345825,0.33342498540878296,0.6924647688865662,0.2892409861087799,0.6933783888816833,0.26131778955459595,0.6942617297172546,0.23579740524291992,ok,05051,C:/Users/Javier/PIDS_HandPose/work/HAR_mediapipe/data/gestos_pids/train//ok/ok_05051.jpg
0.4318506121635437,0.4148264229297638,0.4617617428302765,0.37977197766304016,0.47601252794265747,0.33173978328704834,0.48472708463668823,0.2961684465408325,0.49076172709465027,0.26318687200546265,0.45573508739471436,0.28665998578071594,0.4631626605987549,0.24373334646224976,0.4733453094959259,0.24328024685382843,0.48294389247894287,0.25229498744010925,0.4467281997203827,0.28625059127807617,0.4530337154865265,0.23352739214897156,0.4638010561466217,0.20485466718673706,0.4753578007221222,0.1842859983444214,0.436265230178833,0.29193535447120667,0.4416326880455017,0.23669859766960144,0.4498656988143921,0.20324277877807617,0.4596484899520874,0.17833085358142853,0.42460373044013977,0.3036448061466217,0.429700642824173,0.2617606818675995,0.43650364875793457,0.23270419239997864,0.4444299340248108,0.20803578197956085,ok,05052,C:/Users/Javier/PIDS_HandPose/work/HAR_mediapipe/data/gestos_pids/train//ok/ok_05052.jpg
0.4422675371170044,0.3936363458633423,0.46896666288375854,0.3510458469390869,0.47980156540870667,0.3016396462917328,0.4881138205528259,0.2685157358646393,0.49288487434387207,0.23343032598495483,0.45545029640197754,0.2551358938217163,0.46242278814315796,0.21238261461257935,0.4745103120803833,0.2113056480884552,0.48542076349258423,0.22179801762104034,0.4482191503047943,0.25389546155929565,0.452542245388031,0.20094536244869232,0.4650513529777527,0.17528441548347473,0.47746512293815613,0.15978753566741943,0.43968868255615234,0.2593204379081726,0.44502609968185425,0.2047712504863739,0.4559118449687958,0.17362666130065918,0.4668234884738922,0.15310066938400269,0.43058258295059204,0.271660178899765,0.43547865748405457,0.22877776622772217,0.4420020282268524,0.19838882982730865,0.4488395154476166,0.17329756915569305,ok,05053,C:/Users/Javier/PIDS_HandPose/work/HAR_mediapipe/data/gestos_pids/train//ok/ok_05053.jpg
0.6652644276618958,0.4511663317680359,0.6408815383911133,0.4115162193775177,0.6293690204620361,0.35831987857818604,0.6243691444396973,0.31848010420799255,0.6314568519592285,0.29397040605545044,0.6593693494796753,0.31656187772750854,0.6581860184669495,0.27084553241729736,0.6469932198524475,0.27498114109039307,0.6371757388114929,0.2903542220592499,0.6704716682434082,0.31698524951934814,0.6703487038612366,0.2656121551990509,0.6641170382499695,0.2374967485666275,0.656665027141571,0.21766142547130585,0.6808910369873047,0.3259614109992981,0.6816096305847168,0.27312931418418884,0.6766085028648376,0.2416692078113556,0.6706472635269165,0.218113511800766,0.6898037195205688,0.3413081169128418,0.6928979158401489,0.29792463779449463,0.6939494013786316,0.27025824785232544,0.6948875784873962,0.24650928378105164,ok,05054,C:/Users/Javier/PIDS_HandPose/work/HAR_mediapipe/data/gestos_pids/train//ok/ok_05054.jpg
0.43924009799957275,0.4580826759338379,0.47090309858322144,0.42649462819099426,0.4870681166648865,0.38420945405960083,0.4973568618297577,0.3543226718902588,0.49677497148513794,0.32785001397132874,0.46590718626976013,0.3325292766094208,0.4741089642047882,0.29254063963890076,0.48407313227653503,0.2860247492790222,0.4933485984802246,0.2866237461566925,0.4555819630622864,0.33301037549972534,0.46466273069381714,0.2919214367866516,0.47749534249305725,0.2750116288661957,0.48991096019744873,0.2661949396133423,0.4455409348011017,0.33915138244628906,0.454624742269516,0.30205243825912476,0.4669041335582733,0.28416189551353455,0.47808119654655457,0.27623531222343445,0.43599462509155273,0.3498634696006775,0.44473952054977417,0.32197287678718567,0.45447754859924316,0.3060019612312317,0.46453148126602173,0.2964383363723755,ok,05055,C:/Users/Javier/PIDS_HandPose/work/HAR_mediapipe/data/gestos_pids/train//ok/ok_05055.jpg
0.4365491271018982,0.5266007781028748,0.4671618640422821,0.48915743827819824,0.482120543718338,0.44655951857566833,0.49319785833358765,0.4189405143260956,0.500335156917572,0.4009752571582794,0.4567144513130188,0.39950183033943176,0.4661818742752075,0.3612947463989258,0.48214617371559143,0.3549982011318207,0.4966796040534973,0.359316885471344,0.447232723236084,0.40366023778915405,0.4573943614959717,0.3608085513114929,0.4763683080673218,0.3544692397117615,0.49244049191474915,0.3591369092464447,0.43919071555137634,0.4168080985546112,0.4483717083930969,0.37225818634033203,0.4660465717315674,0.36065414547920227,0.4814471900463104,0.3592008352279663,0.43231064081192017,0.4366075396537781,0.43705475330352783,0.4043777883052826,0.4495297968387604,0.3876546025276184,0.4622434377670288,0.37789803743362427,ok,05056,C:/Users/Javier/PIDS_HandPose/work/HAR_mediapipe/data/gestos_pids/train//ok/ok_05056.jpg
0.703658401966095,0.5473113656044006,0.680132269859314,0.5075034499168396,0.6678658127784729,0.4561042785644531,0.6613843441009521,0.4191659092903137,0.6660657525062561,0.40138861536979675,0.6956028342247009,0.40742212533950806,0.6916173696517944,0.3651297688484192,0.684656023979187,0.3825799822807312,0.679840087890625,0.40899577736854553,0.7098377346992493,0.4098455011844635,0.7118873596191406,0.35691943764686584,0.7091301679611206,0.33421000838279724,0.7050310969352722,0.320839524269104,0.722366452217102,0.42237332463264465,0.7246566414833069,0.368915855884552,0.7226372361183167,0.3403051197528839,0.7200997471809387,0.3184069097042084,0.7319207191467285,0.44224321842193604,0.7356998324394226,0.399290531873703,0.7376284599304199,0.37315890192985535,0.7397012114524841,0.35009726881980896,ok,05057,C:/Users/Javier/PIDS_HandPose/work/HAR_mediapipe/data/gestos_pids/train//ok/ok_05057.jpg
0.41539719700813293,0.4766117036342621,0.457881361246109,0.43095362186431885,0.47643807530403137,0.37263286113739014,0.49226802587509155,0.33861207962036133,0.5064040422439575,0.30928122997283936,0.43935930728912354,0.3049201965332031,0.46545150876045227,0.25880715250968933,0.48635777831077576,0.2680666148662567,0.5009312629699707,0.28754666447639465,0.42861223220825195,0.30802419781684875,0.45433303713798523,0.2488044798374176,0.48048466444015503,0.2309986650943756,0.501541018486023,0.22332875430583954,0.4212895929813385,0.3222638666629791,0.44555750489234924,0.26000890135765076,0.47000500559806824,0.2343059629201889,0.48956626653671265,0.2184738665819168,0.4182881712913513,0.3451893627643585,0.43430501222610474,0.2967741787433624,0.4509730339050293,0.2683657109737396,0.4674813747406006,0.2476319968700409,ok,05058,C:/Users/Javier/PIDS_HandPose/work/HAR_mediapipe/data/gestos_pids/train//ok/ok_05058.jpg
0.6804056763648987,0.45985129475593567,0.6606281995773315,0.4212897717952728,0.6527703404426575,0.3687751591205597,0.6503861546516418,0.3301243185997009,0.6600505113601685,0.3105817139148712,0.6886863708496094,0.33307841420173645,0.6890695691108704,0.286834716796875,0.6775280833244324,0.2859446704387665,0.6675384640693665,0.29921066761016846,0.6992332935333252,0.33301448822021484,0.6999163627624512,0.2785865068435669,0.6941813230514526,0.2457270324230194,0.6876322031021118,0.2217775583267212,0.7095024585723877,0.3418750762939453,0.7120798826217651,0.28550365567207336,0.7090683579444885,0.24948546290397644,0.7056723237037659,0.22114822268486023,0.7182796001434326,0.3582778573036194,0.7241070866584778,0.3136521279811859,0.7255337238311768,0.28254789113998413,0.7264232039451599,0.2554551362991333,ok,05059,C:/Users/Javier/PIDS_HandPose/work/HAR_mediapipe/data/gestos_pids/train//ok/ok_05059.jpg
0.4468593895435333,0.45084503293037415,0.46795690059661865,0.40557098388671875,0.47541487216949463,0.35823720693588257,0.4809526205062866,0.32721295952796936,0.4820561408996582,0.2968842387199402,0.45028164982795715,0.32262131571769714,0.45111602544784546,0.2811024487018585,0.4627017080783844,0.2768944203853607,0.4750976860523224,0.28108349442481995,0.44344159960746765,0.326028972864151,0.44343259930610657,0.27692660689353943,0.45267489552497864,0.24919551610946655,0.46283015608787537,0.22920957207679749,0.4364072382450104,0.33604079484939575,0.4379555583000183,0.28515252470970154,0.4457264840602875,0.25345852971076965,0.45440754294395447,0.23081892728805542,0.429506778717041,0.35233575105667114,0.43081560730934143,0.312381774187088,0.4349987506866455,0.2831469774246216,0.4397229254245758,0.2592316269874573,ok,05060,C:/Users/Javier/PIDS_HandPose/work/HAR_mediapipe/data/gestos_pids/train//ok/ok_05060.jpg
0.6470612287521362,0.5108487010002136,0.6241954565048218,0.47249555587768555,0.6131337881088257,0.4228888750076294,0.6092133522033691,0.38172346353530884,0.6194303035736084,0.3625916838645935,0.6426352262496948,0.3817914128303528,0.6433947682380676,0.3380790054798126,0.6341781616210938,0.3430926501750946,0.6258538365364075,0.3603704273700714,0.6543811559677124,0.38065585494041443,0.6568499207496643,0.33053267002105713,0.6518571376800537,0.3019353449344635,0.6452277898788452,0.28236573934555054,0.6653139591217041,0.3883323669433594,0.6666809916496277,0.3364422619342804,0.6624102592468262,0.3047710061073303,0.6575111746788025,0.28090181946754456,0.6750408411026001,0.404579222202301,0.6779635548591614,0.3613337576389313,0.6774234771728516,0.33364802598953247,0.6773473620414734,0.3093610405921936,ok,05061,C:/Users/Javier/PIDS_HandPose/work/HAR_mediapipe/data/gestos_pids/train//ok/ok_05061.jpg
0.3832569420337677,0.40381622314453125,0.4195493757724762,0.3813304305076599,0.44336065649986267,0.3345595896244049,0.4614969789981842,0.3045014441013336,0.4779265224933624,0.27375873923301697,0.41745325922966003,0.26757296919822693,0.44065502285957336,0.2335578054189682,0.4590068757534027,0.2387065291404724,0.472907692193985,0.2519872188568115,0.40873733162879944,0.26049113273620605,0.4341273903846741,0.21908849477767944,0.45821893215179443,0.2049439251422882,0.4785282611846924,0.19983795285224915,0.398656964302063,0.26298218965530396,0.4238407015800476,0.21743793785572052,0.44744449853897095,0.19792383909225464,0.4668063223361969,0.18715180456638336,0.3887489140033722,0.27360954880714417,0.4090028405189514,0.24165546894073486,0.42681530117988586,0.2199229747056961,0.44291093945503235,0.20264779031276703,ok,05062,C:/Users/Javier/PIDS_HandPose/work/HAR_mediapipe/data/gestos_pids/train//ok/ok_05062.jpg
0.3941380977630615,0.35954123735427856,0.4392843246459961,0.3749005198478699,0.47658300399780273,0.3473973572254181,0.5024791955947876,0.33671635389328003,0.5271180272102356,0.33383116126060486,0.46076419949531555,0.24621348083019257,0.4993569254875183,0.2389710545539856,0.5268455743789673,0.24682903289794922,0.5481519103050232,0.25499245524406433,0.4541715979576111,0.23720698058605194,0.5000518560409546,0.2301192581653595,0.5339133739471436,0.24286992847919464,0.5606207847595215,0.25788113474845886,0.44843029975891113,0.24380254745483398,0.4958118498325348,0.2249106764793396,0.5285572409629822,0.22839558124542236,0.5536260604858398,0.23269937932491302,0.44562235474586487,0.2640224099159241,0.48106035590171814,0.24736982583999634,0.5067805051803589,0.24022170901298523,0.5288329720497131,0.23492780327796936,ok,05063,C:/Users/Javier/PIDS_HandPose/work/HAR_mediapipe/data/gestos_pids/train//ok/ok_05063.jpg
0.7462974786758423,0.4983143210411072,0.7159504890441895,0.40804970264434814,0.7064982056617737,0.31155484914779663,0.7161762714385986,0.24137523770332336,0.7429933547973633,0.2160508930683136,0.768439769744873,0.26179876923561096,0.7853928804397583,0.18959832191467285,0.7775211334228516,0.18909181654453278,0.7644546627998352,0.20393259823322296,0.792811930179596,0.2662866413593292,0.809761106967926,0.18032234907150269,0.816277265548706,0.1273866444826126,0.8175644874572754,0.08372020721435547,0.8118022680282593,0.2869519293308258,0.8280019164085388,0.20023871958255768,0.835914134979248,0.14536523818969727,0.8403199315071106,0.09906823933124542,0.8268240690231323,0.32349520921707153,0.8457762002944946,0.2517857849597931,0.8550404906272888,0.20369760692119598,0.8634933233261108,0.1597537249326706,ok,05064,C:/Users/Javier/PIDS_HandPose/work/HAR_mediapipe/data/gestos_pids/train//ok/ok_05064.jpg
0.7318812608718872,0.814690351486206,0.6828334927558899,0.7123200297355652,0.6671953201293945,0.578902006149292,0.6733489036560059,0.48378023505210876,0.7005142569541931,0.4636194705963135,0.7402297854423523,0.486205518245697,0.7571402192115784,0.4024888277053833,0.7422746419906616,0.435467928647995,0.7270122766494751,0.47880566120147705,0.7781359553337097,0.5005019307136536,0.8005574941635132,0.39528369903564453,0.8041756749153137,0.33521729707717896,0.8051548600196838,0.2751033306121826,0.8083933591842651,0.5361295938491821,0.8329606056213379,0.42717331647872925,0.84151291847229,0.3648679852485657,0.8484745621681213,0.3041023015975952,0.832537829875946,0.5907549262046814,0.8561193943023682,0.49728384613990784,0.8673915863037109,0.44466570019721985,0.8793312907218933,0.3941035270690918,ok,05065,C:/Users/Javier/PIDS_HandPose/work/HAR_mediapipe/data/gestos_pids/train//ok/ok_05065.jpg
0.5756776332855225,0.9082945585250854,0.5431001782417297,0.8559776544570923,0.5269190669059753,0.789725124835968,0.5158869624137878,0.7377216815948486,0.5210195183753967,0.6967584490776062,0.5597950220108032,0.7254421710968018,0.5501157641410828,0.6686148643493652,0.5342724919319153,0.6749343872070312,0.5232531428337097,0.6964797973632812,0.574120283126831,0.7170083522796631,0.5687461495399475,0.6502032279968262,0.5589910745620728,0.6092889308929443,0.5480947494506836,0.5797253251075745,0.5888816714286804,0.7212158441543579,0.5850414037704468,0.6523316502571106,0.5772019028663635,0.6098977327346802,0.5693683624267578,0.5780396461486816,0.6022206544876099,0.735187292098999,0.60105961561203,0.6791303157806396,0.5970508456230164,0.642310619354248,0.5932743549346924,0.6109945178031921,ok,05066,C:/Users/Javier/PIDS_HandPose/work/HAR_mediapipe/data/gestos_pids/train//ok/ok_05066.jpg
0.7085571885108948,0.9858308434486389,0.6679867506027222,0.9263805747032166,0.642424464225769,0.8425899744033813,0.6297643184661865,0.7702766060829163,0.6384337544441223,0.7182340025901794,0.6847119927406311,0.7563851475715637,0.6792640089988708,0.6772010326385498,0.6629526615142822,0.6853166818618774,0.648701548576355,0.7138220071792603,0.7041614055633545,0.7484844326972961,0.6985445618629456,0.6571520566940308,0.6860018968582153,0.6071165800094604,0.6708511114120483,0.5703514218330383,0.7237638235092163,0.7554733157157898,0.7188743948936462,0.6645703911781311,0.7083306908607483,0.6115118265151978,0.6959152817726135,0.5683366060256958,0.7427849769592285,0.7773423790931702,0.741275429725647,0.7003334164619446,0.7365535497665405,0.6520752906799316,0.7318071722984314,0.6077373027801514,ok,05067,C:/Users/Javier/PIDS_HandPose/work/HAR_mediapipe/data/gestos_pids/train//ok/ok_05067.jpg
0.2535729706287384,0.779795229434967,0.2918952703475952,0.7448903918266296,0.3143923282623291,0.6850554943084717,0.32916316390037537,0.6415103673934937,0.34314581751823425,0.5985133647918701,0.2868666648864746,0.611152172088623,0.30220696330070496,0.5588551163673401,0.319838285446167,0.5637395977973938,0.3353065848350525,0.5796778202056885,0.2760917842388153,0.6053577065467834,0.29361066222190857,0.5409545302391052,0.31303682923316956,0.5103780627250671,0.3329954147338867,0.48870110511779785,0.26322877407073975,0.6100422143936157,0.28258106112480164,0.544933021068573,0.30133023858070374,0.5060826539993286,0.3194617033004761,0.47792404890060425,0.24954906105995178,0.6224836111068726,0.2668105363845825,0.5653195381164551,0.2805650532245636,0.5255876183509827,0.29388707876205444,0.4935222268104553,ok,05068,C:/Users/Javier/PIDS_HandPose/work/HAR_mediapipe/data/gestos_pids/train//ok/ok_05068.jpg
0.23728954792022705,0.7941408157348633,0.2803928554058075,0.7607237100601196,0.30771404504776,0.7036854028701782,0.32129719853401184,0.6583808064460754,0.3358609974384308,0.614648699760437,0.2832355499267578,0.6207262277603149,0.30092692375183105,0.5729618668556213,0.31725630164146423,0.5801184177398682,0.33148667216300964,0.5970079898834229,0.27142927050590515,0.6139829754829407,0.29013654589653015,0.5498913526535034,0.3105599880218506,0.5236189365386963,0.33165833353996277,0.5064460635185242,0.2570402920246124,0.6185355186462402,0.2769865095615387,0.5517165064811707,0.2963081896305084,0.5167901515960693,0.3155769109725952,0.49397480487823486,0.24040667712688446,0.6323292255401611,0.2587326765060425,0.5780158638954163,0.2736264765262604,0.542077898979187,0.2878998816013336,0.514267086982727,ok,05069,C:/Users/Javier/PIDS_HandPose/work/HAR_mediapipe/data/gestos_pids/train//ok/ok_05069.jpg
0.66203373670578,0.9166505336761475,0.625259280204773,0.8745523691177368,0.6012746691703796,0.8033134341239929,0.5887793302536011,0.7451772689819336,0.5950503349304199,0.7049077153205872,0.6352845430374146,0.7244860529899597,0.6257330179214478,0.6634743809700012,0.6110287308692932,0.6718635559082031,0.5997139811515808,0.6955726146697998,0.6496156454086304,0.7159258127212524,0.6405060291290283,0.6427037715911865,0.6273608207702637,0.6001099348068237,0.6135368943214417,0.5700424313545227,0.6642430424690247,0.7213178277015686,0.6572272777557373,0.6457568407058716,0.6457861661911011,0.6001235842704773,0.6343936324119568,0.56636643409729,0.6783490777015686,0.738380491733551,0.674518883228302,0.67624831199646,0.669099748134613,0.6357945799827576,0.6644900441169739,0.600470781326294,ok,05070,C:/Users/Javier/PIDS_HandPose/work/HAR_mediapipe/data/gestos_pids/train//ok/ok_05070.jpg
