x0,y0,x1,y1,x2,y2,x3,y3,x4,y4,x5,y5,x6,y6,x7,y7,x8,y8,x9,y9,x10,y10,x11,y11,x12,y12,x13,y13,x14,y14,x15,y15,x16,y16,x17,y17,x18,y18,x19,y19,x20,y20,label,frame,path
0.465679794549942,0.7745039463043213,0.47316819429397583,0.7042341232299805,0.4961588382720947,0.6634518504142761,0.5232269167900085,0.6546356081962585,0.5407671928405762,0.6552290916442871,0.5183092951774597,0.6467581391334534,0.5478175282478333,0.6080099940299988,0.5610052347183228,0.5863230228424072,0.5674354434013367,0.572459876537323,0.534538984298706,0.6766524314880371,0.5772388577461243,0.6480823755264282,0.6075233221054077,0.6332485675811768,0.628964900970459,0.627932071685791,0.5437460541725159,0.7166951894760132,0.5601998567581177,0.7204450368881226,0.5515819191932678,0.7272115349769592,0.5395421981811523,0.7328991293907166,0.5478617548942566,0.760413408279419,0.555925190448761,0.7607027888298035,0.5478580594062805,0.7660085558891296,0.5379514694213867,0.7698589563369751,scissors,01001,C:/Users/Javier/PIDS_HandPose/work/HAR_mediapipe/data/gestos_pids/train//scissors/scissors_01001.jpg
0.37609317898750305,0.7511619925498962,0.3610847294330597,0.6920532584190369,0.3678097128868103,0.6504234671592712,0.3872678279876709,0.6283387541770935,0.4020565450191498,0.6222983002662659,0.3785546123981476,0.6097241044044495,0.38535982370376587,0.5398805141448975,0.38807663321495056,0.4946991205215454,0.3909083902835846,0.4638231098651886,0.3976520299911499,0.6200761795043945,0.423122763633728,0.5588428974151611,0.4392552077770233,0.5232442617416382,0.451229453086853,0.49776947498321533,0.41465580463409424,0.6397777795791626,0.42179763317108154,0.622668445110321,0.41527000069618225,0.6372776627540588,0.4098372161388397,0.6500886082649231,0.4270169734954834,0.6639735698699951,0.42900246381759644,0.6504729390144348,0.4229399859905243,0.664177417755127,0.41874074935913086,0.6761116981506348,scissors,01002,C:/Users/Javier/PIDS_HandPose/work/HAR_mediapipe/data/gestos_pids/train//scissors/scissors_01002.jpg
0.37095457315444946,0.7472785115242004,0.3594844937324524,0.6917327642440796,0.3658333718776703,0.6545356512069702,0.3844972848892212,0.6339331865310669,0.39915594458580017,0.6257501244544983,0.38040077686309814,0.6040186882019043,0.3913571536540985,0.5432653427124023,0.3963277041912079,0.5032244324684143,0.40158602595329285,0.47735029458999634,0.40056312084198,0.6181764006614685,0.4267636835575104,0.5614761114120483,0.4445636570453644,0.529816210269928,0.4585568308830261,0.508915901184082,0.4165577292442322,0.6431487202644348,0.42586660385131836,0.6217697262763977,0.41754835844039917,0.6369503140449524,0.4110497534275055,0.6507465243339539,0.4273189902305603,0.6727415919303894,0.42893609404563904,0.6522833704948425,0.42205411195755005,0.6662573218345642,0.41753950715065,0.6803882122039795,scissors,01003,C:/Users/Javier/PIDS_HandPose/work/HAR_mediapipe/data/gestos_pids/train//scissors/scissors_01003.jpg
0.3578072190284729,0.7278599739074707,0.37479478120803833,0.6970418095588684,0.37859228253364563,0.6554996967315674,0.3621542155742645,0.6383363008499146,0.34257790446281433,0.6285924315452576,0.36264267563819885,0.5839483141899109,0.3624599874019623,0.5298625826835632,0.3609783351421356,0.494326651096344,0.35763275623321533,0.46426278352737427,0.34209153056144714,0.5956245064735413,0.32306182384490967,0.5426617860794067,0.31229862570762634,0.5110452175140381,0.3021201193332672,0.48524734377861023,0.3273947536945343,0.6211132407188416,0.3189292252063751,0.6013836860656738,0.3327356278896332,0.6322399377822876,0.3418644070625305,0.6523256301879883,0.31680065393447876,0.6531375050544739,0.3122968077659607,0.6370830535888672,0.3239872455596924,0.6547214388847351,0.33389008045196533,0.6664828062057495,scissors,01004,C:/Users/Javier/PIDS_HandPose/work/HAR_mediapipe/data/gestos_pids/train//scissors/scissors_01004.jpg
0.33882319927215576,0.7454932928085327,0.35717466473579407,0.7083074450492859,0.3639315366744995,0.6732157468795776,0.3580417037010193,0.652572751045227,0.34125983715057373,0.6553201675415039,0.3290640413761139,0.5989535450935364,0.3216247856616974,0.5432404279708862,0.31671833992004395,0.508833110332489,0.31023111939430237,0.4800557494163513,0.31247788667678833,0.6211514472961426,0.28407251834869385,0.5793068408966064,0.2677879333496094,0.5494820475578308,0.25478291511535645,0.5245928168296814,0.3027096688747406,0.6555715203285217,0.2991366684436798,0.6351771354675293,0.3212564289569855,0.6492019295692444,0.3386574983596802,0.6629663109779358,0.29786181449890137,0.6929800510406494,0.29547056555747986,0.6707004308700562,0.3124302923679352,0.6734127998352051,0.32923397421836853,0.676563024520874,scissors,01005,C:/Users/Javier/PIDS_HandPose/work/HAR_mediapipe/data/gestos_pids/train//scissors/scissors_01005.jpg
0.5963886380195618,0.7146162986755371,0.6036513447761536,0.6633098125457764,0.6012217998504639,0.612456202507019,0.5993049144744873,0.5736489295959473,0.6046603322029114,0.5476329922676086,0.5949829816818237,0.5835301280021667,0.5670216679573059,0.5488513112068176,0.5618378520011902,0.5671494007110596,0.5666685104370117,0.5805169343948364,0.5857205986976624,0.5974624752998352,0.5538594722747803,0.5788721442222595,0.5545569658279419,0.5981693267822266,0.5627086758613586,0.6096897721290588,0.5758006572723389,0.6176806092262268,0.5484268069267273,0.6112037301063538,0.5512692332267761,0.6269783973693848,0.5602370500564575,0.6343579888343811,0.5667563080787659,0.6400517821311951,0.5477266907691956,0.6354992389678955,0.5512194633483887,0.6485168933868408,0.5586053729057312,0.654975175857544,scissors,01006,C:/Users/Javier/PIDS_HandPose/work/HAR_mediapipe/data/gestos_pids/train//scissors/scissors_01006.jpg
0.3195765018463135,0.7824105024337769,0.34235879778862,0.7286201119422913,0.3471488058567047,0.6878547072410583,0.3470897376537323,0.6877903938293457,0.3321930766105652,0.7150540351867676,0.29530465602874756,0.6349561214447021,0.26958590745925903,0.5914697647094727,0.2525283396244049,0.5561184883117676,0.23706087470054626,0.529584527015686,0.28287896513938904,0.6715568900108337,0.2507140338420868,0.6635447144508362,0.23242521286010742,0.6526517271995544,0.21913385391235352,0.6369998455047607,0.27813196182250977,0.7154639363288879,0.2843495011329651,0.7161626815795898,0.3101954758167267,0.7235034704208374,0.3280569016933441,0.7205069065093994,0.2805296778678894,0.7523585557937622,0.29574090242385864,0.7405015826225281,0.31828251481056213,0.7374431490898132,0.33631590008735657,0.7255739569664001,scissors,01007,C:/Users/Javier/PIDS_HandPose/work/HAR_mediapipe/data/gestos_pids/train//scissors/scissors_01007.jpg
0.23859448730945587,0.7652418613433838,0.24002376198768616,0.7118769884109497,0.22898665070533752,0.6569027900695801,0.2276279330253601,0.6317476034164429,0.22353309392929077,0.6276066303253174,0.18502773344516754,0.6146001815795898,0.15092335641384125,0.5704732537269592,0.12847238779067993,0.5408415794372559,0.1077013909816742,0.5164749622344971,0.1887916624546051,0.6365028619766235,0.14322428405284882,0.6399202942848206,0.11660438030958176,0.6402398347854614,0.09524482488632202,0.630450427532196,0.19732116162776947,0.6679280400276184,0.17768222093582153,0.6823512315750122,0.19951482117176056,0.699843168258667,0.2175321727991104,0.7004744410514832,0.21100136637687683,0.6959643959999084,0.2001219540834427,0.6906942129135132,0.21641284227371216,0.6951764225959778,0.23211397230625153,0.6882656216621399,scissors,01008,C:/Users/Javier/PIDS_HandPose/work/HAR_mediapipe/data/gestos_pids/train//scissors/scissors_01008.jpg
0.22029878199100494,0.6182096004486084,0.23745575547218323,0.5691680312156677,0.22798661887645721,0.5252977609634399,0.20811641216278076,0.507965087890625,0.18731456995010376,0.5131658315658569,0.18464186787605286,0.4855365455150604,0.15189401805400848,0.437835156917572,0.13228833675384521,0.4024330675601959,0.11467578262090683,0.37356847524642944,0.18088410794734955,0.5115966200828552,0.14124831557273865,0.4946092367172241,0.11691636592149734,0.48466017842292786,0.09714987128973007,0.47267431020736694,0.18072092533111572,0.547089695930481,0.16300992667675018,0.5373913645744324,0.18673264980316162,0.5461986064910889,0.20733946561813354,0.5471937656402588,0.18263113498687744,0.5780963897705078,0.1734670102596283,0.5601709485054016,0.1930902749300003,0.5555272102355957,0.21325412392616272,0.5423498749732971,scissors,01009,C:/Users/Javier/PIDS_HandPose/work/HAR_mediapipe/data/gestos_pids/train//scissors/scissors_01009.jpg
0.21353664994239807,0.716247022151947,0.23278582096099854,0.6478683948516846,0.22804047167301178,0.6014418005943298,0.20935027301311493,0.5938303470611572,0.18483325839042664,0.6106185913085938,0.16385476291179657,0.5453621745109558,0.12231557816267014,0.504224419593811,0.09747270494699478,0.48364847898483276,0.07302593439817429,0.46748992800712585,0.1528419852256775,0.5825923085212708,0.10432319343090057,0.5745189189910889,0.0728888288140297,0.5679709315299988,0.04634790122509003,0.556054413318634,0.1515602469444275,0.6273601055145264,0.14301814138889313,0.6226174235343933,0.17182230949401855,0.627795398235321,0.19495928287506104,0.6269465088844299,0.15559636056423187,0.665306031703949,0.15315835177898407,0.6487519145011902,0.17595788836479187,0.6457812190055847,0.19952689111232758,0.6359245181083679,scissors,01010,C:/Users/Javier/PIDS_HandPose/work/HAR_mediapipe/data/gestos_pids/train//scissors/scissors_01010.jpg
0.4161611497402191,0.7103766202926636,0.43286433815956116,0.6548824310302734,0.457902193069458,0.6083704829216003,0.48222336173057556,0.6084561347961426,0.48773542046546936,0.6185994148254395,0.4243604242801666,0.5675029158592224,0.4123496115207672,0.5052822232246399,0.40291768312454224,0.46807950735092163,0.39144712686538696,0.43870532512664795,0.4144449532032013,0.5876429677009583,0.41001883149147034,0.5642934441566467,0.40383145213127136,0.5497035384178162,0.39081844687461853,0.5401139855384827,0.41309529542922974,0.622029721736908,0.44474831223487854,0.6290033459663391,0.46027544140815735,0.6358321905136108,0.4622529447078705,0.6352638602256775,0.41639888286590576,0.6571905612945557,0.4507397711277008,0.653290331363678,0.46047520637512207,0.6514970064163208,0.4632473289966583,0.6434147953987122,scissors,01011,C:/Users/Javier/PIDS_HandPose/work/HAR_mediapipe/data/gestos_pids/train//scissors/scissors_01011.jpg
0.45355191826820374,0.7118058204650879,0.4778306782245636,0.6854546070098877,0.48832839727401733,0.645004391670227,0.4762703776359558,0.6178269386291504,0.4594595730304718,0.600680947303772,0.4748532176017761,0.5543588399887085,0.47570285201072693,0.4930575489997864,0.47606995701789856,0.45579490065574646,0.4749564230442047,0.42154067754745483,0.453429639339447,0.5633448958396912,0.4374162554740906,0.4972495436668396,0.4288632571697235,0.4582221508026123,0.4216229319572449,0.4246925115585327,0.4361429214477539,0.58775395154953,0.42876169085502625,0.5545721054077148,0.4437657296657562,0.5885234475135803,0.45718473196029663,0.6158301830291748,0.42222800850868225,0.6195991635322571,0.41834187507629395,0.5933352112770081,0.43058905005455017,0.6113317608833313,0.44389352202415466,0.6266027092933655,scissors,01012,C:/Users/Javier/PIDS_HandPose/work/HAR_mediapipe/data/gestos_pids/train//scissors/scissors_01012.jpg
0.3590632379055023,0.6666415929794312,0.3876013159751892,0.6163572669029236,0.4020910859107971,0.5833457112312317,0.4147907495498657,0.5965749025344849,0.41912609338760376,0.6345379948616028,0.3618430495262146,0.5449185371398926,0.34976017475128174,0.5028529763221741,0.3376908302307129,0.4737241864204407,0.3249603807926178,0.4510144591331482,0.3461361229419708,0.5775324106216431,0.32853275537490845,0.5734983086585999,0.31345272064208984,0.5675435662269592,0.30333104729652405,0.564983069896698,0.3428718149662018,0.6207253932952881,0.36726436018943787,0.6319236159324646,0.3906421959400177,0.6374310255050659,0.4055178761482239,0.6390666961669922,0.3460805416107178,0.6564136147499084,0.3784790635108948,0.6561969518661499,0.39864903688430786,0.658936083316803,0.41462063789367676,0.6543034315109253,scissors,01013,C:/Users/Javier/PIDS_HandPose/work/HAR_mediapipe/data/gestos_pids/train//scissors/scissors_01013.jpg
0.3039332926273346,0.7173511981964111,0.31097713112831116,0.6763780117034912,0.3314145505428314,0.6324718594551086,0.3639509081840515,0.6338984370231628,0.3745851516723633,0.6542351245880127,0.29923126101493835,0.580686092376709,0.2782749831676483,0.5380812883377075,0.2594919502735138,0.5120856761932373,0.24339139461517334,0.4956195652484894,0.30512967705726624,0.5998586416244507,0.2778812050819397,0.6098909974098206,0.2534617781639099,0.6177881360054016,0.23311465978622437,0.6244191527366638,0.314240425825119,0.6331055760383606,0.31977608799934387,0.6519547700881958,0.32244640588760376,0.6691752076148987,0.32163429260253906,0.6751270294189453,0.3267640769481659,0.662388265132904,0.33544498682022095,0.6749052405357361,0.33163174986839294,0.6916078925132751,0.32792478799819946,0.6936182975769043,scissors,01014,C:/Users/Javier/PIDS_HandPose/work/HAR_mediapipe/data/gestos_pids/train//scissors/scissors_01014.jpg
0.4525285065174103,0.7064197063446045,0.46122288703918457,0.6565381288528442,0.48501965403556824,0.6026816964149475,0.4963339567184448,0.5681344270706177,0.48878228664398193,0.539615273475647,0.4801658093929291,0.641273021697998,0.4906212091445923,0.6430609226226807,0.48919692635536194,0.6406524181365967,0.48552176356315613,0.632529079914093,0.4824392795562744,0.6920925378799438,0.5188285708427429,0.6901410222053528,0.5284624695777893,0.6854742169380188,0.5290742516517639,0.6775603890419006,0.4890174865722656,0.7292230725288391,0.5281140804290771,0.7163742780685425,0.5370690226554871,0.6987402439117432,0.5374363660812378,0.6822148561477661,0.49767982959747314,0.7506734728813171,0.5270794034004211,0.7269173264503479,0.529715895652771,0.707869291305542,0.5270229578018188,0.69405597448349,scissors,01015,C:/Users/Javier/PIDS_HandPose/work/HAR_mediapipe/data/gestos_pids/train//scissors/scissors_01015.jpg
0.5649954080581665,0.7045425176620483,0.5857404470443726,0.6459841132164001,0.6177021861076355,0.6334275603294373,0.6463280916213989,0.6534646153450012,0.663025438785553,0.6786782145500183,0.6328054070472717,0.6161603927612305,0.6756301522254944,0.6018640995025635,0.7024258971214294,0.5924142003059387,0.723698079586029,0.5872617959976196,0.6353503465652466,0.659848690032959,0.6855373382568359,0.6752400994300842,0.7143495678901672,0.6866077780723572,0.7371100783348083,0.695670485496521,0.6351292133331299,0.7037391066551208,0.6762970089912415,0.7202589511871338,0.6674155592918396,0.7137912511825562,0.6531579494476318,0.7071483731269836,0.6334103941917419,0.7429372072219849,0.6638818383216858,0.7446627020835876,0.6571643352508545,0.73605877161026,0.6459337472915649,0.7319501638412476,scissors,01016,C:/Users/Javier/PIDS_HandPose/work/HAR_mediapipe/data/gestos_pids/train//scissors/scissors_01016.jpg
0.5731635689735413,0.7072319984436035,0.5916022062301636,0.6463792324066162,0.6235239505767822,0.6342933773994446,0.6492262482643127,0.6562755703926086,0.6611220240592957,0.6835737228393555,0.6395193934440613,0.6215423345565796,0.6856188178062439,0.6080530881881714,0.7122095227241516,0.6007403135299683,0.732350766658783,0.5984127521514893,0.6452321410179138,0.6655266880989075,0.6936624050140381,0.676432728767395,0.7232493162155151,0.6850714683532715,0.7461414337158203,0.6953690052032471,0.6446276903152466,0.7077913880348206,0.6726109981536865,0.7107731699943542,0.6613298058509827,0.7038176655769348,0.6472335457801819,0.7004976272583008,0.6403633952140808,0.7432553768157959,0.6581746935844421,0.7341893911361694,0.6494385600090027,0.7273749709129333,0.6385543346405029,0.727171778678894,scissors,01017,C:/Users/Javier/PIDS_HandPose/work/HAR_mediapipe/data/gestos_pids/train//scissors/scissors_01017.jpg
0.5684543251991272,0.7083796262741089,0.5867919325828552,0.6465045809745789,0.6166687607765198,0.633609414100647,0.6392991542816162,0.6488863825798035,0.6507078409194946,0.6696362495422363,0.6363041996955872,0.6306585669517517,0.679190456867218,0.619513213634491,0.7038701176643372,0.6138970255851746,0.72232985496521,0.6122218370437622,0.6413102149963379,0.674730122089386,0.6840893030166626,0.6863498091697693,0.7111947536468506,0.6937739849090576,0.7305219769477844,0.7020384073257446,0.6382550001144409,0.7151326537132263,0.6501238942146301,0.707768976688385,0.6389144659042358,0.7006369829177856,0.6264491081237793,0.6997718811035156,0.6316150426864624,0.746900737285614,0.6349701881408691,0.7309985160827637,0.6264338493347168,0.7251842617988586,0.6165624260902405,0.725814938545227,scissors,01018,C:/Users/Javier/PIDS_HandPose/work/HAR_mediapipe/data/gestos_pids/train//scissors/scissors_01018.jpg
0.5565980076789856,0.722436785697937,0.5798333883285522,0.6680329442024231,0.6088380813598633,0.6629247665405273,0.6283039450645447,0.6853983998298645,0.6355018615722656,0.7115546464920044,0.6272487044334412,0.661521852016449,0.6700001358985901,0.6584646701812744,0.6954572200775146,0.6592731475830078,0.7141385674476624,0.6617829203605652,0.6291618943214417,0.7070760130882263,0.6702391505241394,0.7300911545753479,0.6979198455810547,0.7463541030883789,0.7181679010391235,0.761250913143158,0.6234505772590637,0.7458850145339966,0.6341502666473389,0.7412031888961792,0.6230989694595337,0.7336549758911133,0.6107266545295715,0.7299632430076599,0.6147511601448059,0.7749470472335815,0.6192702054977417,0.7578164935112,0.6115044355392456,0.7520573139190674,0.6017856001853943,0.7495351433753967,scissors,01019,C:/Users/Javier/PIDS_HandPose/work/HAR_mediapipe/data/gestos_pids/train//scissors/scissors_01019.jpg
0.5522397756576538,0.7318220138549805,0.5721531510353088,0.6806960701942444,0.601130485534668,0.6753560304641724,0.621234118938446,0.699607789516449,0.6304773688316345,0.7241578698158264,0.6141768097877502,0.6755199432373047,0.6547009944915771,0.6679395437240601,0.6783308982849121,0.6691034436225891,0.6954177618026733,0.6737395524978638,0.6158828139305115,0.720973551273346,0.6536089181900024,0.736791729927063,0.6783173084259033,0.7498781085014343,0.6969383955001831,0.7645817995071411,0.6111516952514648,0.7579447031021118,0.6274690628051758,0.7468616366386414,0.6146239638328552,0.7370585203170776,0.6017588973045349,0.7358267307281494,0.6041040420532227,0.7856348156929016,0.6142521500587463,0.7632331848144531,0.6055353283882141,0.7552950382232666,0.595758318901062,0.7550535798072815,scissors,01020,C:/Users/Javier/PIDS_HandPose/work/HAR_mediapipe/data/gestos_pids/train//scissors/scissors_01020.jpg
0.4443381428718567,0.6688772439956665,0.46643775701522827,0.610802948474884,0.49609604477882385,0.5942320227622986,0.5209532976150513,0.6124048233032227,0.5345438718795776,0.6358824968338013,0.5129415392875671,0.5814806222915649,0.5534842014312744,0.560626745223999,0.5784733891487122,0.5500150918960571,0.5971434712409973,0.5434913635253906,0.5217022895812988,0.6216623187065125,0.5651373267173767,0.6260703802108765,0.5927353501319885,0.631975531578064,0.6120775938034058,0.6396504640579224,0.5250592231750488,0.6642652153968811,0.5411967039108276,0.6725271344184875,0.5301926136016846,0.6727867126464844,0.5178862810134888,0.6728745102882385,0.52475506067276,0.7030009627342224,0.5335984826087952,0.7059378623962402,0.5230161547660828,0.7038540840148926,0.5117202997207642,0.7023960947990417,scissors,01021,C:/Users/Javier/PIDS_HandPose/work/HAR_mediapipe/data/gestos_pids/train//scissors/scissors_01021.jpg
0.3168060779571533,0.4315977394580841,0.328078955411911,0.3815082609653473,0.355671226978302,0.36161646246910095,0.38232070207595825,0.3650282323360443,0.4001382887363434,0.37447988986968994,0.36261484026908875,0.3300643861293793,0.3957928717136383,0.29782402515411377,0.41780200600624084,0.2779044210910797,0.4346781373023987,0.262580931186676,0.3662640154361725,0.35719436407089233,0.4081708788871765,0.34543853998184204,0.43404650688171387,0.3394780457019806,0.45572349429130554,0.3327251374721527,0.36870723962783813,0.3912521302700043,0.40604662895202637,0.4085015654563904,0.3969155550003052,0.41441935300827026,0.3862385153770447,0.4130329489707947,0.3700779676437378,0.42646825313568115,0.3982435464859009,0.4392230212688446,0.38870248198509216,0.4405556321144104,0.37776610255241394,0.43668949604034424,scissors,01022,C:/Users/Javier/PIDS_HandPose/work/HAR_mediapipe/data/gestos_pids/train//scissors/scissors_01022.jpg
0.19633135199546814,0.4257420003414154,0.20740041136741638,0.38280344009399414,0.23381979763507843,0.36008206009864807,0.2610470652580261,0.3654719889163971,0.28015440702438354,0.37598201632499695,0.22833098471164703,0.32226037979125977,0.25683438777923584,0.28613704442977905,0.2764708399772644,0.2646123170852661,0.29177170991897583,0.24763649702072144,0.22812393307685852,0.34425169229507446,0.2663666307926178,0.32585954666137695,0.2911093235015869,0.3188811242580414,0.3088209331035614,0.31259283423423767,0.23006053268909454,0.3752993047237396,0.26976242661476135,0.3847232758998871,0.2769652009010315,0.3911915719509125,0.27629444003105164,0.39169731736183167,0.23368218541145325,0.40896785259246826,0.2650602459907532,0.41434136033058167,0.262731671333313,0.41698530316352844,0.2549513578414917,0.41663050651550293,scissors,01023,C:/Users/Javier/PIDS_HandPose/work/HAR_mediapipe/data/gestos_pids/train//scissors/scissors_01023.jpg
0.14729531109333038,0.5178235173225403,0.16051867604255676,0.48491472005844116,0.15405432879924774,0.4376300871372223,0.1276429146528244,0.4147287905216217,0.10725009441375732,0.39668530225753784,0.1568177193403244,0.3746494650840759,0.16199150681495667,0.3198241889476776,0.16453583538532257,0.28408920764923096,0.16605401039123535,0.252821147441864,0.1365499347448349,0.3754408657550812,0.1262945979833603,0.3221619129180908,0.11821356415748596,0.287285178899765,0.11215662956237793,0.25966835021972656,0.12025102972984314,0.39329126477241516,0.10590602457523346,0.36539870500564575,0.10760150849819183,0.3834342360496521,0.11023874580860138,0.3987128734588623,0.10840491205453873,0.4213053286075592,0.09787584841251373,0.4029785692691803,0.09792827069759369,0.40568408370018005,0.09978532791137695,0.40867722034454346,scissors,01024,C:/Users/Javier/PIDS_HandPose/work/HAR_mediapipe/data/gestos_pids/train//scissors/scissors_01024.jpg
0.1505863070487976,0.5125210285186768,0.16016247868537903,0.47928813099861145,0.15135234594345093,0.4386177361011505,0.1243576854467392,0.4193589985370636,0.10366551578044891,0.40572744607925415,0.14737311005592346,0.378752738237381,0.14551301300525665,0.3216645419597626,0.1436883509159088,0.28718745708465576,0.14161090552806854,0.25713881850242615,0.13006766140460968,0.38507071137428284,0.1142062395811081,0.334504097700119,0.10315240919589996,0.30430856347084045,0.09510768949985504,0.2792481780052185,0.11746955662965775,0.4050275683403015,0.1021346002817154,0.3839052617549896,0.10429064929485321,0.39600351452827454,0.10762007534503937,0.40688589215278625,0.11005748808383942,0.43298470973968506,0.09769243001937866,0.4154694080352783,0.09789299219846725,0.41711995005607605,0.10023535788059235,0.4203600585460663,scissors,01025,C:/Users/Javier/PIDS_HandPose/work/HAR_mediapipe/data/gestos_pids/train//scissors/scissors_01025.jpg
0.47640225291252136,0.4604330062866211,0.5014153122901917,0.45131319761276245,0.5206542015075684,0.4249301552772522,0.5297611355781555,0.3980488181114197,0.5247550010681152,0.37277963757514954,0.5164390802383423,0.3498688340187073,0.5279565453529358,0.29767319560050964,0.5359132289886475,0.2633385956287384,0.5413862466812134,0.23384876549243927,0.5019247531890869,0.3466370403766632,0.499991238117218,0.2854476571083069,0.5011584758758545,0.2516360282897949,0.5029728412628174,0.22151218354701996,0.48625701665878296,0.3553576171398163,0.4982281029224396,0.32139939069747925,0.50970858335495,0.34894540905952454,0.5128573775291443,0.37401172518730164,0.4710569381713867,0.36947858333587646,0.4841102659702301,0.3444628417491913,0.4955478310585022,0.3631899952888489,0.5018253922462463,0.3838084936141968,scissors,01026,C:/Users/Javier/PIDS_HandPose/work/HAR_mediapipe/data/gestos_pids/train//scissors/scissors_01026.jpg
0.7323951125144958,0.4867804944515228,0.7633475661277771,0.5046025514602661,0.784237265586853,0.4911927282810211,0.8020445704460144,0.4805128574371338,0.8151101469993591,0.4631049931049347,0.7776110172271729,0.4119899272918701,0.7905232310295105,0.3777426481246948,0.7992992997169495,0.352725625038147,0.8038627505302429,0.3282458484172821,0.7733777761459351,0.40185222029685974,0.796553909778595,0.37063369154930115,0.8111193180084229,0.3587077260017395,0.8192352652549744,0.3439262807369232,0.7699980139732361,0.4043487310409546,0.8031837940216064,0.40336093306541443,0.8089101314544678,0.43424955010414124,0.8025401830673218,0.4520740211009979,0.770382821559906,0.4182010293006897,0.7994152903556824,0.41793292760849,0.8064068555831909,0.4384338855743408,0.8031701445579529,0.4546199440956116,scissors,01027,C:/Users/Javier/PIDS_HandPose/work/HAR_mediapipe/data/gestos_pids/train//scissors/scissors_01027.jpg
0.677692174911499,0.4488135278224945,0.7016838788986206,0.46881285309791565,0.729020893573761,0.46035143733024597,0.7466033101081848,0.4315403997898102,0.752633810043335,0.40337425470352173,0.7416427135467529,0.44114983081817627,0.767012357711792,0.44320353865623474,0.7839613556861877,0.4372389316558838,0.798033595085144,0.4311651885509491,0.7376424670219421,0.4136104881763458,0.7613039612770081,0.3780405521392822,0.7761419415473938,0.35527053475379944,0.7851630449295044,0.3377406597137451,0.729222297668457,0.3942541480064392,0.7512029409408569,0.37074097990989685,0.7480978965759277,0.3879092335700989,0.7389053702354431,0.4029120206832886,0.718757688999176,0.38038456439971924,0.7361302971839905,0.3600700795650482,0.7387471795082092,0.3720799386501312,0.735519528388977,0.3884199261665344,scissors,01028,C:/Users/Javier/PIDS_HandPose/work/HAR_mediapipe/data/gestos_pids/train//scissors/scissors_01028.jpg
0.6997288465499878,0.355368047952652,0.729433000087738,0.38091981410980225,0.7589927911758423,0.37881049513816833,0.7776466012001038,0.35594800114631653,0.7866851687431335,0.32904520630836487,0.7613949179649353,0.39333751797676086,0.7750349640846252,0.40594175457954407,0.7843553423881531,0.4113529920578003,0.7918142676353455,0.4155704379081726,0.7624965906143188,0.36483845114707947,0.7801562547683716,0.35705122351646423,0.7848953604698181,0.35485267639160156,0.7849702835083008,0.3561660945415497,0.7587071061134338,0.339050829410553,0.7769719958305359,0.32948583364486694,0.7787183523178101,0.3334699273109436,0.7747965455055237,0.33805689215660095,0.7517799735069275,0.3153289258480072,0.7693009376525879,0.30519190430641174,0.77358078956604,0.30995774269104004,0.7701749801635742,0.3209546208381653,scissors,01029,C:/Users/Javier/PIDS_HandPose/work/HAR_mediapipe/data/gestos_pids/train//scissors/scissors_01029.jpg
0.7347154021263123,0.33315107226371765,0.7676549553871155,0.3567280173301697,0.7943035364151001,0.3493684232234955,0.8103042840957642,0.320125937461853,0.8114525079727173,0.28856754302978516,0.7921446561813354,0.35934001207351685,0.8058004379272461,0.3657381236553192,0.8142147660255432,0.36686059832572937,0.8208587765693665,0.36903131008148193,0.7902992963790894,0.331356406211853,0.8086482286453247,0.31933265924453735,0.810010552406311,0.31537744402885437,0.8047879338264465,0.3174704313278198,0.7854081988334656,0.30722254514694214,0.8039065003395081,0.2909800708293915,0.8063116073608398,0.2935386300086975,0.8010631799697876,0.30047720670700073,0.7773440480232239,0.2842121720314026,0.795373260974884,0.2709878385066986,0.8008386492729187,0.27266907691955566,0.7975727915763855,0.28370076417922974,scissors,01030,C:/Users/Javier/PIDS_HandPose/work/HAR_mediapipe/data/gestos_pids/train//scissors/scissors_01030.jpg
0.7164167761802673,0.3106301426887512,0.7322163581848145,0.3344171643257141,0.7585711479187012,0.33501341938972473,0.7769857048988342,0.3066895306110382,0.7850419282913208,0.27785801887512207,0.7805604338645935,0.3409121036529541,0.8072959780693054,0.36001139879226685,0.8258224129676819,0.3717476725578308,0.8408999443054199,0.38004782795906067,0.7825153470039368,0.31062591075897217,0.8109631538391113,0.30716195702552795,0.8305789828300476,0.3021160960197449,0.8466746807098389,0.2962915897369385,0.7771357893943787,0.2851036787033081,0.7982137799263,0.26665982604026794,0.7876557111740112,0.2748483121395111,0.7767037749290466,0.28298401832580566,0.766682505607605,0.2644160985946655,0.7834388613700867,0.2508481740951538,0.777245283126831,0.2615349292755127,0.7672359347343445,0.2740265727043152,scissors,01031,C:/Users/Javier/PIDS_HandPose/work/HAR_mediapipe/data/gestos_pids/train//scissors/scissors_01031.jpg
0.7568821310997009,0.561066210269928,0.7344701886177063,0.5647547245025635,0.7225744128227234,0.5549912452697754,0.7278307676315308,0.5669357180595398,0.7344077229499817,0.5783087611198425,0.7207551002502441,0.449028342962265,0.7052088379859924,0.3804469704627991,0.69593346118927,0.35036301612854004,0.691696047782898,0.3245682418346405,0.750632107257843,0.4406856596469879,0.7545576095581055,0.3494788408279419,0.7610762715339661,0.29221707582473755,0.7679844498634338,0.24439650774002075,0.7766857147216797,0.46203020215034485,0.7946332693099976,0.42375612258911133,0.8003104329109192,0.45141610503196716,0.8037875294685364,0.4773639738559723,0.8002903461456299,0.49321916699409485,0.8144593834877014,0.4862673580646515,0.8151092529296875,0.5098264217376709,0.8134269714355469,0.529352605342865,scissors,01033,C:/Users/Javier/PIDS_HandPose/work/HAR_mediapipe/data/gestos_pids/train//scissors/scissors_01033.jpg
0.7139726281166077,0.6561155319213867,0.691822350025177,0.5946568846702576,0.6797375679016113,0.5324477553367615,0.6703842282295227,0.5140331387519836,0.6665813326835632,0.5274085998535156,0.722041666507721,0.49320220947265625,0.7234214544296265,0.437208890914917,0.7283635139465332,0.4057878255844116,0.7343652248382568,0.37640267610549927,0.7541167140007019,0.5197561979293823,0.732661783695221,0.5219107270240784,0.71012943983078,0.5302753448486328,0.6897767186164856,0.5342282056808472,0.7723556756973267,0.5649018883705139,0.7269501090049744,0.584935188293457,0.695950984954834,0.5901154279708862,0.675256609916687,0.5877203941345215,0.777514636516571,0.6127908229827881,0.7325533628463745,0.6268011927604675,0.7036639451980591,0.6284205317497253,0.6841951608657837,0.626045286655426,scissors,01034,C:/Users/Javier/PIDS_HandPose/work/HAR_mediapipe/data/gestos_pids/train//scissors/scissors_01034.jpg
0.7594457864761353,0.6309911012649536,0.7697676420211792,0.5716515183448792,0.8055753707885742,0.5536736249923706,0.8352449536323547,0.5850257873535156,0.8548172116279602,0.6248453855514526,0.8396193981170654,0.5712770223617554,0.8742027282714844,0.5678883790969849,0.8986576795578003,0.5674737691879272,0.9180759787559509,0.5665172338485718,0.8452885746955872,0.6135766506195068,0.8831654191017151,0.6150301098823547,0.9074822664260864,0.6094955205917358,0.926103413105011,0.6019175052642822,0.842652440071106,0.6507381200790405,0.87778639793396,0.6592872738838196,0.8624866008758545,0.648299515247345,0.846265435218811,0.6405254006385803,0.8350817561149597,0.6863853335380554,0.8617299795150757,0.6885814070701599,0.8486524224281311,0.6729990839958191,0.831429660320282,0.6622638702392578,scissors,01035,C:/Users/Javier/PIDS_HandPose/work/HAR_mediapipe/data/gestos_pids/train//scissors/scissors_01035.jpg
0.7099999785423279,0.6669175624847412,0.7109809517860413,0.6035646796226501,0.7434808611869812,0.5731067657470703,0.7812131643295288,0.5963146686553955,0.8083510398864746,0.6251219511032104,0.7812163829803467,0.5373998284339905,0.8124688267707825,0.49294760823249817,0.8282294869422913,0.48086217045783997,0.8346720933914185,0.4744029641151428,0.7935475707054138,0.5814967155456543,0.8317025303840637,0.5653049945831299,0.8336935043334961,0.5723187923431396,0.8323274850845337,0.5771011710166931,0.7973294258117676,0.6213697195053101,0.8187280893325806,0.627337634563446,0.7903240323066711,0.6306933760643005,0.7699843645095825,0.6305424571037292,0.7946798205375671,0.6580612659454346,0.8104657530784607,0.6532047390937805,0.7889511585235596,0.6528810262680054,0.7713806629180908,0.6499521136283875,scissors,01038,C:/Users/Javier/PIDS_HandPose/work/HAR_mediapipe/data/gestos_pids/train//scissors/scissors_01038.jpg
0.7215239405632019,0.6652303338050842,0.7210776209831238,0.6061155796051025,0.7526809573173523,0.576297402381897,0.7914211750030518,0.5982658267021179,0.8241382241249084,0.6255415081977844,0.8001591563224792,0.5097885131835938,0.8353248834609985,0.4469311535358429,0.8613990545272827,0.4037151336669922,0.8814836144447327,0.3715886175632477,0.8149014711380005,0.5572141408920288,0.8580378293991089,0.5218542814254761,0.8855143785476685,0.5075495839118958,0.9093260169029236,0.49392619729042053,0.81721431016922,0.6049903631210327,0.8424187898635864,0.6063517928123474,0.8084949851036072,0.617380678653717,0.7837616205215454,0.6242227554321289,0.8140121102333069,0.6479384303092957,0.829214334487915,0.6404030323028564,0.8060017228126526,0.6466466784477234,0.7858814001083374,0.648697555065155,scissors,01039,C:/Users/Javier/PIDS_HandPose/work/HAR_mediapipe/data/gestos_pids/train//scissors/scissors_01039.jpg
0.7729352712631226,0.6622733473777771,0.7825239896774292,0.6091193556785583,0.8231245875358582,0.6072083711624146,0.8555392622947693,0.6523100733757019,0.8737699389457703,0.7000105381011963,0.854340672492981,0.6123334765434265,0.8895601034164429,0.6020020842552185,0.898585319519043,0.5982599854469299,0.8999766707420349,0.5929389595985413,0.8550689220428467,0.6580154895782471,0.8889738321304321,0.6887257099151611,0.8846670985221863,0.6877676248550415,0.8804792165756226,0.6793131232261658,0.8500017523765564,0.6940294504165649,0.8717393279075623,0.7279963493347168,0.8471174836158752,0.7020410299301147,0.8314135670661926,0.6800143718719482,0.8415567874908447,0.7240933179855347,0.8575560450553894,0.7360641956329346,0.8381085991859436,0.7133015990257263,0.8246027827262878,0.6948670744895935,scissors,01041,C:/Users/Javier/PIDS_HandPose/work/HAR_mediapipe/data/gestos_pids/train//scissors/scissors_01041.jpg
0.498771071434021,0.7839686870574951,0.4637639820575714,0.7200677394866943,0.4216937720775604,0.7171698212623596,0.3909517228603363,0.7530227303504944,0.3732040822505951,0.792634129524231,0.40197691321372986,0.715857744216919,0.3575797379016876,0.6882665753364563,0.331315815448761,0.6743674278259277,0.3097066283226013,0.6640880703926086,0.39489540457725525,0.7678276300430298,0.3390922546386719,0.7629520893096924,0.3029034435749054,0.757770836353302,0.2747880816459656,0.760475754737854,0.3969217836856842,0.8125934600830078,0.34562110900878906,0.8030783534049988,0.352601557970047,0.7825731039047241,0.36584508419036865,0.7766161561012268,0.40662848949432373,0.8459235429763794,0.36897122859954834,0.831529974937439,0.37116724252700806,0.8131325244903564,0.3812262713909149,0.8027794361114502,scissors,01042,C:/Users/Javier/PIDS_HandPose/work/HAR_mediapipe/data/gestos_pids/train//scissors/scissors_01042.jpg
0.4720253646373749,0.7592459321022034,0.4369487166404724,0.7003369927406311,0.39647376537323,0.6966131925582886,0.3671342730522156,0.731300413608551,0.35115328431129456,0.7692727446556091,0.37655550241470337,0.692714273929596,0.3294702470302582,0.6670807600021362,0.2995794117450714,0.657108724117279,0.27622631192207336,0.6521954536437988,0.37433063983917236,0.7427939176559448,0.31535178422927856,0.7477743029594421,0.27745321393013,0.7524987459182739,0.2521234452724457,0.7608349919319153,0.37857213616371155,0.7872008681297302,0.3357851505279541,0.7788509130477905,0.3460046350955963,0.7620685696601868,0.35963693261146545,0.7551824450492859,0.3881073594093323,0.8189420104026794,0.3603692054748535,0.7993084192276001,0.368245929479599,0.7842165231704712,0.3797205090522766,0.7735908031463623,scissors,01043,C:/Users/Javier/PIDS_HandPose/work/HAR_mediapipe/data/gestos_pids/train//scissors/scissors_01043.jpg
0.5726811289787292,0.7634159326553345,0.5278051495552063,0.6818647384643555,0.47033801674842834,0.6754263639450073,0.43086904287338257,0.7242141962051392,0.4100912809371948,0.7775570750236511,0.4447192847728729,0.670211136341095,0.3774270713329315,0.6345394849777222,0.33758437633514404,0.615572988986969,0.3050987720489502,0.6008065938949585,0.4376976490020752,0.7386215925216675,0.357666015625,0.7368779182434082,0.30734601616859436,0.7355188131332397,0.2700568437576294,0.7405005097389221,0.4402806758880615,0.8008251786231995,0.3797113597393036,0.7914177179336548,0.39352187514305115,0.7696617245674133,0.41225355863571167,0.7656517624855042,0.45115721225738525,0.8505966663360596,0.4067610204219818,0.8250911831855774,0.4162338078022003,0.8070206046104431,0.4315016269683838,0.8005203008651733,scissors,01045,C:/Users/Javier/PIDS_HandPose/work/HAR_mediapipe/data/gestos_pids/train//scissors/scissors_01045.jpg
0.6404290199279785,0.7827022075653076,0.5930876135826111,0.6889271140098572,0.529148519039154,0.674090564250946,0.48244497179985046,0.7217268347740173,0.4571104645729065,0.776832640171051,0.500471830368042,0.6622110605239868,0.42466408014297485,0.6195099949836731,0.38152050971984863,0.5948826670646667,0.3458348214626312,0.5744398832321167,0.49367138743400574,0.7377697229385376,0.40417128801345825,0.7266747951507568,0.34827181696891785,0.7192299365997314,0.30807530879974365,0.7208131551742554,0.4963005483150482,0.811642050743103,0.4180981516838074,0.8000383973121643,0.43850207328796387,0.7793164849281311,0.4645198881626129,0.7717077136039734,0.5083190202713013,0.8687585592269897,0.45120495557785034,0.8431304097175598,0.46421101689338684,0.8202852010726929,0.48428797721862793,0.8066797256469727,scissors,01046,C:/Users/Javier/PIDS_HandPose/work/HAR_mediapipe/data/gestos_pids/train//scissors/scissors_01046.jpg
0.7848806977272034,0.5661100745201111,0.7402066588401794,0.446143239736557,0.6698961853981018,0.4070297181606293,0.6171648502349854,0.44933053851127625,0.5924854874610901,0.5083151459693909,0.6524994969367981,0.388363778591156,0.5750716328620911,0.342998743057251,0.5319960117340088,0.3168897032737732,0.4944433867931366,0.2913573384284973,0.6510194540023804,0.46411946415901184,0.567100465297699,0.44964495301246643,0.5137353539466858,0.43582814931869507,0.472120076417923,0.43119773268699646,0.6512215733528137,0.5423935055732727,0.5680952072143555,0.533815860748291,0.5882406234741211,0.5199417471885681,0.6136214137077332,0.5127891302108765,0.6580447554588318,0.611041784286499,0.5940736532211304,0.5934463143348694,0.6083628535270691,0.5765244960784912,0.6318195462226868,0.5656071901321411,scissors,01047,C:/Users/Javier/PIDS_HandPose/work/HAR_mediapipe/data/gestos_pids/train//scissors/scissors_01047.jpg
0.6254652142524719,0.787007212638855,0.5757108926773071,0.6836879253387451,0.507763147354126,0.6686878204345703,0.45911192893981934,0.7231295108795166,0.43246856331825256,0.7842904329299927,0.4753093123435974,0.6623082160949707,0.39824235439300537,0.6233381032943726,0.3517568111419678,0.6043286323547363,0.31411808729171753,0.5901784300804138,0.4664756655693054,0.7424664497375488,0.37264567613601685,0.7492464780807495,0.3130252957344055,0.7463919520378113,0.2700349986553192,0.7506130933761597,0.469530314207077,0.8158813714981079,0.3980025053024292,0.8009023666381836,0.4177631735801697,0.7722442150115967,0.44317665696144104,0.7656024694442749,0.48299357295036316,0.8710606098175049,0.4286053776741028,0.8329223990440369,0.44194188714027405,0.8084760308265686,0.46297645568847656,0.7982928156852722,scissors,01048,C:/Users/Javier/PIDS_HandPose/work/HAR_mediapipe/data/gestos_pids/train//scissors/scissors_01048.jpg
0.5002212524414062,0.7036426067352295,0.4587284326553345,0.6069499254226685,0.40524277091026306,0.57558673620224,0.3625936508178711,0.6115719079971313,0.33592697978019714,0.6611923575401306,0.3795573115348816,0.5520416498184204,0.3197733163833618,0.5023857355117798,0.27737659215927124,0.4681040942668915,0.24456217885017395,0.43917787075042725,0.3857591450214386,0.614763617515564,0.2943294048309326,0.6204054951667786,0.23923605680465698,0.6171831488609314,0.20117394626140594,0.615723729133606,0.39256948232650757,0.6851298809051514,0.3211367130279541,0.7008451223373413,0.3384605348110199,0.6951653957366943,0.3618193566799164,0.6839125156402588,0.40335169434547424,0.7510911226272583,0.3437733054161072,0.7464924454689026,0.3581686019897461,0.7353193163871765,0.37787020206451416,0.7219334840774536,scissors,01049,C:/Users/Javier/PIDS_HandPose/work/HAR_mediapipe/data/gestos_pids/train//scissors/scissors_01049.jpg
0.5131180882453918,0.7439000010490417,0.46459195017814636,0.7741062045097351,0.41088369488716125,0.7264459133148193,0.4027116298675537,0.6411217451095581,0.41799911856651306,0.5716821551322937,0.3618953227996826,0.6285120844841003,0.31202825903892517,0.5506266951560974,0.28808048367500305,0.5035871863365173,0.26979684829711914,0.46441295742988586,0.38645920157432556,0.5790283679962158,0.3317374587059021,0.4883125126361847,0.302735298871994,0.43802186846733093,0.2804247736930847,0.39524567127227783,0.41931629180908203,0.555888831615448,0.3884495794773102,0.5038788914680481,0.40981075167655945,0.5776617527008057,0.4288943409919739,0.6246066093444824,0.45581790804862976,0.5506760478019714,0.43580111861228943,0.5676019787788391,0.4460909068584442,0.6304724812507629,0.4584490954875946,0.6659110188484192,scissors,01050,C:/Users/Javier/PIDS_HandPose/work/HAR_mediapipe/data/gestos_pids/train//scissors/scissors_01050.jpg
0.541606605052948,0.6646696329116821,0.4652552008628845,0.6621851921081543,0.4128144085407257,0.6430116891860962,0.37815210223197937,0.6735872030258179,0.3623218834400177,0.7089222073554993,0.39164993166923523,0.5304251909255981,0.33431607484817505,0.4675416648387909,0.30239343643188477,0.4196200370788574,0.27993321418762207,0.3743901252746582,0.4060371518135071,0.5297677516937256,0.33737313747406006,0.4784196615219116,0.29706835746765137,0.43005818128585815,0.2691270112991333,0.38680076599121094,0.42216384410858154,0.5618205070495605,0.3483048975467682,0.6195825338363647,0.36115723848342896,0.6756303906440735,0.3778401017189026,0.685151219367981,0.4377717971801758,0.6140561699867249,0.3795468807220459,0.6862472891807556,0.3853738307952881,0.7152798175811768,0.3981527090072632,0.7115637063980103,scissors,01051,C:/Users/Javier/PIDS_HandPose/work/HAR_mediapipe/data/gestos_pids/train//scissors/scissors_01051.jpg
0.5201991200447083,0.5825288891792297,0.47111988067626953,0.5102686882019043,0.41404256224632263,0.49982118606567383,0.37403184175491333,0.5452343821525574,0.35352498292922974,0.5961490273475647,0.3796418309211731,0.46235933899879456,0.3199630081653595,0.422777384519577,0.2835855185985565,0.39548009634017944,0.2538363039493561,0.3734031021595001,0.3768140375614166,0.5130046010017395,0.30868425965309143,0.5266134738922119,0.26529109477996826,0.5322186350822449,0.23321154713630676,0.5372135043144226,0.38271695375442505,0.5711926221847534,0.3390737771987915,0.6078493595123291,0.3612748682498932,0.6035754084587097,0.3823825418949127,0.593567430973053,0.39555513858795166,0.6275205016136169,0.3681584596633911,0.6493197083473206,0.38516902923583984,0.6408268809318542,0.4022149443626404,0.6268856525421143,scissors,01052,C:/Users/Javier/PIDS_HandPose/work/HAR_mediapipe/data/gestos_pids/train//scissors/scissors_01052.jpg
0.5141499638557434,0.3287219703197479,0.4409279227256775,0.2900177240371704,0.3808554410934448,0.3454169034957886,0.35096117854118347,0.42200881242752075,0.345218688249588,0.4878149628639221,0.3361584544181824,0.3692196011543274,0.27100029587745667,0.4246469736099243,0.23545747995376587,0.45062342286109924,0.20212477445602417,0.4751816689968109,0.35130754113197327,0.41250020265579224,0.30889296531677246,0.5346128344535828,0.2870086431503296,0.6040639877319336,0.2692375183105469,0.6587250232696533,0.37822574377059937,0.4513981342315674,0.355726033449173,0.5450699925422668,0.3752537667751312,0.5118423700332642,0.3903736472129822,0.474089652299881,0.4099656045436859,0.48141583800315857,0.3869144022464752,0.5415481328964233,0.39899975061416626,0.5189905166625977,0.41132664680480957,0.4839097857475281,scissors,01053,C:/Users/Javier/PIDS_HandPose/work/HAR_mediapipe/data/gestos_pids/train//scissors/scissors_01053.jpg
0.6613242626190186,0.2612640857696533,0.6000152826309204,0.23901212215423584,0.5463044047355652,0.279245525598526,0.5183818340301514,0.346755713224411,0.5061886310577393,0.40765178203582764,0.5217689871788025,0.28865328431129456,0.4675702750682831,0.3345552086830139,0.4292615056037903,0.36593931913375854,0.3964349031448364,0.3914617896080017,0.5484481453895569,0.3265816271305084,0.49771249294281006,0.43956950306892395,0.46903520822525024,0.49138033390045166,0.4447029232978821,0.5282717347145081,0.5778681039810181,0.3645015358924866,0.534490704536438,0.4719357490539551,0.5385022163391113,0.45343589782714844,0.5484127998352051,0.4243323802947998,0.6059306263923645,0.39654964208602905,0.565076470375061,0.46617263555526733,0.5679947137832642,0.44941645860671997,0.5765829682350159,0.41832235455513,scissors,01054,C:/Users/Javier/PIDS_HandPose/work/HAR_mediapipe/data/gestos_pids/train//scissors/scissors_01054.jpg
0.7486013174057007,0.2760598063468933,0.6900116205215454,0.25985199213027954,0.6403907537460327,0.31071507930755615,0.6198639273643494,0.388887882232666,0.6150882840156555,0.4521236717700958,0.622581958770752,0.3132082223892212,0.5681858658790588,0.37429970502853394,0.536292314529419,0.4184931814670563,0.5082605481147766,0.4556407630443573,0.6512370705604553,0.3481648564338684,0.6022850871086121,0.47215020656585693,0.5738378167152405,0.5385984778404236,0.5513757467269897,0.5899950265884399,0.6798616647720337,0.3850136399269104,0.6340018510818481,0.48464125394821167,0.634065568447113,0.46439310908317566,0.6408142447471619,0.4388015866279602,0.7051466107368469,0.4143834114074707,0.662403404712677,0.4827515482902527,0.6588790416717529,0.4657476246356964,0.6625168919563293,0.43705612421035767,scissors,01055,C:/Users/Javier/PIDS_HandPose/work/HAR_mediapipe/data/gestos_pids/train//scissors/scissors_01055.jpg
0.7126682996749878,0.3802989721298218,0.6661058664321899,0.37368452548980713,0.6278842687606812,0.42148447036743164,0.6140546202659607,0.48821747303009033,0.6103183627128601,0.5430241227149963,0.6212002635002136,0.4206777513027191,0.5766627192497253,0.46973273158073425,0.5465008020401001,0.5015851855278015,0.5216296315193176,0.5280181765556335,0.6501057744026184,0.44817212224006653,0.6106166243553162,0.5567842721939087,0.5843469500541687,0.6155455708503723,0.5657134056091309,0.6549195647239685,0.6777864098548889,0.47893378138542175,0.6361141800880432,0.5731562376022339,0.630159854888916,0.563019335269928,0.6374267935752869,0.5374557971954346,0.69992995262146,0.5075517892837524,0.6587854027748108,0.5642969012260437,0.652641773223877,0.5517944693565369,0.6571401953697205,0.5239089727401733,scissors,01056,C:/Users/Javier/PIDS_HandPose/work/HAR_mediapipe/data/gestos_pids/train//scissors/scissors_01056.jpg
0.6472614407539368,0.3042861223220825,0.6101548075675964,0.3076538145542145,0.5814642906188965,0.362225204706192,0.5786905884742737,0.42953813076019287,0.5789257884025574,0.4822036623954773,0.5790458917617798,0.3360356390476227,0.5463371276855469,0.3720512390136719,0.5237598419189453,0.4011756181716919,0.5061914920806885,0.4243462085723877,0.6061604619026184,0.353147029876709,0.5743475556373596,0.44940391182899475,0.5550607442855835,0.5011529922485352,0.5421934723854065,0.5381287336349487,0.6314038634300232,0.3746381103992462,0.5986468195915222,0.46668168902397156,0.5964683890342712,0.4504046142101288,0.6037206649780273,0.4231693148612976,0.6517001390457153,0.39680805802345276,0.6201323866844177,0.4621592164039612,0.6181808710098267,0.449657678604126,0.6246361136436462,0.4241734743118286,scissors,01057,C:/Users/Javier/PIDS_HandPose/work/HAR_mediapipe/data/gestos_pids/train//scissors/scissors_01057.jpg
0.6592143774032593,0.3676760494709015,0.6213282346725464,0.3583296835422516,0.5934115052223206,0.4042719304561615,0.5896082520484924,0.47500142455101013,0.5929804444313049,0.5295045971870422,0.5847818851470947,0.3898598551750183,0.5519095659255981,0.4437713921070099,0.5295200347900391,0.4823020398616791,0.5113282203674316,0.5133189558982849,0.6123757362365723,0.4040168821811676,0.584987223148346,0.5029540657997131,0.5671138167381287,0.555496096611023,0.5545498132705688,0.5926094055175781,0.6394283175468445,0.4263879358768463,0.6109241843223572,0.5133281946182251,0.6110715866088867,0.49655890464782715,0.6180832386016846,0.47158437967300415,0.6608136296272278,0.4499114155769348,0.6299041509628296,0.5088385939598083,0.626638650894165,0.4929851293563843,0.6303843259811401,0.4657018780708313,scissors,01058,C:/Users/Javier/PIDS_HandPose/work/HAR_mediapipe/data/gestos_pids/train//scissors/scissors_01058.jpg
0.6726505756378174,0.38921961188316345,0.6325913667678833,0.38475894927978516,0.6021915674209595,0.43078723549842834,0.5937978625297546,0.4945339858531952,0.5944041609764099,0.5472244024276733,0.5996275544166565,0.42113620042800903,0.5635036826133728,0.46844372153282166,0.5387868285179138,0.5023238062858582,0.5195975303649902,0.5299152731895447,0.6264157891273499,0.43905314803123474,0.5941727757453918,0.540009617805481,0.5718140006065369,0.5965524911880493,0.557823896408081,0.6365969181060791,0.651516854763031,0.463226854801178,0.6161896586418152,0.5544058084487915,0.6114971041679382,0.5423541069030762,0.6191586852073669,0.5181268453598022,0.6713526248931885,0.487750381231308,0.6343799233436584,0.5500990748405457,0.6295332312583923,0.538917601108551,0.6346359848976135,0.5136575698852539,scissors,01059,C:/Users/Javier/PIDS_HandPose/work/HAR_mediapipe/data/gestos_pids/train//scissors/scissors_01059.jpg
0.6566530466079712,0.39158883690834045,0.6152609586715698,0.3903080224990845,0.583862841129303,0.44754812121391296,0.5759367346763611,0.5239555835723877,0.5723220109939575,0.5793907046318054,0.5730386972427368,0.41972437500953674,0.5347362756729126,0.4694769084453583,0.5087452530860901,0.5027793645858765,0.48736441135406494,0.533798098564148,0.5987151861190796,0.44117605686187744,0.5631606578826904,0.5390459299087524,0.5419691801071167,0.5961532592773438,0.5282955765724182,0.6423025131225586,0.6240682601928711,0.46893343329429626,0.59014892578125,0.5549376010894775,0.5907372236251831,0.533980131149292,0.5973486304283142,0.5075924396514893,0.644597053527832,0.4949433207511902,0.6122354865074158,0.5584724545478821,0.6107730269432068,0.5447977185249329,0.6147692203521729,0.5197707414627075,scissors,01060,C:/Users/Javier/PIDS_HandPose/work/HAR_mediapipe/data/gestos_pids/train//scissors/scissors_01060.jpg
0.670730471611023,0.4287675619125366,0.6259652376174927,0.415187269449234,0.5901675820350647,0.4634234309196472,0.5767708420753479,0.5350899696350098,0.5753698348999023,0.5922684669494629,0.5874378681182861,0.4416341185569763,0.5478598475456238,0.4911598265171051,0.5235904455184937,0.5272534489631653,0.5031510591506958,0.559177041053772,0.6150873899459839,0.46726760268211365,0.5762709975242615,0.5649048686027527,0.5523707866668701,0.6199460029602051,0.5370995402336121,0.6627257466316223,0.6401336789131165,0.49913400411605835,0.6004607081413269,0.5802512168884277,0.599503755569458,0.5587576627731323,0.6078733205795288,0.5341814756393433,0.6591510772705078,0.5290751457214355,0.6205852627754211,0.5857729911804199,0.6175800561904907,0.5688865780830383,0.6246907114982605,0.5436601638793945,scissors,01061,C:/Users/Javier/PIDS_HandPose/work/HAR_mediapipe/data/gestos_pids/train//scissors/scissors_01061.jpg
0.6654945611953735,0.4005829095840454,0.6253311634063721,0.4024103879928589,0.5954626798629761,0.4616369605064392,0.5902249813079834,0.5338264107704163,0.590217113494873,0.589118242263794,0.5879672169685364,0.43447843194007874,0.5524383187294006,0.48758664727211,0.5299198627471924,0.5205072164535522,0.5116473436355591,0.5498816967010498,0.6161360740661621,0.45266127586364746,0.5839013457298279,0.547756552696228,0.5623935461044312,0.6017212867736816,0.5491064190864563,0.643745481967926,0.6426845788955688,0.47738951444625854,0.6085264682769775,0.5674232840538025,0.6053453683853149,0.5478606224060059,0.6120012402534485,0.5212739109992981,0.6634780764579773,0.5018397569656372,0.6299030184745789,0.5632674694061279,0.6255090832710266,0.5488990545272827,0.629944384098053,0.5231243968009949,scissors,01062,C:/Users/Javier/PIDS_HandPose/work/HAR_mediapipe/data/gestos_pids/train//scissors/scissors_01062.jpg
0.6567861437797546,0.41726118326187134,0.6148923635482788,0.4116763472557068,0.5837005376815796,0.4695354402065277,0.5762015581130981,0.5500355362892151,0.5751006007194519,0.6100241541862488,0.5757107734680176,0.44556334614753723,0.5367291569709778,0.50026535987854,0.511669933795929,0.5352938771247864,0.4904666543006897,0.5663995146751404,0.6027558445930481,0.46605032682418823,0.5674169659614563,0.5681203603744507,0.5457930564880371,0.626775860786438,0.5314770340919495,0.6715918779373169,0.6285762190818787,0.4937184453010559,0.5930124521255493,0.5825243592262268,0.5924318432807922,0.5627915263175964,0.599454939365387,0.5368552207946777,0.6483422517776489,0.5207908153533936,0.6133714318275452,0.5817154049873352,0.6105356216430664,0.5668427348136902,0.6152353286743164,0.5408555865287781,scissors,01063,C:/Users/Javier/PIDS_HandPose/work/HAR_mediapipe/data/gestos_pids/train//scissors/scissors_01063.jpg
0.6734002828598022,0.44789162278175354,0.6272175312042236,0.4321725070476532,0.5926085114479065,0.47053852677345276,0.5786920189857483,0.5333263874053955,0.5771578550338745,0.5866236686706543,0.5857148766517639,0.46855804324150085,0.5484805703163147,0.5259723663330078,0.5257594585418701,0.5641356110572815,0.5059196352958679,0.597780704498291,0.6149665117263794,0.49062854051589966,0.5813839435577393,0.592767596244812,0.5603468418121338,0.6511229872703552,0.546661913394928,0.6945486068725586,0.6413060426712036,0.5189869403839111,0.6058460474014282,0.6056227087974548,0.6037424206733704,0.5887349843978882,0.6099277138710022,0.563675582408905,0.6612566113471985,0.5451354384422302,0.6248841285705566,0.6060653328895569,0.6194475889205933,0.5926966667175293,0.6228853464126587,0.5662967562675476,scissors,01064,C:/Users/Javier/PIDS_HandPose/work/HAR_mediapipe/data/gestos_pids/train//scissors/scissors_01064.jpg
0.7034294605255127,0.45323023200035095,0.6573609113693237,0.4407461881637573,0.6210939288139343,0.48092466592788696,0.6049274206161499,0.5403540134429932,0.6004260778427124,0.5883584022521973,0.6176011562347412,0.4796903431415558,0.5804133415222168,0.5342702269554138,0.5566924214363098,0.5698406100273132,0.5375717282295227,0.6009605526924133,0.6457027792930603,0.5051032900810242,0.6123833656311035,0.6045629978179932,0.588843047618866,0.6609218120574951,0.572715699672699,0.7028974294662476,0.6722637414932251,0.5341983437538147,0.6365993022918701,0.6189058423042297,0.6325212717056274,0.6042383313179016,0.6385269165039062,0.5807656645774841,0.6929760575294495,0.5583657026290894,0.6569440960884094,0.6118625402450562,0.6488017439842224,0.5980652570724487,0.6499990820884705,0.5728726387023926,scissors,01065,C:/Users/Javier/PIDS_HandPose/work/HAR_mediapipe/data/gestos_pids/train//scissors/scissors_01065.jpg
0.48747140169143677,0.6813164353370667,0.5044438242912292,0.6109594702720642,0.536220371723175,0.5907578468322754,0.5608879923820496,0.609752893447876,0.5742959976196289,0.6321901679039001,0.5590624213218689,0.5820071697235107,0.5946142673492432,0.5405324101448059,0.6163712739944458,0.5163357257843018,0.6325891613960266,0.5021166205406189,0.5667572617530823,0.627064049243927,0.6073045134544373,0.6273809671401978,0.6350626349449158,0.6315034031867981,0.6557144522666931,0.6397213339805603,0.5669550895690918,0.6701512336730957,0.5795983672142029,0.6595578193664551,0.5674931406974792,0.6549506783485413,0.5545163154602051,0.6568642258644104,0.5641542077064514,0.7076396346092224,0.5717630982398987,0.6886979341506958,0.5618647933006287,0.684298038482666,0.550984799861908,0.6872535943984985,scissors,01067,C:/Users/Javier/PIDS_HandPose/work/HAR_mediapipe/data/gestos_pids/train//scissors/scissors_01067.jpg
0.49145442247390747,0.6572417616844177,0.5120670199394226,0.5971208214759827,0.5401821732521057,0.5845721364021301,0.562380850315094,0.602770984172821,0.5732032656669617,0.626519501209259,0.559940755367279,0.5722386837005615,0.5995224118232727,0.5488362908363342,0.6233665347099304,0.537548840045929,0.641541600227356,0.532221794128418,0.568397581577301,0.6134772896766663,0.6045224666595459,0.6210696697235107,0.6275356411933899,0.6301193237304688,0.644442617893219,0.6390814185142517,0.5692853331565857,0.6554165482521057,0.5779887437820435,0.6629380583763123,0.5658776164054871,0.6635290384292603,0.5526978373527527,0.6630076169967651,0.5658254623413086,0.6933395266532898,0.5675267577171326,0.6915658712387085,0.5576338171958923,0.6897046566009521,0.5466849207878113,0.6876024603843689,scissors,01068,C:/Users/Javier/PIDS_HandPose/work/HAR_mediapipe/data/gestos_pids/train//scissors/scissors_01068.jpg
0.5174511075019836,0.6733909249305725,0.5368391871452332,0.6996777653694153,0.5653806328773499,0.6928316354751587,0.5797618627548218,0.6652085185050964,0.5814852714538574,0.6321977972984314,0.5920138955116272,0.6347603797912598,0.6247926354408264,0.6190643310546875,0.6457307934761047,0.6064793467521667,0.6630963683128357,0.593633770942688,0.5823152661323547,0.6066500544548035,0.6065213680267334,0.5593070983886719,0.6222699284553528,0.5341464281082153,0.6328504085540771,0.5139390230178833,0.5678693056106567,0.5899250507354736,0.5921287536621094,0.5595855712890625,0.5921961665153503,0.5923517942428589,0.5844407081604004,0.6204183101654053,0.5510234236717224,0.5785152316093445,0.5734735727310181,0.5558412075042725,0.5793926119804382,0.5752273797988892,0.5777108669281006,0.5982627868652344,scissors,01069,C:/Users/Javier/PIDS_HandPose/work/HAR_mediapipe/data/gestos_pids/train//scissors/scissors_01069.jpg
0.5149419903755188,0.6808258295059204,0.537625253200531,0.6999301314353943,0.5680824518203735,0.6892789602279663,0.5838350653648376,0.6528104543685913,0.5907945036888123,0.615151584148407,0.589041531085968,0.6480430960655212,0.6264970898628235,0.6275474429130554,0.6494126915931702,0.6169238090515137,0.6686320900917053,0.605889081954956,0.5804321765899658,0.6184170842170715,0.6136802434921265,0.5843997001647949,0.6351028084754944,0.561767578125,0.6508063077926636,0.5399051904678345,0.5669559240341187,0.5970292091369629,0.5844733119010925,0.5933787822723389,0.567981481552124,0.6306571364402771,0.5520973801612854,0.6563014388084412,0.5517956614494324,0.5802798867225647,0.5756686329841614,0.5556365847587585,0.5822776556015015,0.57330721616745,0.5834162831306458,0.5932246446609497,scissors,01070,C:/Users/Javier/PIDS_HandPose/work/HAR_mediapipe/data/gestos_pids/train//scissors/scissors_01070.jpg
0.2746894955635071,0.8768447637557983,0.31256023049354553,0.8290167450904846,0.3248458802700043,0.7403024435043335,0.2722465693950653,0.6881184577941895,0.22711870074272156,0.6450862884521484,0.3061288595199585,0.566703736782074,0.32511231303215027,0.4340963065624237,0.33402949571609497,0.3531356453895569,0.3387923836708069,0.2786255180835724,0.2592909038066864,0.5721073150634766,0.2277795970439911,0.44030946493148804,0.1995755136013031,0.3653072118759155,0.1767493337392807,0.29485154151916504,0.22404855489730835,0.6075397729873657,0.2125471532344818,0.5790859460830688,0.2286786437034607,0.6672083139419556,0.24353709816932678,0.7102881669998169,0.20003637671470642,0.6614360213279724,0.1798064261674881,0.6213089823722839,0.19992759823799133,0.6787325739860535,0.22116222977638245,0.7195066213607788,scissors,02001,C:/Users/Javier/PIDS_HandPose/work/HAR_mediapipe/data/gestos_pids/train//scissors/scissors_02001.jpg
0.28927716612815857,0.8657769560813904,0.3198947608470917,0.818444550037384,0.32119134068489075,0.740284264087677,0.2696506977081299,0.6952254772186279,0.23056942224502563,0.6503098011016846,0.30955013632774353,0.5675467848777771,0.32352668046951294,0.44145864248275757,0.32965853810310364,0.35828983783721924,0.33239230513572693,0.28579941391944885,0.26401007175445557,0.5724708437919617,0.2266983687877655,0.44354212284088135,0.19572222232818604,0.3696861267089844,0.172066330909729,0.3019232451915741,0.23054254055023193,0.6112907528877258,0.21108801662921906,0.588254451751709,0.22770041227340698,0.6721324920654297,0.24429211020469666,0.7160067558288574,0.20860165357589722,0.6680348515510559,0.18328315019607544,0.6362354159355164,0.20186001062393188,0.6909294724464417,0.2249297946691513,0.7270547747612,scissors,02002,C:/Users/Javier/PIDS_HandPose/work/HAR_mediapipe/data/gestos_pids/train//scissors/scissors_02002.jpg
0.2424871176481247,0.7950389385223389,0.2729686200618744,0.7272175550460815,0.26326319575309753,0.6350792050361633,0.20839127898216248,0.5916247367858887,0.1664888858795166,0.5560221076011658,0.24149173498153687,0.48657816648483276,0.24242699146270752,0.3597051501274109,0.24192818999290466,0.28537172079086304,0.2389412820339203,0.2174282670021057,0.19928492605686188,0.5057042241096497,0.15371596813201904,0.39226317405700684,0.11818176507949829,0.32089364528656006,0.08752171695232391,0.25674164295196533,0.1721450388431549,0.5552791357040405,0.15195530652999878,0.5173418521881104,0.17584510147571564,0.5836206078529358,0.19507434964179993,0.6238467693328857,0.15668535232543945,0.6201573014259338,0.13534197211265564,0.5852766036987305,0.1556244194507599,0.6172113418579102,0.17863543331623077,0.6408096551895142,scissors,02003,C:/Users/Javier/PIDS_HandPose/work/HAR_mediapipe/data/gestos_pids/train//scissors/scissors_02003.jpg
0.20238274335861206,0.7935519218444824,0.22658054530620575,0.7303003072738647,0.2136601060628891,0.6433192491531372,0.16037535667419434,0.6011016964912415,0.12184236943721771,0.5645164251327515,0.2022142857313156,0.50604248046875,0.2067691832780838,0.38106682896614075,0.20652234554290771,0.30475056171417236,0.20354443788528442,0.2389650046825409,0.16170381009578705,0.5186185240745544,0.12068601697683334,0.39910173416137695,0.08923866599798203,0.3325379490852356,0.062471792101860046,0.27522414922714233,0.13363444805145264,0.5596981048583984,0.1118016466498375,0.5312190055847168,0.13251271843910217,0.5943393111228943,0.14935411512851715,0.6303293704986572,0.11755773425102234,0.615211009979248,0.09395815432071686,0.579050600528717,0.11214710772037506,0.6102151870727539,0.13299009203910828,0.6336401700973511,scissors,02004,C:/Users/Javier/PIDS_HandPose/work/HAR_mediapipe/data/gestos_pids/train//scissors/scissors_02004.jpg
0.2705674469470978,0.8141661882400513,0.30307215452194214,0.7541239261627197,0.303458571434021,0.6677698493003845,0.2553052604198456,0.6236491203308105,0.21348720788955688,0.5912899971008301,0.2816373407840729,0.5223099589347839,0.2854209542274475,0.3963449001312256,0.2860282063484192,0.32167911529541016,0.2834008038043976,0.251632958650589,0.2402867078781128,0.5362119674682617,0.20139262080192566,0.4162949025630951,0.16873082518577576,0.34653452038764954,0.14079539477825165,0.2825322151184082,0.21040290594100952,0.5803110003471375,0.19491229951381683,0.5348763465881348,0.21692292392253876,0.6053580045700073,0.23417657613754272,0.650098979473114,0.19128826260566711,0.6428621411323547,0.1659855842590332,0.5959946513175964,0.18632331490516663,0.6353968977928162,0.20873627066612244,0.6692777276039124,scissors,02005,C:/Users/Javier/PIDS_HandPose/work/HAR_mediapipe/data/gestos_pids/train//scissors/scissors_02005.jpg
0.39019453525543213,1.0221374034881592,0.44362878799438477,0.969313383102417,0.46027445793151855,0.8569825291633606,0.40207114815711975,0.7873610854148865,0.3478352725505829,0.7236566543579102,0.43603411316871643,0.6185686588287354,0.4497759938240051,0.43459922075271606,0.4597477614879608,0.3210715651512146,0.46457329392433167,0.21900808811187744,0.37726229429244995,0.6402966976165771,0.34101876616477966,0.44611892104148865,0.3112387955188751,0.32875409722328186,0.2851240038871765,0.22600680589675903,0.3301876187324524,0.706593930721283,0.32398906350135803,0.6382693648338318,0.3490225672721863,0.7623296976089478,0.36675357818603516,0.8406566381454468,0.29508715867996216,0.7989944815635681,0.28630053997039795,0.7389022707939148,0.3178265392780304,0.8246942758560181,0.3461143970489502,0.8940997123718262,scissors,02006,C:/Users/Javier/PIDS_HandPose/work/HAR_mediapipe/data/gestos_pids/train//scissors/scissors_02006.jpg
0.40563884377479553,0.8389880657196045,0.4521501064300537,0.7722864747047424,0.46232882142066956,0.6552055478096008,0.4147757291793823,0.5829412937164307,0.3663344085216522,0.5198878049850464,0.4446260929107666,0.4542962312698364,0.4586086869239807,0.29547858238220215,0.46656498312950134,0.19212597608566284,0.4711949825286865,0.10206547379493713,0.3934321999549866,0.468183696269989,0.36695683002471924,0.2914387583732605,0.3507661521434784,0.18554285168647766,0.3363129794597626,0.09190875291824341,0.35169702768325806,0.5223681926727295,0.34768882393836975,0.44899019598960876,0.37080681324005127,0.5543668866157532,0.38502874970436096,0.6206241846084595,0.3206678330898285,0.6022154688835144,0.3149843215942383,0.5377411842346191,0.344709187746048,0.606192409992218,0.3693569302558899,0.6629863977432251,scissors,02007,C:/Users/Javier/PIDS_HandPose/work/HAR_mediapipe/data/gestos_pids/train//scissors/scissors_02007.jpg
0.4009189009666443,0.9155336618423462,0.45039796829223633,0.845562219619751,0.46527159214019775,0.726944625377655,0.4071723222732544,0.6582376956939697,0.35183146595954895,0.6048017144203186,0.43798574805259705,0.5139347910881042,0.4507274627685547,0.3420262038707733,0.45729324221611023,0.23667582869529724,0.4617280662059784,0.1392417848110199,0.3837028741836548,0.5327581763267517,0.35472097992897034,0.3533189296722412,0.3294717073440552,0.24432572722434998,0.307650625705719,0.14513102173805237,0.34159988164901733,0.5920154452323914,0.3340374827384949,0.5222951769828796,0.3593524098396301,0.6377902030944824,0.3775033950805664,0.7112499475479126,0.3118014931678772,0.6781579256057739,0.2986036539077759,0.6175265312194824,0.3308826684951782,0.6935741901397705,0.36120641231536865,0.7576017379760742,scissors,02008,C:/Users/Javier/PIDS_HandPose/work/HAR_mediapipe/data/gestos_pids/train//scissors/scissors_02008.jpg
0.4701261818408966,0.952373743057251,0.5285980701446533,0.8983616828918457,0.5552207827568054,0.7899370193481445,0.511163055896759,0.7230044007301331,0.46064436435699463,0.6648773550987244,0.5249598622322083,0.5545497536659241,0.5448467135429382,0.3843076825141907,0.5590128302574158,0.27662891149520874,0.569038987159729,0.17708003520965576,0.4683294892311096,0.5695114135742188,0.44472381472587585,0.3866232931613922,0.4296424686908722,0.2676470875740051,0.41493821144104004,0.155959814786911,0.41951531171798706,0.6286818981170654,0.4326813220977783,0.5735573768615723,0.4633153975009918,0.6904675364494324,0.47955089807510376,0.7618385553359985,0.38309746980667114,0.7147164940834045,0.40029004216194153,0.6802071332931519,0.43932631611824036,0.7615953683853149,0.4677121341228485,0.825000524520874,scissors,02009,C:/Users/Javier/PIDS_HandPose/work/HAR_mediapipe/data/gestos_pids/train//scissors/scissors_02009.jpg
0.5171559453010559,0.9507952928543091,0.5821493864059448,0.9012660980224609,0.6161078214645386,0.7953113913536072,0.5757673978805542,0.7137166261672974,0.5250332355499268,0.6509147882461548,0.5867205858230591,0.5581753253936768,0.6073277592658997,0.38200151920318604,0.6201808452606201,0.2770904302597046,0.6312196254730225,0.17934957146644592,0.5266017913818359,0.5661132335662842,0.5008277297019958,0.38412144780158997,0.48733070492744446,0.2635180354118347,0.4767875671386719,0.15263086557388306,0.4754619002342224,0.6195897459983826,0.496401309967041,0.5751689076423645,0.528577983379364,0.6946157217025757,0.5460516214370728,0.7713897824287415,0.43908315896987915,0.6983016133308411,0.4677743911743164,0.6987937688827515,0.5082038044929504,0.7853703498840332,0.5359590649604797,0.8460478782653809,scissors,02010,C:/Users/Javier/PIDS_HandPose/work/HAR_mediapipe/data/gestos_pids/train//scissors/scissors_02010.jpg
0.5440018177032471,0.9268116354942322,0.6102351546287537,0.8813281059265137,0.6492279767990112,0.77620929479599,0.6165817379951477,0.6880382299423218,0.5653002262115479,0.6355354189872742,0.6201306581497192,0.5405194163322449,0.6453340649604797,0.3647792935371399,0.6596922278404236,0.2632977366447449,0.6711600422859192,0.1676034927368164,0.5626142621040344,0.5453629493713379,0.5413569808006287,0.36219626665115356,0.5341004133224487,0.24254301190376282,0.5272039175033569,0.13621249794960022,0.5124456286430359,0.5930508971214294,0.5415757894515991,0.5447769165039062,0.5722078680992126,0.6571798324584961,0.5858210325241089,0.7321557402610779,0.4772758483886719,0.6654889583587646,0.51612389087677,0.6670552492141724,0.5545567274093628,0.7491224408149719,0.5775330066680908,0.8068087100982666,scissors,02011,C:/Users/Javier/PIDS_HandPose/work/HAR_mediapipe/data/gestos_pids/train//scissors/scissors_02011.jpg
0.5789201855659485,0.9309824705123901,0.6476155519485474,0.8905990719795227,0.6895683407783508,0.7953518629074097,0.667017936706543,0.7179365158081055,0.6159694790840149,0.6758090257644653,0.6547811031341553,0.5685809850692749,0.6758131384849548,0.40019690990448,0.6932299733161926,0.29251348972320557,0.7056123614311218,0.1959245502948761,0.6020810008049011,0.580115556716919,0.582577645778656,0.40534496307373047,0.5753505825996399,0.2854468822479248,0.5691609382629395,0.1793358325958252,0.5524061918258667,0.6287498474121094,0.5818676352500916,0.5729213953018188,0.6116998195648193,0.6844467520713806,0.6255683898925781,0.7598904371261597,0.5176692605018616,0.6976711750030518,0.5583041310310364,0.6770329475402832,0.5998600721359253,0.7610793709754944,0.625680148601532,0.8246991634368896,scissors,02012,C:/Users/Javier/PIDS_HandPose/work/HAR_mediapipe/data/gestos_pids/train//scissors/scissors_02012.jpg
0.6402097940444946,0.9014738202095032,0.7158588171005249,0.853980302810669,0.7724834680557251,0.7421950697898865,0.7712458372116089,0.6538145542144775,0.7129075527191162,0.6320920586585999,0.7230008244514465,0.5270959138870239,0.7552263140678406,0.34784698486328125,0.7787116169929504,0.24624070525169373,0.7969769835472107,0.15413686633110046,0.6683879494667053,0.525678277015686,0.6629504561424255,0.3537616431713104,0.6700713038444519,0.22710993885993958,0.6725592017173767,0.12044563889503479,0.6185088753700256,0.5651965141296387,0.6747468709945679,0.5185214281082153,0.7073572278022766,0.6434202194213867,0.7180272340774536,0.7245959043502808,0.5903117656707764,0.6298744678497314,0.6515384912490845,0.6254799365997314,0.6936450004577637,0.7094253301620483,0.7179152965545654,0.7672574520111084,scissors,02013,C:/Users/Javier/PIDS_HandPose/work/HAR_mediapipe/data/gestos_pids/train//scissors/scissors_02013.jpg
0.6831897497177124,0.8374755382537842,0.787627637386322,0.8098992109298706,0.8641510605812073,0.7256029844284058,0.8868157863616943,0.6408149600028992,0.836308479309082,0.5918486714363098,0.8233910202980042,0.5206618309020996,0.8214490413665771,0.33247530460357666,0.817509651184082,0.23888647556304932,0.8188725709915161,0.1516512930393219,0.7826703786849976,0.5152426958084106,0.8008231520652771,0.32662448287010193,0.8308593034744263,0.2275823950767517,0.8575201034545898,0.14149639010429382,0.7374061346054077,0.5401202440261841,0.7960656881332397,0.4873506426811218,0.8032195568084717,0.5933956503868103,0.7977384924888611,0.6595901250839233,0.7110837697982788,0.5901594161987305,0.7751093506813049,0.6038917303085327,0.8130511045455933,0.6836891174316406,0.8381478786468506,0.7326382398605347,scissors,02014,C:/Users/Javier/PIDS_HandPose/work/HAR_mediapipe/data/gestos_pids/train//scissors/scissors_02014.jpg
0.7213281393051147,0.849772572517395,0.8243129253387451,0.7889851927757263,0.8901692032814026,0.7055076956748962,0.9217286705970764,0.6304762363433838,0.893670916557312,0.5921462774276733,0.8582403063774109,0.4957652986049652,0.8622315526008606,0.32170790433883667,0.8692564368247986,0.22226646542549133,0.8746722340583801,0.13887682557106018,0.8132939338684082,0.49797332286834717,0.83033287525177,0.3207364082336426,0.8629447221755981,0.21636009216308594,0.8890359401702881,0.13317912817001343,0.7687997221946716,0.5340303182601929,0.8357136845588684,0.48497653007507324,0.858603835105896,0.5781396627426147,0.8590743541717529,0.6381090879440308,0.7426840662956238,0.6002761721611023,0.826711893081665,0.584108829498291,0.8712972402572632,0.6593455672264099,0.8925917744636536,0.7193784713745117,scissors,02015,C:/Users/Javier/PIDS_HandPose/work/HAR_mediapipe/data/gestos_pids/train//scissors/scissors_02015.jpg
0.5353690981864929,0.7531324625015259,0.5605422258377075,0.6899029016494751,0.5965108871459961,0.6058244705200195,0.6258726119995117,0.5187520980834961,0.6411805152893066,0.4568667709827423,0.5658987760543823,0.550079345703125,0.6001440286636353,0.3935098946094513,0.6139276027679443,0.32144391536712646,0.6285136938095093,0.2627410590648651,0.5646986961364746,0.5373952388763428,0.6003796458244324,0.3262545168399811,0.6248559355735779,0.21986228227615356,0.6412605047225952,0.14524626731872559,0.5684061050415039,0.5404455065727234,0.6217662692070007,0.38634154200553894,0.6300510168075562,0.41440239548683167,0.624962329864502,0.45848196744918823,0.578723669052124,0.553920328617096,0.6042720675468445,0.4330563247203827,0.6025478839874268,0.43523189425468445,0.5972397923469543,0.4536163806915283,scissors,02016,C:/Users/Javier/PIDS_HandPose/work/HAR_mediapipe/data/gestos_pids/train//scissors/scissors_02016.jpg
0.5727683305740356,0.8819926977157593,0.5446975231170654,0.7218826413154602,0.5681803226470947,0.5887134075164795,0.6189359426498413,0.528148353099823,0.6591600179672241,0.511120080947876,0.570883572101593,0.595482587814331,0.5709819793701172,0.40461936593055725,0.5682060122489929,0.29702192544937134,0.5723341703414917,0.21858051419258118,0.6143273711204529,0.6418173313140869,0.6507090330123901,0.41209912300109863,0.6779158711433411,0.2784576117992401,0.7024128437042236,0.18732652068138123,0.657798171043396,0.6782377362251282,0.6886290311813354,0.47317788004875183,0.6601271033287048,0.4849899113178253,0.6360353231430054,0.5239196419715881,0.6982164978981018,0.7057685852050781,0.7014478445053101,0.5387640595436096,0.6732330918312073,0.548761248588562,0.6563501954078674,0.5897127389907837,scissors,02017,C:/Users/Javier/PIDS_HandPose/work/HAR_mediapipe/data/gestos_pids/train//scissors/scissors_02017.jpg
0.6546850204467773,0.9786555171012878,0.6088878512382507,0.8260872960090637,0.6013121008872986,0.6730117201805115,0.6202037930488586,0.5508502125740051,0.6370879411697388,0.4649134874343872,0.6762540936470032,0.6301888823509216,0.6861025094985962,0.40786758065223694,0.6901328563690186,0.2966715395450592,0.6977789998054504,0.21124300360679626,0.7355093359947205,0.6683526039123535,0.764622688293457,0.4308653175830841,0.7785869836807251,0.3113231956958771,0.7920963764190674,0.22524848580360413,0.7790102362632751,0.7146651148796082,0.7801133394241333,0.5386192202568054,0.7455719113349915,0.544389009475708,0.7215989232063293,0.5777081251144409,0.8080424666404724,0.7607012391090393,0.7997822165489197,0.624997615814209,0.7712367177009583,0.6245132088661194,0.7540625929832458,0.6543723940849304,scissors,02018,C:/Users/Javier/PIDS_HandPose/work/HAR_mediapipe/data/gestos_pids/train//scissors/scissors_02018.jpg
0.720666766166687,0.9643757343292236,0.70657879114151,0.8108216524124146,0.7298949956893921,0.6846494674682617,0.7755229473114014,0.618563175201416,0.8068609833717346,0.5931736826896667,0.7772002220153809,0.6481848359107971,0.7851646542549133,0.42527928948402405,0.7865943908691406,0.32061582803726196,0.796100914478302,0.24676668643951416,0.8212655186653137,0.6860001087188721,0.8534059524536133,0.45602506399154663,0.8694246411323547,0.332421213388443,0.8811680674552917,0.24306735396385193,0.8495641946792603,0.7289153337478638,0.8479414582252502,0.5470926761627197,0.8169332146644592,0.5397791862487793,0.7935142517089844,0.5617964267730713,0.861595630645752,0.7700552344322205,0.8493152260780334,0.6251449584960938,0.821368396282196,0.6052070260047913,0.8006783127784729,0.6183803081512451,scissors,02019,C:/Users/Javier/PIDS_HandPose/work/HAR_mediapipe/data/gestos_pids/train//scissors/scissors_02019.jpg
0.7441537380218506,0.8700329065322876,0.7149733304977417,0.7160878777503967,0.7409822940826416,0.5961792469024658,0.796179473400116,0.5464586019515991,0.835465133190155,0.543314516544342,0.7832103967666626,0.5616866946220398,0.8076463937759399,0.3737310469150543,0.8140997290611267,0.2743307650089264,0.8265148997306824,0.203006774187088,0.8333118557929993,0.6057668328285217,0.8717767000198364,0.39409464597702026,0.8876392841339111,0.27750203013420105,0.9007606506347656,0.19664180278778076,0.8706992268562317,0.6583290696144104,0.8790740966796875,0.513149619102478,0.8501320481300354,0.5316863059997559,0.8304941058158875,0.5710350275039673,0.8937212228775024,0.7094517946243286,0.8887451887130737,0.5891738533973694,0.8635838031768799,0.5958336591720581,0.8471993803977966,0.6313947439193726,scissors,02020,C:/Users/Javier/PIDS_HandPose/work/HAR_mediapipe/data/gestos_pids/train//scissors/scissors_02020.jpg
0.6741472482681274,0.8978055119514465,0.655541718006134,0.7456616163253784,0.6869305372238159,0.6424168348312378,0.7418906092643738,0.6099582314491272,0.7809337377548218,0.6115147471427917,0.7061423659324646,0.5963966250419617,0.7299045324325562,0.4141872525215149,0.7429879903793335,0.3157123625278473,0.7555160522460938,0.24530938267707825,0.749095618724823,0.6419622302055359,0.7926124930381775,0.4506235122680664,0.8143188953399658,0.3504975736141205,0.8313872218132019,0.2841982841491699,0.7865839600563049,0.6979682445526123,0.8121275901794434,0.5650287866592407,0.7868324518203735,0.5753917098045349,0.7661875486373901,0.6038402915000916,0.8147231340408325,0.7550966739654541,0.8203774690628052,0.6468658447265625,0.7982357740402222,0.6501039862632751,0.7837009429931641,0.6766470074653625,scissors,02021,C:/Users/Javier/PIDS_HandPose/work/HAR_mediapipe/data/gestos_pids/train//scissors/scissors_02021.jpg
0.504668116569519,0.8923020362854004,0.4754498600959778,0.7451693415641785,0.49057722091674805,0.6366474032402039,0.5364392995834351,0.5828776359558105,0.571605920791626,0.5628061890602112,0.5013382434844971,0.5970612168312073,0.5133497714996338,0.41478419303894043,0.5222800374031067,0.3078785836696625,0.5327164530754089,0.23222428560256958,0.5464336276054382,0.6387948393821716,0.5758180618286133,0.43809396028518677,0.5972113013267517,0.3264040946960449,0.6150561571121216,0.2511458098888397,0.5905233025550842,0.6858283877372742,0.6147695183753967,0.5334432125091553,0.5962132215499878,0.5584033727645874,0.5821600556373596,0.6022999286651611,0.6256934404373169,0.7355819344520569,0.6376906037330627,0.6138476133346558,0.6162959933280945,0.628876805305481,0.6061378121376038,0.6685100793838501,scissors,02022,C:/Users/Javier/PIDS_HandPose/work/HAR_mediapipe/data/gestos_pids/train//scissors/scissors_02022.jpg
0.3942277133464813,0.890631377696991,0.36777472496032715,0.7626966834068298,0.3845842480659485,0.6526741981506348,0.42740681767463684,0.5856291651725769,0.46143147349357605,0.5557520985603333,0.37530210614204407,0.6027775406837463,0.3903173804283142,0.42167970538139343,0.39835482835769653,0.31795749068260193,0.4058115482330322,0.24270537495613098,0.4137805700302124,0.6351768970489502,0.4501776695251465,0.4396161735057831,0.4750778079032898,0.33430546522140503,0.49413517117500305,0.25560739636421204,0.457503080368042,0.6787758469581604,0.4925402104854584,0.5271445512771606,0.48119258880615234,0.5624786615371704,0.46944841742515564,0.6053970456123352,0.4976334869861603,0.7251687049865723,0.5169346928596497,0.6011301875114441,0.5035058856010437,0.6252196431159973,0.49517595767974854,0.6661617159843445,scissors,02023,C:/Users/Javier/PIDS_HandPose/work/HAR_mediapipe/data/gestos_pids/train//scissors/scissors_02023.jpg
0.37787148356437683,0.909055233001709,0.3516283631324768,0.7835533618927002,0.37316617369651794,0.6583129167556763,0.4215628206729889,0.5973289012908936,0.46073994040489197,0.5742272138595581,0.35619592666625977,0.6238175630569458,0.3597326874732971,0.4495440721511841,0.36056050658226013,0.3370600938796997,0.36435869336128235,0.2543773949146271,0.39647069573402405,0.6686874032020569,0.45892849564552307,0.4990391135215759,0.503953754901886,0.4106639325618744,0.5416036248207092,0.34524497389793396,0.4404284656047821,0.7107911109924316,0.4858871400356293,0.5627268552780151,0.4700486361980438,0.5933881402015686,0.4547487497329712,0.6389586925506592,0.48293960094451904,0.7457634210586548,0.5003979206085205,0.6176833510398865,0.4832737147808075,0.6399105787277222,0.47477221488952637,0.6834835410118103,scissors,02024,C:/Users/Javier/PIDS_HandPose/work/HAR_mediapipe/data/gestos_pids/train//scissors/scissors_02024.jpg
0.4015607535839081,0.8967867493629456,0.378836452960968,0.7642157673835754,0.4046892821788788,0.6452919244766235,0.4523032605648041,0.5832683444023132,0.48886287212371826,0.550540566444397,0.3947190046310425,0.6128457188606262,0.39889460802078247,0.4485474228858948,0.4008382260799408,0.34303584694862366,0.4039977192878723,0.2664933502674103,0.43314290046691895,0.6541343927383423,0.49297061562538147,0.4868505001068115,0.5374927520751953,0.3999589681625366,0.5735328197479248,0.33568987250328064,0.4751533269882202,0.6961532831192017,0.5181914567947388,0.5513916015625,0.5009245872497559,0.5838345289230347,0.4850708842277527,0.6288528442382812,0.5143588185310364,0.7358950972557068,0.531182587146759,0.6082963943481445,0.5125483870506287,0.6279529929161072,0.5022775530815125,0.670585036277771,scissors,02025,C:/Users/Javier/PIDS_HandPose/work/HAR_mediapipe/data/gestos_pids/train//scissors/scissors_02025.jpg
0.3021182417869568,0.8594276905059814,0.27748724818229675,0.7408837676048279,0.30247870087623596,0.6402338147163391,0.3551444709300995,0.5800641179084778,0.39456719160079956,0.5565356612205505,0.2762480080127716,0.5907230377197266,0.288455992937088,0.4209807813167572,0.2934068441390991,0.32558804750442505,0.2969905734062195,0.2489606738090515,0.311079740524292,0.6197328567504883,0.339727520942688,0.43309706449508667,0.3614065945148468,0.3340669870376587,0.37670716643333435,0.2542821168899536,0.3522379994392395,0.6582537889480591,0.3957362174987793,0.5193843841552734,0.38933423161506653,0.5501075983047485,0.37476077675819397,0.587631344795227,0.3914615213871002,0.6951877474784851,0.41361576318740845,0.5760894417762756,0.4048851728439331,0.5883033871650696,0.3951212763786316,0.6158428192138672,scissors,02026,C:/Users/Javier/PIDS_HandPose/work/HAR_mediapipe/data/gestos_pids/train//scissors/scissors_02026.jpg
0.2741051912307739,0.8448020219802856,0.24709053337574005,0.7215338945388794,0.2765144109725952,0.6093460917472839,0.33468756079673767,0.5447139143943787,0.37619099020957947,0.5157063007354736,0.24940304458141327,0.5640382766723633,0.25041916966438293,0.4054083228111267,0.25002992153167725,0.304804265499115,0.25168752670288086,0.2270982563495636,0.2864813506603241,0.5980443358421326,0.33847489953041077,0.4444604516029358,0.3767761290073395,0.3613905906677246,0.4077577590942383,0.2984156906604767,0.32665616273880005,0.631046712398529,0.3707163631916046,0.4925253987312317,0.35657167434692383,0.5207518935203552,0.3413141369819641,0.5613133311271667,0.36672091484069824,0.6615212559700012,0.385858416557312,0.5486249327659607,0.3715134561061859,0.5578007102012634,0.36212608218193054,0.5853034853935242,scissors,02027,C:/Users/Javier/PIDS_HandPose/work/HAR_mediapipe/data/gestos_pids/train//scissors/scissors_02027.jpg
0.3804262578487396,0.8520686626434326,0.3595150113105774,0.7221196293830872,0.3833933472633362,0.6132287979125977,0.4306213855743408,0.5559182167053223,0.4673326909542084,0.5295214056968689,0.37560755014419556,0.5682687759399414,0.3823017179965973,0.40895602107048035,0.3856129050254822,0.30167123675346375,0.3900977373123169,0.22202619910240173,0.4111776351928711,0.611203134059906,0.47039592266082764,0.4623298645019531,0.5124421119689941,0.378057062625885,0.546791672706604,0.31607431173324585,0.4498750567436218,0.653801441192627,0.4948771893978119,0.5275594592094421,0.4792078137397766,0.5411660671234131,0.4624386131763458,0.5727584362030029,0.4851830005645752,0.6923268437385559,0.5082577466964722,0.5784738063812256,0.4912407398223877,0.5826495885848999,0.47860026359558105,0.6124796867370605,scissors,02028,C:/Users/Javier/PIDS_HandPose/work/HAR_mediapipe/data/gestos_pids/train//scissors/scissors_02028.jpg
0.4475833773612976,0.8648309707641602,0.501416027545929,0.7773641347885132,0.5310842990875244,0.6830759644508362,0.5534707903862,0.6097490191459656,0.5295726656913757,0.5862562656402588,0.4758167862892151,0.5408465266227722,0.49249106645584106,0.4146152138710022,0.5027017593383789,0.3431580364704132,0.5078762173652649,0.279193639755249,0.4453086256980896,0.557140052318573,0.4541071653366089,0.4168991446495056,0.4671555161476135,0.32629042863845825,0.46960514783859253,0.2586827576160431,0.4257960319519043,0.5987895131111145,0.4759446084499359,0.49134665727615356,0.5079099535942078,0.5583768486976624,0.5156477093696594,0.6049687266349792,0.42727160453796387,0.6596575379371643,0.48352232575416565,0.5729928612709045,0.5079650282859802,0.6206811666488647,0.511353611946106,0.665783703327179,scissors,02029,C:/Users/Javier/PIDS_HandPose/work/HAR_mediapipe/data/gestos_pids/train//scissors/scissors_02029.jpg
0.435055136680603,0.8362817764282227,0.4942270815372467,0.7859541773796082,0.5210641622543335,0.6987586617469788,0.5088555216789246,0.6257662773132324,0.4672797620296478,0.5867398381233215,0.496722012758255,0.5451756715774536,0.5107499361038208,0.4069387912750244,0.5212047696113586,0.3319580554962158,0.529404878616333,0.2595124840736389,0.4652230143547058,0.5491610765457153,0.4486848711967468,0.39741963148117065,0.4422295093536377,0.3071969151496887,0.4352906346321106,0.22018399834632874,0.4343488812446594,0.5826112031936646,0.44351789355278015,0.4895806312561035,0.46862533688545227,0.5602408051490784,0.4794899821281433,0.6164650321006775,0.41052183508872986,0.6361962556838989,0.42634111642837524,0.5600320100784302,0.4494408965110779,0.6081835031509399,0.46123623847961426,0.6631974577903748,scissors,02030,C:/Users/Javier/PIDS_HandPose/work/HAR_mediapipe/data/gestos_pids/train//scissors/scissors_02030.jpg
0.4215638041496277,0.8246973156929016,0.46177470684051514,0.7748386859893799,0.47725772857666016,0.6816186904907227,0.44207507371902466,0.6208105683326721,0.40060949325561523,0.5765953063964844,0.44984421133995056,0.5124450325965881,0.46030867099761963,0.3840477466583252,0.4654611647129059,0.3009469509124756,0.46880266070365906,0.22734937071800232,0.411776602268219,0.5232394337654114,0.3934345543384552,0.38261669874191284,0.38373494148254395,0.2993852496147156,0.37407582998275757,0.22433137893676758,0.3820257782936096,0.5648543238639832,0.3759954571723938,0.4847731590270996,0.40281838178634644,0.5611445903778076,0.4191111922264099,0.6185576319694519,0.3603837490081787,0.6260371208190918,0.365199476480484,0.5784066915512085,0.3898386061191559,0.6292372345924377,0.4064202308654785,0.6709532141685486,scissors,02031,C:/Users/Javier/PIDS_HandPose/work/HAR_mediapipe/data/gestos_pids/train//scissors/scissors_02031.jpg
0.532633364200592,0.6727727055549622,0.528675377368927,0.5833504796028137,0.49310359358787537,0.5440440773963928,0.45640426874160767,0.5648689866065979,0.41783827543258667,0.6141250133514404,0.44792914390563965,0.5136106014251709,0.3798463046550751,0.46938738226890564,0.33016297221183777,0.4354548454284668,0.28829532861709595,0.40904220938682556,0.45949873328208923,0.5764312744140625,0.3895646333694458,0.6281253099441528,0.3693011999130249,0.6655175685882568,0.35993438959121704,0.6822762489318848,0.4783799946308136,0.6488794684410095,0.4479016661643982,0.6921775937080383,0.47739332914352417,0.7037315368652344,0.5016277432441711,0.6880348920822144,0.49890390038490295,0.7094892263412476,0.49295035004615784,0.7382192611694336,0.5159581303596497,0.7353747487068176,0.5344910025596619,0.7077712416648865,scissors,02033,C:/Users/Javier/PIDS_HandPose/work/HAR_mediapipe/data/gestos_pids/train//scissors/scissors_02033.jpg
0.5217069983482361,0.7571021318435669,0.5443105697631836,0.6444220542907715,0.5280006527900696,0.5905018448829651,0.4918823838233948,0.6510936617851257,0.4531480669975281,0.7392510771751404,0.3945048749446869,0.5458317399024963,0.3181748390197754,0.4846190810203552,0.2662278115749359,0.45164623856544495,0.21231690049171448,0.4329429268836975,0.38509485125541687,0.6244688034057617,0.30768170952796936,0.6770943403244019,0.25488147139549255,0.7211147546768188,0.20748747885227203,0.7494531869888306,0.39725399017333984,0.6983962059020996,0.37820184230804443,0.7360494136810303,0.4259866774082184,0.7285970449447632,0.4589291214942932,0.6985805630683899,0.41901057958602905,0.7621332406997681,0.4171231985092163,0.7806288003921509,0.45064881443977356,0.7629591822624207,0.47577062249183655,0.7278263568878174,scissors,02034,C:/Users/Javier/PIDS_HandPose/work/HAR_mediapipe/data/gestos_pids/train//scissors/scissors_02034.jpg
0.5543190836906433,0.6773377656936646,0.5648888349533081,0.5740424394607544,0.5276620984077454,0.5251253247261047,0.4756599962711334,0.565661609172821,0.43166038393974304,0.625366747379303,0.4135359823703766,0.4877643585205078,0.33155936002731323,0.4481166899204254,0.2808171510696411,0.43645474314689636,0.2338259518146515,0.431523859500885,0.40264981985092163,0.5590794086456299,0.31777340173721313,0.6136109232902527,0.2676903009414673,0.6539472341537476,0.22948452830314636,0.6780596971511841,0.4107075333595276,0.6220744252204895,0.367006778717041,0.6574053168296814,0.3953976631164551,0.6665678024291992,0.42273932695388794,0.6579434275627136,0.43105167150497437,0.6753941774368286,0.4097611606121063,0.6817670464515686,0.43062451481819153,0.6671375632286072,0.4559859335422516,0.643814742565155,scissors,02035,C:/Users/Javier/PIDS_HandPose/work/HAR_mediapipe/data/gestos_pids/train//scissors/scissors_02035.jpg
0.5219014286994934,0.7188335657119751,0.5311180353164673,0.6203290820121765,0.4913724660873413,0.5824071764945984,0.43951696157455444,0.6408149003982544,0.3985940217971802,0.7005388736724854,0.3807350695133209,0.5472229719161987,0.3047761917114258,0.5014663338661194,0.25939345359802246,0.4805193841457367,0.2140040099620819,0.4691975712776184,0.3741512596607208,0.622345507144928,0.2963518500328064,0.6690328121185303,0.24364589154720306,0.7058498859405518,0.19584208726882935,0.7269402742385864,0.3874659538269043,0.687386155128479,0.35589340329170227,0.7118048667907715,0.400370329618454,0.7070868015289307,0.43254315853118896,0.6787258982658386,0.4105735123157501,0.7426291704177856,0.3854033052921295,0.7562956809997559,0.4164465367794037,0.7413045763969421,0.4453592300415039,0.7097796201705933,scissors,02036,C:/Users/Javier/PIDS_HandPose/work/HAR_mediapipe/data/gestos_pids/train//scissors/scissors_02036.jpg
0.3205943703651428,0.6727483868598938,0.29321950674057007,0.638573408126831,0.23079213500022888,0.6459313035011292,0.17541497945785522,0.7045584917068481,0.12894077599048615,0.7399747967720032,0.16143333911895752,0.5831921696662903,0.09072170406579971,0.5402052402496338,0.042916879057884216,0.517848551273346,0.001679837703704834,0.5070561170578003,0.15261583030223846,0.646390438079834,0.07653786987066269,0.6901293992996216,0.02491837739944458,0.7236367464065552,-0.01964111626148224,0.7526863813400269,0.1623757779598236,0.7014785408973694,0.13186979293823242,0.7358652353286743,0.17376068234443665,0.7218489646911621,0.19700348377227783,0.6963250637054443,0.18217439949512482,0.7398123741149902,0.15738408267498016,0.7708533406257629,0.1870172917842865,0.7592132687568665,0.20711688697338104,0.732096791267395,scissors,02037,C:/Users/Javier/PIDS_HandPose/work/HAR_mediapipe/data/gestos_pids/train//scissors/scissors_02037.jpg
0.42514872550964355,0.7570425868034363,0.40112602710723877,0.7090730667114258,0.3388128876686096,0.7189785242080688,0.28674590587615967,0.8014504909515381,0.24237319827079773,0.8547926545143127,0.2532291114330292,0.6639237403869629,0.17730626463890076,0.6334116458892822,0.12559856474399567,0.6227011680603027,0.0806128978729248,0.6184082627296448,0.24814920127391815,0.7369986772537231,0.16539275646209717,0.7989264130592346,0.11451181769371033,0.8489357233047485,0.06908786296844482,0.8866088390350342,0.2627125382423401,0.7990518808364868,0.22284552454948425,0.8346264958381653,0.26897820830345154,0.8199756145477295,0.29945996403694153,0.7967156171798706,0.2889489233493805,0.8392305374145508,0.2592695355415344,0.8728790283203125,0.2897386848926544,0.8579525351524353,0.3135034739971161,0.8276421427726746,scissors,02038,C:/Users/Javier/PIDS_HandPose/work/HAR_mediapipe/data/gestos_pids/train//scissors/scissors_02038.jpg
0.6061303019523621,0.7326515913009644,0.606047511100769,0.6498487591743469,0.564996600151062,0.6219751238822937,0.513893187046051,0.687223494052887,0.47144514322280884,0.7369316816329956,0.4693779945373535,0.5816998481750488,0.3987025022506714,0.5434954166412354,0.35600408911705017,0.5210102200508118,0.31478434801101685,0.5046800374984741,0.45956599712371826,0.6450644731521606,0.3890690803527832,0.6894234418869019,0.34323376417160034,0.720785915851593,0.2986683249473572,0.7356635332107544,0.46856871247291565,0.7031257152557373,0.44301626086235046,0.7357704639434814,0.4858606457710266,0.7311512231826782,0.5116102695465088,0.7043449878692627,0.48757627606391907,0.751405656337738,0.47106432914733887,0.76789391040802,0.5040927529335022,0.7545930743217468,0.5294310450553894,0.7264123558998108,scissors,02039,C:/Users/Javier/PIDS_HandPose/work/HAR_mediapipe/data/gestos_pids/train//scissors/scissors_02039.jpg
0.7116498947143555,0.6716226935386658,0.7195010185241699,0.5959663987159729,0.693096935749054,0.5566406846046448,0.6557877659797668,0.6118230223655701,0.618761420249939,0.6609911918640137,0.5932025909423828,0.5263058543205261,0.5327054262161255,0.48707354068756104,0.4933170974254608,0.4651651382446289,0.4549735188484192,0.4524153470993042,0.5868310332298279,0.592065155506134,0.5219498872756958,0.6295757293701172,0.47996097803115845,0.6604593992233276,0.4409206211566925,0.6794455647468567,0.5991030931472778,0.6492835283279419,0.576167106628418,0.6658689379692078,0.6219025254249573,0.6644376516342163,0.6517325639724731,0.6435542702674866,0.6189967393875122,0.6986489295959473,0.5990506410598755,0.7113657593727112,0.633623480796814,0.7008894681930542,0.6627033948898315,0.6726098656654358,scissors,02040,C:/Users/Javier/PIDS_HandPose/work/HAR_mediapipe/data/gestos_pids/train//scissors/scissors_02040.jpg
0.7254958748817444,0.663401186466217,0.7341591119766235,0.5943558216094971,0.7159174680709839,0.5529677867889404,0.6819234490394592,0.600716769695282,0.6476941108703613,0.6492537260055542,0.624303936958313,0.5214464664459229,0.5656057596206665,0.4765627086162567,0.5306361317634583,0.45334258675575256,0.4949437379837036,0.4409244656562805,0.6166079640388489,0.5776973366737366,0.5580409169197083,0.614421546459198,0.5174269676208496,0.6468220353126526,0.4785890281200409,0.6638426780700684,0.6260805130004883,0.6284123063087463,0.6119159460067749,0.6556079387664795,0.6503732204437256,0.6550605297088623,0.6748377084732056,0.6306775808334351,0.6418381333351135,0.6720126867294312,0.6321613192558289,0.6848308444023132,0.6629392504692078,0.6742758750915527,0.6878132224082947,0.6464375853538513,scissors,02041,C:/Users/Javier/PIDS_HandPose/work/HAR_mediapipe/data/gestos_pids/train//scissors/scissors_02041.jpg
0.7607389688491821,0.6358120441436768,0.7792974710464478,0.5679728984832764,0.7746061086654663,0.5119450092315674,0.7460692524909973,0.5375322699546814,0.7146117091178894,0.5894337892532349,0.6852018237113953,0.4756479263305664,0.6291929483413696,0.42311710119247437,0.5950013995170593,0.39955294132232666,0.5594190359115601,0.38644224405288696,0.6721296906471252,0.5245206356048584,0.6194868087768555,0.548584520816803,0.5807704925537109,0.572136640548706,0.5451470613479614,0.5839775800704956,0.6749044060707092,0.5703158974647522,0.6702301502227783,0.5973881483078003,0.7076385021209717,0.5949980020523071,0.7331725358963013,0.5690608620643616,0.6847859621047974,0.6118335127830505,0.6865338683128357,0.6229780912399292,0.7158737182617188,0.6156386733055115,0.739772379398346,0.5934957265853882,scissors,02042,C:/Users/Javier/PIDS_HandPose/work/HAR_mediapipe/data/gestos_pids/train//scissors/scissors_02042.jpg
0.77260422706604,0.6440012454986572,0.7891957759857178,0.5741755366325378,0.7837414145469666,0.520107626914978,0.7559146881103516,0.5482194423675537,0.7253966331481934,0.6022719144821167,0.6936700940132141,0.4850797653198242,0.638307511806488,0.4365777373313904,0.6031036376953125,0.41468387842178345,0.5665877461433411,0.4028109610080719,0.6821663975715637,0.5377869009971619,0.6313259601593018,0.5630822777748108,0.592769205570221,0.5891028642654419,0.5582186579704285,0.6057212352752686,0.6869732737541199,0.586933434009552,0.6826887726783752,0.6057994365692139,0.7182393670082092,0.5981804132461548,0.7431159019470215,0.574475884437561,0.6990652680397034,0.6301904320716858,0.7030982971191406,0.6357189416885376,0.7322447896003723,0.6252659559249878,0.7562770247459412,0.6030806303024292,scissors,02043,C:/Users/Javier/PIDS_HandPose/work/HAR_mediapipe/data/gestos_pids/train//scissors/scissors_02043.jpg
0.6267054677009583,0.6832016706466675,0.6373500823974609,0.609910786151886,0.6149953603744507,0.565765380859375,0.5750241875648499,0.6056655645370483,0.5398564338684082,0.6507974863052368,0.5268867015838623,0.5280015468597412,0.47043129801750183,0.4838547110557556,0.4362115263938904,0.459999144077301,0.4000297784805298,0.44310492277145386,0.517591655254364,0.5821927785873413,0.4532936215400696,0.6149981021881104,0.41269785165786743,0.6421139240264893,0.3750841021537781,0.6546706557273865,0.5246790647506714,0.6330687999725342,0.49891430139541626,0.6546030640602112,0.5398394465446472,0.6583361625671387,0.5692648887634277,0.6376247406005859,0.5393794178962708,0.6796960830688477,0.5217095017433167,0.6893291473388672,0.5517529249191284,0.6821681261062622,0.5783149003982544,0.6577228903770447,scissors,02044,C:/Users/Javier/PIDS_HandPose/work/HAR_mediapipe/data/gestos_pids/train//scissors/scissors_02044.jpg
0.837609052658081,0.7439626455307007,0.7939605116844177,0.6286465525627136,0.7357215285301208,0.5992862582206726,0.6857922673225403,0.63315749168396,0.6527528166770935,0.6715463995933533,0.6977565288543701,0.5945727229118347,0.620114266872406,0.5385652184486389,0.5793285965919495,0.506600022315979,0.5474183559417725,0.4791983366012573,0.6894720196723938,0.6787987947463989,0.6023600697517395,0.682529628276825,0.5558949112892151,0.6877696514129639,0.5243198275566101,0.6974719166755676,0.6954336166381836,0.7504158616065979,0.6578665971755981,0.7294716835021973,0.679050862789154,0.7047538161277771,0.6978703141212463,0.6985849738121033,0.7047384977340698,0.8101216554641724,0.6837664246559143,0.7704209685325623,0.6980438232421875,0.7495386600494385,0.7150022983551025,0.7342485189437866,scissors,02045,C:/Users/Javier/PIDS_HandPose/work/HAR_mediapipe/data/gestos_pids/train//scissors/scissors_02045.jpg
0.8159234523773193,0.6715837717056274,0.768936276435852,0.5727871656417847,0.7149978280067444,0.5521247982978821,0.6672232747077942,0.5899854302406311,0.6387856602668762,0.6304515600204468,0.6881800293922424,0.5290529727935791,0.6201162934303284,0.4657289683818817,0.5805575847625732,0.4293054938316345,0.5491964817047119,0.3986603617668152,0.6800930500030518,0.6005881428718567,0.5962843298912048,0.6036806106567383,0.5510449409484863,0.6081584095954895,0.5177290439605713,0.6143100261688232,0.6838873624801636,0.6671594381332397,0.6405502557754517,0.6615870594978333,0.6627954244613647,0.6411171555519104,0.6817910075187683,0.6347079873085022,0.6932646632194519,0.7305985689163208,0.6626307964324951,0.710449755191803,0.6756855845451355,0.6955091953277588,0.6912757158279419,0.6826720237731934,scissors,02046,C:/Users/Javier/PIDS_HandPose/work/HAR_mediapipe/data/gestos_pids/train//scissors/scissors_02046.jpg
0.7129781246185303,0.6550458669662476,0.6731359362602234,0.5608282089233398,0.6212391257286072,0.540900707244873,0.5816155076026917,0.5771273970603943,0.5577715635299683,0.6231311559677124,0.5906656980514526,0.5265461206436157,0.5226081609725952,0.46040940284729004,0.4822409749031067,0.4260677695274353,0.4513702392578125,0.39987945556640625,0.580390453338623,0.601408839225769,0.5030227303504944,0.6001846194267273,0.4613827168941498,0.6079201102256775,0.43192070722579956,0.6150482296943665,0.5842635631561279,0.6673982739448547,0.552127480506897,0.6561432480812073,0.5727733969688416,0.6374348402023315,0.5904274582862854,0.6336171627044678,0.5933926701545715,0.7272635698318481,0.5721578001976013,0.7005906105041504,0.5851402282714844,0.6919209957122803,0.5990084409713745,0.68632572889328,scissors,02047,C:/Users/Javier/PIDS_HandPose/work/HAR_mediapipe/data/gestos_pids/train//scissors/scissors_02047.jpg
0.7289766073226929,0.7544286251068115,0.6934748291969299,0.6313236951828003,0.6372371912002563,0.5892176628112793,0.5893518924713135,0.6204420924186707,0.5563263893127441,0.665962815284729,0.5989093780517578,0.5855486989021301,0.5365745425224304,0.5017536282539368,0.4961974024772644,0.45850297808647156,0.4635688066482544,0.42465442419052124,0.58802330493927,0.6714226603507996,0.5035785436630249,0.6564826965332031,0.45798295736312866,0.656420111656189,0.4257346987724304,0.6608319282531738,0.5911417603492737,0.7459089756011963,0.5530157089233398,0.7157716751098633,0.5779072642326355,0.6980737447738647,0.599709689617157,0.6963837742805481,0.5986422300338745,0.8087173700332642,0.5731519460678101,0.759788990020752,0.5875942707061768,0.7486560940742493,0.604495108127594,0.7419595718383789,scissors,02048,C:/Users/Javier/PIDS_HandPose/work/HAR_mediapipe/data/gestos_pids/train//scissors/scissors_02048.jpg
0.6381850838661194,0.7649863958358765,0.6504697799682617,0.6523697376251221,0.6338497400283813,0.5629937648773193,0.5949692726135254,0.5226895809173584,0.5600112080574036,0.5156754851341248,0.6348416209220886,0.5195247530937195,0.6255683302879333,0.3877480626106262,0.6206427216529846,0.3116607069969177,0.6190391182899475,0.2522888481616974,0.5973587036132812,0.5471478700637817,0.547313928604126,0.4221125543117523,0.5194889903068542,0.3623642921447754,0.5000474452972412,0.31996986269950867,0.5671148300170898,0.5877373218536377,0.5437829494476318,0.509716808795929,0.5611348748207092,0.5343725085258484,0.5723723769187927,0.5585698485374451,0.5399607419967651,0.6352214217185974,0.5275620818138123,0.562458872795105,0.539999783039093,0.5805858969688416,0.5518219470977783,0.60125333070755,scissors,02049,C:/Users/Javier/PIDS_HandPose/work/HAR_mediapipe/data/gestos_pids/train//scissors/scissors_02049.jpg
0.6182790398597717,0.7228200435638428,0.6446463465690613,0.6207770705223083,0.6417223811149597,0.5315408110618591,0.6135097146034241,0.4801985025405884,0.5838942527770996,0.4581834673881531,0.6479141712188721,0.4848773181438446,0.6616335511207581,0.3587833642959595,0.6713812947273254,0.2860235869884491,0.6813869476318359,0.23271003365516663,0.6085109710693359,0.489620566368103,0.5837600231170654,0.35899609327316284,0.56642746925354,0.2955452799797058,0.5544434785842896,0.25416600704193115,0.5750739574432373,0.5129142999649048,0.5634701251983643,0.44532155990600586,0.574707567691803,0.47602856159210205,0.5814716219902039,0.5041701793670654,0.5437927842140198,0.5459896326065063,0.5414798259735107,0.4874553084373474,0.5488888025283813,0.5122643113136292,0.5563732385635376,0.5390815734863281,scissors,02050,C:/Users/Javier/PIDS_HandPose/work/HAR_mediapipe/data/gestos_pids/train//scissors/scissors_02050.jpg
0.5901973247528076,0.6898639798164368,0.6133241057395935,0.5895348191261292,0.6076470017433167,0.5043008923530579,0.5791087746620178,0.4601036608219147,0.5493692755699158,0.4424009323120117,0.6135825514793396,0.4544796645641327,0.6286884546279907,0.33638995885849,0.6361183524131775,0.2662690281867981,0.6432235836982727,0.2142811119556427,0.5759408473968506,0.45972806215286255,0.5534189939498901,0.3429454565048218,0.5369409918785095,0.28808799386024475,0.5261411070823669,0.2500666379928589,0.5456305146217346,0.48249176144599915,0.5348637700080872,0.4310232400894165,0.5456917881965637,0.46165022253990173,0.5524873733520508,0.4873729348182678,0.5167957544326782,0.513110339641571,0.5140206813812256,0.4630846381187439,0.5213852524757385,0.48555418848991394,0.5301687717437744,0.511990487575531,scissors,02051,C:/Users/Javier/PIDS_HandPose/work/HAR_mediapipe/data/gestos_pids/train//scissors/scissors_02051.jpg
0.47309771180152893,0.7380796670913696,0.5031035542488098,0.6542178392410278,0.5025014281272888,0.5653462409973145,0.47814592719078064,0.5182413458824158,0.4500885009765625,0.4980190694332123,0.5046321153640747,0.5152590274810791,0.5241775512695312,0.3937956392765045,0.532141923904419,0.3233143091201782,0.5386726260185242,0.26906919479370117,0.46476873755455017,0.5152130126953125,0.456322580575943,0.3962235450744629,0.4464426338672638,0.33803439140319824,0.43800783157348633,0.29881125688552856,0.43272438645362854,0.5354271531105042,0.4304051399230957,0.4865182042121887,0.44068166613578796,0.5207441449165344,0.445448100566864,0.5507194399833679,0.4040817320346832,0.5642114877700806,0.41124576330184937,0.5267072916030884,0.41826438903808594,0.5531511306762695,0.4235241115093231,0.5776852965354919,scissors,02052,C:/Users/Javier/PIDS_HandPose/work/HAR_mediapipe/data/gestos_pids/train//scissors/scissors_02052.jpg
0.4755884110927582,0.7675666809082031,0.49699994921684265,0.6646875739097595,0.4898819923400879,0.5803123712539673,0.4631449580192566,0.5355990529060364,0.4345317482948303,0.5190027952194214,0.4927833080291748,0.5249019861221313,0.5073980689048767,0.4065369963645935,0.5169205665588379,0.3352031111717224,0.52586829662323,0.2836260199546814,0.45543786883354187,0.5323484539985657,0.4227059483528137,0.40924912691116333,0.3989138901233673,0.35057443380355835,0.38174161314964294,0.31244730949401855,0.42415285110473633,0.5572552680969238,0.405868798494339,0.5182271003723145,0.41863706707954407,0.5486574172973633,0.4276639521121979,0.5728596448898315,0.3950628638267517,0.5927694439888,0.3878644108772278,0.5511488318443298,0.39645934104919434,0.5752676725387573,0.4060855507850647,0.600312352180481,scissors,02053,C:/Users/Javier/PIDS_HandPose/work/HAR_mediapipe/data/gestos_pids/train//scissors/scissors_02053.jpg
0.4452943205833435,0.7665831446647644,0.4655252695083618,0.658664345741272,0.4584844708442688,0.5743647217750549,0.43157821893692017,0.5294928550720215,0.4037265181541443,0.5113651752471924,0.46495550870895386,0.517554521560669,0.4773435890674591,0.3955615758895874,0.48575425148010254,0.3223615884780884,0.4940839111804962,0.2698873281478882,0.42654621601104736,0.5246644020080566,0.3963901996612549,0.4003320336341858,0.3738727569580078,0.3397183120250702,0.3570287525653839,0.3007694482803345,0.3949079215526581,0.5506181120872498,0.37808558344841003,0.509457528591156,0.3909517228603363,0.5376632809638977,0.3998161256313324,0.5596629977226257,0.36437559127807617,0.5872822403907776,0.3583742380142212,0.5434903502464294,0.36608320474624634,0.5652336478233337,0.37603676319122314,0.5883059501647949,scissors,02054,C:/Users/Javier/PIDS_HandPose/work/HAR_mediapipe/data/gestos_pids/train//scissors/scissors_02054.jpg
0.3552473485469818,0.7293751835823059,0.3770904839038849,0.6216244697570801,0.3665750026702881,0.5388994812965393,0.3346003293991089,0.49740567803382874,0.3049880862236023,0.4809333086013794,0.3651985228061676,0.4752395451068878,0.3785026967525482,0.35186293721199036,0.3845987915992737,0.27733394503593445,0.39124685525894165,0.22333532571792603,0.32510438561439514,0.48478272557258606,0.2990458905696869,0.3680347800254822,0.27711939811706543,0.3127845525741577,0.25993019342422485,0.2774229347705841,0.29376018047332764,0.5130102634429932,0.2807321548461914,0.48306137323379517,0.2941955626010895,0.513714075088501,0.3030834197998047,0.5382851958274841,0.263579785823822,0.5503458380699158,0.26211220026016235,0.5235171914100647,0.27153950929641724,0.5451722145080566,0.28262823820114136,0.5686155557632446,scissors,02055,C:/Users/Javier/PIDS_HandPose/work/HAR_mediapipe/data/gestos_pids/train//scissors/scissors_02055.jpg
0.31378424167633057,0.7448601722717285,0.33806857466697693,0.6321797966957092,0.32836219668388367,0.5460098385810852,0.29762768745422363,0.49932989478111267,0.264776349067688,0.48183193802833557,0.32452788949012756,0.47470563650131226,0.3348619341850281,0.33788439631462097,0.3393784761428833,0.25537800788879395,0.3447376787662506,0.19396546483039856,0.2805687189102173,0.4851105213165283,0.24677428603172302,0.359778493642807,0.22368502616882324,0.2982451319694519,0.2072312831878662,0.259653776884079,0.24557389318943024,0.5163960456848145,0.2260715365409851,0.4875200390815735,0.24153152108192444,0.5167099237442017,0.2526143789291382,0.5424185991287231,0.2119845300912857,0.5567796230316162,0.2099762260913849,0.535739541053772,0.22065424919128418,0.5596798062324524,0.232626810669899,0.5833445191383362,scissors,02056,C:/Users/Javier/PIDS_HandPose/work/HAR_mediapipe/data/gestos_pids/train//scissors/scissors_02056.jpg
0.3015757203102112,0.7563154697418213,0.3196718692779541,0.6334560513496399,0.3019087612628937,0.5430876016616821,0.26464876532554626,0.5081324577331543,0.22796809673309326,0.4998811185359955,0.2981686592102051,0.4712009131908417,0.30202361941337585,0.3242444097995758,0.29927557706832886,0.23854124546051025,0.29891327023506165,0.17478004097938538,0.25097543001174927,0.48959484696388245,0.2060144543647766,0.3644554316997528,0.17561805248260498,0.3083903193473816,0.1555635780096054,0.27319902181625366,0.21511541306972504,0.5315098762512207,0.19323348999023438,0.513235330581665,0.2107161432504654,0.5509155988693237,0.22382724285125732,0.577085554599762,0.182095468044281,0.5820393562316895,0.17665892839431763,0.5694221258163452,0.18882745504379272,0.5980362296104431,0.20209717750549316,0.6198241710662842,scissors,02057,C:/Users/Javier/PIDS_HandPose/work/HAR_mediapipe/data/gestos_pids/train//scissors/scissors_02057.jpg
0.30633464455604553,0.761320948600769,0.31711530685424805,0.6214557886123657,0.29406678676605225,0.5290701985359192,0.2536608874797821,0.4940699338912964,0.21387502551078796,0.48792144656181335,0.2930583655834198,0.4602658152580261,0.2837068438529968,0.3031572103500366,0.2783549427986145,0.2123522162437439,0.27639850974082947,0.14375486969947815,0.24472340941429138,0.48636719584465027,0.182783305644989,0.34710270166397095,0.14547914266586304,0.2873325049877167,0.1208692342042923,0.25044721364974976,0.2061614990234375,0.5333247780799866,0.1736827790737152,0.5097106695175171,0.19275911152362823,0.5475297570228577,0.2084200382232666,0.5728341937065125,0.16917400062084198,0.5897188186645508,0.1562037318944931,0.567105770111084,0.16918566823005676,0.5975909233093262,0.18479368090629578,0.6206051111221313,scissors,02058,C:/Users/Javier/PIDS_HandPose/work/HAR_mediapipe/data/gestos_pids/train//scissors/scissors_02058.jpg
0.36957481503486633,0.7267230749130249,0.37991708517074585,0.5923627018928528,0.3611208498477936,0.5089420676231384,0.32251065969467163,0.47160205245018005,0.28683939576148987,0.4582816958427429,0.3560762405395508,0.4357106387615204,0.35690566897392273,0.2856457233428955,0.35732150077819824,0.1925671100616455,0.3609950840473175,0.12292510271072388,0.31451067328453064,0.46192440390586853,0.2544673681259155,0.3315442204475403,0.21805743873119354,0.27372244000434875,0.19362933933734894,0.2343878149986267,0.2796514928340912,0.508842945098877,0.24583503603935242,0.47878509759902954,0.2647540271282196,0.508480966091156,0.2802997827529907,0.5302820801734924,0.24708901345729828,0.5694199204444885,0.23303894698619843,0.5354130268096924,0.24559055268764496,0.5588855743408203,0.26085394620895386,0.5773684978485107,scissors,02059,C:/Users/Javier/PIDS_HandPose/work/HAR_mediapipe/data/gestos_pids/train//scissors/scissors_02059.jpg
0.5950149297714233,0.7474715709686279,0.567743182182312,0.6169731616973877,0.5180448293685913,0.5620813369750977,0.47099393606185913,0.5845568776130676,0.435282438993454,0.6263285875320435,0.474750280380249,0.5262382626533508,0.41621896624565125,0.41763976216316223,0.3793385624885559,0.3596656322479248,0.34965234994888306,0.3160286545753479,0.4507509171962738,0.6081873178482056,0.3643481731414795,0.5849050879478455,0.3146582841873169,0.5750436782836914,0.28015395998954773,0.5679344534873962,0.444198876619339,0.6862304210662842,0.4314733147621155,0.6895022988319397,0.46083864569664,0.6858997344970703,0.4800305664539337,0.6875597238540649,0.44205063581466675,0.758420467376709,0.4442708492279053,0.7440133094787598,0.46608641743659973,0.7402524948120117,0.48327359557151794,0.7366077303886414,scissors,02060,C:/Users/Javier/PIDS_HandPose/work/HAR_mediapipe/data/gestos_pids/train//scissors/scissors_02060.jpg
0.6175054907798767,0.7518965005874634,0.5694873929023743,0.635964572429657,0.5154227018356323,0.5970147848129272,0.4725896716117859,0.6293453574180603,0.4388082027435303,0.6708890795707703,0.4754922389984131,0.5606335401535034,0.4063792824745178,0.4730205237865448,0.36363357305526733,0.42790552973747253,0.33064550161361694,0.3926547169685364,0.4597330093383789,0.6475473046302795,0.36737918853759766,0.6434885859489441,0.31487196683883667,0.6493211984634399,0.2797601819038391,0.6561821103096008,0.4599160850048065,0.7307377457618713,0.43537312746047974,0.7400844097137451,0.4650377333164215,0.7332611680030823,0.4874407649040222,0.7286409139633179,0.46236860752105713,0.8068339824676514,0.4590870141983032,0.7954887747764587,0.48207610845565796,0.7932405471801758,0.5010946393013,0.7838083505630493,scissors,02061,C:/Users/Javier/PIDS_HandPose/work/HAR_mediapipe/data/gestos_pids/train//scissors/scissors_02061.jpg
0.5460523962974548,0.7323741912841797,0.5002237558364868,0.6102747321128845,0.4490680992603302,0.5668495297431946,0.4085451364517212,0.5921212434768677,0.3738061785697937,0.6283249855041504,0.41069716215133667,0.5245056748390198,0.34354573488235474,0.4437152147293091,0.30095329880714417,0.40284663438796997,0.2661890983581543,0.36925026774406433,0.3961227536201477,0.6036933064460754,0.3063236176967621,0.6009347438812256,0.259510338306427,0.6118404865264893,0.22693395614624023,0.6193661689758301,0.39420852065086365,0.6868470311164856,0.3677632808685303,0.701751708984375,0.40171149373054504,0.7060316801071167,0.4268018901348114,0.6989408731460571,0.3912455141544342,0.7634190320968628,0.38809168338775635,0.7614126205444336,0.4134335219860077,0.7668365240097046,0.43460917472839355,0.7549530267715454,scissors,02062,C:/Users/Javier/PIDS_HandPose/work/HAR_mediapipe/data/gestos_pids/train//scissors/scissors_02062.jpg
0.589550793170929,0.675788164138794,0.5397233963012695,0.5579968094825745,0.4906212389469147,0.515525221824646,0.4507262706756592,0.5428205728530884,0.41419193148612976,0.5749324560165405,0.4564938545227051,0.46842700242996216,0.39368927478790283,0.38794100284576416,0.3521580100059509,0.34570345282554626,0.31730136275291443,0.3113451600074768,0.443627268075943,0.5480100512504578,0.35848289728164673,0.5435139536857605,0.3109392523765564,0.5544355511665344,0.2760961651802063,0.5626026391983032,0.4421389698982239,0.6316072344779968,0.4180176258087158,0.6418964266777039,0.4516898989677429,0.6465889811515808,0.474637895822525,0.6387559771537781,0.4391089677810669,0.7052872776985168,0.43597012758255005,0.7023442983627319,0.46130165457725525,0.70695960521698,0.4797266125679016,0.6955366134643555,scissors,02063,C:/Users/Javier/PIDS_HandPose/work/HAR_mediapipe/data/gestos_pids/train//scissors/scissors_02063.jpg
0.6415823698043823,0.6853169798851013,0.5946983695030212,0.5702087879180908,0.5485798716545105,0.5299312472343445,0.508237898349762,0.5505788326263428,0.46738165616989136,0.5664904713630676,0.5246197581291199,0.4821144640445709,0.4686287045478821,0.4036887288093567,0.429252028465271,0.3649618625640869,0.39426255226135254,0.33200833201408386,0.5199977159500122,0.562054455280304,0.43305641412734985,0.549852728843689,0.384289026260376,0.5560644865036011,0.34704768657684326,0.5619942545890808,0.5178353190422058,0.6429293155670166,0.48345789313316345,0.6336947083473206,0.5156475901603699,0.636013925075531,0.5378967523574829,0.631618320941925,0.5106937885284424,0.7079845666885376,0.4977230131626129,0.6937825679779053,0.5191972851753235,0.6928627490997314,0.5345970988273621,0.6847968101501465,scissors,02064,C:/Users/Javier/PIDS_HandPose/work/HAR_mediapipe/data/gestos_pids/train//scissors/scissors_02064.jpg
0.7123112678527832,0.7127432823181152,0.6701796054840088,0.5977852940559387,0.625564455986023,0.5565429925918579,0.5840175151824951,0.5803478360176086,0.5500465631484985,0.6118438839912415,0.5997611284255981,0.5273206830024719,0.5362353324890137,0.44586482644081116,0.49777647852897644,0.4051826000213623,0.46628090739250183,0.3677203059196472,0.5862929224967957,0.5996969938278198,0.49516505002975464,0.5876222848892212,0.44730913639068604,0.585372805595398,0.4139779508113861,0.5827140808105469,0.5817965269088745,0.672353208065033,0.5450559854507446,0.6580603122711182,0.5722640752792358,0.6533591151237488,0.5923956036567688,0.6501380205154419,0.5786839127540588,0.7373573780059814,0.5520052909851074,0.7081998586654663,0.569327175617218,0.7087112069129944,0.5857301950454712,0.7025811076164246,scissors,02065,C:/Users/Javier/PIDS_HandPose/work/HAR_mediapipe/data/gestos_pids/train//scissors/scissors_02065.jpg
0.8650215268135071,0.7037400007247925,0.8220911622047424,0.5830344557762146,0.7812241911888123,0.5213988423347473,0.7535169124603271,0.4729820489883423,0.7344098091125488,0.42313599586486816,0.752362072467804,0.5079857110977173,0.6902375221252441,0.42442503571510315,0.6552109122276306,0.37522855401039124,0.6230610013008118,0.3323433995246887,0.7415769100189209,0.577785313129425,0.648224413394928,0.5594280362129211,0.5950524210929871,0.5478764772415161,0.5568230152130127,0.5536373257637024,0.7348059415817261,0.6517062187194824,0.6810279488563538,0.6165541410446167,0.6996500492095947,0.5955278277397156,0.7210649847984314,0.5920902490615845,0.7334624528884888,0.7168720960617065,0.6918544769287109,0.6738665103912354,0.7036145925521851,0.6556863784790039,0.7152185440063477,0.6472209095954895,scissors,02066,C:/Users/Javier/PIDS_HandPose/work/HAR_mediapipe/data/gestos_pids/train//scissors/scissors_02066.jpg
0.8781565427780151,0.78729248046875,0.8422850370407104,0.6765127778053284,0.7955178618431091,0.625417172908783,0.7502844929695129,0.6071617007255554,0.7155066728591919,0.6055577993392944,0.7701738476753235,0.6227694749832153,0.7026594877243042,0.546923816204071,0.6676276326179504,0.5017216205596924,0.6367868185043335,0.46642452478408813,0.7608503699302673,0.7030291557312012,0.6655369400978088,0.6821161508560181,0.6139476299285889,0.6759828925132751,0.5756195783615112,0.6803972125053406,0.7565420866012573,0.7774043083190918,0.6940860748291016,0.7291120886802673,0.7134366035461426,0.7072441577911377,0.7364378571510315,0.7072083950042725,0.7557922601699829,0.8356673121452332,0.7070307731628418,0.7815808653831482,0.7187977433204651,0.7655366659164429,0.7353339791297913,0.7598569393157959,scissors,02067,C:/Users/Javier/PIDS_HandPose/work/HAR_mediapipe/data/gestos_pids/train//scissors/scissors_02067.jpg
0.8983356952667236,0.6174308657646179,0.860375702381134,0.5162668228149414,0.8146191835403442,0.46791696548461914,0.7706915736198425,0.47796326875686646,0.7384511232376099,0.5009056329727173,0.8012285828590393,0.44218572974205017,0.7366992235183716,0.3614950180053711,0.7012311220169067,0.3140028119087219,0.6760071516036987,0.27203187346458435,0.793766438961029,0.499095618724823,0.6978709697723389,0.47460252046585083,0.6483893394470215,0.476457417011261,0.6152695417404175,0.4763435423374176,0.7889584302902222,0.568148136138916,0.7217457890510559,0.5534854531288147,0.7378373742103577,0.5639299750328064,0.7591575384140015,0.5661296248435974,0.7892678380012512,0.6424471139907837,0.7345673441886902,0.6178664565086365,0.7448185682296753,0.6193068623542786,0.7615063786506653,0.6163291931152344,scissors,02068,C:/Users/Javier/PIDS_HandPose/work/HAR_mediapipe/data/gestos_pids/train//scissors/scissors_02068.jpg
0.8417041897773743,0.5181750655174255,0.8023099899291992,0.42324161529541016,0.7549499273300171,0.382022500038147,0.7069226503372192,0.3915889263153076,0.6720050573348999,0.4151250720024109,0.7426603436470032,0.3450833559036255,0.6790856122970581,0.2789379358291626,0.6456801295280457,0.23980611562728882,0.6197279691696167,0.2015419751405716,0.7351208329200745,0.4024430215358734,0.644676148891449,0.39619430899620056,0.5956175923347473,0.40290266275405884,0.5621945858001709,0.40475359559059143,0.7302289605140686,0.46492430567741394,0.6523078680038452,0.46100348234176636,0.6438455581665039,0.46859344840049744,0.6477797031402588,0.4744006097316742,0.7293228507041931,0.5279006361961365,0.6702618598937988,0.5167847871780396,0.6671502590179443,0.5175776481628418,0.6750618815422058,0.5182573199272156,scissors,02069,C:/Users/Javier/PIDS_HandPose/work/HAR_mediapipe/data/gestos_pids/train//scissors/scissors_02069.jpg
0.7388451099395752,0.7136620879173279,0.6916346549987793,0.7799946069717407,0.6329025030136108,0.8005906343460083,0.5908641815185547,0.7478594779968262,0.5678250193595886,0.6743344068527222,0.5884811282157898,0.7695971727371216,0.529215395450592,0.8028374910354614,0.49105873703956604,0.824294924736023,0.4580339789390564,0.8327780961990356,0.5905388593673706,0.7071077227592468,0.5184023380279541,0.6860659122467041,0.47498786449432373,0.6746377348899841,0.44448089599609375,0.6606727838516235,0.6061021685600281,0.6529304385185242,0.5752257108688354,0.663090169429779,0.615375816822052,0.7001478672027588,0.6494792103767395,0.7151356935501099,0.6261672973632812,0.6039884090423584,0.5846816301345825,0.6111280918121338,0.6122533082962036,0.6504438519477844,0.6413513422012329,0.6705794334411621,scissors,02070,C:/Users/Javier/PIDS_HandPose/work/HAR_mediapipe/data/gestos_pids/train//scissors/scissors_02070.jpg
0.26858264207839966,0.9614312648773193,0.31054720282554626,0.9200331568717957,0.32665884494781494,0.8465296626091003,0.29952794313430786,0.7952324151992798,0.26963117718696594,0.7620422840118408,0.3182957172393799,0.7374295592308044,0.33540868759155273,0.6497913599014282,0.3439748287200928,0.5927776098251343,0.3492281436920166,0.538736879825592,0.281606525182724,0.7372080087661743,0.26612311601638794,0.6284272074699402,0.25518232583999634,0.5596861839294434,0.2447817325592041,0.4971087872982025,0.24958080053329468,0.7632398009300232,0.24171403050422668,0.7063854336738586,0.25875240564346313,0.7656078934669495,0.2713036835193634,0.8095966577529907,0.22465845942497253,0.8077609539031982,0.2260221391916275,0.7842961549758911,0.2457054853439331,0.8276307582855225,0.2627515196800232,0.8624323010444641,scissors,03001,C:/Users/Javier/PIDS_HandPose/work/HAR_mediapipe/data/gestos_pids/train//scissors/scissors_03001.jpg
0.320216566324234,0.7693444490432739,0.36284908652305603,0.7282941937446594,0.3790645897388458,0.6578622460365295,0.35456812381744385,0.5985277891159058,0.32728856801986694,0.5600407719612122,0.3766592741012573,0.5535016059875488,0.39899516105651855,0.4717009663581848,0.4108213782310486,0.4171167016029358,0.4196682870388031,0.36573532223701477,0.3437754511833191,0.5410864949226379,0.33793118596076965,0.43958038091659546,0.3352501094341278,0.37348246574401855,0.3312326669692993,0.31502169370651245,0.31469088792800903,0.5573259592056274,0.3085165321826935,0.48754391074180603,0.3209822475910187,0.5459492206573486,0.3287889063358307,0.592879593372345,0.2882032096385956,0.5914665460586548,0.2865792512893677,0.5300690531730652,0.2999459505081177,0.5605040192604065,0.31201285123825073,0.597781240940094,scissors,03002,C:/Users/Javier/PIDS_HandPose/work/HAR_mediapipe/data/gestos_pids/train//scissors/scissors_03002.jpg
0.2571205794811249,0.7855170965194702,0.2940758764743805,0.7472622394561768,0.3057054877281189,0.6792325973510742,0.2773144841194153,0.630399227142334,0.2472546100616455,0.5952141284942627,0.30386844277381897,0.5791159868240356,0.3235445022583008,0.49755215644836426,0.3333680331707001,0.44545817375183105,0.3399861752986908,0.39590519666671753,0.27100396156311035,0.5692527890205383,0.2619249224662781,0.4701501429080963,0.25429555773735046,0.4104439318180084,0.24602659046649933,0.35633838176727295,0.24380642175674438,0.5866557359695435,0.23167061805725098,0.518291175365448,0.2411309778690338,0.5776253342628479,0.24895286560058594,0.6220213174819946,0.22008705139160156,0.6224542260169983,0.20934218168258667,0.5702441930770874,0.21944081783294678,0.6026955246925354,0.23155061900615692,0.6369503140449524,scissors,03003,C:/Users/Javier/PIDS_HandPose/work/HAR_mediapipe/data/gestos_pids/train//scissors/scissors_03003.jpg
0.7885542511940002,0.7869925498962402,0.7440916299819946,0.7844580411911011,0.7139486074447632,0.7158647179603577,0.7240597009658813,0.640534520149231,0.7350606322288513,0.5828292965888977,0.6921161413192749,0.6017701625823975,0.6546882390975952,0.5225908756256104,0.6328431367874146,0.4698154926300049,0.6155287027359009,0.42440181970596313,0.7277119159698486,0.5790076851844788,0.7176421284675598,0.4817602038383484,0.7071101069450378,0.4192736744880676,0.6973563432693481,0.36513280868530273,0.7601685523986816,0.5865013599395752,0.755293071269989,0.5109267234802246,0.7497149705886841,0.5708110928535461,0.7492606043815613,0.6188074350357056,0.7898235321044922,0.6132766604423523,0.7767148613929749,0.5856450200080872,0.7684682607650757,0.6388751268386841,0.7679394483566284,0.682844340801239,scissors,03004,C:/Users/Javier/PIDS_HandPose/work/HAR_mediapipe/data/gestos_pids/train//scissors/scissors_03004.jpg
0.8029933571815491,0.7094801664352417,0.7543379664421082,0.6830611228942871,0.7304044365882874,0.6054222583770752,0.75138258934021,0.5256673097610474,0.7702235579490662,0.46648308634757996,0.7112137079238892,0.5062112808227539,0.6756295561790466,0.42637279629707336,0.6565312743186951,0.3747296631336212,0.641754686832428,0.3262530565261841,0.7462083101272583,0.4834122359752655,0.7328842878341675,0.37742024660110474,0.7259150147438049,0.31142377853393555,0.7211676836013794,0.25443828105926514,0.7801921963691711,0.4913198947906494,0.780518651008606,0.40460914373397827,0.7759514451026917,0.4667155146598816,0.7758966088294983,0.516365647315979,0.8122745752334595,0.5191188454627991,0.8041157126426697,0.4835188686847687,0.7978135347366333,0.5319449305534363,0.7995071411132812,0.5724272131919861,scissors,03005,C:/Users/Javier/PIDS_HandPose/work/HAR_mediapipe/data/gestos_pids/train//scissors/scissors_03005.jpg
0.7291021943092346,0.8044687509536743,0.6782506704330444,0.7914507985115051,0.6471264958381653,0.7227025032043457,0.6603266596794128,0.6482829451560974,0.6774179339408875,0.5865200161933899,0.6330874562263489,0.5996322631835938,0.5943740606307983,0.5168097019195557,0.571635901927948,0.4640607535839081,0.5552257299423218,0.41496631503105164,0.6709784865379333,0.5754948854446411,0.6659252047538757,0.45724570751190186,0.661271333694458,0.3799993395805359,0.6611362099647522,0.31564491987228394,0.7051455974578857,0.5823319554328918,0.704267680644989,0.4854429364204407,0.6897494196891785,0.5537358522415161,0.6862809658050537,0.6109800934791565,0.737981379032135,0.6092697978019714,0.72199547290802,0.5815675258636475,0.71199631690979,0.6425279378890991,0.7154045104980469,0.692690908908844,scissors,03006,C:/Users/Javier/PIDS_HandPose/work/HAR_mediapipe/data/gestos_pids/train//scissors/scissors_03006.jpg
0.7805813550949097,0.785316526889801,0.7300311326980591,0.7548173666000366,0.7079479694366455,0.6765466332435608,0.7325313687324524,0.6105635762214661,0.7555537223815918,0.5591102838516235,0.6982474327087402,0.5639686584472656,0.6638772487640381,0.4785974621772766,0.6440770030021667,0.4233139157295227,0.6301575303077698,0.3725028932094574,0.7370059490203857,0.5471311807632446,0.7366874814033508,0.4313587546348572,0.7371079921722412,0.35588735342025757,0.7410697340965271,0.2904162108898163,0.7724331021308899,0.5612063407897949,0.78011155128479,0.468494176864624,0.765953004360199,0.5351279973983765,0.7606036067008972,0.5901739001274109,0.8062774538993835,0.5971630811691284,0.7996324300765991,0.5579536557197571,0.7862169146537781,0.6123090386390686,0.7845560312271118,0.6595895290374756,scissors,03007,C:/Users/Javier/PIDS_HandPose/work/HAR_mediapipe/data/gestos_pids/train//scissors/scissors_03007.jpg
0.7211874723434448,0.7741314172744751,0.6711182594299316,0.7562538385391235,0.6403255462646484,0.6853976845741272,0.656795084476471,0.6144146919250488,0.6787284016609192,0.5612158179283142,0.6318296194076538,0.5656930208206177,0.5946441888809204,0.4753289520740509,0.5732177495956421,0.4178631603717804,0.5586180686950684,0.36687278747558594,0.670307993888855,0.5446745753288269,0.6673440933227539,0.42846739292144775,0.6641700863838196,0.35192614793777466,0.6649727821350098,0.2851836085319519,0.7054568529129028,0.55503910779953,0.7066481709480286,0.47394877672195435,0.6917867064476013,0.5358859300613403,0.6863487362861633,0.5885246396064758,0.7383926510810852,0.5862943530082703,0.7293486595153809,0.5512124300003052,0.717307448387146,0.6011832356452942,0.7163701057434082,0.6454676985740662,scissors,03008,C:/Users/Javier/PIDS_HandPose/work/HAR_mediapipe/data/gestos_pids/train//scissors/scissors_03008.jpg
0.6410539746284485,0.8067963123321533,0.5886423587799072,0.800241231918335,0.5523257851600647,0.7409195899963379,0.5555514693260193,0.6749162673950195,0.565290629863739,0.6119622588157654,0.5366037487983704,0.6008824110031128,0.4991716742515564,0.5136982798576355,0.4782424569129944,0.4631254971027374,0.46110597252845764,0.4204798638820648,0.576252818107605,0.5781026482582092,0.5696641206741333,0.44878309965133667,0.5597304105758667,0.37888050079345703,0.5518193244934082,0.32511675357818604,0.6120861768722534,0.5904719829559326,0.599637508392334,0.49846526980400085,0.588297963142395,0.5743011236190796,0.5857807993888855,0.6320255398750305,0.6447672247886658,0.6263591051101685,0.6227209568023682,0.5869869589805603,0.6150713562965393,0.6494895815849304,0.6171765923500061,0.6985579133033752,scissors,03009,C:/Users/Javier/PIDS_HandPose/work/HAR_mediapipe/data/gestos_pids/train//scissors/scissors_03009.jpg
0.7368801832199097,0.7923603057861328,0.6866492033004761,0.7639454007148743,0.6621080636978149,0.6875181794166565,0.6830719113349915,0.619625985622406,0.7063267230987549,0.5682438015937805,0.6568132638931274,0.5679043531417847,0.6224733591079712,0.47442626953125,0.6029327511787415,0.41453617811203003,0.5893853902816772,0.3612765371799469,0.6959128975868225,0.5542185306549072,0.6945175528526306,0.43570077419281006,0.6922046542167664,0.3564373850822449,0.6930717825889587,0.2905023694038391,0.7309361100196838,0.5697008371353149,0.738917350769043,0.4758424162864685,0.7233164310455322,0.5413222312927246,0.717181384563446,0.5953226089477539,0.7642619609832764,0.6057631373405457,0.7554202675819397,0.5666748881340027,0.7404996752738953,0.6227210164070129,0.7380918860435486,0.6722170114517212,scissors,03010,C:/Users/Javier/PIDS_HandPose/work/HAR_mediapipe/data/gestos_pids/train//scissors/scissors_03010.jpg
0.7989045977592468,0.9007605314254761,0.7544341683387756,0.8870275020599365,0.724715530872345,0.8309102654457092,0.7270634770393372,0.7760307788848877,0.7288790941238403,0.7279974222183228,0.7288021445274353,0.7108349204063416,0.7088261842727661,0.6239019632339478,0.696397602558136,0.5715420246124268,0.6877087354660034,0.5265446305274963,0.7634930610656738,0.6977939605712891,0.7563046813011169,0.6006515026092529,0.7480699419975281,0.5361925959587097,0.7431139945983887,0.48042845726013184,0.7961929440498352,0.7094566226005554,0.7958097457885742,0.6482149958610535,0.7886161208152771,0.7067607045173645,0.7852667570114136,0.7567940950393677,0.8266687989234924,0.7365435361862183,0.8190068602561951,0.7113083004951477,0.8109071254730225,0.7550838589668274,0.8083242774009705,0.7959272861480713,scissors,03011,C:/Users/Javier/PIDS_HandPose/work/HAR_mediapipe/data/gestos_pids/train//scissors/scissors_03011.jpg
0.26295021176338196,0.8665311932563782,0.3005771040916443,0.8476247787475586,0.3169938325881958,0.7957869172096252,0.2858751714229584,0.7621703147888184,0.2552824318408966,0.7308236360549927,0.3190355598926544,0.664824366569519,0.3418554961681366,0.5796558856964111,0.3550264537334442,0.5272926688194275,0.3651025593280792,0.47529906034469604,0.2831459045410156,0.6515706777572632,0.2777002155780792,0.5406405329704285,0.2734728753566742,0.47515934705734253,0.2684968411922455,0.41285040974617004,0.2520430088043213,0.6705943942070007,0.24055534601211548,0.6140971183776855,0.2487110197544098,0.6887472867965698,0.2576444149017334,0.7369676232337952,0.2242620885372162,0.7107928991317749,0.21828225255012512,0.6779251098632812,0.23035001754760742,0.7270427942276001,0.24351465702056885,0.7655870914459229,scissors,03012,C:/Users/Javier/PIDS_HandPose/work/HAR_mediapipe/data/gestos_pids/train//scissors/scissors_03012.jpg
0.32933977246284485,0.8351626992225647,0.3683634400367737,0.8260660767555237,0.3950287997722626,0.7860744595527649,0.38310858607292175,0.7395534515380859,0.3621796667575836,0.6941000819206238,0.4037560820579529,0.6611318588256836,0.43564853072166443,0.594559907913208,0.4545251727104187,0.5495783090591431,0.467177152633667,0.5052017569541931,0.37323567271232605,0.6444276571273804,0.36827391386032104,0.5399633049964905,0.3631836771965027,0.47787708044052124,0.3591822683811188,0.42035001516342163,0.3445950448513031,0.6530768871307373,0.3477604389190674,0.6000503897666931,0.3533039391040802,0.6672255396842957,0.3571174144744873,0.7143857479095459,0.3177713453769684,0.6789178252220154,0.32667121291160583,0.6423230171203613,0.3357134759426117,0.6894022226333618,0.3427138328552246,0.731117308139801,scissors,03013,C:/Users/Javier/PIDS_HandPose/work/HAR_mediapipe/data/gestos_pids/train//scissors/scissors_03013.jpg
0.24741004407405853,0.855800211429596,0.28308719396591187,0.8298035264015198,0.2934163510799408,0.7746291756629944,0.25835293531417847,0.7454553246498108,0.22615522146224976,0.7183966636657715,0.2887250781059265,0.6502766013145447,0.3135879635810852,0.5634222030639648,0.3255693018436432,0.5063971877098083,0.33220356702804565,0.454511433839798,0.25101426243782043,0.6423632502555847,0.23020026087760925,0.5337972640991211,0.21155518293380737,0.47246962785720825,0.19443394243717194,0.42042821645736694,0.22219307720661163,0.6655225157737732,0.20415809750556946,0.6131531000137329,0.215666726231575,0.6780611872673035,0.22585910558700562,0.7233247756958008,0.20045988261699677,0.7085190415382385,0.1881774216890335,0.6750428080558777,0.202113538980484,0.7184538841247559,0.21775254607200623,0.755577564239502,scissors,03014,C:/Users/Javier/PIDS_HandPose/work/HAR_mediapipe/data/gestos_pids/train//scissors/scissors_03014.jpg
0.37094181776046753,0.7585210204124451,0.41057294607162476,0.7537244558334351,0.4377659559249878,0.7169559001922607,0.43208685517311096,0.6662287712097168,0.4153010845184326,0.6187269687652588,0.44399359822273254,0.6003269553184509,0.4748642146587372,0.5345829129219055,0.49328121542930603,0.48830822110176086,0.5064424872398376,0.44478458166122437,0.4171791076660156,0.5801396369934082,0.41618451476097107,0.476200670003891,0.41788581013679504,0.4170311689376831,0.41955530643463135,0.3647043704986572,0.3918348252773285,0.5864501595497131,0.39644113183021545,0.5170698165893555,0.40482425689697266,0.5751725435256958,0.4102442264556885,0.6208235025405884,0.3655107915401459,0.6086978912353516,0.3764004707336426,0.5665152072906494,0.38643938302993774,0.605916440486908,0.39386385679244995,0.6450100541114807,scissors,03015,C:/Users/Javier/PIDS_HandPose/work/HAR_mediapipe/data/gestos_pids/train//scissors/scissors_03015.jpg
0.28406843543052673,0.785881757736206,0.3199312388896942,0.7510200142860413,0.33554041385650635,0.6892449259757996,0.31234389543533325,0.6595650911331177,0.27948758006095886,0.6401572227478027,0.30817124247550964,0.5725923180580139,0.31870579719543457,0.4868142008781433,0.3229987323284149,0.4286028742790222,0.322763592004776,0.3748578429222107,0.27485013008117676,0.5820237994194031,0.24363034963607788,0.49330881237983704,0.2255459576845169,0.440521240234375,0.20928409695625305,0.391262948513031,0.24964621663093567,0.6126449704170227,0.23815999925136566,0.5610029101371765,0.2633463442325592,0.6152452230453491,0.2815110385417938,0.6532050371170044,0.2312593162059784,0.6555460095405579,0.23389270901679993,0.6277499198913574,0.2546645700931549,0.6643233895301819,0.271281898021698,0.6895738244056702,scissors,03016,C:/Users/Javier/PIDS_HandPose/work/HAR_mediapipe/data/gestos_pids/train//scissors/scissors_03016.jpg
0.327664852142334,0.7417062520980835,0.3270813822746277,0.6444432735443115,0.34554678201675415,0.5867742896080017,0.36908674240112305,0.5572982430458069,0.39100468158721924,0.5421631932258606,0.33702826499938965,0.5432658195495605,0.3366957902908325,0.4625133275985718,0.3369539678096771,0.40583664178848267,0.3403117060661316,0.3578653335571289,0.35700714588165283,0.572012722492218,0.38881438970565796,0.4816710352897644,0.4148980677127838,0.4307186007499695,0.4335026741027832,0.3936449885368347,0.37754154205322266,0.6018000245094299,0.41398942470550537,0.5363549590110779,0.4057532846927643,0.5530964732170105,0.3959886133670807,0.5720258951187134,0.397587388753891,0.6352470517158508,0.4199739694595337,0.577068567276001,0.41001492738723755,0.5882434248924255,0.39951470494270325,0.607118546962738,scissors,03017,C:/Users/Javier/PIDS_HandPose/work/HAR_mediapipe/data/gestos_pids/train//scissors/scissors_03017.jpg
0.3285631835460663,0.7822905778884888,0.3063969612121582,0.6856411099433899,0.3141128420829773,0.6218778491020203,0.3383748233318329,0.5781407356262207,0.359576940536499,0.557125985622406,0.3174690008163452,0.5783550143241882,0.31009626388549805,0.4937836229801178,0.3066488802433014,0.43380919098854065,0.306693434715271,0.39130690693855286,0.34510537981987,0.5872210264205933,0.3694973587989807,0.4844214618206024,0.3888084292411804,0.41837722063064575,0.403596431016922,0.37297147512435913,0.37309518456459045,0.6063774824142456,0.3974671959877014,0.5317858457565308,0.3896947503089905,0.541936457157135,0.37926575541496277,0.5612865686416626,0.39575234055519104,0.6351411938667297,0.40796226263046265,0.5726398825645447,0.39895325899124146,0.5794102549552917,0.3890359103679657,0.5969547033309937,scissors,03018,C:/Users/Javier/PIDS_HandPose/work/HAR_mediapipe/data/gestos_pids/train//scissors/scissors_03018.jpg
0.38265475630760193,0.7489740252494812,0.36199241876602173,0.6590504050254822,0.37087199091911316,0.5951488614082336,0.3971845507621765,0.5586467385292053,0.41892752051353455,0.541569709777832,0.3741464614868164,0.5591885447502136,0.3724718689918518,0.4758165776729584,0.37331917881965637,0.4144538640975952,0.37572798132896423,0.368828147649765,0.40097954869270325,0.5782478451728821,0.432373583316803,0.4828530550003052,0.4539206027984619,0.42430758476257324,0.4722417891025543,0.3807471990585327,0.427482008934021,0.6022799015045166,0.4588281214237213,0.5240210294723511,0.4482990801334381,0.5357643365859985,0.43683546781539917,0.5579778552055359,0.4494611918926239,0.6313573122024536,0.4655548334121704,0.5665354132652283,0.4550546109676361,0.572138249874115,0.4459508955478668,0.5907399654388428,scissors,03019,C:/Users/Javier/PIDS_HandPose/work/HAR_mediapipe/data/gestos_pids/train//scissors/scissors_03019.jpg
0.2762815058231354,0.8022972941398621,0.2803533673286438,0.7050439119338989,0.3068748116493225,0.6464773416519165,0.33974671363830566,0.6238746643066406,0.3663247525691986,0.6198301315307617,0.3048339784145355,0.6007464528083801,0.32650262117385864,0.5178639888763428,0.3382716774940491,0.469013512134552,0.3487444818019867,0.42996400594711304,0.3235146701335907,0.6184868216514587,0.35600125789642334,0.5198381543159485,0.3781035840511322,0.4725082516670227,0.3951118588447571,0.437991201877594,0.3414771854877472,0.6505578756332397,0.38846921920776367,0.5962242484092712,0.3824232816696167,0.625400722026825,0.3688576817512512,0.6481700539588928,0.35606640577316284,0.6875190138816833,0.3900609314441681,0.6425707340240479,0.38417330384254456,0.6595417261123657,0.3721032738685608,0.6748760938644409,scissors,03020,C:/Users/Javier/PIDS_HandPose/work/HAR_mediapipe/data/gestos_pids/train//scissors/scissors_03020.jpg
0.7033941745758057,0.7606309652328491,0.7223250269889832,0.6577884554862976,0.7086005806922913,0.5730289220809937,0.676672101020813,0.537178099155426,0.6455106139183044,0.5252062082290649,0.7060621976852417,0.5362998843193054,0.6872685551643372,0.42629650235176086,0.6773418188095093,0.3639048635959625,0.6705194711685181,0.3135659098625183,0.6742209196090698,0.5558662414550781,0.6385665535926819,0.4419117271900177,0.6158546209335327,0.3751205801963806,0.5989764332771301,0.32954245805740356,0.6422349810600281,0.5891963839530945,0.6064654588699341,0.49778351187705994,0.612167239189148,0.5244137048721313,0.622604489326477,0.553991973400116,0.6162312030792236,0.6344420313835144,0.590997040271759,0.5631642937660217,0.5959962606430054,0.5733147263526917,0.6055492758750916,0.5891260504722595,scissors,03021,C:/Users/Javier/PIDS_HandPose/work/HAR_mediapipe/data/gestos_pids/train//scissors/scissors_03021.jpg
0.7410885095596313,0.7798424959182739,0.7606377005577087,0.6716159582138062,0.7466180324554443,0.5815492272377014,0.7102963924407959,0.5464277267456055,0.6754040122032166,0.5411965250968933,0.7420526742935181,0.5427978038787842,0.7251018285751343,0.43158894777297974,0.7184318900108337,0.36608099937438965,0.7150377035140991,0.31295686960220337,0.7083414196968079,0.5651445388793945,0.6719971895217896,0.4440171718597412,0.6516737341880798,0.37238064408302307,0.6367321014404297,0.32201993465423584,0.675693690776825,0.6006972789764404,0.6368281841278076,0.5043299794197083,0.6459941864013672,0.5301992297172546,0.659484326839447,0.5605789422988892,0.6508567333221436,0.6488406658172607,0.627882719039917,0.5748717784881592,0.6396175622940063,0.587914764881134,0.6553804874420166,0.6079968810081482,scissors,03022,C:/Users/Javier/PIDS_HandPose/work/HAR_mediapipe/data/gestos_pids/train//scissors/scissors_03022.jpg
0.7461531162261963,0.7615810632705688,0.7621446847915649,0.6506078839302063,0.7470883131027222,0.5620278120040894,0.7110610604286194,0.5275035500526428,0.6774181723594666,0.5219104886054993,0.7427726984024048,0.5232921242713928,0.7266803979873657,0.41341131925582886,0.7209267020225525,0.34969639778137207,0.7179946303367615,0.2982518672943115,0.7089798450469971,0.5460211634635925,0.6737111806869507,0.4244635999202728,0.6548209190368652,0.3547550141811371,0.6401110291481018,0.3056090176105499,0.6771012544631958,0.5821192264556885,0.6384366750717163,0.4884163737297058,0.6489392518997192,0.5150296688079834,0.6627668738365173,0.542722761631012,0.653188169002533,0.6298022270202637,0.6286635994911194,0.5576421618461609,0.6411008834838867,0.5704099535942078,0.6578646898269653,0.5880281329154968,scissors,03023,C:/Users/Javier/PIDS_HandPose/work/HAR_mediapipe/data/gestos_pids/train//scissors/scissors_03023.jpg
0.7775164842605591,0.7706258296966553,0.7936691045761108,0.650180995464325,0.7788857817649841,0.5594992637634277,0.7438763976097107,0.5231814384460449,0.7118229866027832,0.5110947489738464,0.7776596546173096,0.5161807537078857,0.7626608610153198,0.4068668782711029,0.7579749822616577,0.3448725938796997,0.7560620903968811,0.2940559685230255,0.7458869218826294,0.5384073257446289,0.7143935561180115,0.4144245386123657,0.6976916193962097,0.3414110541343689,0.6846939921379089,0.2882857322692871,0.7128446698188782,0.5735529065132141,0.6773340702056885,0.4685111343860626,0.6862460374832153,0.4954376220703125,0.6971789002418518,0.5235134959220886,0.6869304180145264,0.6222233176231384,0.6663498282432556,0.5407814979553223,0.6772339940071106,0.5543193221092224,0.6907914876937866,0.5756338834762573,scissors,03024,C:/Users/Javier/PIDS_HandPose/work/HAR_mediapipe/data/gestos_pids/train//scissors/scissors_03024.jpg
0.7925869822502136,0.8268706798553467,0.7468584179878235,0.7665696144104004,0.7319446802139282,0.6721892356872559,0.7619324922561646,0.6001412272453308,0.7944766283035278,0.5505799055099487,0.7410030364990234,0.5649148225784302,0.7173681855201721,0.4640475809574127,0.7040818929672241,0.40018564462661743,0.6960947513580322,0.3421708941459656,0.7788691520690918,0.5614359974861145,0.7834566831588745,0.44241636991500854,0.78244549036026,0.364894300699234,0.7836812138557434,0.30311715602874756,0.8105368614196777,0.5869523882865906,0.8255290389060974,0.4888717532157898,0.8047568798065186,0.5418167114257812,0.7935039401054382,0.5922078490257263,0.8378350734710693,0.6321583986282349,0.8309457302093506,0.5709547996520996,0.81051105260849,0.617103636264801,0.8028460144996643,0.6661074161529541,scissors,03025,C:/Users/Javier/PIDS_HandPose/work/HAR_mediapipe/data/gestos_pids/train//scissors/scissors_03025.jpg
0.2316955029964447,0.8197277188301086,0.2741248607635498,0.7728857398033142,0.2851574122905731,0.6882008910179138,0.25300586223602295,0.6287413835525513,0.21735891699790955,0.6031736135482788,0.2730865776538849,0.5897342562675476,0.2873951494693756,0.5010829567909241,0.2924007773399353,0.4431254267692566,0.2955411374568939,0.3902095854282379,0.23769575357437134,0.584122359752655,0.2227749526500702,0.480214387178421,0.2135409265756607,0.4155932068824768,0.20320171117782593,0.3598825931549072,0.20960834622383118,0.6088180541992188,0.19247162342071533,0.5304291844367981,0.2050297111272812,0.5800920724868774,0.21379730105400085,0.6235432624816895,0.18560078740119934,0.6539590954780579,0.17286032438278198,0.5938585996627808,0.18766452372074127,0.6202890276908875,0.2027539610862732,0.655092716217041,scissors,03026,C:/Users/Javier/PIDS_HandPose/work/HAR_mediapipe/data/gestos_pids/train//scissors/scissors_03026.jpg
0.37366560101509094,0.8876520395278931,0.42259183526039124,0.8422916531562805,0.4449233412742615,0.7612193822860718,0.4131314754486084,0.6964560151100159,0.37567976117134094,0.6567454934120178,0.4226645827293396,0.6150423288345337,0.4383692741394043,0.5067008137702942,0.444122850894928,0.4404757618904114,0.448233425617218,0.3790065050125122,0.38222745060920715,0.6098611950874329,0.3648788630962372,0.48397666215896606,0.35427534580230713,0.4080296754837036,0.34429070353507996,0.34279733896255493,0.35071685910224915,0.6383942365646362,0.3353104591369629,0.5588235259056091,0.35636886954307556,0.6211766600608826,0.373097687959671,0.6743727922439575,0.3248387575149536,0.6875708699226379,0.3215806484222412,0.6396675705909729,0.3433631658554077,0.6794847249984741,0.3643105626106262,0.7223573327064514,scissors,03027,C:/Users/Javier/PIDS_HandPose/work/HAR_mediapipe/data/gestos_pids/train//scissors/scissors_03027.jpg
0.47707343101501465,0.8865667581558228,0.5243893265724182,0.8565514087677002,0.5518854856491089,0.7975047826766968,0.5479896664619446,0.7388420104980469,0.5279515385627747,0.6882219314575195,0.5440976619720459,0.6594146490097046,0.5609734058380127,0.5691512823104858,0.5681591033935547,0.5149176120758057,0.574622631072998,0.4642370045185089,0.5154873132705688,0.6521518230438232,0.5062998533248901,0.5394818782806396,0.5068675875663757,0.47285473346710205,0.5069360733032227,0.4158186912536621,0.48903587460517883,0.6728760600090027,0.4935488998889923,0.5966401696205139,0.5109559297561646,0.6540526151657104,0.5194686055183411,0.7053590416908264,0.4667438864707947,0.7104224562644958,0.4824034571647644,0.6672390699386597,0.5031895637512207,0.7049269676208496,0.5185607671737671,0.7466285824775696,scissors,03028,C:/Users/Javier/PIDS_HandPose/work/HAR_mediapipe/data/gestos_pids/train//scissors/scissors_03028.jpg
0.49883025884628296,0.7310918569564819,0.5389429926872253,0.7416409254074097,0.5667418837547302,0.7082964777946472,0.5647636651992798,0.6524947285652161,0.5546553134918213,0.6050728559494019,0.5837249159812927,0.5794016718864441,0.6230469942092896,0.513927698135376,0.6473077535629272,0.4636146128177643,0.6632673740386963,0.4195660352706909,0.5558543801307678,0.5579186081886292,0.5559582114219666,0.4462455213069916,0.5572797060012817,0.3767116069793701,0.5599976778030396,0.32091882824897766,0.5282170176506042,0.5620810985565186,0.527188777923584,0.5040731430053711,0.5323225855827332,0.5493292212486267,0.5384357571601868,0.5896318554878235,0.5038399696350098,0.5834237933158875,0.5095129609107971,0.5525361895561218,0.518986701965332,0.5965109467506409,0.5297217965126038,0.6402009725570679,scissors,03029,C:/Users/Javier/PIDS_HandPose/work/HAR_mediapipe/data/gestos_pids/train//scissors/scissors_03029.jpg
0.5207247138023376,0.5463573336601257,0.5568093657493591,0.5931031107902527,0.5991654992103577,0.6014180183410645,0.6277831196784973,0.5488618016242981,0.6438167095184326,0.502589762210846,0.6554461717605591,0.5473025441169739,0.7090725302696228,0.5458889007568359,0.7414734363555908,0.5398116707801819,0.769924521446228,0.5324617028236389,0.6470558047294617,0.49689972400665283,0.6962441205978394,0.42193228006362915,0.7273865938186646,0.3822477161884308,0.7531104683876038,0.35018348693847656,0.626474142074585,0.46233484148979187,0.6584644913673401,0.4305221438407898,0.645980715751648,0.4656813144683838,0.6311804056167603,0.4918839931488037,0.5997897386550903,0.4434191584587097,0.6302159428596497,0.4220273494720459,0.622939944267273,0.46753573417663574,0.6083202958106995,0.5128631591796875,scissors,03030,C:/Users/Javier/PIDS_HandPose/work/HAR_mediapipe/data/gestos_pids/train//scissors/scissors_03030.jpg
0.5927503108978271,0.454510360956192,0.619674026966095,0.506833553314209,0.6622613668441772,0.5236626863479614,0.6983581781387329,0.48396340012550354,0.7216199040412903,0.44252192974090576,0.7133996486663818,0.519514799118042,0.756394624710083,0.5473726391792297,0.7835736870765686,0.5567035675048828,0.8073674440383911,0.5627162456512451,0.7146207094192505,0.46618616580963135,0.7647109031677246,0.4321349263191223,0.7972736358642578,0.41252073645591736,0.8217611312866211,0.3920249342918396,0.703315019607544,0.4236268997192383,0.7436394691467285,0.395291268825531,0.7256803512573242,0.42248570919036865,0.7038944363594055,0.4394679665565491,0.6860657334327698,0.3888521194458008,0.7162540555000305,0.372132271528244,0.7064440846443176,0.3973265588283539,0.6899506449699402,0.4240105450153351,scissors,03031,C:/Users/Javier/PIDS_HandPose/work/HAR_mediapipe/data/gestos_pids/train//scissors/scissors_03031.jpg
0.6363012194633484,0.42311689257621765,0.651722252368927,0.47382086515426636,0.6883732080459595,0.49877533316612244,0.7252451181411743,0.46123623847961426,0.751475989818573,0.4245443344116211,0.7441959977149963,0.5083604454994202,0.7816173434257507,0.5431783199310303,0.8071612119674683,0.5591707229614258,0.827968418598175,0.569691002368927,0.749370813369751,0.455100953578949,0.7987611293792725,0.43228718638420105,0.8292914628982544,0.41788092255592346,0.8550976514816284,0.4039078950881958,0.7410016655921936,0.41124987602233887,0.7744444012641907,0.3980117440223694,0.7487068772315979,0.4165641665458679,0.7274079918861389,0.4259950816631317,0.7255372405052185,0.37191855907440186,0.7555572390556335,0.35859960317611694,0.7410066723823547,0.3805720806121826,0.723569393157959,0.4025317132472992,scissors,03032,C:/Users/Javier/PIDS_HandPose/work/HAR_mediapipe/data/gestos_pids/train//scissors/scissors_03032.jpg
0.6030285358428955,0.38575270771980286,0.6426316499710083,0.42756959795951843,0.6876236200332642,0.4168938398361206,0.7133022546768188,0.3580780625343323,0.7230908870697021,0.308564692735672,0.7301648855209351,0.3788943588733673,0.7846152782440186,0.36778852343559265,0.8134146928787231,0.3549351394176483,0.8380135893821716,0.3399389982223511,0.7205421328544617,0.32835590839385986,0.761596143245697,0.2517783045768738,0.7867821455001831,0.20437809824943542,0.8067410588264465,0.16539448499679565,0.7025285363197327,0.296318918466568,0.7304345965385437,0.24615280330181122,0.7174301743507385,0.27546417713165283,0.7024757266044617,0.30069512128829956,0.6802672147750854,0.27806615829467773,0.7063603401184082,0.23512676358222961,0.7019789218902588,0.26333391666412354,0.6916322112083435,0.3001886010169983,scissors,03033,C:/Users/Javier/PIDS_HandPose/work/HAR_mediapipe/data/gestos_pids/train//scissors/scissors_03033.jpg
0.5640722513198853,0.48024386167526245,0.591827392578125,0.5366525650024414,0.6335484981536865,0.5549681782722473,0.6705774664878845,0.5183002352714539,0.692367434501648,0.4721696078777313,0.6751032471656799,0.5464811325073242,0.7215912342071533,0.5752568244934082,0.7497962117195129,0.5847498774528503,0.776917040348053,0.5930309295654297,0.6787595748901367,0.4941345751285553,0.7297408580780029,0.45646193623542786,0.7581126093864441,0.4341404438018799,0.7798516154289246,0.4202536642551422,0.6713730692863464,0.45128563046455383,0.7220155596733093,0.42006996273994446,0.7477185130119324,0.42453330755233765,0.7652952075004578,0.42728862166404724,0.6566830277442932,0.41913479566574097,0.6900172233581543,0.41349202394485474,0.6829279065132141,0.44010335206985474,0.6662437319755554,0.46441614627838135,scissors,03034,C:/Users/Javier/PIDS_HandPose/work/HAR_mediapipe/data/gestos_pids/train//scissors/scissors_03034.jpg
0.6111595034599304,0.44719943404197693,0.6359695792198181,0.5259501934051514,0.6794353127479553,0.568489670753479,0.7257255911827087,0.5327967405319214,0.7592737674713135,0.48929762840270996,0.7659391760826111,0.5788856744766235,0.8258252739906311,0.6325792074203491,0.8622839450836182,0.6568748950958252,0.8956790566444397,0.6754004955291748,0.7747389078140259,0.5070933103561401,0.8538949489593506,0.47456425428390503,0.901420533657074,0.45047104358673096,0.9429807066917419,0.4321027398109436,0.7634294033050537,0.4435782730579376,0.8114756941795349,0.43097347021102905,0.7740660309791565,0.4579615592956543,0.7419319152832031,0.47400233149528503,0.7396207451820374,0.38916075229644775,0.7796280980110168,0.37728559970855713,0.7561996579170227,0.4079044461250305,0.7291460037231445,0.4378124475479126,scissors,03035,C:/Users/Javier/PIDS_HandPose/work/HAR_mediapipe/data/gestos_pids/train//scissors/scissors_03035.jpg
0.5761274695396423,0.44523584842681885,0.6041214466094971,0.5260549783706665,0.6492289900779724,0.5639932155609131,0.6904575228691101,0.5121996402740479,0.7163184285163879,0.4591444730758667,0.7330969572067261,0.5546079277992249,0.7978646755218506,0.5961557030677795,0.8323701024055481,0.6092197299003601,0.8628895878791809,0.6181359887123108,0.7387458682060242,0.4819280505180359,0.8151202201843262,0.4585300087928772,0.8607553839683533,0.4444613456726074,0.8975074291229248,0.4298321604728699,0.7259253263473511,0.4210909605026245,0.7788741588592529,0.40820303559303284,0.7500626444816589,0.44236916303634644,0.7163447141647339,0.462008535861969,0.7040903568267822,0.36748459935188293,0.7473377585411072,0.35082781314849854,0.7382851243019104,0.38231396675109863,0.7192462682723999,0.4132234752178192,scissors,03036,C:/Users/Javier/PIDS_HandPose/work/HAR_mediapipe/data/gestos_pids/train//scissors/scissors_03036.jpg
0.5204262733459473,0.38928917050361633,0.5423949956893921,0.45424187183380127,0.5790131092071533,0.4790678918361664,0.6139558553695679,0.43216294050216675,0.6374236345291138,0.3909287452697754,0.6531980633735657,0.46839261054992676,0.7096465826034546,0.503576397895813,0.7457342743873596,0.5176719427108765,0.7765955924987793,0.5273623466491699,0.6568443775177002,0.403737336397171,0.722548246383667,0.38179221749305725,0.7660455107688904,0.3672308921813965,0.7999513149261475,0.35548463463783264,0.644569993019104,0.3485741913318634,0.6874237060546875,0.31840062141418457,0.6651512384414673,0.3425288200378418,0.640548586845398,0.3646236062049866,0.6236132383346558,0.3024330139160156,0.6551905870437622,0.27726441621780396,0.6459127068519592,0.29654204845428467,0.6323061585426331,0.3210352659225464,scissors,03037,C:/Users/Javier/PIDS_HandPose/work/HAR_mediapipe/data/gestos_pids/train//scissors/scissors_03037.jpg
0.5177832841873169,0.41798773407936096,0.5455940961837769,0.4852621257305145,0.583452582359314,0.5131577253341675,0.6199982762336731,0.4705624282360077,0.643614649772644,0.4341634511947632,0.6550390720367432,0.49836474657058716,0.7095355987548828,0.5367305874824524,0.7426027059555054,0.5508900880813599,0.7724661231040955,0.5621271729469299,0.6581821441650391,0.43476602435112,0.7228711843490601,0.4009852409362793,0.762871265411377,0.38018345832824707,0.795702338218689,0.3645666837692261,0.646220326423645,0.3826812207698822,0.6879982352256775,0.36341390013694763,0.6671572923660278,0.3939589560031891,0.6439216732978821,0.416304349899292,0.6257609128952026,0.34046244621276855,0.6618557572364807,0.3224146068096161,0.6570039391517639,0.3492162823677063,0.6455466747283936,0.37799161672592163,scissors,03038,C:/Users/Javier/PIDS_HandPose/work/HAR_mediapipe/data/gestos_pids/train//scissors/scissors_03038.jpg
0.4666963219642639,0.45062023401260376,0.4985640347003937,0.5058462023735046,0.5390390157699585,0.5204191207885742,0.5728753805160522,0.4722786247730255,0.5937788486480713,0.4304267168045044,0.6005221009254456,0.49019452929496765,0.6521791815757751,0.5093338489532471,0.6831612586975098,0.5140412449836731,0.7110058665275574,0.5185117721557617,0.5989450812339783,0.43090084195137024,0.6545778512954712,0.3916705250740051,0.6880548596382141,0.36330080032348633,0.7152785658836365,0.34013569355010986,0.5829460620880127,0.3853048086166382,0.617740273475647,0.3608292043209076,0.5978417992591858,0.3929767608642578,0.5765621662139893,0.4174608588218689,0.5591815710067749,0.35012030601501465,0.5893629193305969,0.3266323208808899,0.5811992883682251,0.3536907434463501,0.567819356918335,0.383629709482193,scissors,03039,C:/Users/Javier/PIDS_HandPose/work/HAR_mediapipe/data/gestos_pids/train//scissors/scissors_03039.jpg
0.24977628886699677,0.7987810373306274,0.28056493401527405,0.8604125380516052,0.2968280017375946,0.9036206007003784,0.29920947551727295,0.9392027258872986,0.2930773198604584,0.9650407433509827,0.3358061611652374,0.8200392127037048,0.35017988085746765,0.8850821256637573,0.34532028436660767,0.9329716563224792,0.3359581530094147,0.9722332954406738,0.31218916177749634,0.7808523774147034,0.3183344006538391,0.8501173853874207,0.30673545598983765,0.9172660708427429,0.29192978143692017,0.9674791693687439,0.28223296999931335,0.7589619755744934,0.27494484186172485,0.8230099678039551,0.2629508972167969,0.8933056592941284,0.2523558735847473,0.94651198387146,0.2515110373497009,0.7524570226669312,0.2375868409872055,0.7999552488327026,0.2317773997783661,0.846583902835846,0.22777988016605377,0.8835262656211853,scissors,03040,C:/Users/Javier/PIDS_HandPose/work/HAR_mediapipe/data/gestos_pids/train//scissors/scissors_03040.jpg
0.8096906542778015,0.5221790075302124,0.7769113183021545,0.5670751333236694,0.7361367344856262,0.5787575840950012,0.7133975028991699,0.5253751277923584,0.6985158920288086,0.45405617356300354,0.6554403901100159,0.5236217379570007,0.5940300822257996,0.5301843881607056,0.5579700469970703,0.5358946919441223,0.5274070501327515,0.5313767194747925,0.6613776683807373,0.455783873796463,0.596730649471283,0.42228394746780396,0.5628026127815247,0.40892714262008667,0.5356457233428955,0.3922513723373413,0.6823400855064392,0.4074036180973053,0.6405120491981506,0.3682214915752411,0.6697670817375183,0.4171847105026245,0.6961633563041687,0.4531254768371582,0.712856650352478,0.372787743806839,0.6818262338638306,0.35559219121932983,0.6979609131813049,0.39445632696151733,0.7181392908096313,0.4262053072452545,scissors,03041,C:/Users/Javier/PIDS_HandPose/work/HAR_mediapipe/data/gestos_pids/train//scissors/scissors_03041.jpg
0.8019387125968933,0.44992801547050476,0.7655087113380432,0.48369652032852173,0.7251453399658203,0.48561012744903564,0.7088198661804199,0.42504453659057617,0.7033343315124512,0.3572705388069153,0.6617287397384644,0.4385623037815094,0.6023714542388916,0.43920230865478516,0.5671043395996094,0.4389752745628357,0.5361504554748535,0.4307217597961426,0.6681466102600098,0.3761320114135742,0.606090784072876,0.33301466703414917,0.5757368803024292,0.3049105405807495,0.5496463179588318,0.27704310417175293,0.6889579892158508,0.3322290778160095,0.6510842442512512,0.28426751494407654,0.6814834475517273,0.3294698894023895,0.7052874565124512,0.3650147318840027,0.7192056179046631,0.2990172505378723,0.6968435645103455,0.27584391832351685,0.7148875594139099,0.312070369720459,0.7325277924537659,0.34314507246017456,scissors,03042,C:/Users/Javier/PIDS_HandPose/work/HAR_mediapipe/data/gestos_pids/train//scissors/scissors_03042.jpg
0.22322125732898712,0.7869228720664978,0.25855955481529236,0.8066331148147583,0.2911531925201416,0.7913146615028381,0.29837438464164734,0.7447866797447205,0.29691821336746216,0.6980843544006348,0.32346025109291077,0.6945398449897766,0.36234772205352783,0.6572738885879517,0.3869359493255615,0.6294023990631104,0.4080505073070526,0.6037205457687378,0.3058958053588867,0.6621555089950562,0.3337695896625519,0.5861093997955322,0.35535088181495667,0.5447841882705688,0.3737013638019562,0.5092240571975708,0.2824557423591614,0.6498301029205322,0.30129873752593994,0.5961068868637085,0.2955425977706909,0.6471952199935913,0.2881702482700348,0.6899009346961975,0.2551724910736084,0.6506754755973816,0.27461713552474976,0.6120745539665222,0.27629995346069336,0.6474796533584595,0.2743909955024719,0.6845831274986267,scissors,03043,C:/Users/Javier/PIDS_HandPose/work/HAR_mediapipe/data/gestos_pids/train//scissors/scissors_03043.jpg
0.19394192099571228,0.7289880514144897,0.22164082527160645,0.744626522064209,0.24883997440338135,0.723956286907196,0.2422204464673996,0.6770344972610474,0.23005074262619019,0.6342987418174744,0.2740200459957123,0.6328638195991516,0.3081832230091095,0.5909075140953064,0.33120208978652954,0.5593971014022827,0.3493170440196991,0.5298282504081726,0.25185343623161316,0.599757969379425,0.2734821140766144,0.5202895998954773,0.28983816504478455,0.48001226782798767,0.3025640845298767,0.44189539551734924,0.22604119777679443,0.5891510844230652,0.23915605247020721,0.5511900186538696,0.23355896770954132,0.6021097302436829,0.22711524367332458,0.6331003308296204,0.1982365995645523,0.5939924120903015,0.21327218413352966,0.5662450194358826,0.21365395188331604,0.6011073589324951,0.21094462275505066,0.6257728934288025,scissors,03044,C:/Users/Javier/PIDS_HandPose/work/HAR_mediapipe/data/gestos_pids/train//scissors/scissors_03044.jpg
0.7984702587127686,0.4063839316368103,0.7705302834510803,0.4390674829483032,0.7389085292816162,0.44025349617004395,0.7246695160865784,0.3868841528892517,0.7141861319541931,0.3294594883918762,0.6794143915176392,0.4167749285697937,0.627295732498169,0.424660861492157,0.5956526398658752,0.4292721748352051,0.5691993236541748,0.4260885715484619,0.6835426092147827,0.3596108555793762,0.6297229528427124,0.332112580537796,0.6008063554763794,0.31035229563713074,0.5771313309669495,0.2910039722919464,0.7003045082092285,0.3184214234352112,0.6664609909057617,0.2815975248813629,0.6942930817604065,0.3084886074066162,0.717564046382904,0.3318859934806824,0.7238121628761292,0.28683632612228394,0.7037820219993591,0.2698613405227661,0.7218080759048462,0.2942273020744324,0.7400906085968018,0.3169597089290619,scissors,03045,C:/Users/Javier/PIDS_HandPose/work/HAR_mediapipe/data/gestos_pids/train//scissors/scissors_03045.jpg
0.24104465544223785,0.8201613426208496,0.2797582745552063,0.822432816028595,0.31199589371681213,0.7876964807510376,0.30790582299232483,0.7326442003250122,0.29142558574676514,0.6862752437591553,0.3274241089820862,0.6839430332183838,0.36143362522125244,0.6289371848106384,0.3826610743999481,0.5901410579681396,0.400077223777771,0.554594874382019,0.30357787013053894,0.6559813618659973,0.32024693489074707,0.56397944688797,0.33342885971069336,0.5114237070083618,0.3431325852870941,0.46372371912002563,0.27656057476997375,0.6519619822502136,0.2917391061782837,0.5976163148880005,0.292167991399765,0.6501765251159668,0.28845033049583435,0.6875057816505432,0.24752581119537354,0.6646304130554199,0.2662317156791687,0.6213636994361877,0.2717897295951843,0.6605211496353149,0.27132341265678406,0.6964536905288696,scissors,03046,C:/Users/Javier/PIDS_HandPose/work/HAR_mediapipe/data/gestos_pids/train//scissors/scissors_03046.jpg
0.3431331515312195,0.7250353097915649,0.3892269432544708,0.7077385187149048,0.41904062032699585,0.6558823585510254,0.40457969903945923,0.5910566449165344,0.37989887595176697,0.540661633014679,0.4246733784675598,0.5356425642967224,0.4546315371990204,0.45657286047935486,0.47069475054740906,0.40033990144729614,0.4822317361831665,0.3475082516670227,0.3946332037448883,0.5118839740753174,0.3958391845226288,0.39673978090286255,0.3981642425060272,0.3267911672592163,0.3994130790233612,0.2633877694606781,0.36604782938957214,0.5189980268478394,0.36784088611602783,0.4493243098258972,0.37240102887153625,0.5134425163269043,0.3750890791416168,0.5625708103179932,0.3365631103515625,0.544152021408081,0.33884596824645996,0.4818073511123657,0.349332720041275,0.5176650285720825,0.3591722249984741,0.5609210133552551,scissors,03047,C:/Users/Javier/PIDS_HandPose/work/HAR_mediapipe/data/gestos_pids/train//scissors/scissors_03047.jpg
0.3621307909488678,0.712207555770874,0.4077262580394745,0.7005719542503357,0.4387945830821991,0.6520340442657471,0.43167513608932495,0.5878567695617676,0.41169655323028564,0.5351697206497192,0.44631507992744446,0.5423354506492615,0.4777442216873169,0.471675843000412,0.4962711036205292,0.4214063882827759,0.5106670260429382,0.3753238618373871,0.41984376311302185,0.5176946520805359,0.427405446767807,0.4137192964553833,0.43664607405662537,0.35088789463043213,0.4421754777431488,0.2943967878818512,0.39284074306488037,0.5205069184303284,0.39943912625312805,0.44861388206481934,0.40614986419677734,0.5080755352973938,0.40831464529037476,0.555541455745697,0.3645819425582886,0.539798378944397,0.37352728843688965,0.4839843511581421,0.3844279646873474,0.5202890634536743,0.39165014028549194,0.561536431312561,scissors,03048,C:/Users/Javier/PIDS_HandPose/work/HAR_mediapipe/data/gestos_pids/train//scissors/scissors_03048.jpg
0.35577189922332764,0.7094699740409851,0.39765653014183044,0.694636344909668,0.427450954914093,0.6468148827552795,0.41988345980644226,0.5828238129615784,0.40219545364379883,0.5308969020843506,0.4350186288356781,0.5373384356498718,0.466817706823349,0.4651668667793274,0.4835037887096405,0.4159965515136719,0.4978823959827423,0.37058210372924805,0.408877968788147,0.5131927728652954,0.4176234304904938,0.4100320637226105,0.42520958185195923,0.34960299730300903,0.43047893047332764,0.2941809892654419,0.3822478950023651,0.5161665081977844,0.3905840516090393,0.4509657025337219,0.39601221680641174,0.5076014399528503,0.395885705947876,0.5516887307167053,0.35503295063972473,0.5354771614074707,0.36321502923965454,0.477557897567749,0.3738083839416504,0.5128013491630554,0.3793069124221802,0.5541032552719116,scissors,03049,C:/Users/Javier/PIDS_HandPose/work/HAR_mediapipe/data/gestos_pids/train//scissors/scissors_03049.jpg
0.8691090941429138,0.9898008704185486,0.8349904417991638,0.9393783807754517,0.8141075968742371,0.8630277514457703,0.7918761968612671,0.8068178296089172,0.7617316842079163,0.7727051973342896,0.8594473004341125,0.8111775517463684,0.8519182205200195,0.7557687759399414,0.8289895057678223,0.7652433514595032,0.8122349977493286,0.7967258095741272,0.8818103671073914,0.8424018621444702,0.8484392762184143,0.8664524555206299,0.8286169171333313,0.9025336503982544,0.8227381706237793,0.9234085083007812,0.8950821161270142,0.8947370648384094,0.8589010238647461,0.9295397996902466,0.8437881469726562,0.9522948265075684,0.8366521596908569,0.9683849811553955,0.900846540927887,0.94935142993927,0.8745536208152771,0.9776270985603333,0.862480640411377,0.9938620328903198,0.8571890592575073,1.004152536392212,scissors,03050,C:/Users/Javier/PIDS_HandPose/work/HAR_mediapipe/data/gestos_pids/train//scissors/scissors_03050.jpg
0.8645657896995544,0.8295081257820129,0.8157393932342529,0.8127911686897278,0.7864551544189453,0.7432901859283447,0.8058876395225525,0.6712074279785156,0.826714813709259,0.6116799116134644,0.7634974718093872,0.6266729831695557,0.7232573628425598,0.5481403470039368,0.698636531829834,0.4983797073364258,0.6793800592422485,0.4545392096042633,0.7997677326202393,0.5954630374908447,0.7915167808532715,0.4782012701034546,0.7857709527015686,0.4058245122432709,0.7829319834709167,0.3425203859806061,0.8341952562332153,0.5997699499130249,0.8305993676185608,0.5036130547523499,0.8230094909667969,0.5651040077209473,0.8225746750831604,0.6171653270721436,0.8668416142463684,0.6263065934181213,0.8557267785072327,0.5707277655601501,0.8474075794219971,0.6145241260528564,0.8484981060028076,0.6573048830032349,scissors,03051,C:/Users/Javier/PIDS_HandPose/work/HAR_mediapipe/data/gestos_pids/train//scissors/scissors_03051.jpg
0.8582314252853394,0.8659920692443848,0.8052512407302856,0.8535798192024231,0.7724592685699463,0.7888373732566833,0.7858895063400269,0.7120831608772278,0.8049558401107788,0.6501244902610779,0.7469921112060547,0.6704189777374268,0.7024046182632446,0.5889138579368591,0.6764444708824158,0.5379384160041809,0.6573631763458252,0.4904635548591614,0.782041072845459,0.637405276298523,0.7689343094825745,0.5210649371147156,0.7595417499542236,0.44483548402786255,0.7544142007827759,0.37868356704711914,0.8159417510032654,0.6362133622169495,0.807598888874054,0.5374149084091187,0.8020017147064209,0.6043372750282288,0.8043426871299744,0.6625855565071106,0.8497690558433533,0.6556562781333923,0.8343812823295593,0.5943804383277893,0.8273836374282837,0.6426607370376587,0.8307945132255554,0.6929265260696411,scissors,03052,C:/Users/Javier/PIDS_HandPose/work/HAR_mediapipe/data/gestos_pids/train//scissors/scissors_03052.jpg
0.866417646408081,0.8641538619995117,0.8132854104042053,0.8448612689971924,0.7830677032470703,0.7766114473342896,0.8023807406425476,0.70216304063797,0.8256067633628845,0.6436045169830322,0.7591347098350525,0.650661289691925,0.7176122665405273,0.5697903633117676,0.6921545267105103,0.5194620490074158,0.6727126836776733,0.47211742401123047,0.7961138486862183,0.6191301941871643,0.7846183180809021,0.4994187355041504,0.7772927284240723,0.41800743341445923,0.7734610438346863,0.34939050674438477,0.8315290212631226,0.6209113597869873,0.8276275992393494,0.5186935663223267,0.8204857110977173,0.584624171257019,0.8196111917495728,0.643589973449707,0.867123007774353,0.6443986892700195,0.8547178506851196,0.5851119160652161,0.8459945917129517,0.634556233882904,0.8460870981216431,0.6849227547645569,scissors,03053,C:/Users/Javier/PIDS_HandPose/work/HAR_mediapipe/data/gestos_pids/train//scissors/scissors_03053.jpg
0.8203880786895752,0.8107253909111023,0.7692974209785461,0.8099554777145386,0.737533450126648,0.7461663484573364,0.7434767484664917,0.666563868522644,0.7565284371376038,0.6030722856521606,0.7114691734313965,0.6267561316490173,0.6671500205993652,0.5540376901626587,0.6412091851234436,0.5072893500328064,0.622899055480957,0.46614086627960205,0.7433475852012634,0.594371497631073,0.7249391078948975,0.4877801537513733,0.7125021815299988,0.4173271954059601,0.7060573101043701,0.3579893112182617,0.773209810256958,0.5916299819946289,0.7629362940788269,0.49862176179885864,0.7581269145011902,0.5657888054847717,0.7609637379646301,0.6209051609039307,0.8049278855323792,0.6067392230033875,0.7877792119979858,0.5514476895332336,0.7821852564811707,0.6015557646751404,0.786141574382782,0.6489952802658081,scissors,03054,C:/Users/Javier/PIDS_HandPose/work/HAR_mediapipe/data/gestos_pids/train//scissors/scissors_03054.jpg
0.8047648668289185,0.803230345249176,0.7540505528450012,0.8013613224029541,0.7196845412254333,0.7376393675804138,0.7221465110778809,0.657444179058075,0.7299509048461914,0.5922257304191589,0.6964231133460999,0.6183962821960449,0.6500511169433594,0.5462647676467896,0.6227853298187256,0.5009872913360596,0.6036790013313293,0.46226054430007935,0.7266896367073059,0.5901769995689392,0.7081161737442017,0.4806458353996277,0.6917684674263,0.41130322217941284,0.6836321949958801,0.3557368218898773,0.7557394504547119,0.5902642607688904,0.7461913824081421,0.4907701015472412,0.7375298738479614,0.5532748103141785,0.7396398782730103,0.606033444404602,0.7863537669181824,0.6058605313301086,0.7671777606010437,0.545513391494751,0.7596500515937805,0.5944568514823914,0.7644585967063904,0.6420881152153015,scissors,03055,C:/Users/Javier/PIDS_HandPose/work/HAR_mediapipe/data/gestos_pids/train//scissors/scissors_03055.jpg
0.7997558116912842,0.799392580986023,0.7479473352432251,0.7995598912239075,0.7123650908470154,0.739782452583313,0.7143335342407227,0.6599618196487427,0.7273693680763245,0.5961185097694397,0.6914308667182922,0.6161844730377197,0.6463800668716431,0.5488411784172058,0.619928240776062,0.5043969750404358,0.6020327210426331,0.4672276973724365,0.7227455377578735,0.5859348177909851,0.7055367231369019,0.4809947609901428,0.6898210644721985,0.41304200887680054,0.6815035939216614,0.3584490418434143,0.7517087459564209,0.5851978659629822,0.7401713132858276,0.49168160557746887,0.7329615354537964,0.5610702633857727,0.736011266708374,0.6158352494239807,0.7829855680465698,0.603177011013031,0.7629745602607727,0.5459278225898743,0.7559396624565125,0.5954909324645996,0.7610002160072327,0.6424359679222107,scissors,03056,C:/Users/Javier/PIDS_HandPose/work/HAR_mediapipe/data/gestos_pids/train//scissors/scissors_03056.jpg
0.7910558581352234,0.7822882533073425,0.7424996495246887,0.7815788984298706,0.7061554789543152,0.7191245555877686,0.7073342800140381,0.6415214538574219,0.7191590666770935,0.5777393579483032,0.6875790953636169,0.6084282994270325,0.6423788070678711,0.5418602228164673,0.615807056427002,0.49834391474723816,0.5979686379432678,0.46153685450553894,0.7169727087020874,0.5793996453285217,0.6994890570640564,0.47300639748573303,0.6840733289718628,0.4062052369117737,0.6760831475257874,0.35290277004241943,0.7454907298088074,0.5771194696426392,0.7350963354110718,0.4827030897140503,0.7256903648376465,0.5426526069641113,0.7265809178352356,0.5951005220413208,0.7754194736480713,0.591761589050293,0.7561400532722473,0.5358104705810547,0.7485427260398865,0.5839179158210754,0.7526978254318237,0.6314131617546082,scissors,03057,C:/Users/Javier/PIDS_HandPose/work/HAR_mediapipe/data/gestos_pids/train//scissors/scissors_03057.jpg
0.782390296459198,0.704688549041748,0.7431008815765381,0.7030615210533142,0.709099531173706,0.6513203382492065,0.7046431303024292,0.5795262455940247,0.713255763053894,0.5179446339607239,0.6867327690124512,0.5567275285720825,0.644817054271698,0.4975234866142273,0.6191902160644531,0.46058911085128784,0.6014105677604675,0.43055689334869385,0.7121754288673401,0.5285018682479858,0.6926414966583252,0.43548256158828735,0.6763267517089844,0.3796246647834778,0.666959285736084,0.3318104147911072,0.7385523319244385,0.523626983165741,0.723662257194519,0.43895265460014343,0.7195541858673096,0.4940893054008484,0.72386634349823,0.54119473695755,0.7657910585403442,0.5337808728218079,0.7451413869857788,0.47560957074165344,0.739296019077301,0.5156117081642151,0.744250476360321,0.5591214895248413,scissors,03058,C:/Users/Javier/PIDS_HandPose/work/HAR_mediapipe/data/gestos_pids/train//scissors/scissors_03058.jpg
0.8110319375991821,0.8141469955444336,0.7644118666648865,0.8089673519134521,0.7329217195510864,0.7491558790206909,0.7357473969459534,0.675851583480835,0.7463818192481995,0.6175165176391602,0.7123897671699524,0.6392011046409607,0.6678831577301025,0.5714720487594604,0.6411643624305725,0.5276939868927002,0.622430145740509,0.4901147782802582,0.7417001128196716,0.6129515171051025,0.7235170006752014,0.5103053450584412,0.7086047530174255,0.4456130564212799,0.6992696523666382,0.39320236444473267,0.7701573371887207,0.6123281121253967,0.7606601715087891,0.5161598920822144,0.7534528374671936,0.5737438201904297,0.7543628215789795,0.623960018157959,0.799885094165802,0.6291371583938599,0.784061849117279,0.5694374442100525,0.7754837274551392,0.6148898005485535,0.7777040600776672,0.6620640158653259,scissors,03059,C:/Users/Javier/PIDS_HandPose/work/HAR_mediapipe/data/gestos_pids/train//scissors/scissors_03059.jpg
0.7890405654907227,0.8210335969924927,0.7360252141952515,0.8195949792861938,0.7016439437866211,0.7507531046867371,0.7031188607215881,0.6674271821975708,0.7121202945709229,0.5999159812927246,0.6769156455993652,0.6310653686523438,0.627739429473877,0.5596663355827332,0.599766194820404,0.5100215077400208,0.5794746279716492,0.4665338397026062,0.7095380425453186,0.5978091955184937,0.6939564347267151,0.47943684458732605,0.6791273355484009,0.4049968719482422,0.6708093285560608,0.3454194664955139,0.7399967908859253,0.595142662525177,0.7286497950553894,0.4879721701145172,0.721607506275177,0.5596663951873779,0.7249805927276611,0.6174132823944092,0.7720522880554199,0.6104850769042969,0.7532601356506348,0.5489838719367981,0.7462761402130127,0.6020846366882324,0.7519620656967163,0.6515279412269592,scissors,03060,C:/Users/Javier/PIDS_HandPose/work/HAR_mediapipe/data/gestos_pids/train//scissors/scissors_03060.jpg
0.3588927984237671,0.9528765678405762,0.3978823125362396,0.9407768845558167,0.4323173463344574,0.9021661877632141,0.45091673731803894,0.8693763017654419,0.4529401659965515,0.8347134590148926,0.42783302068710327,0.7630976438522339,0.45847389101982117,0.7434704303741455,0.47448888421058655,0.7815030217170715,0.47834518551826477,0.8217248916625977,0.3974405825138092,0.7567729949951172,0.43087875843048096,0.7357174158096313,0.45390385389328003,0.790698230266571,0.46247562766075134,0.8419946432113647,0.36697983741760254,0.7754973769187927,0.3956325948238373,0.7971900105476379,0.41694730520248413,0.8598206043243408,0.4266532063484192,0.9034652709960938,0.33961865305900574,0.813957929611206,0.36826011538505554,0.8452738523483276,0.38712775707244873,0.8894994258880615,0.39721253514289856,0.9219889044761658,scissors,03061,C:/Users/Javier/PIDS_HandPose/work/HAR_mediapipe/data/gestos_pids/train//scissors/scissors_03061.jpg
0.3290962278842926,0.7193229794502258,0.36583012342453003,0.7149750590324402,0.39313408732414246,0.678416907787323,0.3829188942909241,0.6212024092674255,0.36656516790390015,0.5809946060180664,0.40090394020080566,0.5823510885238647,0.4323446452617645,0.5294183492660522,0.45036429166793823,0.4926365315914154,0.46527889370918274,0.45891252160072327,0.3784259557723999,0.5565135478973389,0.3904544711112976,0.4667162001132965,0.40096619725227356,0.41707921028137207,0.4081675112247467,0.37283778190612793,0.35491636395454407,0.5558279752731323,0.3654346764087677,0.4928562641143799,0.3712044060230255,0.5392331480979919,0.3701322078704834,0.5759286284446716,0.3306632936000824,0.5707292556762695,0.34364721179008484,0.5241535902023315,0.35121864080429077,0.5551280975341797,0.3525030016899109,0.5880926251411438,scissors,03062,C:/Users/Javier/PIDS_HandPose/work/HAR_mediapipe/data/gestos_pids/train//scissors/scissors_03062.jpg
0.283067524433136,0.7607705593109131,0.32303309440612793,0.7524770498275757,0.35153841972351074,0.7121549844741821,0.34496986865997314,0.65450519323349,0.32879945635795593,0.6127561926841736,0.3590579032897949,0.6224558353424072,0.3902479410171509,0.5681724548339844,0.4075208008289337,0.5312070250511169,0.42230647802352905,0.49755749106407166,0.3372281789779663,0.5967445969581604,0.3482486605644226,0.5083703398704529,0.3572014570236206,0.4577556550502777,0.3626362085342407,0.4158446788787842,0.31404101848602295,0.5947258472442627,0.3247630000114441,0.5289632081985474,0.3313450217247009,0.571838915348053,0.33112046122550964,0.609057605266571,0.2901207208633423,0.6067284345626831,0.30314406752586365,0.5578516721725464,0.31203794479370117,0.585330069065094,0.3152259588241577,0.6175255179405212,scissors,03063,C:/Users/Javier/PIDS_HandPose/work/HAR_mediapipe/data/gestos_pids/train//scissors/scissors_03063.jpg
0.2668924927711487,0.6814007759094238,0.30303850769996643,0.6721222996711731,0.32697203755378723,0.6304908990859985,0.31773635745048523,0.5748330354690552,0.30242210626602173,0.5312215685844421,0.3394324481487274,0.5471129417419434,0.37148335576057434,0.4936695098876953,0.3882625699043274,0.4564724862575531,0.40217435359954834,0.42229846119880676,0.31678611040115356,0.5209470987319946,0.32842618227005005,0.4340335726737976,0.33635109663009644,0.38348260521888733,0.341510146856308,0.33907681703567505,0.2932012975215912,0.5190263986587524,0.30162879824638367,0.45802080631256104,0.30285021662712097,0.5048113465309143,0.2998126745223999,0.5407081246376038,0.26867109537124634,0.5331045389175415,0.277251273393631,0.48093363642692566,0.28329017758369446,0.509562075138092,0.28487059473991394,0.5431073904037476,scissors,03064,C:/Users/Javier/PIDS_HandPose/work/HAR_mediapipe/data/gestos_pids/train//scissors/scissors_03064.jpg
0.23376545310020447,0.7180168628692627,0.26871588826179504,0.7049517631530762,0.28636860847473145,0.6533054709434509,0.2707127034664154,0.6017873287200928,0.25288185477256775,0.5628882050514221,0.2985767126083374,0.5717167854309082,0.3279362916946411,0.513403058052063,0.3440302908420563,0.4742465317249298,0.3568713068962097,0.43813323974609375,0.27413326501846313,0.5473015308380127,0.2835005223751068,0.46192872524261475,0.28923383355140686,0.40821313858032227,0.2916012108325958,0.3628620505332947,0.24946588277816772,0.5473688244819641,0.25536197423934937,0.4851776361465454,0.25558170676231384,0.529148280620575,0.2532570958137512,0.5639551281929016,0.22396481037139893,0.5659784078598022,0.22929039597511292,0.5116986632347107,0.2347298264503479,0.5369753241539001,0.23731252551078796,0.5674272179603577,scissors,03065,C:/Users/Javier/PIDS_HandPose/work/HAR_mediapipe/data/gestos_pids/train//scissors/scissors_03065.jpg
0.21655765175819397,0.7052428722381592,0.25127872824668884,0.7024544477462769,0.2714839279651642,0.6550806760787964,0.25753119587898254,0.5988768935203552,0.2400697022676468,0.5564985275268555,0.28347089886665344,0.5689579844474792,0.3136708438396454,0.5113441944122314,0.3308691084384918,0.4714086651802063,0.3444126844406128,0.4358190894126892,0.25883492827415466,0.5425148010253906,0.26942262053489685,0.4567137360572815,0.2770589590072632,0.40424594283103943,0.28102362155914307,0.36095350980758667,0.23385246098041534,0.5411631464958191,0.2411310076713562,0.47871655225753784,0.24176883697509766,0.5169947147369385,0.23917526006698608,0.550081729888916,0.20809563994407654,0.5584744811058044,0.2136751115322113,0.5021572709083557,0.22050690650939941,0.5239816308021545,0.22381293773651123,0.5527284741401672,scissors,03066,C:/Users/Javier/PIDS_HandPose/work/HAR_mediapipe/data/gestos_pids/train//scissors/scissors_03066.jpg
0.21653732657432556,0.7129092216491699,0.2515147924423218,0.7051131725311279,0.27251774072647095,0.6572676301002502,0.2583538293838501,0.600677490234375,0.2404649406671524,0.5586510896682739,0.284330278635025,0.571806788444519,0.3144600987434387,0.5139240026473999,0.33135920763015747,0.4744165241718292,0.3451719582080841,0.438950777053833,0.26022204756736755,0.545784592628479,0.2709127366542816,0.4598834812641144,0.2777027487754822,0.40661686658859253,0.28124314546585083,0.36098626255989075,0.2354196310043335,0.5446087718009949,0.24206022918224335,0.4830857515335083,0.24215751886367798,0.5247728824615479,0.23937579989433289,0.5584760308265686,0.20959214866161346,0.5621546506881714,0.2142462432384491,0.5018770694732666,0.2213432788848877,0.5265013575553894,0.2252088040113449,0.5584317445755005,scissors,03067,C:/Users/Javier/PIDS_HandPose/work/HAR_mediapipe/data/gestos_pids/train//scissors/scissors_03067.jpg
0.8744345307350159,0.5715895295143127,0.8344725370407104,0.5659782886505127,0.808716893196106,0.5110266208648682,0.8159151077270508,0.4356323778629303,0.8248818516731262,0.37672242522239685,0.7755187749862671,0.4332663118839264,0.7374768257141113,0.37108153104782104,0.7141872644424438,0.3298870027065277,0.6969705820083618,0.29284727573394775,0.8022692203521729,0.39856773614883423,0.7786926031112671,0.3130452632904053,0.7658306956291199,0.2530096173286438,0.7564806938171387,0.20028318464756012,0.8317796587944031,0.38817453384399414,0.82392418384552,0.30840733647346497,0.8288261294364929,0.35858169198036194,0.83492112159729,0.40289124846458435,0.8633221387863159,0.394713431596756,0.856123149394989,0.35068458318710327,0.8558934330940247,0.3966543972492218,0.8603096604347229,0.43954288959503174,scissors,03068,C:/Users/Javier/PIDS_HandPose/work/HAR_mediapipe/data/gestos_pids/train//scissors/scissors_03068.jpg
0.9051617383956909,0.5715799331665039,0.8696813583374023,0.5579979419708252,0.8493986129760742,0.4985014498233795,0.8606106638908386,0.4220868945121765,0.8690739870071411,0.3604377210140228,0.8089274168014526,0.42883914709091187,0.7722041606903076,0.3620114326477051,0.7498595714569092,0.3179084062576294,0.7328264713287354,0.2792171835899353,0.8361923694610596,0.3943612575531006,0.809464693069458,0.30679988861083984,0.7980437278747559,0.24419976770877838,0.7891334891319275,0.19303224980831146,0.8668550252914429,0.3842872083187103,0.8571129441261292,0.3036305010318756,0.8681528568267822,0.3388206958770752,0.8757516145706177,0.3779217302799225,0.8984694480895996,0.38860225677490234,0.8901164531707764,0.3327105641365051,0.895797073841095,0.3598978817462921,0.901449978351593,0.3960692882537842,scissors,03069,C:/Users/Javier/PIDS_HandPose/work/HAR_mediapipe/data/gestos_pids/train//scissors/scissors_03069.jpg
0.9032387137413025,0.5595265626907349,0.8660696148872375,0.5500144362449646,0.8435558676719666,0.4915986657142639,0.8535028100013733,0.41136467456817627,0.8602831363677979,0.3482188880443573,0.8026955127716064,0.41971907019615173,0.7635740041732788,0.35460472106933594,0.7399885058403015,0.3115435838699341,0.7221183776855469,0.2742757201194763,0.8299218416213989,0.38301071524620056,0.801337480545044,0.29932376742362976,0.7882174253463745,0.2387036383152008,0.7779065370559692,0.1872246116399765,0.8598141670227051,0.371686726808548,0.8493091464042664,0.2933965027332306,0.8609692454338074,0.33269286155700684,0.8697881102561951,0.3740454316139221,0.8903406858444214,0.3753517270088196,0.8805172443389893,0.32307738065719604,0.885094165802002,0.35265156626701355,0.8903945684432983,0.38937312364578247,scissors,03070,C:/Users/Javier/PIDS_HandPose/work/HAR_mediapipe/data/gestos_pids/train//scissors/scissors_03070.jpg
0.1966066062450409,0.7742730379104614,0.2471057027578354,0.7520560622215271,0.28086331486701965,0.6647647023200989,0.29091036319732666,0.5782766938209534,0.2951718866825104,0.5066388249397278,0.2926090955734253,0.5398081541061401,0.3380221724510193,0.45754992961883545,0.36384689807891846,0.4053751230239868,0.38355129957199097,0.35698947310447693,0.2608259320259094,0.5161519050598145,0.28404271602630615,0.3895691931247711,0.30403271317481995,0.3243256211280823,0.3181441128253937,0.2680283486843109,0.22434471547603607,0.5238211154937744,0.25317054986953735,0.4340134859085083,0.2614278495311737,0.5189437866210938,0.2603331208229065,0.5845937728881836,0.18712005019187927,0.5553332567214966,0.21704554557800293,0.5073989629745483,0.23182161152362823,0.5686434507369995,0.23685452342033386,0.6227888464927673,scissors,04001,C:/Users/Javier/PIDS_HandPose/work/HAR_mediapipe/data/gestos_pids/train//scissors/scissors_04001.jpg
0.2496124505996704,0.769848108291626,0.29087015986442566,0.7643089294433594,0.33202385902404785,0.6954482197761536,0.354197233915329,0.6197440028190613,0.3629947006702423,0.5558119416236877,0.33891576528549194,0.59961998462677,0.3864666819572449,0.5309510827064514,0.41769692301750183,0.4809473156929016,0.4391753673553467,0.43437832593917847,0.31304508447647095,0.5731203556060791,0.3396787941455841,0.4454980492591858,0.3591563105583191,0.37522459030151367,0.37348976731300354,0.31407156586647034,0.28175434470176697,0.5696851015090942,0.3223405182361603,0.4828081727027893,0.3281607925891876,0.5555009841918945,0.3250666558742523,0.611768364906311,0.2481435239315033,0.5827882885932922,0.2850662171840668,0.5455611944198608,0.30387285351753235,0.595735490322113,0.3130103647708893,0.6386792063713074,scissors,04002,C:/Users/Javier/PIDS_HandPose/work/HAR_mediapipe/data/gestos_pids/train//scissors/scissors_04002.jpg
0.2986379861831665,0.8112578392028809,0.3354756832122803,0.7823004722595215,0.36083778738975525,0.7076759338378906,0.3693885803222656,0.638836681842804,0.3739815056324005,0.5765230655670166,0.3649582266807556,0.5969357490539551,0.4027385115623474,0.514592170715332,0.4249686300754547,0.4623878002166748,0.44058412313461304,0.4151962399482727,0.3366260230541229,0.5838021636009216,0.34879645705223083,0.4589400887489319,0.359712153673172,0.3904906213283539,0.3660176992416382,0.33159202337265015,0.30572617053985596,0.5985841751098633,0.3275143504142761,0.5160666704177856,0.3400709927082062,0.5856587290763855,0.34336140751838684,0.6403025984764099,0.27619701623916626,0.6318953633308411,0.29650500416755676,0.5818964242935181,0.318712055683136,0.622114896774292,0.33288538455963135,0.6606305837631226,scissors,04003,C:/Users/Javier/PIDS_HandPose/work/HAR_mediapipe/data/gestos_pids/train//scissors/scissors_04003.jpg
0.7559946179389954,1.0204240083694458,0.7210811972618103,0.9749095439910889,0.7043976783752441,0.8917426466941833,0.7151721715927124,0.8207250237464905,0.7257624268531799,0.7592516541481018,0.7095881700515747,0.8030169010162354,0.6816042065620422,0.7124437689781189,0.6645599007606506,0.659325122833252,0.6534834504127502,0.6127565503120422,0.7422834038734436,0.7998284697532654,0.7323033809661865,0.6796616315841675,0.722622275352478,0.6113632917404175,0.7187659740447998,0.5566946864128113,0.7715034484863281,0.8230258226394653,0.750220775604248,0.7679309248924255,0.7364693284034729,0.8477405905723572,0.7398044466972351,0.8968468308448792,0.7975993156433105,0.8617345690727234,0.7654962539672852,0.8368782997131348,0.7535629272460938,0.8980202674865723,0.758219301700592,0.9335743188858032,scissors,04004,C:/Users/Javier/PIDS_HandPose/work/HAR_mediapipe/data/gestos_pids/train//scissors/scissors_04004.jpg
0.3060445785522461,0.824421763420105,0.34430646896362305,0.7900252938270569,0.36524584889411926,0.7070964574813843,0.3682568073272705,0.6324482560157776,0.3714143931865692,0.5669768452644348,0.3665182590484619,0.5901131629943848,0.40133440494537354,0.5043683648109436,0.42124632000923157,0.4491497874259949,0.43592411279678345,0.39903873205184937,0.3361017107963562,0.5798279643058777,0.34330472350120544,0.4555675983428955,0.3498322069644928,0.38586974143981934,0.35300251841545105,0.32728683948516846,0.30397647619247437,0.5974109768867493,0.3203731179237366,0.5120769739151001,0.333134263753891,0.5838629007339478,0.33687031269073486,0.6412107348442078,0.2747076153755188,0.6357666254043579,0.2936133146286011,0.587587833404541,0.3112877607345581,0.6418089270591736,0.32005077600479126,0.6914604902267456,scissors,04005,C:/Users/Javier/PIDS_HandPose/work/HAR_mediapipe/data/gestos_pids/train//scissors/scissors_04005.jpg
0.2831830382347107,0.8207226395606995,0.32591259479522705,0.7839738726615906,0.348611056804657,0.6957283616065979,0.3462124466896057,0.6198996305465698,0.34176668524742126,0.5560922026634216,0.3501085042953491,0.5723307132720947,0.38405001163482666,0.4795932471752167,0.40323129296302795,0.4221500754356384,0.41699689626693726,0.3705599904060364,0.31526994705200195,0.5617690682411194,0.32342496514320374,0.4304072856903076,0.33139702677726746,0.35997211933135986,0.33522510528564453,0.300751656293869,0.2807837426662445,0.5810613632202148,0.30090370774269104,0.4967275857925415,0.31333503127098083,0.5763034820556641,0.3162487745285034,0.6377817392349243,0.25228598713874817,0.6229233741760254,0.2787335216999054,0.5891188979148865,0.2957026958465576,0.6497613191604614,0.3020121455192566,0.6992374658584595,scissors,04006,C:/Users/Javier/PIDS_HandPose/work/HAR_mediapipe/data/gestos_pids/train//scissors/scissors_04006.jpg
0.11397478729486465,0.7868759632110596,0.1601775884628296,0.6934949159622192,0.16798153519630432,0.6065559387207031,0.14745259284973145,0.5169256329536438,0.11749815940856934,0.47343623638153076,0.1669706404209137,0.5002401471138,0.19089874625205994,0.3825218677520752,0.20389971137046814,0.31706032156944275,0.21117940545082092,0.25548338890075684,0.13004861772060394,0.48788657784461975,0.12847185134887695,0.3622250258922577,0.1268160194158554,0.2942624092102051,0.12369858473539352,0.22293129563331604,0.09690521657466888,0.51437908411026,0.0910198837518692,0.42138752341270447,0.10501286387443542,0.4975757598876953,0.11640289425849915,0.5516633987426758,0.06851369142532349,0.5756123065948486,0.06821326166391373,0.5154927372932434,0.08635270595550537,0.5561895966529846,0.1030336394906044,0.59736168384552,scissors,04007,C:/Users/Javier/PIDS_HandPose/work/HAR_mediapipe/data/gestos_pids/train//scissors/scissors_04007.jpg
0.09900900721549988,0.7889461517333984,0.14503677189350128,0.7209893465042114,0.15850861370563507,0.6194233894348145,0.15043437480926514,0.5357745885848999,0.1274789720773697,0.4699242413043976,0.15187641978263855,0.4946671426296234,0.17958657443523407,0.380543053150177,0.19423986971378326,0.31187647581100464,0.20445133745670319,0.25241294503211975,0.11567392200231552,0.4924738109111786,0.11236357688903809,0.3583140969276428,0.1131553202867508,0.27798765897750854,0.10993955284357071,0.21079221367835999,0.08054573833942413,0.5255352258682251,0.08603308349847794,0.430533230304718,0.11059009283781052,0.5102062225341797,0.12318148463964462,0.5718969702720642,0.05105137079954147,0.5841181874275208,0.07088445872068405,0.519461989402771,0.09465418756008148,0.5738158822059631,0.10752077400684357,0.6224468946456909,scissors,04008,C:/Users/Javier/PIDS_HandPose/work/HAR_mediapipe/data/gestos_pids/train//scissors/scissors_04008.jpg
0.6854940056800842,0.8728539943695068,0.6574781537055969,0.8325846791267395,0.642278254032135,0.7676241993904114,0.6484972238540649,0.7147394418716431,0.6576136946678162,0.6706658005714417,0.6374856233596802,0.7004932165145874,0.6140064597129822,0.6379108428955078,0.5993731021881104,0.60279381275177,0.5900738835334778,0.5705388784408569,0.6616877913475037,0.6904987096786499,0.6450719833374023,0.6068065166473389,0.6317770481109619,0.5605895519256592,0.6227811574935913,0.5189979672431946,0.6854881048202515,0.7038081884384155,0.6720277667045593,0.6775234341621399,0.6673783659934998,0.7380744814872742,0.672309398651123,0.7693992853164673,0.7071886658668518,0.729824423789978,0.6885073184967041,0.7140508890151978,0.684157133102417,0.7581606507301331,0.6898148655891418,0.7795096635818481,scissors,04009,C:/Users/Javier/PIDS_HandPose/work/HAR_mediapipe/data/gestos_pids/train//scissors/scissors_04009.jpg
0.6863784790039062,0.8911025524139404,0.6556814312934875,0.8581494092941284,0.6400752663612366,0.804979681968689,0.6423373818397522,0.7565405964851379,0.64702308177948,0.7123947739601135,0.635863184928894,0.7161516547203064,0.6135835647583008,0.6455608010292053,0.599981427192688,0.6012833714485168,0.5900112986564636,0.564185380935669,0.661119818687439,0.7070099711418152,0.6473182439804077,0.6255425810813904,0.6363319754600525,0.5785173773765564,0.6282188296318054,0.5365311503410339,0.6848548650741577,0.7209665775299072,0.6672195196151733,0.709201991558075,0.6627071499824524,0.7637502551078796,0.6673402190208435,0.7922778129577637,0.7048346400260925,0.7477689385414124,0.6826513409614563,0.7540388107299805,0.6782423853874207,0.792477548122406,0.6835819482803345,0.808567464351654,scissors,04010,C:/Users/Javier/PIDS_HandPose/work/HAR_mediapipe/data/gestos_pids/train//scissors/scissors_04010.jpg
0.17259284853935242,0.7425606846809387,0.2065083384513855,0.7176883220672607,0.227065771818161,0.6441218256950378,0.22958317399024963,0.5801853537559509,0.23202432692050934,0.5251816511154175,0.22966448962688446,0.5500451922416687,0.2613610625267029,0.47771933674812317,0.2805454730987549,0.43021640181541443,0.29547783732414246,0.38777613639831543,0.20274119079113007,0.5369914174079895,0.21146339178085327,0.42987489700317383,0.21921628713607788,0.37130409479141235,0.22479063272476196,0.32292377948760986,0.1747843325138092,0.5493345856666565,0.19100268185138702,0.47472554445266724,0.20119093358516693,0.5390375256538391,0.2044873833656311,0.5898956060409546,0.1491427719593048,0.5825269222259521,0.16872954368591309,0.5445931553840637,0.18282604217529297,0.5909607410430908,0.1889970898628235,0.63168865442276,scissors,04011,C:/Users/Javier/PIDS_HandPose/work/HAR_mediapipe/data/gestos_pids/train//scissors/scissors_04011.jpg
0.16061636805534363,0.860100269317627,0.20556014776229858,0.8332731127738953,0.23136815428733826,0.7604779005050659,0.23179826140403748,0.6934757232666016,0.23051036894321442,0.6235247254371643,0.25781890749931335,0.5933053493499756,0.2979210317134857,0.4951993525028229,0.3260732889175415,0.43053460121154785,0.3459976315498352,0.37505680322647095,0.21840228140354156,0.5731285810470581,0.22962269186973572,0.42880362272262573,0.24104133248329163,0.34744590520858765,0.250886470079422,0.2747473418712616,0.1763615757226944,0.5898573994636536,0.19321802258491516,0.5143380165100098,0.19757717847824097,0.6126856803894043,0.19881123304367065,0.6786580681800842,0.13700127601623535,0.637157678604126,0.15409401059150696,0.6028687357902527,0.16872261464595795,0.6746172308921814,0.17841511964797974,0.7296767234802246,scissors,04012,C:/Users/Javier/PIDS_HandPose/work/HAR_mediapipe/data/gestos_pids/train//scissors/scissors_04012.jpg
0.11849004030227661,0.7615891098976135,0.166725754737854,0.7237282991409302,0.1910373419523239,0.6385629177093506,0.18308508396148682,0.5542103052139282,0.1762680560350418,0.48338019847869873,0.20194542407989502,0.509247899055481,0.23492321372032166,0.41641777753829956,0.2548612952232361,0.3566989302635193,0.2689749300479889,0.3043057322502136,0.16628441214561462,0.4940855801105499,0.17673540115356445,0.3696315884590149,0.1844295859336853,0.29825645685195923,0.18748216331005096,0.2367897629737854,0.1298290193080902,0.512700080871582,0.13725382089614868,0.4286898970603943,0.15174122154712677,0.49782025814056396,0.1577930748462677,0.5558000206947327,0.09635619074106216,0.555260956287384,0.11150126904249191,0.5096479654312134,0.1291601061820984,0.5590696930885315,0.13988272845745087,0.6063850522041321,scissors,04013,C:/Users/Javier/PIDS_HandPose/work/HAR_mediapipe/data/gestos_pids/train//scissors/scissors_04013.jpg
0.19117015600204468,0.7492059469223022,0.22328388690948486,0.743586540222168,0.2472841590642929,0.689578652381897,0.25338298082351685,0.6338931918144226,0.26034313440322876,0.579971969127655,0.2581835389137268,0.5717033743858337,0.29222792387008667,0.505415141582489,0.3136867880821228,0.46051454544067383,0.3303234279155731,0.42051830887794495,0.23175297677516937,0.5549671053886414,0.24682193994522095,0.4518226981163025,0.2603643834590912,0.3933780789375305,0.271381139755249,0.343600332736969,0.20307199656963348,0.5643549561500549,0.22258353233337402,0.5004838109016418,0.23075225949287415,0.5665435791015625,0.23299716413021088,0.617688000202179,0.1756133735179901,0.5954394936561584,0.19671863317489624,0.5707681775093079,0.20998968183994293,0.623232364654541,0.21549850702285767,0.6666101217269897,scissors,04014,C:/Users/Javier/PIDS_HandPose/work/HAR_mediapipe/data/gestos_pids/train//scissors/scissors_04014.jpg
0.19643932580947876,0.7623022198677063,0.23269984126091003,0.7546709179878235,0.2566506266593933,0.6958358883857727,0.26443740725517273,0.6380754113197327,0.27667054533958435,0.5841151475906372,0.26845550537109375,0.5752062201499939,0.3057693541049957,0.5093333721160889,0.3298758268356323,0.46256160736083984,0.3479875922203064,0.4224666357040405,0.24177691340446472,0.5591405630111694,0.2580379843711853,0.45384669303894043,0.27221614122390747,0.39410024881362915,0.28407347202301025,0.34447145462036133,0.21345669031143188,0.5686192512512207,0.237594336271286,0.50722336769104,0.24423664808273315,0.5797704458236694,0.24474164843559265,0.6335909962654114,0.18734773993492126,0.6002948880195618,0.21193866431713104,0.5754932761192322,0.22391362488269806,0.632378339767456,0.22806137800216675,0.6780295968055725,scissors,04015,C:/Users/Javier/PIDS_HandPose/work/HAR_mediapipe/data/gestos_pids/train//scissors/scissors_04015.jpg
0.19359883666038513,0.759465754032135,0.22840304672718048,0.7523878216743469,0.2518710494041443,0.6952531933784485,0.2600070536136627,0.6392849087715149,0.27191880345344543,0.5862538814544678,0.26406803727149963,0.5731782913208008,0.3005375564098358,0.5086275339126587,0.32550787925720215,0.46073853969573975,0.34384289383888245,0.41910189390182495,0.23697884380817413,0.5561054348945618,0.25361528992652893,0.4520361125469208,0.2682952880859375,0.39010632038116455,0.28052404522895813,0.33779874444007874,0.2079063355922699,0.5651088356971741,0.23164556920528412,0.5081116557121277,0.24079926311969757,0.5776814222335815,0.24298609793186188,0.63100266456604,0.18136920034885406,0.5966879725456238,0.20695620775222778,0.5785167813301086,0.22118017077445984,0.6359128355979919,0.2269168496131897,0.6824367046356201,scissors,04016,C:/Users/Javier/PIDS_HandPose/work/HAR_mediapipe/data/gestos_pids/train//scissors/scissors_04016.jpg
0.19312259554862976,0.7637359499931335,0.2294396013021469,0.7592199444770813,0.2542441189289093,0.700109601020813,0.2617495059967041,0.6435630321502686,0.27565711736679077,0.590166449546814,0.2665666937828064,0.5757380127906799,0.30554714798927307,0.508033812046051,0.33144837617874146,0.46115589141845703,0.35088807344436646,0.41971254348754883,0.23855476081371307,0.5574194192886353,0.2566542625427246,0.44953298568725586,0.2726273238658905,0.38590437173843384,0.28545495867729187,0.3318859934806824,0.2088586539030075,0.5661962628364563,0.2343679815530777,0.5064256191253662,0.242966890335083,0.5827717185020447,0.2449309378862381,0.6378886103630066,0.18228211998939514,0.5989046692848206,0.208458811044693,0.5807666778564453,0.22206684947013855,0.6418004631996155,0.22731994092464447,0.6884464621543884,scissors,04017,C:/Users/Javier/PIDS_HandPose/work/HAR_mediapipe/data/gestos_pids/train//scissors/scissors_04017.jpg
0.192887082695961,0.7399910688400269,0.22959637641906738,0.7357894778251648,0.257193386554718,0.6688830852508545,0.2672073245048523,0.5982605218887329,0.27810418605804443,0.5398088097572327,0.26422902941703796,0.5567054152488708,0.30242860317230225,0.48262566328048706,0.3272121250629425,0.4291510581970215,0.34515535831451416,0.3839794993400574,0.23634521663188934,0.5408874154090881,0.2515464425086975,0.41924500465393066,0.266538143157959,0.35331788659095764,0.279073566198349,0.2983282208442688,0.20686256885528564,0.549727201461792,0.23173384368419647,0.4694327414035797,0.24363680183887482,0.5368489623069763,0.24710866808891296,0.5929440855979919,0.17864194512367249,0.5778284668922424,0.20441009104251862,0.5428739786148071,0.22020675241947174,0.5976118445396423,0.2270207703113556,0.6467366218566895,scissors,04018,C:/Users/Javier/PIDS_HandPose/work/HAR_mediapipe/data/gestos_pids/train//scissors/scissors_04018.jpg
0.22709080576896667,0.7601000666618347,0.26518622040748596,0.7412704229354858,0.2940879762172699,0.6739095449447632,0.30793023109436035,0.6086669564247131,0.32085978984832764,0.5556995272636414,0.2906949520111084,0.5976819396018982,0.32554763555526733,0.5315094590187073,0.34762948751449585,0.4903886020183563,0.365356981754303,0.4532860517501831,0.2701203227043152,0.5811683535575867,0.288637638092041,0.4784461259841919,0.3051851987838745,0.4252949655056,0.31645339727401733,0.3828333914279938,0.24815937876701355,0.5833243727684021,0.27685606479644775,0.5068783760070801,0.28737926483154297,0.5674366354942322,0.28812915086746216,0.6149346232414246,0.22861412167549133,0.6015342473983765,0.2589072585105896,0.5629171133041382,0.2715173661708832,0.6085016131401062,0.27397480607032776,0.6487020254135132,scissors,04019,C:/Users/Javier/PIDS_HandPose/work/HAR_mediapipe/data/gestos_pids/train//scissors/scissors_04019.jpg
0.15163514018058777,0.8384118676185608,0.2035854458808899,0.8085843324661255,0.23269706964492798,0.725581169128418,0.2406288981437683,0.6505662202835083,0.24774347245693207,0.5788789987564087,0.24464151263237,0.5716742277145386,0.28916072845458984,0.48088228702545166,0.31707239151000977,0.4221975803375244,0.33832108974456787,0.3684501051902771,0.20997028052806854,0.5552485585212708,0.2274220883846283,0.41758814454078674,0.24562786519527435,0.3375759422779083,0.25854718685150146,0.2707768380641937,0.17207682132720947,0.5730478167533875,0.19949489831924438,0.48117005825042725,0.21368585526943207,0.5722309947013855,0.2181907743215561,0.6438653469085693,0.1383095532655716,0.6196087598800659,0.17063282430171967,0.5839087963104248,0.18776676058769226,0.6510342359542847,0.19508960843086243,0.7080321311950684,scissors,04020,C:/Users/Javier/PIDS_HandPose/work/HAR_mediapipe/data/gestos_pids/train//scissors/scissors_04020.jpg
0.2023627758026123,0.7449129223823547,0.24011358618736267,0.7368834018707275,0.26959922909736633,0.6660888195037842,0.2801649868488312,0.5941823720932007,0.29161912202835083,0.5331385731697083,0.2725823223590851,0.5586836338043213,0.30902957916259766,0.48661601543426514,0.3318774998188019,0.4380532503128052,0.3491935133934021,0.3966812491416931,0.24474848806858063,0.5405428409576416,0.26229965686798096,0.4264761209487915,0.27802565693855286,0.3658471405506134,0.29102325439453125,0.3152392506599426,0.2161424607038498,0.5486423969268799,0.24370940029621124,0.46757739782333374,0.25777390599250793,0.537041187286377,0.26221099495887756,0.5941329002380371,0.18984252214431763,0.5767009854316711,0.2204139083623886,0.544762134552002,0.23666846752166748,0.6007556915283203,0.24254144728183746,0.6487748026847839,scissors,04021,C:/Users/Javier/PIDS_HandPose/work/HAR_mediapipe/data/gestos_pids/train//scissors/scissors_04021.jpg
0.20718389749526978,0.7553631663322449,0.24505263566970825,0.7503091096878052,0.2765953838825226,0.6792875528335571,0.2902422547340393,0.6088288426399231,0.308184951543808,0.5562043190002441,0.28023892641067505,0.5717315673828125,0.31980517506599426,0.5005411505699158,0.34474977850914,0.45271870493888855,0.3639611005783081,0.41128242015838623,0.2522759437561035,0.5515713691711426,0.2695542573928833,0.43720871210098267,0.28559768199920654,0.3733835518360138,0.299092561006546,0.32019850611686707,0.22293435037136078,0.5573036670684814,0.25451576709747314,0.4815371036529541,0.26558107137680054,0.5549247860908508,0.26781535148620605,0.6107591390609741,0.1972646415233612,0.5855764150619507,0.23041720688343048,0.5633132457733154,0.24423688650131226,0.6234694719314575,0.2479078620672226,0.6709202527999878,scissors,04022,C:/Users/Javier/PIDS_HandPose/work/HAR_mediapipe/data/gestos_pids/train//scissors/scissors_04022.jpg
0.21569907665252686,0.7728148698806763,0.25265032052993774,0.7617738246917725,0.2818896472454071,0.6892604827880859,0.29348623752593994,0.6215595006942749,0.3090221881866455,0.5661607384681702,0.2898075580596924,0.5829257369041443,0.3287546634674072,0.5118478536605835,0.35434478521347046,0.4621426463127136,0.37351831793785095,0.4176374077796936,0.26187196373939514,0.5642597675323486,0.27894195914268494,0.4467814564704895,0.29471251368522644,0.38169822096824646,0.30718618631362915,0.3261081874370575,0.2323613166809082,0.5710868239402771,0.2611442804336548,0.48908311128616333,0.27378323674201965,0.5624763369560242,0.27699363231658936,0.6192215085029602,0.20583096146583557,0.6000111103057861,0.235135018825531,0.5702381134033203,0.24897068738937378,0.6288064122200012,0.25333085656166077,0.6764072179794312,scissors,04023,C:/Users/Javier/PIDS_HandPose/work/HAR_mediapipe/data/gestos_pids/train//scissors/scissors_04023.jpg
0.6837692856788635,1.0158412456512451,0.6524837613105774,0.9798455238342285,0.6365554928779602,0.9191522002220154,0.6453912258148193,0.8644986748695374,0.654037356376648,0.8114622831344604,0.6367039084434509,0.8128803968429565,0.6135582327842712,0.7253221273422241,0.5987141132354736,0.6756519079208374,0.587090015411377,0.6310422420501709,0.6690524816513062,0.8081246018409729,0.6573362350463867,0.7079209685325623,0.6452949047088623,0.6497260332107544,0.6363157629966736,0.595748782157898,0.697348415851593,0.8310109972953796,0.6757760047912598,0.8239126205444336,0.6660811901092529,0.8880401849746704,0.670177161693573,0.9169279336929321,0.7200267314910889,0.8683286905288696,0.6923513412475586,0.8805806636810303,0.6823804378509521,0.9254049062728882,0.6854501366615295,0.9426800608634949,scissors,04024,C:/Users/Javier/PIDS_HandPose/work/HAR_mediapipe/data/gestos_pids/train//scissors/scissors_04024.jpg
0.7022852897644043,1.0350199937820435,0.6720566749572754,1.0032891035079956,0.6541905999183655,0.9475758075714111,0.6607277393341064,0.897270143032074,0.6658838987350464,0.8464821577072144,0.6549248099327087,0.8373783230781555,0.6344653367996216,0.7465766072273254,0.6202602982521057,0.6958346366882324,0.6089668869972229,0.650281548500061,0.6866431832313538,0.8364008069038391,0.6768751740455627,0.7326210141181946,0.6636508107185364,0.6814104318618774,0.653747022151947,0.6334500312805176,0.7152388095855713,0.8617269396781921,0.6976405382156372,0.8466238379478455,0.6853823661804199,0.9139096736907959,0.6870618462562561,0.9445028305053711,0.7397080659866333,0.9007056951522827,0.7175777554512024,0.9016748666763306,0.7055303454399109,0.9472635984420776,0.7058505415916443,0.9638521075248718,scissors,04025,C:/Users/Javier/PIDS_HandPose/work/HAR_mediapipe/data/gestos_pids/train//scissors/scissors_04025.jpg
0.330868661403656,0.779890775680542,0.35328420996665955,0.7460713982582092,0.3635483980178833,0.6859577298164368,0.353697806596756,0.6351978778839111,0.34581664204597473,0.5911309123039246,0.3733792006969452,0.6209433674812317,0.39303091168403625,0.561672568321228,0.4057195782661438,0.5223091244697571,0.41499289870262146,0.48885464668273926,0.35100257396698,0.6164183616638184,0.3540368378162384,0.5361969470977783,0.3576718270778656,0.4881230592727661,0.3585033714771271,0.4467203617095947,0.32911571860313416,0.6334776282310486,0.33186525106430054,0.6006798148155212,0.33804386854171753,0.6479180455207825,0.3407827317714691,0.6740137934684753,0.30982786417007446,0.6622572541236877,0.31691083312034607,0.6378551125526428,0.3234405219554901,0.6758430600166321,0.32634854316711426,0.6981298923492432,scissors,04026,C:/Users/Javier/PIDS_HandPose/work/HAR_mediapipe/data/gestos_pids/train//scissors/scissors_04026.jpg
0.2944983243942261,0.7969056367874146,0.3182167410850525,0.7624405026435852,0.32501593232154846,0.7045165300369263,0.30861032009124756,0.6561276912689209,0.29819339513778687,0.6137553453445435,0.33906811475753784,0.6467264890670776,0.3544040322303772,0.5873402953147888,0.36432772874832153,0.5475906133651733,0.3712916970252991,0.5143426656723022,0.31492480635643005,0.6403162479400635,0.318390816450119,0.5616243481636047,0.3212570250034332,0.5147104263305664,0.3226465582847595,0.4745261073112488,0.2918756306171417,0.6572831869125366,0.29124125838279724,0.621667742729187,0.2955056130886078,0.6687186360359192,0.29972055554389954,0.695274829864502,0.27217361330986023,0.688796877861023,0.2738708555698395,0.666374146938324,0.28033873438835144,0.7046718597412109,0.28636837005615234,0.7275279760360718,scissors,04027,C:/Users/Javier/PIDS_HandPose/work/HAR_mediapipe/data/gestos_pids/train//scissors/scissors_04027.jpg
0.2844109833240509,0.8552222847938538,0.3096766173839569,0.8117047548294067,0.31917041540145874,0.7401193380355835,0.30321213603019714,0.6854634881019592,0.2870057225227356,0.6406404376029968,0.3263680040836334,0.6775186657905579,0.34630125761032104,0.608272910118103,0.35744914412498474,0.5655673146247864,0.3663247525691986,0.5280553102493286,0.3022996187210083,0.6731764674186707,0.3066948354244232,0.5818380117416382,0.3126938045024872,0.5338876247406006,0.31619951128959656,0.4889960289001465,0.27803754806518555,0.6920099854469299,0.2836529016494751,0.6477571725845337,0.2922758460044861,0.7016702890396118,0.2938928008079529,0.732229471206665,0.25701671838760376,0.7255585789680481,0.26859453320503235,0.6975488662719727,0.27758485078811646,0.7392340302467346,0.2792266011238098,0.7645193338394165,scissors,04028,C:/Users/Javier/PIDS_HandPose/work/HAR_mediapipe/data/gestos_pids/train//scissors/scissors_04028.jpg
0.3368138074874878,0.7410203218460083,0.3630930781364441,0.7190041542053223,0.3771117031574249,0.6650688052177429,0.3619668781757355,0.612896203994751,0.3511159420013428,0.5695573091506958,0.392414391040802,0.5928605794906616,0.4116382598876953,0.5356206893920898,0.42488786578178406,0.497239887714386,0.4343383014202118,0.4643927812576294,0.3701019883155823,0.582697868347168,0.37916508316993713,0.5029295086860657,0.38626137375831604,0.4573954641819,0.39083051681518555,0.4179020822048187,0.34671464562416077,0.5936821699142456,0.34848377108573914,0.5661017298698425,0.3508945107460022,0.6110798716545105,0.3537907004356384,0.6371104717254639,0.3252393901348114,0.6173652410507202,0.3294723629951477,0.5981636047363281,0.3343762457370758,0.6343061923980713,0.3394947648048401,0.6601024866104126,scissors,04029,C:/Users/Javier/PIDS_HandPose/work/HAR_mediapipe/data/gestos_pids/train//scissors/scissors_04029.jpg
0.33872154355049133,0.7576594352722168,0.3676043450832367,0.7345075011253357,0.38592153787612915,0.6836660504341125,0.371209055185318,0.6333146691322327,0.3563450276851654,0.5908833742141724,0.3998388946056366,0.6039809584617615,0.4206068515777588,0.5458881258964539,0.4340786039829254,0.5086202621459961,0.4444168508052826,0.47557687759399414,0.3757258653640747,0.5936028361320496,0.38640785217285156,0.5095294117927551,0.3940044641494751,0.4639858603477478,0.4000079035758972,0.4234020411968231,0.3507094979286194,0.6042081713676453,0.35469457507133484,0.5789190530776978,0.35622426867485046,0.6276002526283264,0.3578971326351166,0.653458297252655,0.32804936170578003,0.6271861791610718,0.33451035618782043,0.6103352904319763,0.33929547667503357,0.6494494676589966,0.3431648015975952,0.6751402020454407,scissors,04030,C:/Users/Javier/PIDS_HandPose/work/HAR_mediapipe/data/gestos_pids/train//scissors/scissors_04030.jpg
0.3391048312187195,0.7589417695999146,0.3675118386745453,0.7362135648727417,0.38593655824661255,0.6815369725227356,0.3722420930862427,0.6246919631958008,0.359662801027298,0.5776532888412476,0.4006209969520569,0.6052272915840149,0.42261016368865967,0.5495628714561462,0.4364151060581207,0.5129591226577759,0.4468722939491272,0.48050618171691895,0.3771151006221771,0.5937001705169678,0.38897761702537537,0.51018887758255,0.39738813042640686,0.4639430046081543,0.40304192900657654,0.4243047833442688,0.35227110981941223,0.6039921641349792,0.35747838020324707,0.575006902217865,0.35891321301460266,0.6249964833259583,0.3595612943172455,0.6548835039138794,0.32969364523887634,0.6268807053565979,0.33785194158554077,0.6047714948654175,0.34282386302948,0.6446776986122131,0.3468567132949829,0.674740731716156,scissors,04031,C:/Users/Javier/PIDS_HandPose/work/HAR_mediapipe/data/gestos_pids/train//scissors/scissors_04031.jpg
0.3450830280780792,0.7490028142929077,0.3704833686351776,0.7137231826782227,0.3837641477584839,0.650211751461029,0.3762187361717224,0.5929897427558899,0.3703506290912628,0.5457324981689453,0.38624194264411926,0.5823842883110046,0.4022715985774994,0.5099591016769409,0.4114965796470642,0.46479323506355286,0.41862040758132935,0.4278848469257355,0.3632774353027344,0.57958984375,0.3622916042804718,0.4896731376647949,0.36596015095710754,0.44070079922676086,0.3680819869041443,0.39848238229751587,0.3411785960197449,0.5939171314239502,0.35262617468833923,0.5538330674171448,0.359706312417984,0.6051416397094727,0.36083683371543884,0.6326837539672852,0.32284244894981384,0.6191350221633911,0.339198499917984,0.5926416516304016,0.3469999134540558,0.6327642798423767,0.34822678565979004,0.6567537784576416,scissors,04032,C:/Users/Javier/PIDS_HandPose/work/HAR_mediapipe/data/gestos_pids/train//scissors/scissors_04032.jpg
0.7875748872756958,0.94972163438797,0.7593747973442078,0.8881105184555054,0.7585768699645996,0.8015407919883728,0.7741274833679199,0.7434248924255371,0.7866522073745728,0.6935619115829468,0.7873908877372742,0.7412983179092407,0.7795623540878296,0.652239978313446,0.7757140398025513,0.6003394722938538,0.7749037742614746,0.5566481351852417,0.8137252926826477,0.7504827380180359,0.820030927658081,0.6483374834060669,0.8192545175552368,0.5898659825325012,0.822295069694519,0.5431216955184937,0.8339073657989502,0.7768468856811523,0.8109747767448425,0.7230085730552673,0.7896664142608643,0.7821456789970398,0.7885404229164124,0.8231753706932068,0.8495088815689087,0.8130248188972473,0.8173593282699585,0.7762589454650879,0.7992367148399353,0.8195460438728333,0.7997735142707825,0.8504987955093384,scissors,04033,C:/Users/Javier/PIDS_HandPose/work/HAR_mediapipe/data/gestos_pids/train//scissors/scissors_04033.jpg
0.8034170269966125,0.9631831049919128,0.7756893038749695,0.8977790474891663,0.7701869010925293,0.8146044015884399,0.7869003415107727,0.7549400925636292,0.8003684282302856,0.7043833136558533,0.7884625196456909,0.7489328980445862,0.7738702297210693,0.6561203002929688,0.764784574508667,0.6030700206756592,0.7600846290588379,0.5566703081130981,0.8170186877250671,0.7558531761169434,0.8225408792495728,0.6479944586753845,0.8201882243156433,0.5857074856758118,0.8225471377372742,0.5339533686637878,0.8414068222045898,0.7849618792533875,0.8272075653076172,0.726030170917511,0.8050296902656555,0.789091944694519,0.802578330039978,0.8310390114784241,0.861611008644104,0.8282277584075928,0.8369131684303284,0.7884367108345032,0.8186848163604736,0.8330873250961304,0.8187648057937622,0.8640243411064148,scissors,04034,C:/Users/Javier/PIDS_HandPose/work/HAR_mediapipe/data/gestos_pids/train//scissors/scissors_04034.jpg
0.33946385979652405,0.7400750517845154,0.36740079522132874,0.7192181348800659,0.38449302315711975,0.6603860855102539,0.3724161982536316,0.6012744903564453,0.3636455833911896,0.5548000335693359,0.4014700651168823,0.5978422164916992,0.4252587556838989,0.5428699254989624,0.44094470143318176,0.5059091448783875,0.4532211124897003,0.4740728735923767,0.3791290521621704,0.5839449763298035,0.39416491985321045,0.5017623901367188,0.4037843346595764,0.456292986869812,0.41016361117362976,0.4162766933441162,0.35471388697624207,0.5917284488677979,0.3611142039299011,0.5585769414901733,0.3611736297607422,0.6080328822135925,0.3610031008720398,0.6358988881111145,0.3312072157859802,0.6129545569419861,0.33976686000823975,0.5881728529930115,0.34207725524902344,0.6266491413116455,0.34279006719589233,0.6524348855018616,scissors,04035,C:/Users/Javier/PIDS_HandPose/work/HAR_mediapipe/data/gestos_pids/train//scissors/scissors_04035.jpg
0.34206822514533997,0.7510436177253723,0.370684415102005,0.7298578023910522,0.38986435532569885,0.6723952889442444,0.3771090507507324,0.6104750633239746,0.3664419949054718,0.5615085959434509,0.4074270725250244,0.6021073460578918,0.4311034381389618,0.5460713505744934,0.4459926187992096,0.5098205208778381,0.45777440071105957,0.47764351963996887,0.38468316197395325,0.5869153141975403,0.3990159034729004,0.5026708245277405,0.40825217962265015,0.45756638050079346,0.41421735286712646,0.419273316860199,0.3597568869590759,0.5945905447006226,0.3652288019657135,0.5546209216117859,0.36636409163475037,0.5976565480232239,0.3659829795360565,0.6251820921897888,0.3361833095550537,0.6164376139640808,0.3438701629638672,0.5966713428497314,0.34797075390815735,0.636093258857727,0.350768119096756,0.6661632657051086,scissors,04036,C:/Users/Javier/PIDS_HandPose/work/HAR_mediapipe/data/gestos_pids/train//scissors/scissors_04036.jpg
0.33439168334007263,0.7598728537559509,0.36473923921585083,0.7388768792152405,0.38495007157325745,0.6838883757591248,0.3707531690597534,0.6248408555984497,0.35743963718414307,0.5787598490715027,0.4001975655555725,0.6106024384498596,0.42395156621932983,0.5555399060249329,0.43879008293151855,0.5190138220787048,0.4501989185810089,0.48688066005706787,0.3768008351325989,0.5949935913085938,0.3915666341781616,0.5098788738250732,0.4017508625984192,0.4643198251724243,0.40853065252304077,0.42575207352638245,0.3517785370349884,0.6022789478302002,0.3567045032978058,0.5671917200088501,0.35754409432411194,0.6130831837654114,0.3568132221698761,0.6418933272361755,0.32866811752319336,0.6232028603553772,0.3370923697948456,0.6079204678535461,0.3412575125694275,0.6471408605575562,0.3437958061695099,0.6758663654327393,scissors,04037,C:/Users/Javier/PIDS_HandPose/work/HAR_mediapipe/data/gestos_pids/train//scissors/scissors_04037.jpg
0.3346000909805298,0.7441672086715698,0.3618466556072235,0.7245760560035706,0.37874945998191833,0.6661197543144226,0.3660942018032074,0.6061058640480042,0.356886088848114,0.558935284614563,0.39473554491996765,0.5980169177055359,0.41716426610946655,0.5395609140396118,0.4321887791156769,0.5015385150909424,0.44352349638938904,0.469249427318573,0.3719613254070282,0.5852768421173096,0.3844722807407379,0.5027550458908081,0.39318087697029114,0.4568615257740021,0.3983864486217499,0.4176936447620392,0.34764403104782104,0.5941929817199707,0.3528591990470886,0.5558383464813232,0.35446688532829285,0.5989488959312439,0.35543450713157654,0.6256390810012817,0.32537752389907837,0.617110550403595,0.33185112476348877,0.5955167412757874,0.33572110533714294,0.6335726380348206,0.33881676197052,0.6615270972251892,scissors,04038,C:/Users/Javier/PIDS_HandPose/work/HAR_mediapipe/data/gestos_pids/train//scissors/scissors_04038.jpg
0.2642367482185364,0.8337842226028442,0.28578799962997437,0.7910137176513672,0.2905937135219574,0.717965304851532,0.2747214436531067,0.6640243530273438,0.26243579387664795,0.6170930862426758,0.2941952645778656,0.6516402363777161,0.3076316714286804,0.579064130783081,0.3168521523475647,0.5314466953277588,0.32341963052749634,0.4927196502685547,0.26914218068122864,0.6522324085235596,0.26498472690582275,0.5638664960861206,0.2673514485359192,0.5154671669006348,0.26736944913864136,0.47420746088027954,0.24663062393665314,0.6744219660758972,0.24708199501037598,0.6312323212623596,0.25782278180122375,0.6817723512649536,0.26287633180618286,0.7100343108177185,0.2280985414981842,0.7091772556304932,0.23516856133937836,0.675682783126831,0.24567827582359314,0.7159935235977173,0.25108736753463745,0.7418228983879089,scissors,04039,C:/Users/Javier/PIDS_HandPose/work/HAR_mediapipe/data/gestos_pids/train//scissors/scissors_04039.jpg
0.24110238254070282,0.8476448059082031,0.2627318203449249,0.8007506728172302,0.2680734694004059,0.7266393303871155,0.25182560086250305,0.6723690629005432,0.2390950322151184,0.6253001689910889,0.27206358313560486,0.6588435173034668,0.2858048975467682,0.5868000984191895,0.29408442974090576,0.5390282869338989,0.29987582564353943,0.49976640939712524,0.24654147028923035,0.6601331830024719,0.24238382279872894,0.570904016494751,0.24304144084453583,0.5197255611419678,0.24047937989234924,0.4751630127429962,0.22286033630371094,0.6845667362213135,0.22488559782505035,0.6386234760284424,0.23697209358215332,0.6873559951782227,0.2421930879354477,0.7145646214485168,0.20272725820541382,0.7219429016113281,0.21046368777751923,0.6836236715316772,0.22244243323802948,0.720697820186615,0.22886699438095093,0.7470999956130981,scissors,04040,C:/Users/Javier/PIDS_HandPose/work/HAR_mediapipe/data/gestos_pids/train//scissors/scissors_04040.jpg
0.7808792591094971,0.9609413743019104,0.7536305785179138,0.913859486579895,0.7434628009796143,0.8369261622428894,0.7565966844558716,0.7795842289924622,0.7731286287307739,0.7377560138702393,0.753872811794281,0.7657415866851807,0.7373888492584229,0.6852613091468811,0.7265971302986145,0.6380173563957214,0.719946563243866,0.5956971645355225,0.7818347215652466,0.7683407664299011,0.779024064540863,0.6713459491729736,0.7734462022781372,0.6172035932540894,0.7730103135108948,0.569587767124176,0.8057998418807983,0.7925090193748474,0.7931894063949585,0.7538366913795471,0.7786367535591125,0.8172282576560974,0.7805459499359131,0.8544583320617676,0.8266006708145142,0.8280434608459473,0.8047337532043457,0.8057587146759033,0.7920693159103394,0.8519719839096069,0.7951627373695374,0.8775084018707275,scissors,04041,C:/Users/Javier/PIDS_HandPose/work/HAR_mediapipe/data/gestos_pids/train//scissors/scissors_04041.jpg
0.7855283617973328,0.9803236722946167,0.757282555103302,0.9353639483451843,0.7455252408981323,0.8648543357849121,0.7582677602767944,0.810488224029541,0.7746877074241638,0.7647716403007507,0.7548573613166809,0.7832496762275696,0.737038254737854,0.699372410774231,0.7263535857200623,0.6489406228065491,0.7199668884277344,0.6051923632621765,0.7838461995124817,0.7859983444213867,0.7814133167266846,0.6872181296348572,0.7758350968360901,0.6305113434791565,0.7747564911842346,0.5820392370223999,0.8088458180427551,0.811388373374939,0.7937312722206116,0.7745838165283203,0.7796273827552795,0.837116003036499,0.782037079334259,0.8732798099517822,0.8299894332885742,0.8490649461746216,0.8072896599769592,0.8243843913078308,0.7947970032691956,0.8685305714607239,0.7977438569068909,0.893162190914154,scissors,04042,C:/Users/Javier/PIDS_HandPose/work/HAR_mediapipe/data/gestos_pids/train//scissors/scissors_04042.jpg
0.9320281744003296,0.7761988043785095,0.8971199989318848,0.7029567360877991,0.883228600025177,0.6155738234519958,0.9015105962753296,0.5421154499053955,0.9201865792274475,0.48437610268592834,0.8830806016921997,0.5296138525009155,0.8598719835281372,0.44140657782554626,0.8454248905181885,0.3870980143547058,0.8355276584625244,0.3358004093170166,0.9142192006111145,0.5254805088043213,0.9081760048866272,0.4097294807434082,0.9015972018241882,0.3507203459739685,0.8993309140205383,0.29977285861968994,0.9446426630020142,0.5516072511672974,0.9411298036575317,0.5001705884933472,0.9289365410804749,0.57100510597229,0.9273075461387634,0.6128661632537842,0.972183346748352,0.5966451168060303,0.9648627638816833,0.5540242195129395,0.9495687484741211,0.6071609854698181,0.9457299709320068,0.6408793926239014,scissors,04043,C:/Users/Javier/PIDS_HandPose/work/HAR_mediapipe/data/gestos_pids/train//scissors/scissors_04043.jpg
0.21268685162067413,0.7198927402496338,0.2347584068775177,0.6730723977088928,0.2390289455652237,0.5961365699768066,0.21419471502304077,0.5371355414390564,0.19594800472259521,0.48844215273857117,0.2498541623353958,0.5123931169509888,0.26331454515457153,0.43870508670806885,0.2723141014575958,0.3914538621902466,0.27899518609046936,0.3497525453567505,0.22316083312034607,0.5151039958000183,0.21748875081539154,0.4208986461162567,0.21547646820545197,0.3703727722167969,0.21131564676761627,0.32461017370224,0.19915787875652313,0.5424787998199463,0.193459153175354,0.5124824643135071,0.20261137187480927,0.5629591345787048,0.21006914973258972,0.5858346223831177,0.1805310994386673,0.5820595026016235,0.1781790554523468,0.5573662519454956,0.18730151653289795,0.594619631767273,0.19639980792999268,0.6177135705947876,scissors,04044,C:/Users/Javier/PIDS_HandPose/work/HAR_mediapipe/data/gestos_pids/train//scissors/scissors_04044.jpg
0.7536085247993469,0.8096638321876526,0.7261743545532227,0.7502551078796387,0.7165389060974121,0.6702669262886047,0.7383250594139099,0.6095404028892517,0.7655165791511536,0.5707985162734985,0.7142841815948486,0.5946334004402161,0.6964859962463379,0.5078079104423523,0.6851354241371155,0.45746129751205444,0.6787286996841431,0.4127205014228821,0.7419268488883972,0.5942226052284241,0.7360671162605286,0.48342376947402954,0.7310754060745239,0.42442524433135986,0.7287135124206543,0.37660717964172363,0.7673459053039551,0.6222496032714844,0.769694983959198,0.575770378112793,0.7593056559562683,0.6385883688926697,0.7579599618911743,0.6753594875335693,0.789614737033844,0.6637477874755859,0.7858561873435974,0.6296713352203369,0.7736170887947083,0.6746258735656738,0.7708818912506104,0.7010900378227234,scissors,04045,C:/Users/Javier/PIDS_HandPose/work/HAR_mediapipe/data/gestos_pids/train//scissors/scissors_04045.jpg
0.706780195236206,0.8304044604301453,0.6814612150192261,0.7704479694366455,0.6741690635681152,0.6905877590179443,0.6924727559089661,0.6333401799201965,0.7092891931533813,0.58895343542099,0.6855176091194153,0.6133409142494202,0.6729605197906494,0.5227552652359009,0.6646199226379395,0.46910130977630615,0.6596824526786804,0.42195773124694824,0.7137606143951416,0.6207042932510376,0.7173480987548828,0.5154850482940674,0.71412593126297,0.4558749794960022,0.7142843008041382,0.4059876501560211,0.7384483218193054,0.652472972869873,0.729629397392273,0.6072890162467957,0.7112938165664673,0.6695045232772827,0.7090616226196289,0.7088249921798706,0.7581260800361633,0.6976767778396606,0.7436633706092834,0.659259021282196,0.7278468012809753,0.7018986344337463,0.7273098826408386,0.7292718887329102,scissors,04046,C:/Users/Javier/PIDS_HandPose/work/HAR_mediapipe/data/gestos_pids/train//scissors/scissors_04046.jpg
0.6891626715660095,0.870771050453186,0.6594496965408325,0.8267939686775208,0.6456093192100525,0.75895094871521,0.6548668742179871,0.7034316062927246,0.6688336133956909,0.6557011604309082,0.6523752808570862,0.6611281633377075,0.6359213590621948,0.5716996788978577,0.6258466839790344,0.5184993147850037,0.6193662881851196,0.4736359119415283,0.6823675036430359,0.6632288694381714,0.6781867146492004,0.5600972175598145,0.6723366379737854,0.4991074800491333,0.6699265241622925,0.4474376440048218,0.7092378735542297,0.6883088946342468,0.6951362490653992,0.6536557674407959,0.6816803216934204,0.7187070250511169,0.6817631125450134,0.7590316534042358,0.7316889762878418,0.7262029051780701,0.7113481760025024,0.7031813859939575,0.6993282437324524,0.7498191595077515,0.7006043791770935,0.778266966342926,scissors,04047,C:/Users/Javier/PIDS_HandPose/work/HAR_mediapipe/data/gestos_pids/train//scissors/scissors_04047.jpg
0.6900333166122437,0.8923666477203369,0.6612824201583862,0.8447539210319519,0.6484607458114624,0.7796962261199951,0.6587045788764954,0.7258611917495728,0.673160970211029,0.6769453883171082,0.6563679575920105,0.679144024848938,0.641133189201355,0.5898744463920593,0.6314354538917542,0.5374075174331665,0.6253724098205566,0.4925704598426819,0.6864745616912842,0.6806800961494446,0.6826105713844299,0.5812574028968811,0.6770296096801758,0.5216344594955444,0.6746941804885864,0.4702489376068115,0.7128633856773376,0.7054342031478882,0.6975880265235901,0.6791115403175354,0.684623122215271,0.7415325045585632,0.685366690158844,0.7793461680412292,0.7349830865859985,0.7428539395332336,0.7131155133247375,0.725894033908844,0.7022488713264465,0.7705894112586975,0.7048397660255432,0.7972921133041382,scissors,04048,C:/Users/Javier/PIDS_HandPose/work/HAR_mediapipe/data/gestos_pids/train//scissors/scissors_04048.jpg
0.8159080743789673,0.9583168625831604,0.7918803691864014,0.8969504237174988,0.7910581827163696,0.8216415047645569,0.8233221173286438,0.7761930227279663,0.8533257246017456,0.7490193247795105,0.7886941432952881,0.7155594229698181,0.7738828063011169,0.6182355880737305,0.7664283514022827,0.5576141476631165,0.7592872381210327,0.5035606026649475,0.8224347233772278,0.7220059037208557,0.8291884660720825,0.6170135736465454,0.8334477543830872,0.5540724396705627,0.8372330069541931,0.4951709508895874,0.8516029715538025,0.7578556537628174,0.8587319850921631,0.7465486526489258,0.8408762216567993,0.8063517212867737,0.8306210041046143,0.8375251889228821,0.8740209341049194,0.8074893355369568,0.8764351606369019,0.7976840734481812,0.8597865104675293,0.8360979557037354,0.8512524366378784,0.8560489416122437,scissors,04049,C:/Users/Javier/PIDS_HandPose/work/HAR_mediapipe/data/gestos_pids/train//scissors/scissors_04049.jpg
0.15334579348564148,0.7871084213256836,0.1829882562160492,0.7710644006729126,0.20765426754951477,0.7046985030174255,0.21365182101726532,0.6408753395080566,0.21982760727405548,0.5869135856628418,0.2202342450618744,0.6313246488571167,0.25237584114074707,0.564820408821106,0.2730238437652588,0.5199286341667175,0.2881370186805725,0.4835197925567627,0.19485877454280853,0.6123715043067932,0.21114766597747803,0.516647219657898,0.22449755668640137,0.4630035161972046,0.23428666591644287,0.4182349443435669,0.16746382415294647,0.6149903535842896,0.18935154378414154,0.571756899356842,0.18849338591098785,0.6369013786315918,0.18523910641670227,0.6730716228485107,0.1441400647163391,0.6353178024291992,0.16485191881656647,0.6241399645805359,0.16822926700115204,0.6755365133285522,0.16722233593463898,0.7031679749488831,scissors,04050,C:/Users/Javier/PIDS_HandPose/work/HAR_mediapipe/data/gestos_pids/train//scissors/scissors_04050.jpg
0.7814843058586121,0.9923871755599976,0.752094030380249,0.9525503516197205,0.7438611388206482,0.8873305320739746,0.7731942534446716,0.8462815284729004,0.8008303642272949,0.8138746619224548,0.7479944825172424,0.7794248461723328,0.732958972454071,0.6846135854721069,0.726082444190979,0.6274897456169128,0.7203996181488037,0.5760180354118347,0.7821457386016846,0.7805200815200806,0.7887762784957886,0.6859419941902161,0.791948676109314,0.6288145780563354,0.7956119775772095,0.573753833770752,0.809607207775116,0.8098095059394836,0.8119680881500244,0.812117338180542,0.7947914600372314,0.8671869039535522,0.7880181074142456,0.8892465829849243,0.8304166197776794,0.8544169068336487,0.8267236948013306,0.8658648133277893,0.8097328543663025,0.8975265026092529,0.8026689291000366,0.9035654664039612,scissors,04051,C:/Users/Javier/PIDS_HandPose/work/HAR_mediapipe/data/gestos_pids/train//scissors/scissors_04051.jpg
0.13265983760356903,0.784964382648468,0.16325734555721283,0.760326623916626,0.18643954396247864,0.6931671500205994,0.18850457668304443,0.6310166120529175,0.189855694770813,0.5732315182685852,0.1988404542207718,0.6039074659347534,0.23158976435661316,0.5321208238601685,0.25173312425613403,0.488047331571579,0.26626354455947876,0.4510911703109741,0.1693870574235916,0.590178906917572,0.1846001297235489,0.48720303177833557,0.19800935685634613,0.4344435930252075,0.20590901374816895,0.3884458839893341,0.13903523981571198,0.6013433933258057,0.15911145508289337,0.5608231425285339,0.16324667632579803,0.6243703365325928,0.16061778366565704,0.6566150188446045,0.11227060109376907,0.6292150616645813,0.13545015454292297,0.6158303022384644,0.1406470239162445,0.666441023349762,0.13787968456745148,0.6908267140388489,scissors,04052,C:/Users/Javier/PIDS_HandPose/work/HAR_mediapipe/data/gestos_pids/train//scissors/scissors_04052.jpg
0.7427043914794922,1.007768988609314,0.7156679630279541,0.9637659788131714,0.7034406065940857,0.9024867415428162,0.71747887134552,0.854159414768219,0.7347584366798401,0.8140103816986084,0.7107831239700317,0.8127410411834717,0.6958097815513611,0.7246996164321899,0.6870520710945129,0.6746218204498291,0.6820192337036133,0.6321881413459778,0.7385419011116028,0.8160695433616638,0.736415684223175,0.7206031680107117,0.7308486104011536,0.6679980158805847,0.7283707857131958,0.6234868764877319,0.7634180188179016,0.8415683507919312,0.7529312372207642,0.819857656955719,0.7388148307800293,0.87896728515625,0.7382398843765259,0.9125800132751465,0.7849030494689941,0.8797320127487183,0.7697754502296448,0.8641078472137451,0.756746768951416,0.9044321775436401,0.7569518685340881,0.925822377204895,scissors,04053,C:/Users/Javier/PIDS_HandPose/work/HAR_mediapipe/data/gestos_pids/train//scissors/scissors_04053.jpg
0.13597066700458527,0.5653421878814697,0.1675569713115692,0.5274111032485962,0.1828470528125763,0.4514080584049225,0.1682281792163849,0.37994107604026794,0.1582227498292923,0.3265449106693268,0.2019231617450714,0.3750136196613312,0.23006416857242584,0.3015443980693817,0.2476489394903183,0.2525251507759094,0.2617948353290558,0.21039815247058868,0.1714516431093216,0.35969430208206177,0.18017229437828064,0.25605055689811707,0.18770721554756165,0.19639548659324646,0.19242189824581146,0.1434972882270813,0.14029739797115326,0.3724961578845978,0.1446099579334259,0.3249061107635498,0.15018139779567719,0.3770286440849304,0.15429621934890747,0.4051554203033447,0.1112399697303772,0.4060891568660736,0.12032793462276459,0.37550240755081177,0.1289624273777008,0.42223620414733887,0.13371005654335022,0.45725351572036743,scissors,04054,C:/Users/Javier/PIDS_HandPose/work/HAR_mediapipe/data/gestos_pids/train//scissors/scissors_04054.jpg
0.10163094848394394,0.7724660634994507,0.1324552297592163,0.7435299754142761,0.1540459841489792,0.6734825372695923,0.1502324342727661,0.6031383872032166,0.1498231440782547,0.5403878092765808,0.17007112503051758,0.5741062760353088,0.20127341151237488,0.49327534437179565,0.2217271625995636,0.44462043046951294,0.23472172021865845,0.40388306975364685,0.14002467691898346,0.5618389844894409,0.1531653106212616,0.45061352849006653,0.1643797904253006,0.3922339677810669,0.17024140059947968,0.339204877614975,0.10842301696538925,0.577031672000885,0.12381654977798462,0.5333269834518433,0.12731562554836273,0.5992830991744995,0.12564656138420105,0.6320368647575378,0.07948610931634903,0.6103793978691101,0.09774038940668106,0.5852554440498352,0.10578591376543045,0.6368694305419922,0.10715758800506592,0.6672770977020264,scissors,04055,C:/Users/Javier/PIDS_HandPose/work/HAR_mediapipe/data/gestos_pids/train//scissors/scissors_04055.jpg
0.7168955206871033,1.0192463397979736,0.6899616718292236,1.0023698806762695,0.6764561533927917,0.9699326753616333,0.6897690296173096,0.9439454674720764,0.7047080397605896,0.9102006554603577,0.6753824949264526,0.872010350227356,0.6590359210968018,0.7835355997085571,0.6481631994247437,0.7378434538841248,0.6394627690315247,0.6951471567153931,0.7057918906211853,0.8675063252449036,0.704055905342102,0.7780063152313232,0.6979937553405762,0.7357820868492126,0.6943984627723694,0.6935259103775024,0.7316985726356506,0.8895692229270935,0.7209106087684631,0.9073735475540161,0.7068102955818176,0.9584944248199463,0.7026422023773193,0.9763863682746887,0.7525852918624878,0.9252035617828369,0.7343696355819702,0.9556261301040649,0.7243335247039795,0.9888466000556946,0.7231068015098572,0.9982466697692871,scissors,04056,C:/Users/Javier/PIDS_HandPose/work/HAR_mediapipe/data/gestos_pids/train//scissors/scissors_04056.jpg
0.09332969784736633,0.8214973211288452,0.12487706542015076,0.782272219657898,0.14452411234378815,0.7005002498626709,0.13404443860054016,0.6320235133171082,0.12426748871803284,0.5692046880722046,0.15814416110515594,0.6042033433914185,0.1885562390089035,0.521826982498169,0.20848460495471954,0.4681461453437805,0.22174185514450073,0.42385169863700867,0.1253100037574768,0.5935888290405273,0.13496755063533783,0.47864922881126404,0.14405712485313416,0.4174363613128662,0.14802433550357819,0.36145126819610596,0.09146128594875336,0.6120651960372925,0.10326385498046875,0.5701691508293152,0.11073651909828186,0.635982096195221,0.11140121519565582,0.6671287417411804,0.06105005741119385,0.6481228470802307,0.08008342981338501,0.6303541660308838,0.09007368236780167,0.6823865175247192,0.09278884530067444,0.7080971002578735,scissors,04057,C:/Users/Javier/PIDS_HandPose/work/HAR_mediapipe/data/gestos_pids/train//scissors/scissors_04057.jpg
0.08913909643888474,0.8036460876464844,0.1209772527217865,0.7775882482528687,0.14301830530166626,0.703563928604126,0.13345366716384888,0.6337887644767761,0.12472935020923615,0.5737712979316711,0.1552746593952179,0.6033076643943787,0.18495729565620422,0.5166462659835815,0.20495907962322235,0.46258360147476196,0.21847347915172577,0.4185662865638733,0.12125097215175629,0.5907711386680603,0.12859870493412018,0.47631651163101196,0.13684847950935364,0.4150477647781372,0.14186455309391022,0.35943835973739624,0.08794045448303223,0.6092706322669983,0.1014028862118721,0.5724608898162842,0.10660438984632492,0.6448097825050354,0.10783955454826355,0.679534375667572,0.05858519673347473,0.6462334394454956,0.0767594575881958,0.6342112421989441,0.08605081588029861,0.6898016929626465,0.09017536789178848,0.7149811387062073,scissors,04058,C:/Users/Javier/PIDS_HandPose/work/HAR_mediapipe/data/gestos_pids/train//scissors/scissors_04058.jpg
0.7102612257003784,0.9075095057487488,0.685072124004364,0.8567790389060974,0.6801220774650574,0.787623405456543,0.6996225714683533,0.7432258129119873,0.7183234691619873,0.7082329988479614,0.6967593431472778,0.6915438175201416,0.6901648044586182,0.6024624705314636,0.6871582269668579,0.5494577884674072,0.6849713325500488,0.5045139789581299,0.7270827293395996,0.7034022808074951,0.7378719449043274,0.6135267019271851,0.7450023293495178,0.5591150522232056,0.754222571849823,0.5097881555557251,0.7501130700111389,0.7374045252799988,0.7353741526603699,0.7281929850578308,0.7175678610801697,0.7777922749519348,0.7165400981903076,0.8031100034713745,0.7657281160354614,0.7800904512405396,0.7446234226226807,0.7782410979270935,0.7297584414482117,0.8110597133636475,0.7310344576835632,0.8255220651626587,scissors,04059,C:/Users/Javier/PIDS_HandPose/work/HAR_mediapipe/data/gestos_pids/train//scissors/scissors_04059.jpg
0.7026721239089966,0.9578286409378052,0.6765568852424622,0.9101621508598328,0.6665937304496765,0.8429033756256104,0.6837172508239746,0.7991548776626587,0.702966034412384,0.7649831175804138,0.6804841160774231,0.7441585659980774,0.6719200611114502,0.6488736867904663,0.6680753231048584,0.595224916934967,0.6659255623817444,0.5476332902908325,0.7124316692352295,0.7515247464179993,0.7190394401550293,0.6577745079994202,0.7207936644554138,0.601460874080658,0.7243515849113464,0.5484195351600647,0.7379704117774963,0.7813267111778259,0.7217414379119873,0.7755941152572632,0.7074099779129028,0.8264430165290833,0.7082414031028748,0.8511014580726624,0.7553761601448059,0.8199835419654846,0.7296202182769775,0.8306419253349304,0.7184038758277893,0.8629255294799805,0.7225417494773865,0.8763937950134277,scissors,04060,C:/Users/Javier/PIDS_HandPose/work/HAR_mediapipe/data/gestos_pids/train//scissors/scissors_04060.jpg
0.17906245589256287,0.8107561469078064,0.204734206199646,0.7689595222473145,0.21599845588207245,0.6959285140037537,0.20544171333312988,0.632706880569458,0.19628846645355225,0.5803889036178589,0.22566388547420502,0.6252182722091675,0.24652639031410217,0.5492117404937744,0.2599738538265228,0.5009804964065552,0.2697773277759552,0.4595804512500763,0.19917532801628113,0.6173809170722961,0.20312468707561493,0.520361602306366,0.21016395092010498,0.4685036540031433,0.2135477513074875,0.42094308137893677,0.1729438155889511,0.6353408098220825,0.17730578780174255,0.5870749950408936,0.18551000952720642,0.6404010653495789,0.18808509409427643,0.6688803434371948,0.14935678243637085,0.6691502928733826,0.15956449508666992,0.6379367113113403,0.16954194009304047,0.6790650486946106,0.17367760837078094,0.7038232088088989,scissors,04061,C:/Users/Javier/PIDS_HandPose/work/HAR_mediapipe/data/gestos_pids/train//scissors/scissors_04061.jpg
0.23195457458496094,0.5459861755371094,0.2689022719860077,0.5139856338500977,0.2909620702266693,0.44803717732429504,0.2938368618488312,0.3771419823169708,0.2908734381198883,0.32102733850479126,0.3061327338218689,0.3807206153869629,0.33392226696014404,0.3075050711631775,0.3501952290534973,0.2633957266807556,0.36275607347488403,0.22407858073711395,0.28362149000167847,0.3631032109260559,0.2954392731189728,0.2637646496295929,0.30495575070381165,0.2108810693025589,0.3118525743484497,0.1607688069343567,0.25703975558280945,0.36904099583625793,0.2654804289340973,0.3175869286060333,0.2667020261287689,0.37617063522338867,0.2669481635093689,0.41143086552619934,0.2296939641237259,0.3904764652252197,0.24217191338539124,0.35826054215431213,0.24660781025886536,0.4029041826725006,0.24812212586402893,0.43583759665489197,scissors,04062,C:/Users/Javier/PIDS_HandPose/work/HAR_mediapipe/data/gestos_pids/train//scissors/scissors_04062.jpg
0.2368469089269638,0.5546786189079285,0.2734043002128601,0.5501695871353149,0.30661115050315857,0.49329283833503723,0.318269819021225,0.42375901341438293,0.32438716292381287,0.36974215507507324,0.32270538806915283,0.4401158094406128,0.36313188076019287,0.39001163840293884,0.3873077929019928,0.3602946698665619,0.40586918592453003,0.33283090591430664,0.30380672216415405,0.40846559405326843,0.3326224386692047,0.3202430009841919,0.3520340621471405,0.2817419767379761,0.3668900728225708,0.2448827177286148,0.27833157777786255,0.3980254828929901,0.30459731817245483,0.3591449558734894,0.2961224615573883,0.4194665253162384,0.28872573375701904,0.4495478570461273,0.25296899676322937,0.4081631898880005,0.2742183208465576,0.4039785861968994,0.27156156301498413,0.4507051408290863,0.2678874731063843,0.47496670484542847,scissors,04063,C:/Users/Javier/PIDS_HandPose/work/HAR_mediapipe/data/gestos_pids/train//scissors/scissors_04063.jpg
0.21688133478164673,0.592778205871582,0.24424079060554504,0.5544293522834778,0.2510291039943695,0.48568740487098694,0.23265576362609863,0.4223753809928894,0.2201383411884308,0.3677579462528229,0.25879618525505066,0.3872690200805664,0.2745530605316162,0.30511054396629333,0.28468793630599976,0.25058233737945557,0.2901623845100403,0.2057216614484787,0.22900016605854034,0.38604265451431274,0.21686314046382904,0.28285902738571167,0.21252699196338654,0.22414237260818481,0.20695331692695618,0.1715116947889328,0.20369186997413635,0.4116796851158142,0.19877614080905914,0.3727816641330719,0.20837022364139557,0.4207741618156433,0.21565669775009155,0.4447852373123169,0.18401652574539185,0.4523007869720459,0.18337920308113098,0.43313831090927124,0.19251054525375366,0.47080880403518677,0.200697660446167,0.49295225739479065,scissors,04064,C:/Users/Javier/PIDS_HandPose/work/HAR_mediapipe/data/gestos_pids/train//scissors/scissors_04064.jpg
0.1772218495607376,0.7005689740180969,0.20661848783493042,0.6742481589317322,0.21865662932395935,0.6009663939476013,0.20969219505786896,0.5365259051322937,0.2089000791311264,0.4781837463378906,0.23181067407131195,0.5059880018234253,0.2529456913471222,0.41996875405311584,0.2668660283088684,0.36503297090530396,0.27479708194732666,0.3180024027824402,0.20181864500045776,0.49873679876327515,0.19904914498329163,0.38863131403923035,0.1989847719669342,0.32685983180999756,0.1967422217130661,0.2716047763824463,0.1731027066707611,0.5185705423355103,0.17588186264038086,0.48191311955451965,0.18331106007099152,0.5427680015563965,0.18817318975925446,0.5724654197692871,0.14944583177566528,0.5547369718551636,0.1566249579191208,0.5424639582633972,0.1658877730369568,0.5853922963142395,0.17284537851810455,0.6049128770828247,scissors,04065,C:/Users/Javier/PIDS_HandPose/work/HAR_mediapipe/data/gestos_pids/train//scissors/scissors_04065.jpg
0.1928357183933258,0.6521207690238953,0.22461077570915222,0.6258898973464966,0.24156680703163147,0.5576401352882385,0.23655922710895538,0.4893037974834442,0.23642170429229736,0.43418702483177185,0.2546583414077759,0.4668148458003998,0.28008437156677246,0.38156506419181824,0.29575589299201965,0.32821494340896606,0.3060404062271118,0.28433769941329956,0.22540678083896637,0.45456579327583313,0.22914744913578033,0.3448803424835205,0.23467928171157837,0.28572314977645874,0.23765794932842255,0.23376913368701935,0.1970898061990738,0.47019457817077637,0.2023645043373108,0.4410088360309601,0.21035164594650269,0.49447059631347656,0.21510040760040283,0.5206360220909119,0.17234772443771362,0.5012196898460388,0.18200190365314484,0.4893507957458496,0.19280041754245758,0.5308455228805542,0.20068928599357605,0.5559800267219543,scissors,04066,C:/Users/Javier/PIDS_HandPose/work/HAR_mediapipe/data/gestos_pids/train//scissors/scissors_04066.jpg
0.21266460418701172,0.7900324463844299,0.23873156309127808,0.7681964039802551,0.25214916467666626,0.7071365118026733,0.24432328343391418,0.6491481065750122,0.24055306613445282,0.5926228165626526,0.2623361349105835,0.6046485900878906,0.28355902433395386,0.5253021121025085,0.29766610264778137,0.4740084409713745,0.3074101209640503,0.43046197295188904,0.23264038562774658,0.5976362824440002,0.23194941878318787,0.4954913854598999,0.23666799068450928,0.43857139348983765,0.23899665474891663,0.3858836889266968,0.2046130746603012,0.617046058177948,0.21418961882591248,0.5892926454544067,0.22192485630512238,0.650592565536499,0.223855122923851,0.6785542368888855,0.18168017268180847,0.6529093980789185,0.1975991278886795,0.6525514721870422,0.2070712149143219,0.6984290480613708,0.20964910089969635,0.715570330619812,scissors,04067,C:/Users/Javier/PIDS_HandPose/work/HAR_mediapipe/data/gestos_pids/train//scissors/scissors_04067.jpg
0.23799467086791992,0.8416174054145813,0.266532838344574,0.8112483024597168,0.2815853953361511,0.7413493394851685,0.27816447615623474,0.680642306804657,0.27417421340942383,0.6254616975784302,0.2846045196056366,0.6510094404220581,0.3099506199359894,0.5736931562423706,0.3272012770175934,0.5235249996185303,0.34089481830596924,0.4814029633998871,0.25573402643203735,0.6436792016029358,0.2582991123199463,0.5379098057746887,0.2666483223438263,0.4788001775741577,0.2714621424674988,0.4259234070777893,0.2279958724975586,0.6631202101707458,0.24103276431560516,0.6312488913536072,0.2528243064880371,0.6940507888793945,0.25572142004966736,0.7268174290657043,0.20505061745643616,0.6986026167869568,0.22593571245670319,0.686706006526947,0.23802989721298218,0.733760416507721,0.24075645208358765,0.7580387592315674,scissors,04068,C:/Users/Javier/PIDS_HandPose/work/HAR_mediapipe/data/gestos_pids/train//scissors/scissors_04068.jpg
0.1849321722984314,0.9146766662597656,0.2136090099811554,0.876095175743103,0.22809624671936035,0.7992755174636841,0.2226124107837677,0.7402706146240234,0.2161381095647812,0.6862921118736267,0.22798480093479156,0.7087863087654114,0.25081437826156616,0.6284022927284241,0.26693299412727356,0.5804105997085571,0.2788220942020416,0.5386213660240173,0.19902753829956055,0.7051392793655396,0.20008987188339233,0.5989490747451782,0.20616424083709717,0.5408523678779602,0.20778535306453705,0.49075302481651306,0.1717023253440857,0.7270494699478149,0.18823984265327454,0.6903089880943298,0.19822806119918823,0.7524529099464417,0.19892306625843048,0.7860935926437378,0.15026050806045532,0.7648719549179077,0.17300748825073242,0.7517338991165161,0.18346405029296875,0.7956236600875854,0.18477879464626312,0.8185186386108398,scissors,04069,C:/Users/Javier/PIDS_HandPose/work/HAR_mediapipe/data/gestos_pids/train//scissors/scissors_04069.jpg
0.7336844801902771,0.848831057548523,0.7046148180961609,0.7997552752494812,0.6903666257858276,0.7275288701057434,0.6980233192443848,0.6727059483528137,0.7099853157997131,0.6266229748725891,0.696742832660675,0.6417151093482971,0.6785314083099365,0.5569488406181335,0.6679433584213257,0.5070962309837341,0.6617063283920288,0.4630035161972046,0.72615647315979,0.639787495136261,0.7221236228942871,0.5387614965438843,0.7154510021209717,0.4846274256706238,0.7130710482597351,0.43621188402175903,0.7523761987686157,0.662797212600708,0.7349517345428467,0.6352940201759338,0.7232580780982971,0.699872612953186,0.7271682024002075,0.7353872060775757,0.7736560106277466,0.6992928981781006,0.7497531771659851,0.6849098205566406,0.7396819591522217,0.7308468222618103,0.7445788979530334,0.7547094821929932,scissors,04070,C:/Users/Javier/PIDS_HandPose/work/HAR_mediapipe/data/gestos_pids/train//scissors/scissors_04070.jpg
0.23376107215881348,0.7494674921035767,0.26125872135162354,0.6676491498947144,0.3085704445838928,0.6474125981330872,0.35347968339920044,0.675571084022522,0.3811388313770294,0.7046545743942261,0.32181811332702637,0.6050852537155151,0.3749036192893982,0.5618695020675659,0.40743812918663025,0.5368303656578064,0.4344828724861145,0.5184447765350342,0.3281559348106384,0.6582015752792358,0.3942173719406128,0.6467114090919495,0.4356098175048828,0.646696925163269,0.47051405906677246,0.6533892154693604,0.3291289210319519,0.7183758616447449,0.3739934265613556,0.7208120822906494,0.35326969623565674,0.7182966470718384,0.33162885904312134,0.7195714712142944,0.32687264680862427,0.7760960459709167,0.3531060814857483,0.7685783505439758,0.3354510962963104,0.7658838033676147,0.319509357213974,0.7711033821105957,scissors,05001,C:/Users/Javier/PIDS_HandPose/work/HAR_mediapipe/data/gestos_pids/train//scissors/scissors_05001.jpg
0.2800678312778473,0.6689532399177551,0.3062949776649475,0.5930658578872681,0.35031309723854065,0.57752925157547,0.38870757818222046,0.6020609140396118,0.41011539101600647,0.6361469626426697,0.37048158049583435,0.521436870098114,0.42221906781196594,0.48426052927970886,0.4533941149711609,0.4589972496032715,0.478973925113678,0.43650496006011963,0.3818824589252472,0.5623676180839539,0.4419296979904175,0.5639362931251526,0.4795340895652771,0.5698117017745972,0.5098784565925598,0.5744463205337524,0.38550880551338196,0.6166054010391235,0.412523090839386,0.6562751531600952,0.3949522376060486,0.6642864942550659,0.3780612051486969,0.6629615426063538,0.38427096605300903,0.6728019714355469,0.3995375335216522,0.6969862580299377,0.38316410779953003,0.7013061046600342,0.3691556453704834,0.7008593082427979,scissors,05002,C:/Users/Javier/PIDS_HandPose/work/HAR_mediapipe/data/gestos_pids/train//scissors/scissors_05002.jpg
0.30883634090423584,0.6926341652870178,0.33436140418052673,0.6100966334342957,0.3807610869407654,0.5968214273452759,0.42320170998573303,0.6275015473365784,0.4487544298171997,0.6615707874298096,0.39621469378471375,0.5455986857414246,0.44933608174324036,0.49249568581581116,0.4796395003795624,0.4568222761154175,0.5042378902435303,0.42937490344047546,0.40643110871315,0.5969852805137634,0.4693499803543091,0.6016608476638794,0.5083910226821899,0.611860454082489,0.5406889915466309,0.6237102150917053,0.4086800813674927,0.6559281349182129,0.43596795201301575,0.6811924576759338,0.4142431318759918,0.6812939047813416,0.3950600028038025,0.6794700622558594,0.4070291519165039,0.7138698697090149,0.4216507375240326,0.7219838500022888,0.4038991928100586,0.7237257957458496,0.3894825279712677,0.7269418835639954,scissors,05003,C:/Users/Javier/PIDS_HandPose/work/HAR_mediapipe/data/gestos_pids/train//scissors/scissors_05003.jpg
0.2624019682407379,0.6724197268486023,0.28983116149902344,0.5998241901397705,0.33936962485313416,0.5867039561271667,0.38402000069618225,0.6141696572303772,0.4135933816432953,0.6449950337409973,0.35493630170822144,0.5258011221885681,0.4073653817176819,0.47868862748146057,0.43758028745651245,0.4487338662147522,0.46193912625312805,0.42025846242904663,0.36228081583976746,0.5667584538459778,0.4304722845554352,0.5704882740974426,0.4710583984851837,0.5740521550178528,0.5046679377555847,0.5750532746315002,0.3625134229660034,0.6215479969978333,0.39661940932273865,0.6645655035972595,0.3776308000087738,0.6690630316734314,0.36111029982566833,0.66331547498703,0.35732415318489075,0.6797584891319275,0.3830074369907379,0.706497073173523,0.36626797914505005,0.711313784122467,0.3522472381591797,0.7086477875709534,scissors,05004,C:/Users/Javier/PIDS_HandPose/work/HAR_mediapipe/data/gestos_pids/train//scissors/scissors_05004.jpg
0.2758861780166626,0.7424888610839844,0.3000525236129761,0.6671673059463501,0.3442569971084595,0.6460979580879211,0.3872414529323578,0.6626536250114441,0.41481319069862366,0.6833545565605164,0.35569480061531067,0.6003740429878235,0.39782851934432983,0.5480219125747681,0.4254395663738251,0.5134843587875366,0.4487539231777191,0.48364150524139404,0.3617265224456787,0.6418209075927734,0.4241721034049988,0.6396766901016235,0.4635072350502014,0.6434868574142456,0.49670010805130005,0.6459388732910156,0.3646266758441925,0.6932409405708313,0.4055234491825104,0.7169590592384338,0.3861679136753082,0.7211841940879822,0.36686837673187256,0.7204204797744751,0.3652445673942566,0.7469998002052307,0.3935597240924835,0.757827877998352,0.376252144575119,0.7611517906188965,0.361386239528656,0.7637917995452881,scissors,05005,C:/Users/Javier/PIDS_HandPose/work/HAR_mediapipe/data/gestos_pids/train//scissors/scissors_05005.jpg
0.2588386535644531,0.8059207201004028,0.26818060874938965,0.7117931246757507,0.3132460117340088,0.644947350025177,0.36640000343322754,0.6125134825706482,0.4007861912250519,0.5994375348091125,0.31591594219207764,0.6155853271484375,0.3728902041912079,0.5572044849395752,0.40831103920936584,0.5234535932540894,0.43684250116348267,0.49793586134910583,0.3299703001976013,0.6691107749938965,0.39772048592567444,0.6473745703697205,0.44063565135002136,0.6439149975776672,0.47759971022605896,0.6391701102256775,0.3408895432949066,0.7311239242553711,0.38570308685302734,0.725552499294281,0.3685113787651062,0.7393296957015991,0.3489816188812256,0.7486198544502258,0.34886953234672546,0.790545642375946,0.38181161880493164,0.7737127542495728,0.36620602011680603,0.7861976027488708,0.3495272099971771,0.7991995811462402,scissors,05006,C:/Users/Javier/PIDS_HandPose/work/HAR_mediapipe/data/gestos_pids/train//scissors/scissors_05006.jpg
0.18231317400932312,0.7134488224983215,0.19888094067573547,0.6183627247810364,0.23963481187820435,0.5732741951942444,0.28083541989326477,0.5763766169548035,0.30496495962142944,0.6026505827903748,0.2620733082294464,0.5211097598075867,0.32234495878219604,0.47635412216186523,0.3586428165435791,0.45243170857429504,0.3874063193798065,0.43513014912605286,0.2760096788406372,0.5650454163551331,0.34005916118621826,0.5652921795845032,0.37916573882102966,0.5738009810447693,0.40861421823501587,0.5804739594459534,0.28463077545166016,0.6215404272079468,0.3170119524002075,0.6510579586029053,0.29920342564582825,0.6688508987426758,0.2806863784790039,0.677054762840271,0.28977230191230774,0.6809554696083069,0.3102595806121826,0.700319766998291,0.29339173436164856,0.7124395966529846,0.27690669894218445,0.7189851999282837,scissors,05007,C:/Users/Javier/PIDS_HandPose/work/HAR_mediapipe/data/gestos_pids/train//scissors/scissors_05007.jpg
0.1489657461643219,0.7448583245277405,0.16732916235923767,0.6470980644226074,0.2123328000307083,0.6085344552993774,0.25658953189849854,0.6189466118812561,0.28231823444366455,0.6523151993751526,0.23546910285949707,0.5534452199935913,0.2968437075614929,0.5107499361038208,0.33313632011413574,0.491535484790802,0.3613763749599457,0.4769497215747833,0.251030296087265,0.6003432869911194,0.31807172298431396,0.6011579632759094,0.35968470573425293,0.6103531718254089,0.3910614252090454,0.6174211502075195,0.2586190104484558,0.6580743789672852,0.290432870388031,0.7031535506248474,0.2713868319988251,0.719851553440094,0.2523208558559418,0.7233572602272034,0.2610142230987549,0.7186755537986755,0.27928656339645386,0.7524593472480774,0.26263368129730225,0.7656751871109009,0.24630898237228394,0.7671483755111694,scissors,05008,C:/Users/Javier/PIDS_HandPose/work/HAR_mediapipe/data/gestos_pids/train//scissors/scissors_05008.jpg
0.145481675863266,0.7379868626594543,0.16198837757110596,0.6411712765693665,0.20675919950008392,0.5968120694160461,0.2540242671966553,0.5986601114273071,0.28214576840400696,0.6254695653915405,0.22008557617664337,0.5466383695602417,0.2799423038959503,0.503581702709198,0.3158338665962219,0.48262131214141846,0.34499287605285645,0.467155396938324,0.23607882857322693,0.5915700793266296,0.30364376306533813,0.5842898488044739,0.34647566080093384,0.5883904695510864,0.3799537718296051,0.5925250053405762,0.2456033080816269,0.6494458317756653,0.28313589096069336,0.684891939163208,0.26565492153167725,0.702379047870636,0.24521851539611816,0.709022045135498,0.25048139691352844,0.710024356842041,0.2706805169582367,0.7407341599464417,0.2544834613800049,0.7533711194992065,0.23708796501159668,0.7570497989654541,scissors,05009,C:/Users/Javier/PIDS_HandPose/work/HAR_mediapipe/data/gestos_pids/train//scissors/scissors_05009.jpg
0.09924601018428802,0.7453909516334534,0.119459368288517,0.6360184550285339,0.16524115204811096,0.5877326130867004,0.21119041740894318,0.594020664691925,0.24014654755592346,0.6264203786849976,0.19220559298992157,0.5259827971458435,0.2599872052669525,0.4754546284675598,0.3010631203651428,0.4484860301017761,0.3338810205459595,0.4286647439002991,0.20772109925746918,0.5726937651634216,0.2838270962238312,0.5685498714447021,0.3303135931491852,0.5748036503791809,0.36460381746292114,0.5794659852981567,0.2158309370279312,0.6341060996055603,0.26020315289497375,0.6722582578659058,0.2418723851442337,0.6931197047233582,0.2206675261259079,0.7004143595695496,0.21972589194774628,0.6999754309654236,0.25041455030441284,0.726806104183197,0.2311626374721527,0.7408671379089355,0.2107519805431366,0.7454268336296082,scissors,05010,C:/Users/Javier/PIDS_HandPose/work/HAR_mediapipe/data/gestos_pids/train//scissors/scissors_05010.jpg
0.08879806101322174,0.7276136875152588,0.10260637104511261,0.6224478483200073,0.14829260110855103,0.5691278576850891,0.19972187280654907,0.5650826692581177,0.23185782134532928,0.579603374004364,0.15528537333011627,0.5055754780769348,0.22017303109169006,0.43465715646743774,0.25897344946861267,0.39138180017471313,0.28990936279296875,0.35531771183013916,0.17307332158088684,0.549369215965271,0.25192511081695557,0.519568920135498,0.2996639609336853,0.5099848508834839,0.33611375093460083,0.4990689754486084,0.1878918707370758,0.6095679402351379,0.2403830885887146,0.6395114660263062,0.22176316380500793,0.6627941131591797,0.20100516080856323,0.6719504594802856,0.19943492114543915,0.6736401319503784,0.236814945936203,0.6984069347381592,0.216727152466774,0.7159711122512817,0.1973598748445511,0.7232435941696167,scissors,05011,C:/Users/Javier/PIDS_HandPose/work/HAR_mediapipe/data/gestos_pids/train//scissors/scissors_05011.jpg
0.09234201163053513,0.7323415279388428,0.10400208830833435,0.6355602741241455,0.1538231372833252,0.5860390663146973,0.20875079929828644,0.5817015171051025,0.24110479652881622,0.5949003100395203,0.15481345355510712,0.5091063976287842,0.22013096511363983,0.4334169328212738,0.2582622170448303,0.3920309543609619,0.2891123294830322,0.3552328944206238,0.17445483803749084,0.5493192076683044,0.25437864661216736,0.5074059963226318,0.30244341492652893,0.4929353892803192,0.3394380807876587,0.4768867790699005,0.19062943756580353,0.6074570417404175,0.24531376361846924,0.6312438249588013,0.2267058789730072,0.6608241200447083,0.20591574907302856,0.6719509959220886,0.20303548872470856,0.6706501841545105,0.23865683376789093,0.6934680938720703,0.21809230744838715,0.7131652235984802,0.19882699847221375,0.7203336358070374,scissors,05012,C:/Users/Javier/PIDS_HandPose/work/HAR_mediapipe/data/gestos_pids/train//scissors/scissors_05012.jpg
0.0879097431898117,0.7246907949447632,0.1011194959282875,0.6249415278434753,0.15132009983062744,0.5795843601226807,0.20619508624076843,0.5870431661605835,0.24005775153636932,0.6097539663314819,0.15113916993141174,0.5043870806694031,0.2153116911649704,0.43466606736183167,0.2540532946586609,0.39473289251327515,0.2857503592967987,0.36244818568229675,0.16977468132972717,0.5468788743019104,0.24526481330394745,0.5104898810386658,0.2940264940261841,0.49620622396469116,0.3325980603694916,0.48382675647735596,0.18428710103034973,0.6062710881233215,0.2393532544374466,0.62770015001297,0.22011364996433258,0.6547336578369141,0.19864822924137115,0.6663681864738464,0.1952187567949295,0.6685864329338074,0.23091965913772583,0.6885343790054321,0.21118581295013428,0.7070821523666382,0.19196802377700806,0.7148484587669373,scissors,05013,C:/Users/Javier/PIDS_HandPose/work/HAR_mediapipe/data/gestos_pids/train//scissors/scissors_05013.jpg
0.062284745275974274,0.6923669576644897,0.0739339292049408,0.6020716428756714,0.10786932706832886,0.5397127866744995,0.13949042558670044,0.48932915925979614,0.14965127408504486,0.450106143951416,0.1288163959980011,0.4890827536582947,0.19293130934238434,0.43614673614501953,0.23197031021118164,0.4107629656791687,0.26282668113708496,0.38832053542137146,0.14359503984451294,0.5167174339294434,0.21863938868045807,0.48507946729660034,0.2640407681465149,0.470505028963089,0.30037498474121094,0.4556776285171509,0.15536822378635406,0.5641535520553589,0.2077035903930664,0.612601637840271,0.19039438664913177,0.6385776400566101,0.17287088930606842,0.6423899531364441,0.1643160730600357,0.6219780445098877,0.20012161135673523,0.6671460866928101,0.18343639373779297,0.6863887906074524,0.16720354557037354,0.6854737997055054,scissors,05014,C:/Users/Javier/PIDS_HandPose/work/HAR_mediapipe/data/gestos_pids/train//scissors/scissors_05014.jpg
0.6659799814224243,0.8511605262756348,0.6575833559036255,0.7482069134712219,0.6177765130996704,0.6645420789718628,0.5794150829315186,0.6087051630020142,0.564736008644104,0.5527058243751526,0.5960270762443542,0.6564449071884155,0.5290543437004089,0.6168957352638245,0.48985880613327026,0.5967849493026733,0.4595205783843994,0.5770885944366455,0.5833835601806641,0.7102692723274231,0.5047459006309509,0.6925815939903259,0.45797017216682434,0.6757217645645142,0.4222632646560669,0.6620772480964661,0.5747664570808411,0.773261547088623,0.5180962681770325,0.7630510330200195,0.5405282378196716,0.7774322032928467,0.5631911158561707,0.7834532260894775,0.570931613445282,0.8344154357910156,0.5284167528152466,0.8157941102981567,0.5470761656761169,0.8269608020782471,0.5653362274169922,0.8296695947647095,scissors,05015,C:/Users/Javier/PIDS_HandPose/work/HAR_mediapipe/data/gestos_pids/train//scissors/scissors_05015.jpg
0.6458523273468018,0.8464143872261047,0.6371040344238281,0.7529948353767395,0.59937584400177,0.6679120063781738,0.5655918717384338,0.60740065574646,0.549262285232544,0.5504586100578308,0.579034686088562,0.6539992690086365,0.5080186128616333,0.6270523071289062,0.46749478578567505,0.620547354221344,0.4376576542854309,0.6096925735473633,0.5678359866142273,0.7087674736976624,0.4923965036869049,0.6792179942131042,0.4482497572898865,0.6568340063095093,0.4144411087036133,0.639512836933136,0.5581110119819641,0.7737889885902405,0.5029069781303406,0.7607707381248474,0.524127185344696,0.7761066555976868,0.5463458299636841,0.7833402156829834,0.551272451877594,0.8342567682266235,0.5124737024307251,0.8142891526222229,0.5311733484268188,0.82541424036026,0.5489351749420166,0.829300045967102,scissors,05016,C:/Users/Javier/PIDS_HandPose/work/HAR_mediapipe/data/gestos_pids/train//scissors/scissors_05016.jpg
0.061444222927093506,0.6860159039497375,0.07685437053442001,0.6002475619316101,0.12706437706947327,0.5659133791923523,0.1815185397863388,0.5811512470245361,0.21677783131599426,0.6090580821037292,0.1285720020532608,0.488552987575531,0.19390547275543213,0.4329756200313568,0.23263248801231384,0.40334850549697876,0.26295599341392517,0.37799108028411865,0.14366982877254486,0.5252171158790588,0.22062189877033234,0.5085947513580322,0.26922929286956787,0.505578875541687,0.30835655331611633,0.49962317943573,0.1554235816001892,0.5776101350784302,0.2074311524629593,0.6207935214042664,0.18957984447479248,0.6415154337882996,0.17227880656719208,0.6427222490310669,0.16460193693637848,0.6368691325187683,0.20239974558353424,0.6755877733230591,0.18573588132858276,0.6925456523895264,0.1705719530582428,0.6935403347015381,scissors,05017,C:/Users/Javier/PIDS_HandPose/work/HAR_mediapipe/data/gestos_pids/train//scissors/scissors_05017.jpg
0.5710359811782837,0.8206867575645447,0.5669353008270264,0.7293111085891724,0.5413770079612732,0.6412215828895569,0.5201248526573181,0.5744369029998779,0.516801118850708,0.5183104276657104,0.5136888027191162,0.636593759059906,0.4477936327457428,0.6012492775917053,0.4100051820278168,0.5827475786209106,0.38105690479278564,0.5649505853652954,0.49545255303382874,0.6875411868095398,0.42219799757003784,0.6483307480812073,0.37799161672592163,0.6212921142578125,0.34686392545700073,0.602523922920227,0.4825713634490967,0.7474900484085083,0.4359006881713867,0.7363407015800476,0.4534347355365753,0.7485640645027161,0.47502028942108154,0.7542816400527954,0.4736919105052948,0.8043752908706665,0.44037926197052,0.7846376299858093,0.4571017622947693,0.7974727153778076,0.4739176034927368,0.8033461570739746,scissors,05018,C:/Users/Javier/PIDS_HandPose/work/HAR_mediapipe/data/gestos_pids/train//scissors/scissors_05018.jpg
0.5609130263328552,0.668113112449646,0.547447681427002,0.575595498085022,0.5122014284133911,0.4993132948875427,0.48066437244415283,0.44384828209877014,0.4730345606803894,0.39275407791137695,0.4896664023399353,0.48018625378608704,0.4262155294418335,0.44102030992507935,0.3892892003059387,0.41628414392471313,0.36029818654060364,0.39103561639785767,0.47436535358428955,0.5269174575805664,0.4020680785179138,0.5141680240631104,0.3548458218574524,0.5012884140014648,0.31981149315834045,0.48790547251701355,0.4638834297657013,0.5865306258201599,0.4169691205024719,0.6090198755264282,0.43845921754837036,0.6295911073684692,0.4610882103443146,0.630164384841919,0.4577789008617401,0.6478288769721985,0.42424634099006653,0.6598765850067139,0.4441046416759491,0.6745513677597046,0.46265843510627747,0.6706054210662842,scissors,05019,C:/Users/Javier/PIDS_HandPose/work/HAR_mediapipe/data/gestos_pids/train//scissors/scissors_05019.jpg
0.5778006315231323,0.7127817869186401,0.5604963898658752,0.6194568872451782,0.524339497089386,0.5370951890945435,0.49474629759788513,0.4704323410987854,0.5010812282562256,0.41267210245132446,0.48860830068588257,0.5479912757873535,0.41935592889785767,0.5216668248176575,0.3794741630554199,0.5081326365470886,0.34818071126937866,0.4946574568748474,0.47680383920669556,0.6032466888427734,0.3986586630344391,0.593521773815155,0.3496266007423401,0.5841794610023499,0.31338250637054443,0.5791960954666138,0.4710117280483246,0.6684877872467041,0.421648770570755,0.6794494986534119,0.44424667954444885,0.6888410449028015,0.4678274095058441,0.6892813444137573,0.4701549708843231,0.7304866909980774,0.43353620171546936,0.7288903594017029,0.4548332989215851,0.7345238924026489,0.4751030206680298,0.7327549457550049,scissors,05020,C:/Users/Javier/PIDS_HandPose/work/HAR_mediapipe/data/gestos_pids/train//scissors/scissors_05020.jpg
0.585747241973877,0.7449954152107239,0.5654047727584839,0.6504435539245605,0.5314852595329285,0.5658010244369507,0.5076884627342224,0.49477460980415344,0.5138152837753296,0.4367779493331909,0.4943462312221527,0.577218234539032,0.4306419789791107,0.5352438688278198,0.39402684569358826,0.5059494972229004,0.36518949270248413,0.4792364239692688,0.48247531056404114,0.6314952969551086,0.4034031927585602,0.621932327747345,0.3523082137107849,0.6113201379776001,0.31415730714797974,0.606031060218811,0.4777716100215912,0.6965280771255493,0.4271417260169983,0.7100427150726318,0.4506834149360657,0.7170007824897766,0.4754391014575958,0.7179992198944092,0.47848397493362427,0.7600097060203552,0.4400116205215454,0.7619019746780396,0.46078211069107056,0.7654942274093628,0.48080718517303467,0.7629716396331787,scissors,05021,C:/Users/Javier/PIDS_HandPose/work/HAR_mediapipe/data/gestos_pids/train//scissors/scissors_05021.jpg
0.5972671508789062,0.7378631234169006,0.5713260173797607,0.6518932580947876,0.5300360918045044,0.581612229347229,0.4924643635749817,0.5324695706367493,0.4809611439704895,0.48631420731544495,0.5054509043693542,0.5664426684379578,0.43043774366378784,0.5444360375404358,0.38956937193870544,0.5292195677757263,0.35787153244018555,0.5119138360023499,0.49477097392082214,0.6212772130966187,0.41547664999961853,0.5954700112342834,0.36562681198120117,0.5777781009674072,0.3295542001724243,0.5655892491340637,0.48807334899902344,0.6858155131340027,0.4270409345626831,0.6986283659934998,0.4439246654510498,0.7134920358657837,0.4660480320453644,0.7154360413551331,0.48610982298851013,0.74993896484375,0.4403706192970276,0.7521884441375732,0.4561377167701721,0.7599548697471619,0.4749017357826233,0.7589529752731323,scissors,05022,C:/Users/Javier/PIDS_HandPose/work/HAR_mediapipe/data/gestos_pids/train//scissors/scissors_05022.jpg
0.6009071469306946,0.7464423179626465,0.5758343935012817,0.6609296798706055,0.5330667495727539,0.5870310664176941,0.49853551387786865,0.5324696898460388,0.49300697445869446,0.4815037250518799,0.5068047642707825,0.5792328715324402,0.43562114238739014,0.5601745247840881,0.3954581916332245,0.547854483127594,0.36431410908699036,0.5366986393928528,0.4972306191921234,0.6331057548522949,0.42212289571762085,0.6058218479156494,0.37263455986976624,0.5865272283554077,0.33669817447662354,0.5744612812995911,0.4917770326137543,0.6982325911521912,0.43313637375831604,0.7086354494094849,0.45368692278862,0.7194111347198486,0.4770309329032898,0.7186827063560486,0.4912407696247101,0.762739896774292,0.4462908208370209,0.7621134519577026,0.4650282561779022,0.7655450701713562,0.48491257429122925,0.7623714208602905,scissors,05023,C:/Users/Javier/PIDS_HandPose/work/HAR_mediapipe/data/gestos_pids/train//scissors/scissors_05023.jpg
0.6234776973724365,0.7831791639328003,0.6064963340759277,0.6847891211509705,0.5767387747764587,0.5971502065658569,0.5382582545280457,0.544463574886322,0.5001422762870789,0.5304380059242249,0.5528172254562378,0.5950114727020264,0.47686296701431274,0.566317081451416,0.43518441915512085,0.5619954466819763,0.4029560089111328,0.5559474229812622,0.5425928831100464,0.6464976668357849,0.4610508680343628,0.618567168712616,0.411426842212677,0.6091052293777466,0.3749012351036072,0.6012959480285645,0.5328254103660583,0.7066454887390137,0.4641163945198059,0.7051023840904236,0.47418081760406494,0.7286452054977417,0.49407660961151123,0.7401010990142822,0.5236217975616455,0.7695411443710327,0.4689500033855438,0.7595400214195251,0.4794970154762268,0.7702387571334839,0.4985415041446686,0.7730860710144043,scissors,05024,C:/Users/Javier/PIDS_HandPose/work/HAR_mediapipe/data/gestos_pids/train//scissors/scissors_05024.jpg
0.6159736514091492,0.7534300088882446,0.5974103808403015,0.65065997838974,0.5551502704620361,0.5841138958930969,0.5062267780303955,0.5840330123901367,0.47071751952171326,0.6180007457733154,0.5382082462310791,0.5537570714950562,0.4650515913963318,0.538070559501648,0.42192375659942627,0.5334915518760681,0.3910619616508484,0.5244072079658508,0.5325057506561279,0.6098729968070984,0.45026683807373047,0.5940060019493103,0.4014139473438263,0.5838655829429626,0.3661230206489563,0.576439619064331,0.5265070796012878,0.6747996807098389,0.45101696252822876,0.6882936954498291,0.4601358473300934,0.7135577201843262,0.4798443019390106,0.7253860235214233,0.5206995010375977,0.7434481978416443,0.4638787508010864,0.743344783782959,0.4731835126876831,0.7520339488983154,0.49158596992492676,0.7539609670639038,scissors,05025,C:/Users/Javier/PIDS_HandPose/work/HAR_mediapipe/data/gestos_pids/train//scissors/scissors_05025.jpg
0.6343351602554321,0.7574034333229065,0.6113781929016113,0.6673124432563782,0.569442629814148,0.5944322943687439,0.5380752086639404,0.5368284583091736,0.5291367769241333,0.4758399724960327,0.5518283247947693,0.5698788166046143,0.4812444746494293,0.5591297745704651,0.43757861852645874,0.5566975474357605,0.4070870876312256,0.5501111745834351,0.5530464053153992,0.6173056364059448,0.473922461271286,0.6103334426879883,0.4289608597755432,0.6023836731910706,0.3962766230106354,0.5949835777282715,0.552532434463501,0.6795493364334106,0.4793780446052551,0.7023574113845825,0.4890618324279785,0.7303219437599182,0.5078262686729431,0.7383514642715454,0.5515931844711304,0.7440838813781738,0.49179521203041077,0.752524733543396,0.5039371848106384,0.7687963247299194,0.5223085880279541,0.7707927227020264,scissors,05026,C:/Users/Javier/PIDS_HandPose/work/HAR_mediapipe/data/gestos_pids/train//scissors/scissors_05026.jpg
0.07329629361629486,0.8600763082504272,0.08651381731033325,0.7308803200721741,0.13745863735675812,0.6122866868972778,0.18176640570163727,0.5292423963546753,0.1884898692369461,0.44880932569503784,0.16429618000984192,0.5872611999511719,0.2603296637535095,0.5361695289611816,0.3162364661693573,0.5122134685516357,0.3595457673072815,0.49260401725769043,0.17883573472499847,0.6562926173210144,0.2895212173461914,0.6169317960739136,0.35242974758148193,0.6069670915603638,0.40383535623550415,0.5973742008209229,0.19243988394737244,0.7440916895866394,0.2757391929626465,0.7466670274734497,0.2469138652086258,0.7648158669471741,0.2131967842578888,0.7756608128547668,0.2025105208158493,0.8356140851974487,0.26453742384910583,0.8232800364494324,0.23753143846988678,0.8384667634963989,0.20946907997131348,0.8521769642829895,scissors,05027,C:/Users/Javier/PIDS_HandPose/work/HAR_mediapipe/data/gestos_pids/train//scissors/scissors_05027.jpg
0.026093944907188416,0.799588143825531,0.03399503231048584,0.6806274056434631,0.07997241616249084,0.5707801580429077,0.1305563747882843,0.5002891421318054,0.1553579866886139,0.4301522970199585,0.10067420452833176,0.5257602334022522,0.1987544447183609,0.4719279408454895,0.2560848891735077,0.4451422691345215,0.2995476722717285,0.4265420436859131,0.11373782157897949,0.5890089273452759,0.2250661998987198,0.5301952362060547,0.29112276434898376,0.5059542655944824,0.34388506412506104,0.4849879741668701,0.1279647946357727,0.6739886999130249,0.21749496459960938,0.6815125942230225,0.18954843282699585,0.7063379883766174,0.15879550576210022,0.7122356295585632,0.13708432018756866,0.7641781568527222,0.2122097760438919,0.7552255988121033,0.18904778361320496,0.7773738503456116,0.16260108351707458,0.7877694964408875,scissors,05028,C:/Users/Javier/PIDS_HandPose/work/HAR_mediapipe/data/gestos_pids/train//scissors/scissors_05028.jpg
0.006279990077018738,0.775269627571106,0.026368707418441772,0.6603955626487732,0.08424094319343567,0.5541141629219055,0.1380540281534195,0.48626983165740967,0.1662365198135376,0.4117671251296997,0.08391821384429932,0.5040809512138367,0.17559564113616943,0.44864755868911743,0.23164385557174683,0.41851353645324707,0.2763115167617798,0.39464130997657776,0.0848521739244461,0.5719925165176392,0.20518778264522552,0.5290755033493042,0.2745668590068817,0.5143557786941528,0.3307826817035675,0.5011727809906006,0.09166466444730759,0.6635165810585022,0.20100098848342896,0.6728883385658264,0.16829024255275726,0.692057728767395,0.1315975785255432,0.7007709741592407,0.1006898432970047,0.7641103863716125,0.1870591938495636,0.7560386657714844,0.16293281316757202,0.7683947086334229,0.13256236910820007,0.772595226764679,scissors,05029,C:/Users/Javier/PIDS_HandPose/work/HAR_mediapipe/data/gestos_pids/train//scissors/scissors_05029.jpg
-0.017621830105781555,0.8082306385040283,0.015895545482635498,0.6850554347038269,0.077912837266922,0.5696860551834106,0.12521712481975555,0.4880070388317108,0.1444936990737915,0.3818005919456482,0.04593110829591751,0.5230593085289001,0.15140068531036377,0.4997982382774353,0.212528258562088,0.5047351717948914,0.2661985158920288,0.5085089802742004,0.029611550271511078,0.6160291433334351,0.1620522439479828,0.6012033224105835,0.24439024925231934,0.6121675968170166,0.3101886212825775,0.6182944774627686,0.028847098350524902,0.7251064777374268,0.16483156383037567,0.7116727232933044,0.14324581623077393,0.7293545007705688,0.10276764631271362,0.7388971447944641,0.03935578465461731,0.8281512260437012,0.14803728461265564,0.802871584892273,0.13612130284309387,0.7982451915740967,0.1030656099319458,0.7965919971466064,scissors,05030,C:/Users/Javier/PIDS_HandPose/work/HAR_mediapipe/data/gestos_pids/train//scissors/scissors_05030.jpg
0.33196166157722473,0.8858652114868164,0.34806928038597107,0.7588392496109009,0.3853725492954254,0.6640520095825195,0.4297041893005371,0.6013261675834656,0.44882264733314514,0.5481159687042236,0.43256452679634094,0.6488343477249146,0.5127949118614197,0.6145328283309937,0.5570988059043884,0.6048572659492493,0.5902624726295471,0.5994348526000977,0.45524993538856506,0.7150110602378845,0.5378254652023315,0.6905964016914368,0.5862510800361633,0.6877008080482483,0.6163869500160217,0.6902815103530884,0.4690306782722473,0.7951143980026245,0.5054799914360046,0.7884042263031006,0.4857689142227173,0.8038774132728577,0.45957669615745544,0.818553626537323,0.4755546450614929,0.8754899501800537,0.5028845071792603,0.8588142395019531,0.48207175731658936,0.8668868541717529,0.4572475552558899,0.8808559775352478,scissors,05031,C:/Users/Javier/PIDS_HandPose/work/HAR_mediapipe/data/gestos_pids/train//scissors/scissors_05031.jpg
0.515966534614563,0.7992340922355652,0.5202170014381409,0.7165495157241821,0.5388802289962769,0.6497763395309448,0.5584887862205505,0.5935141444206238,0.5645391941070557,0.5502685308456421,0.5720177292823792,0.6361426711082458,0.6222120523452759,0.603110134601593,0.6508700847625732,0.5892502069473267,0.6720402240753174,0.5831680297851562,0.5892590880393982,0.6774715185165405,0.6387321949005127,0.6593804955482483,0.6666687726974487,0.6559087038040161,0.6835781335830688,0.6565088629722595,0.6012477874755859,0.7302541732788086,0.6185432076454163,0.726679265499115,0.6064930558204651,0.7380634546279907,0.5909004211425781,0.748519778251648,0.6081250905990601,0.7820191979408264,0.6190208196640015,0.7703360319137573,0.6065472960472107,0.7775323987007141,0.5919103622436523,0.7877066135406494,scissors,05032,C:/Users/Javier/PIDS_HandPose/work/HAR_mediapipe/data/gestos_pids/train//scissors/scissors_05032.jpg
0.43408942222595215,0.9645267128944397,0.42830148339271545,0.868654727935791,0.4439859390258789,0.785400927066803,0.469816654920578,0.7262163162231445,0.4837508499622345,0.6752691864967346,0.4720582365989685,0.7933584451675415,0.5241363048553467,0.7371591329574585,0.5503321886062622,0.7154502272605896,0.5690678358078003,0.7010279297828674,0.4910159111022949,0.8416123986244202,0.5436296463012695,0.7850024700164795,0.5601924061775208,0.7689602971076965,0.5659642219543457,0.7656821608543396,0.5063045024871826,0.8903550505638123,0.5369296073913574,0.8403347134590149,0.5260612368583679,0.8409316539764404,0.5121904015541077,0.8518220782279968,0.519534170627594,0.934539258480072,0.5390805006027222,0.8838538527488708,0.5285419821739197,0.8853735327720642,0.5172778964042664,0.8974262475967407,scissors,05033,C:/Users/Javier/PIDS_HandPose/work/HAR_mediapipe/data/gestos_pids/train//scissors/scissors_05033.jpg
0.4483836889266968,0.993521511554718,0.453227162361145,0.9085332155227661,0.48058536648750305,0.8308537006378174,0.5068504810333252,0.7739707231521606,0.5142215490341187,0.7235540151596069,0.49536868929862976,0.8466082215309143,0.5515885949134827,0.7982912659645081,0.5822889804840088,0.7729772925376892,0.6065712571144104,0.7555193901062012,0.5106523036956787,0.8986867070198059,0.5709162354469299,0.8499103784561157,0.6049626469612122,0.8250536322593689,0.6303037405014038,0.8100462555885315,0.5235230922698975,0.9520018696784973,0.5637891292572021,0.9051543474197388,0.5514169335365295,0.9037208557128906,0.5337908864021301,0.9155621528625488,0.5333768129348755,0.9965643286705017,0.5615236759185791,0.949112057685852,0.5503152012825012,0.9483616352081299,0.5364134311676025,0.9638751745223999,scissors,05034,C:/Users/Javier/PIDS_HandPose/work/HAR_mediapipe/data/gestos_pids/train//scissors/scissors_05034.jpg
0.436593234539032,0.9973706007003784,0.4419247508049011,0.9096245169639587,0.46989530324935913,0.8286492824554443,0.4997081458568573,0.7741316556930542,0.5186614394187927,0.7331002354621887,0.48804888129234314,0.8462496399879456,0.5443965196609497,0.8050104379653931,0.573965847492218,0.787521481513977,0.5969897508621216,0.7758264541625977,0.5013683438301086,0.899617612361908,0.5586307048797607,0.858047366142273,0.5897480249404907,0.8397188782691956,0.6119499206542969,0.8302289247512817,0.5132189989089966,0.9527150392532349,0.5529318451881409,0.9116104245185852,0.5420133471488953,0.9087162613868713,0.5257205367088318,0.9175920486450195,0.5241641998291016,0.9983292818069458,0.5534191727638245,0.9557297229766846,0.5434754490852356,0.9546409845352173,0.530305802822113,0.9675578474998474,scissors,05035,C:/Users/Javier/PIDS_HandPose/work/HAR_mediapipe/data/gestos_pids/train//scissors/scissors_05035.jpg
0.46079039573669434,1.0356287956237793,0.46516504883766174,0.9541465044021606,0.4947280287742615,0.8900469541549683,0.5286837816238403,0.8471710085868835,0.5432875156402588,0.7995018362998962,0.5170637965202332,0.9208397269248962,0.5714781284332275,0.8836628198623657,0.6009105443954468,0.8681467771530151,0.6223458051681519,0.8572450876235962,0.5286428928375244,0.9744389653205872,0.5848210453987122,0.9425004720687866,0.61067795753479,0.925652801990509,0.6265043616294861,0.9145997166633606,0.5344269871711731,1.0196257829666138,0.5798341035842896,0.995807409286499,0.5998631715774536,0.974228024482727,0.6100621223449707,0.9580765962600708,0.5375464558601379,1.0531692504882812,0.5711244344711304,1.0332573652267456,0.5866754651069641,1.0161371231079102,0.5961439609527588,1.001870036125183,scissors,05036,C:/Users/Javier/PIDS_HandPose/work/HAR_mediapipe/data/gestos_pids/train//scissors/scissors_05036.jpg
0.4630011320114136,1.0344152450561523,0.4685456156730652,0.9649725556373596,0.4961257576942444,0.9155864715576172,0.5274034738540649,0.8804483413696289,0.5425716042518616,0.8357647657394409,0.5129235982894897,0.9557709097862244,0.5654126405715942,0.9247784614562988,0.5950646996498108,0.9082728624343872,0.6184657216072083,0.8967747688293457,0.5239797234535217,1.0031719207763672,0.5788407325744629,0.9835254549980164,0.6044237017631531,0.9672540426254272,0.6214495897293091,0.9544063210487366,0.5299272537231445,1.036042332649231,0.5768589377403259,1.0138702392578125,0.5979670286178589,0.9926952719688416,0.6097418069839478,0.9754557013511658,0.5339464545249939,1.0537675619125366,0.5706408023834229,1.0342390537261963,0.5866471529006958,1.0163761377334595,0.5959117412567139,1.0015918016433716,scissors,05037,C:/Users/Javier/PIDS_HandPose/work/HAR_mediapipe/data/gestos_pids/train//scissors/scissors_05037.jpg
0.4028433561325073,0.8932468891143799,0.40243735909461975,0.8117282390594482,0.4252198338508606,0.726748526096344,0.44729238748550415,0.6654946804046631,0.44888192415237427,0.6166995763778687,0.44218093156814575,0.718308687210083,0.49233531951904297,0.6757588982582092,0.5220777988433838,0.6574252843856812,0.545007586479187,0.6450576186180115,0.45558664202690125,0.7605698704719543,0.5127052664756775,0.7270901799201965,0.5464465618133545,0.7180202603340149,0.5716640949249268,0.7112693786621094,0.4685160219669342,0.8105124831199646,0.5027325749397278,0.7953277230262756,0.4916703701019287,0.8091484308242798,0.4757424294948578,0.8216561079025269,0.4793889820575714,0.8587784767150879,0.5070540308952332,0.8345217108726501,0.49614647030830383,0.845012366771698,0.4825049638748169,0.8581900000572205,scissors,05038,C:/Users/Javier/PIDS_HandPose/work/HAR_mediapipe/data/gestos_pids/train//scissors/scissors_05038.jpg
0.3953711688518524,0.9210814237594604,0.3912138342857361,0.840842604637146,0.41024768352508545,0.7555884718894958,0.4311370253562927,0.6933091282844543,0.4348170757293701,0.644702136516571,0.42703551054000854,0.7403058409690857,0.47471633553504944,0.6904751062393188,0.501943826675415,0.6706905364990234,0.5219382643699646,0.6576050519943237,0.4422644376754761,0.7813885807991028,0.49548929929733276,0.7350767850875854,0.5248482823371887,0.7199862599372864,0.5465078949928284,0.7100502848625183,0.4574443995952606,0.829123854637146,0.49065887928009033,0.8021751642227173,0.4798602759838104,0.8168128132820129,0.4657934010028839,0.8320838809013367,0.4714982807636261,0.8753074407577515,0.4973272979259491,0.8390827775001526,0.4870360493659973,0.8516947031021118,0.4748225510120392,0.868534505367279,scissors,05039,C:/Users/Javier/PIDS_HandPose/work/HAR_mediapipe/data/gestos_pids/train//scissors/scissors_05039.jpg
0.4075518846511841,0.8894928097724915,0.405292272567749,0.8121920824050903,0.42675545811653137,0.7334496974945068,0.4497108459472656,0.6764188408851624,0.4551808536052704,0.6301828622817993,0.44429394602775574,0.7201452851295471,0.49161598086357117,0.6792540550231934,0.5184345245361328,0.6638702154159546,0.5384101271629333,0.6540159583091736,0.45752450823783875,0.7597768306732178,0.5100675225257874,0.7247490286827087,0.5395531058311462,0.7153335809707642,0.5608373284339905,0.7099835872650146,0.47046759724617004,0.8067425489425659,0.5038063526153564,0.7898789644241333,0.4929208755493164,0.8035203814506531,0.4782329499721527,0.8161830306053162,0.4821658134460449,0.8525142073631287,0.5073798894882202,0.8285913467407227,0.4967649579048157,0.8406647443771362,0.48440641164779663,0.8542771339416504,scissors,05040,C:/Users/Javier/PIDS_HandPose/work/HAR_mediapipe/data/gestos_pids/train//scissors/scissors_05040.jpg
0.3852052688598633,0.8873516917228699,0.3844824731349945,0.8097298741340637,0.405955046415329,0.7283757925033569,0.428001344203949,0.6693203449249268,0.4336923658847809,0.6221082806587219,0.41660115122795105,0.706092357635498,0.4659523069858551,0.6640523672103882,0.4945073127746582,0.6477980613708496,0.5152162909507751,0.6366155743598938,0.4294692277908325,0.7455308437347412,0.4854278564453125,0.7073414325714111,0.5166438817977905,0.6979362964630127,0.5388728380203247,0.6921912431716919,0.44322967529296875,0.7932374477386475,0.4846161901950836,0.7747746706008911,0.47249624133110046,0.7892719507217407,0.4564516842365265,0.8024734854698181,0.45631447434425354,0.8411571979522705,0.48658955097198486,0.8160221576690674,0.4751702845096588,0.8285560011863708,0.46195027232170105,0.8419013619422913,scissors,05041,C:/Users/Javier/PIDS_HandPose/work/HAR_mediapipe/data/gestos_pids/train//scissors/scissors_05041.jpg
0.388358473777771,0.9093819260597229,0.3877277970314026,0.8295456171035767,0.4109697937965393,0.7483123540878296,0.4342400133609772,0.688099205493927,0.441081166267395,0.6389273405075073,0.42476144433021545,0.7277646660804749,0.474453330039978,0.6880479454994202,0.5019637942314148,0.6747867465019226,0.522180438041687,0.6655290722846985,0.4380963444709778,0.7670304775238037,0.4928835928440094,0.7295128107070923,0.5227155685424805,0.7230997085571289,0.5443060994148254,0.7193328142166138,0.45118165016174316,0.8146481513977051,0.49068665504455566,0.7950961589813232,0.4781046211719513,0.8115498423576355,0.46240755915641785,0.8256996273994446,0.46333247423171997,0.8620097041130066,0.49203258752822876,0.8360698223114014,0.47967270016670227,0.8501390218734741,0.466126412153244,0.8642559051513672,scissors,05042,C:/Users/Javier/PIDS_HandPose/work/HAR_mediapipe/data/gestos_pids/train//scissors/scissors_05042.jpg
0.3909659683704376,0.9115878939628601,0.39197757840156555,0.8322232365608215,0.4159855842590332,0.7528753876686096,0.43998944759368896,0.6937952041625977,0.44727781414985657,0.646124541759491,0.4294915199279785,0.7335489392280579,0.47941961884498596,0.6954017281532288,0.5071119666099548,0.6824852228164673,0.5277559757232666,0.6738757491111755,0.44254472851753235,0.7726274132728577,0.49692294001579285,0.7356855273246765,0.5272608995437622,0.7291642427444458,0.5494733452796936,0.7256229519844055,0.4554890990257263,0.8207719922065735,0.4934539198875427,0.8041280508041382,0.4812295436859131,0.81843101978302,0.4654797315597534,0.8301429748535156,0.46730926632881165,0.8685750365257263,0.4962978661060333,0.8444440960884094,0.48440149426460266,0.8561649918556213,0.4707062244415283,0.8685930967330933,scissors,05043,C:/Users/Javier/PIDS_HandPose/work/HAR_mediapipe/data/gestos_pids/train//scissors/scissors_05043.jpg
0.38807472586631775,0.8603357672691345,0.38636314868927,0.784235954284668,0.4080410897731781,0.710334300994873,0.43147262930870056,0.6552675366401672,0.4377540349960327,0.6096896529197693,0.42054879665374756,0.68374103307724,0.468022882938385,0.6423558592796326,0.4942975640296936,0.6302387714385986,0.5134206414222717,0.6216292381286621,0.4326764941215515,0.7172454595565796,0.4875389039516449,0.6824339032173157,0.5154469013214111,0.6775305867195129,0.5353608131408691,0.6742190718650818,0.4453199505805969,0.7614127397537231,0.4855315089225769,0.7511218786239624,0.4739267826080322,0.7711513042449951,0.4598088562488556,0.7849766612052917,0.4566826820373535,0.8077576160430908,0.486916184425354,0.7909107208251953,0.47515538334846497,0.8069218993186951,0.4623318016529083,0.8201853632926941,scissors,05044,C:/Users/Javier/PIDS_HandPose/work/HAR_mediapipe/data/gestos_pids/train//scissors/scissors_05044.jpg
0.3977305293083191,0.8808482885360718,0.39692091941833496,0.8048306703567505,0.41985994577407837,0.7283949255943298,0.44250357151031494,0.6714779138565063,0.44829827547073364,0.6255166530609131,0.4340241551399231,0.7052929401397705,0.48162204027175903,0.6678853631019592,0.5085663795471191,0.6539596319198608,0.5284178853034973,0.644402801990509,0.44697654247283936,0.7412952780723572,0.49839091300964355,0.7086085081100464,0.5264586210250854,0.7024304270744324,0.5468416213989258,0.6979541182518005,0.45990854501724243,0.7873300909996033,0.4961109161376953,0.7782543897628784,0.48481693863868713,0.795589804649353,0.4702666997909546,0.8081416487693787,0.4711425006389618,0.8335821628570557,0.4981567859649658,0.8174110054969788,0.4864475727081299,0.8317818641662598,0.47341182827949524,0.8447816371917725,scissors,05045,C:/Users/Javier/PIDS_HandPose/work/HAR_mediapipe/data/gestos_pids/train//scissors/scissors_05045.jpg
0.3794611692428589,0.8733375072479248,0.37421005964279175,0.7955973148345947,0.39223426580429077,0.7151139378547668,0.41378945112228394,0.6575608253479004,0.4208173453807831,0.6110618114471436,0.40658050775527954,0.6945044994354248,0.45306023955345154,0.6430345177650452,0.4805532693862915,0.6224366426467896,0.5010625720024109,0.6079858541488647,0.4213443398475647,0.7315735816955566,0.47459810972213745,0.6910226941108704,0.50404292345047,0.6799321174621582,0.5253422260284424,0.6714347004890442,0.4364714026451111,0.7763369679450989,0.4717954397201538,0.757392406463623,0.4610372483730316,0.7744725942611694,0.4471842348575592,0.7894659638404846,0.44997912645339966,0.8206637501716614,0.47575053572654724,0.7969449162483215,0.4650208652019501,0.8112955689430237,0.45318710803985596,0.8262689709663391,scissors,05046,C:/Users/Javier/PIDS_HandPose/work/HAR_mediapipe/data/gestos_pids/train//scissors/scissors_05046.jpg
0.38532865047454834,0.9304025173187256,0.3782963752746582,0.8444681763648987,0.39673128724098206,0.7591930627822876,0.4211450517177582,0.6979065537452698,0.4296104311943054,0.649809718132019,0.4220348298549652,0.7514961957931519,0.4672521948814392,0.6989461183547974,0.4924781024456024,0.6770821213722229,0.51097172498703,0.6618061065673828,0.44098567962646484,0.7918009161949158,0.48693010210990906,0.7445876002311707,0.5106427669525146,0.7285018563270569,0.526872992515564,0.7208325266838074,0.45742982625961304,0.8374927639961243,0.47969022393226624,0.8065440058708191,0.4682544767856598,0.8169388175010681,0.45486611127853394,0.8327080607414246,0.47203338146209717,0.8810577392578125,0.48623591661453247,0.8442031741142273,0.4755883514881134,0.8528317213058472,0.46478381752967834,0.8692889213562012,scissors,05047,C:/Users/Javier/PIDS_HandPose/work/HAR_mediapipe/data/gestos_pids/train//scissors/scissors_05047.jpg
0.3879086375236511,0.9584597945213318,0.38591668009757996,0.8690639138221741,0.40882229804992676,0.7832987904548645,0.4358218312263489,0.7223273515701294,0.44592785835266113,0.6746634244918823,0.4315843880176544,0.7750636339187622,0.47970184683799744,0.7282730340957642,0.5039668679237366,0.7112588286399841,0.5218424797058105,0.6992073059082031,0.4497000277042389,0.8188291192054749,0.4983380138874054,0.7739196419715881,0.5199216604232788,0.76063072681427,0.5337837934494019,0.7544515132904053,0.4652486741542816,0.8671395778656006,0.49067291617393494,0.8350239992141724,0.4787502884864807,0.8437578678131104,0.46441105008125305,0.8578898906707764,0.47902047634124756,0.9127399921417236,0.49550312757492065,0.8734208345413208,0.48459872603416443,0.8791242837905884,0.47293639183044434,0.8935450315475464,scissors,05048,C:/Users/Javier/PIDS_HandPose/work/HAR_mediapipe/data/gestos_pids/train//scissors/scissors_05048.jpg
0.3849007189273834,0.9330720901489258,0.3791446387767792,0.8475485444068909,0.400371789932251,0.7658101320266724,0.4260281026363373,0.7074994444847107,0.4345637857913971,0.6588831543922424,0.42170000076293945,0.7582281231880188,0.47002899646759033,0.706218957901001,0.49633392691612244,0.6859654188156128,0.5161696672439575,0.6730400323867798,0.44013309478759766,0.8016743659973145,0.4892692565917969,0.7549590468406677,0.5143105983734131,0.7376300692558289,0.5320690274238586,0.7293822765350342,0.45627298951148987,0.8487144112586975,0.4820902347564697,0.8133082389831543,0.46906691789627075,0.8219161033630371,0.45456087589263916,0.837442934513092,0.47008323669433594,0.8916943669319153,0.48734357953071594,0.8536494374275208,0.4753134250640869,0.8621389865875244,0.46348002552986145,0.878410816192627,scissors,05049,C:/Users/Javier/PIDS_HandPose/work/HAR_mediapipe/data/gestos_pids/train//scissors/scissors_05049.jpg
0.7453125715255737,0.8466596007347107,0.7658775448799133,0.8603655695915222,0.7810343503952026,0.8940551280975342,0.7903372645378113,0.9299449324607849,0.7984635233879089,0.956744372844696,0.7604475021362305,0.9255183935165405,0.7719185948371887,0.9750661253929138,0.7850760221481323,0.9905891418457031,0.7947314381599426,0.9949151873588562,0.7482486367225647,0.9337611794471741,0.7608428001403809,0.9866867065429688,0.7750717401504517,0.9949498176574707,0.7840942740440369,0.9913356304168701,0.7414082884788513,0.9357179999351501,0.7512499690055847,0.9857090711593628,0.7642804980278015,0.992430567741394,0.7728655934333801,0.9890343546867371,0.7379281520843506,0.9343151450157166,0.7445410490036011,0.9767492413520813,0.7547265887260437,0.9865102767944336,0.7625106573104858,0.9859443306922913,scissors,05050,C:/Users/Javier/PIDS_HandPose/work/HAR_mediapipe/data/gestos_pids/train//scissors/scissors_05050.jpg
0.37819087505340576,0.98017418384552,0.3816184401512146,0.8815508484840393,0.40627962350845337,0.7989014983177185,0.4341861307621002,0.7399613261222839,0.44567012786865234,0.6918960809707642,0.4272225499153137,0.7917070984840393,0.47817328572273254,0.7468136548995972,0.5036118626594543,0.7306716442108154,0.5234544277191162,0.7188093662261963,0.4428558349609375,0.8343095779418945,0.4939988851547241,0.793070912361145,0.5184409618377686,0.7780312895774841,0.5356379151344299,0.7705313563346863,0.45685264468193054,0.8829914331436157,0.4871787428855896,0.8535842895507812,0.4743155837059021,0.8614283204078674,0.4585530459880829,0.8747546076774597,0.4696309566497803,0.9301576614379883,0.49197128415107727,0.8965684175491333,0.4796105623245239,0.9009273052215576,0.46520426869392395,0.91379314661026,scissors,05051,C:/Users/Javier/PIDS_HandPose/work/HAR_mediapipe/data/gestos_pids/train//scissors/scissors_05051.jpg
0.3077719211578369,0.8737446665763855,0.3067532181739807,0.8022624850273132,0.3266828954219818,0.7172596454620361,0.34649738669395447,0.6545472145080566,0.3482820689678192,0.6032651662826538,0.3327640891075134,0.6918731331825256,0.3823256194591522,0.6425795555114746,0.4123283624649048,0.6171249747276306,0.4354877471923828,0.5975950956344604,0.3421420753002167,0.7298835515975952,0.4023342728614807,0.6863006353378296,0.4387340545654297,0.6702503561973572,0.46524202823638916,0.6579346656799316,0.35460853576660156,0.7757540941238403,0.4028335213661194,0.7529563307762146,0.3912418484687805,0.7699236869812012,0.37432950735092163,0.784905195236206,0.367930144071579,0.822220504283905,0.4064953923225403,0.7942558526992798,0.3950187563896179,0.8083867430686951,0.3799556493759155,0.8224407434463501,scissors,05052,C:/Users/Javier/PIDS_HandPose/work/HAR_mediapipe/data/gestos_pids/train//scissors/scissors_05052.jpg
0.29668954014778137,0.8954243659973145,0.2948731780052185,0.8221848607063293,0.3158780336380005,0.7413656115531921,0.33899372816085815,0.6832852959632874,0.341092050075531,0.6340126991271973,0.32253727316856384,0.7211694121360779,0.3724804222583771,0.6758445501327515,0.4025164246559143,0.6522650718688965,0.42533427476882935,0.6341608166694641,0.33402177691459656,0.759063184261322,0.39388158917427063,0.7092916965484619,0.4294203817844391,0.6855623126029968,0.45631927251815796,0.6674512028694153,0.34761378169059753,0.8060929775238037,0.39744386076927185,0.7816671133041382,0.3837474584579468,0.795169472694397,0.36564135551452637,0.8079192042350769,0.3606335520744324,0.8540446758270264,0.39879700541496277,0.8265851140022278,0.3862067461013794,0.8372635245323181,0.3707403838634491,0.8486965298652649,scissors,05053,C:/Users/Javier/PIDS_HandPose/work/HAR_mediapipe/data/gestos_pids/train//scissors/scissors_05053.jpg
0.29064077138900757,0.9418866038322449,0.2951626479625702,0.8646475672721863,0.3213566839694977,0.782065749168396,0.3462040424346924,0.7224715948104858,0.35162362456321716,0.6690248847007751,0.32509422302246094,0.7601235508918762,0.3685954809188843,0.7065297365188599,0.3959655165672302,0.678386926651001,0.4169025421142578,0.6541606783866882,0.3332090973854065,0.7958749532699585,0.39522120356559753,0.7501448392868042,0.431240975856781,0.7331202030181885,0.4586655795574188,0.7180377840995789,0.34430551528930664,0.8414390683174133,0.3943592607975006,0.8258090019226074,0.38120728731155396,0.8421933054924011,0.3646182417869568,0.8542125225067139,0.35640597343444824,0.8905819058418274,0.3959196209907532,0.8685925006866455,0.3832528293132782,0.8821173906326294,0.36887359619140625,0.893092930316925,scissors,05054,C:/Users/Javier/PIDS_HandPose/work/HAR_mediapipe/data/gestos_pids/train//scissors/scissors_05054.jpg
0.7909270524978638,0.3413424491882324,0.7895175814628601,0.2790079712867737,0.8063011765480042,0.2421000748872757,0.8280932307243347,0.23409554362297058,0.8418838381767273,0.23960915207862854,0.8189875483512878,0.21483123302459717,0.8317252993583679,0.15887606143951416,0.8385158777236938,0.1204996407032013,0.8435089588165283,0.09245626628398895,0.834206223487854,0.2377481311559677,0.8653615713119507,0.19182667136192322,0.8854056000709534,0.16050191223621368,0.90153968334198,0.13869710266590118,0.8452827334403992,0.26641741394996643,0.8621454238891602,0.23669007420539856,0.8515088558197021,0.2399338036775589,0.8414255380630493,0.24737191200256348,0.851754903793335,0.2969534993171692,0.858893871307373,0.2713766396045685,0.8511120676994324,0.27526819705963135,0.8451237082481384,0.2857462763786316,scissors,05055,C:/Users/Javier/PIDS_HandPose/work/HAR_mediapipe/data/gestos_pids/train//scissors/scissors_05055.jpg
0.2855205833911896,0.9064759612083435,0.28475290536880493,0.8314343094825745,0.3041350543498993,0.7472564578056335,0.3255764842033386,0.6868169903755188,0.3274165391921997,0.6356179714202881,0.3068360686302185,0.7156713008880615,0.346475750207901,0.6533607840538025,0.37118640542030334,0.618602991104126,0.38913390040397644,0.5887693166732788,0.3171975016593933,0.7467084527015686,0.37869906425476074,0.6985011696815491,0.4143295884132385,0.6793292164802551,0.440218448638916,0.6609812378883362,0.329893559217453,0.7871462106704712,0.38058117032051086,0.7768880724906921,0.3697546422481537,0.7996436357498169,0.35407671332359314,0.8134467005729675,0.34350132942199707,0.8328743577003479,0.38358446955680847,0.8191466927528381,0.3729135990142822,0.8389258980751038,0.35881945490837097,0.8509976267814636,scissors,05056,C:/Users/Javier/PIDS_HandPose/work/HAR_mediapipe/data/gestos_pids/train//scissors/scissors_05056.jpg
0.35210445523262024,0.834062933921814,0.34779030084609985,0.7518925070762634,0.3696374297142029,0.6542722582817078,0.38968247175216675,0.5820183157920837,0.38741713762283325,0.5267970561981201,0.3812956213951111,0.6429784893989563,0.43100929260253906,0.5733457803726196,0.4594944417476654,0.536054253578186,0.481927752494812,0.5074567794799805,0.39778760075569153,0.6859956979751587,0.46282899379730225,0.6301618814468384,0.49996045231819153,0.6036742329597473,0.5302208662033081,0.5805514454841614,0.4132992625236511,0.7384185791015625,0.4649783670902252,0.7052714824676514,0.44986599683761597,0.7229047417640686,0.429446816444397,0.7398658990859985,0.4272868037223816,0.7924101948738098,0.46496155858039856,0.7557454705238342,0.45166030526161194,0.769577145576477,0.43494442105293274,0.7853536605834961,scissors,05057,C:/Users/Javier/PIDS_HandPose/work/HAR_mediapipe/data/gestos_pids/train//scissors/scissors_05057.jpg
0.3704114556312561,0.8141545057296753,0.3755781054496765,0.7295964360237122,0.4092656970024109,0.639554500579834,0.4428648352622986,0.5771529674530029,0.45793813467025757,0.5227479934692383,0.4167819619178772,0.6260308027267456,0.47095367312431335,0.5638325214385986,0.5013077259063721,0.526610255241394,0.5243985652923584,0.4954005181789398,0.42651796340942383,0.6714838743209839,0.4973997175693512,0.6162793636322021,0.5379824042320251,0.5890982151031494,0.570841372013092,0.5656707882881165,0.4377231299877167,0.7296487092971802,0.4962671101093292,0.7085261344909668,0.4810012876987457,0.7237213850021362,0.4603027105331421,0.7364936470985413,0.4491044878959656,0.7880082726478577,0.4945085346698761,0.7564132809638977,0.4803338944911957,0.7694929242134094,0.46307432651519775,0.7840661406517029,scissors,05058,C:/Users/Javier/PIDS_HandPose/work/HAR_mediapipe/data/gestos_pids/train//scissors/scissors_05058.jpg
0.31999629735946655,0.8080155253410339,0.3250395953655243,0.7211225628852844,0.3611524701118469,0.6413580775260925,0.4040745496749878,0.6046245098114014,0.43370765447616577,0.5908344984054565,0.3603115975856781,0.6069403886795044,0.4127101004123688,0.5396129488945007,0.44184035062789917,0.49682897329330444,0.4645843505859375,0.46376609802246094,0.3699069321155548,0.6552503108978271,0.4462808668613434,0.5896921157836914,0.4934820532798767,0.5587387084960938,0.5329099297523499,0.5384951233863831,0.38386231660842896,0.7174940705299377,0.4507407248020172,0.6925700902938843,0.43346598744392395,0.7074014544487,0.4102875292301178,0.7237446904182434,0.39907318353652954,0.7779829502105713,0.44773826003074646,0.7437572479248047,0.4322584867477417,0.7581782937049866,0.41459259390830994,0.7770097851753235,scissors,05059,C:/Users/Javier/PIDS_HandPose/work/HAR_mediapipe/data/gestos_pids/train//scissors/scissors_05059.jpg
0.3279954791069031,0.8411396741867065,0.3437440097332001,0.7523542046546936,0.38199684023857117,0.6651803255081177,0.4235716164112091,0.6045976877212524,0.44573378562927246,0.543513834476471,0.359578937292099,0.6401993036270142,0.3909215033054352,0.56610506772995,0.41343918442726135,0.5186541676521301,0.43249332904815674,0.4741095304489136,0.3655199110507965,0.6787092685699463,0.43897587060928345,0.6165497303009033,0.48188158869743347,0.5825544595718384,0.5165411829948425,0.550458550453186,0.37768641114234924,0.7340903282165527,0.454637736082077,0.7118224501609802,0.43883565068244934,0.7334203124046326,0.41404303908348083,0.7480068802833557,0.3943736255168915,0.794021725654602,0.45279669761657715,0.7676063179969788,0.4383845627307892,0.778279185295105,0.41684114933013916,0.7884758710861206,scissors,05060,C:/Users/Javier/PIDS_HandPose/work/HAR_mediapipe/data/gestos_pids/train//scissors/scissors_05060.jpg
0.7557647824287415,0.8949543833732605,0.7786091566085815,0.9067692756652832,0.7943190932273865,0.9439886212348938,0.8052104711532593,0.978587806224823,0.8157054781913757,1.0024782419204712,0.7726816534996033,0.9800593256950378,0.7804720997810364,1.0223090648651123,0.7889033555984497,1.040803074836731,0.7944634556770325,1.0497006177902222,0.7603063583374023,0.9839655756950378,0.7686933875083923,1.0236706733703613,0.7769345045089722,1.039535403251648,0.7826887965202332,1.04616379737854,0.7515627145767212,0.9826957583427429,0.7582694888114929,1.0213472843170166,0.7666783928871155,1.0346063375473022,0.7725152373313904,1.0417168140411377,0.7452173233032227,0.9802631139755249,0.7512212991714478,1.0147967338562012,0.7570050358772278,1.027207851409912,0.7610722780227661,1.033171534538269,scissors,05061,C:/Users/Javier/PIDS_HandPose/work/HAR_mediapipe/data/gestos_pids/train//scissors/scissors_05061.jpg
0.3195267915725708,0.8783282041549683,0.32933637499809265,0.7893016338348389,0.36890628933906555,0.7230147123336792,0.4135461449623108,0.7165727019309998,0.44490528106689453,0.7277147173881531,0.36699381470680237,0.672527015209198,0.4361347556114197,0.629438042640686,0.4774200916290283,0.6122825145721436,0.510153591632843,0.6004581451416016,0.3720623254776001,0.7255741953849792,0.45374855399131775,0.6854948997497559,0.5028935670852661,0.6734723448753357,0.5413732528686523,0.6638821959495544,0.3821033835411072,0.7918257117271423,0.4546060562133789,0.7758304476737976,0.4350302219390869,0.7909067273139954,0.4084944725036621,0.8019682168960571,0.393970787525177,0.8576949834823608,0.45059773325920105,0.8328213095664978,0.4334747791290283,0.8416613340377808,0.41132694482803345,0.8527579307556152,scissors,05062,C:/Users/Javier/PIDS_HandPose/work/HAR_mediapipe/data/gestos_pids/train//scissors/scissors_05062.jpg
0.8011491894721985,0.32531046867370605,0.7977133989334106,0.2744165062904358,0.807422399520874,0.2366664856672287,0.8220360279083252,0.22283746302127838,0.8326348066329956,0.22275349497795105,0.8199659585952759,0.20383290946483612,0.8332713842391968,0.14853820204734802,0.8413302302360535,0.11513125896453857,0.8479617834091187,0.09065896272659302,0.8339003324508667,0.21602441370487213,0.8555931448936462,0.16289383172988892,0.8694983124732971,0.13261312246322632,0.8801683783531189,0.11239011585712433,0.8458012342453003,0.23852752149105072,0.8643243312835693,0.209707111120224,0.8579661846160889,0.2242860496044159,0.8502498269081116,0.2401900440454483,0.855696976184845,0.2660873532295227,0.8691890835762024,0.24463437497615814,0.8635282516479492,0.2542441785335541,0.85725998878479,0.26654770970344543,scissors,05063,C:/Users/Javier/PIDS_HandPose/work/HAR_mediapipe/data/gestos_pids/train//scissors/scissors_05063.jpg
0.5095021724700928,0.7836382389068604,0.48652970790863037,0.7479902505874634,0.4765189290046692,0.6974185705184937,0.4720384478569031,0.6607391834259033,0.4694083631038666,0.633111298084259,0.4990164637565613,0.6561635732650757,0.49615687131881714,0.6200821399688721,0.48685190081596375,0.6064991354942322,0.4783487021923065,0.600629985332489,0.509375274181366,0.6561065316200256,0.5081018805503845,0.6157293319702148,0.4955114722251892,0.6052156090736389,0.4829004406929016,0.6047820448875427,0.5177615880966187,0.6643829345703125,0.5148375630378723,0.6289063692092896,0.5009980201721191,0.6193345189094543,0.48800209164619446,0.617844820022583,0.5234114527702332,0.6796942949295044,0.5171904563903809,0.6538138389587402,0.5057532787322998,0.6444298028945923,0.49467599391937256,0.6409188508987427,scissors,05065,C:/Users/Javier/PIDS_HandPose/work/HAR_mediapipe/data/gestos_pids/train//scissors/scissors_05065.jpg
0.25919681787490845,0.9194980263710022,0.26740550994873047,0.8338782787322998,0.3002774715423584,0.7622914910316467,0.33528754115104675,0.7121861577033997,0.34996023774147034,0.6653528213500977,0.3112914562225342,0.7551848292350769,0.3628922402858734,0.7020001411437988,0.3949277698993683,0.6752784252166748,0.4190465211868286,0.6547574400901794,0.32368120551109314,0.7982479929924011,0.3856137990951538,0.748240053653717,0.42231011390686035,0.7265241146087646,0.4516882002353668,0.7113749980926514,0.33535560965538025,0.8509957790374756,0.3776267468929291,0.8208913803100586,0.36379286646842957,0.8270469903945923,0.34682074189186096,0.8373854160308838,0.34478995203971863,0.9030327200889587,0.37623894214630127,0.868914783000946,0.36436888575553894,0.874721109867096,0.3504551649093628,0.8874456882476807,scissors,05066,C:/Users/Javier/PIDS_HandPose/work/HAR_mediapipe/data/gestos_pids/train//scissors/scissors_05066.jpg
0.15328851342201233,0.8526929616928101,0.1573626846075058,0.7757394909858704,0.1775013506412506,0.6835631132125854,0.18956516683101654,0.6162563562393188,0.1850804090499878,0.5609885454177856,0.1825876235961914,0.6796801686286926,0.23708471655845642,0.6204001307487488,0.26764023303985596,0.586449146270752,0.29077380895614624,0.5608518123626709,0.19036129117012024,0.7249279618263245,0.25930920243263245,0.6627209186553955,0.29808950424194336,0.6303841471672058,0.3283352851867676,0.6051682233810425,0.2015628218650818,0.781898558139801,0.26727449893951416,0.7470754384994507,0.2516416311264038,0.7573146820068359,0.22829191386699677,0.7705631852149963,0.21511761844158173,0.8393931984901428,0.2650650441646576,0.7976031303405762,0.2522640824317932,0.804181694984436,0.232260063290596,0.8187984824180603,scissors,05067,C:/Users/Javier/PIDS_HandPose/work/HAR_mediapipe/data/gestos_pids/train//scissors/scissors_05067.jpg
0.6704349517822266,0.34714841842651367,0.6617348194122314,0.298873633146286,0.6725963354110718,0.2508159577846527,0.6913065910339355,0.21786372363567352,0.7060266733169556,0.19816835224628448,0.6634401082992554,0.23529855906963348,0.6718847155570984,0.17643077671527863,0.674708366394043,0.14290551841259003,0.6763127446174622,0.11478301882743835,0.6758745312690735,0.2397676408290863,0.6830989122390747,0.17228008806705475,0.6864145398139954,0.13510838150978088,0.6883869767189026,0.10660313069820404,0.6906601786613464,0.25148794054985046,0.7082223892211914,0.20246219635009766,0.706123411655426,0.2204655408859253,0.7017763257026672,0.23662468791007996,0.705640435218811,0.26622799038887024,0.7170557379722595,0.23492605984210968,0.7128189206123352,0.24894697964191437,0.7088086605072021,0.26284152269363403,scissors,05068,C:/Users/Javier/PIDS_HandPose/work/HAR_mediapipe/data/gestos_pids/train//scissors/scissors_05068.jpg
0.2565045654773712,0.9084764719009399,0.2528175115585327,0.8295615315437317,0.27979227900505066,0.7615339756011963,0.318966805934906,0.7527416348457336,0.3456205427646637,0.7762765884399414,0.2908220887184143,0.7336660623550415,0.3503415882587433,0.6805427670478821,0.383905291557312,0.6517031192779541,0.40993887186050415,0.6327047944068909,0.3052424490451813,0.7821447253227234,0.3718526363372803,0.7239673137664795,0.41165339946746826,0.6959123611450195,0.44294947385787964,0.677328884601593,0.32022666931152344,0.8384228944778442,0.3678220212459564,0.8054496645927429,0.35262519121170044,0.8123794794082642,0.33179789781570435,0.8246874809265137,0.3314693868160248,0.8904508352279663,0.36947697401046753,0.8531336784362793,0.3561265170574188,0.859516978263855,0.33909863233566284,0.8757659792900085,scissors,05069,C:/Users/Javier/PIDS_HandPose/work/HAR_mediapipe/data/gestos_pids/train//scissors/scissors_05069.jpg
0.2427029013633728,0.94551682472229,0.23940257728099823,0.8601099848747253,0.26906532049179077,0.7874847054481506,0.3102608025074005,0.7571291327476501,0.33929476141929626,0.7494001984596252,0.2722182273864746,0.7685772776603699,0.3263722062110901,0.7079483270645142,0.36083513498306274,0.6761614084243774,0.3883311450481415,0.6538577079772949,0.2889234125614166,0.8177274465560913,0.3547143042087555,0.7514347434043884,0.3935711979866028,0.7187765836715698,0.42601990699768066,0.6915661692619324,0.30705347657203674,0.8713633418083191,0.3581884801387787,0.8179043531417847,0.34214046597480774,0.822905421257019,0.3215664029121399,0.8353512287139893,0.3219268023967743,0.9197718501091003,0.3586384356021881,0.8697730898857117,0.3444660007953644,0.8723461627960205,0.32935357093811035,0.8871057629585266,scissors,05070,C:/Users/Javier/PIDS_HandPose/work/HAR_mediapipe/data/gestos_pids/train//scissors/scissors_05070.jpg
