x0,y0,x1,y1,x2,y2,x3,y3,x4,y4,x5,y5,x6,y6,x7,y7,x8,y8,x9,y9,x10,y10,x11,y11,x12,y12,x13,y13,x14,y14,x15,y15,x16,y16,x17,y17,x18,y18,x19,y19,x20,y20,label,frame,path
0.3962222933769226,0.6275240182876587,0.4281913936138153,0.6253008246421814,0.4599725604057312,0.5762057304382324,0.47903621196746826,0.5378098487854004,0.4940655827522278,0.5181328654289246,0.4487081468105316,0.5207293033599854,0.46534377336502075,0.4624045789241791,0.47507914900779724,0.4219440221786499,0.48261213302612305,0.3892483115196228,0.4291450083255768,0.5116376876831055,0.4400182366371155,0.49440303444862366,0.4324275553226471,0.5429582595825195,0.42450785636901855,0.5787956118583679,0.40968552231788635,0.5091447830200195,0.41712692379951477,0.4945491552352905,0.4149271845817566,0.5397822260856628,0.4102749228477478,0.5714277625083923,0.3903365135192871,0.5084397792816162,0.3889039158821106,0.45137038826942444,0.38988056778907776,0.4190777838230133,0.39157184958457947,0.3858742415904999,rockandroll,01001,C:/Users/Javier/PIDS_HandPose/work/HAR_mediapipe/data/gestos_pids/train//rockandroll/rockandroll_01001.jpg
0.3720555007457733,0.6300727725028992,0.4044380784034729,0.6217759251594543,0.4351871907711029,0.5708205699920654,0.45390188694000244,0.5302602052688599,0.46971115469932556,0.5058587789535522,0.42342609167099,0.5147377848625183,0.43708983063697815,0.45413461327552795,0.44559186697006226,0.4119894802570343,0.45226535201072693,0.3783297538757324,0.4030839204788208,0.5069437623023987,0.41143491864204407,0.4879302680492401,0.4047003984451294,0.5371400713920593,0.39796578884124756,0.5743651390075684,0.3826028108596802,0.5057859420776367,0.38774585723876953,0.49102523922920227,0.3872797191143036,0.5369417071342468,0.3843987286090851,0.5688918232917786,0.3618593215942383,0.5063411593437195,0.3605075478553772,0.4488492012023926,0.36131685972213745,0.41601264476776123,0.36293259263038635,0.3809385895729065,rockandroll,01002,C:/Users/Javier/PIDS_HandPose/work/HAR_mediapipe/data/gestos_pids/train//rockandroll/rockandroll_01002.jpg
0.6584614515304565,0.8407725095748901,0.6384086608886719,0.815569281578064,0.6267122030258179,0.7739582061767578,0.6166436672210693,0.7416515350341797,0.6037658452987671,0.720741868019104,0.6505491733551025,0.7280167937278748,0.6418449878692627,0.6719767451286316,0.6375061869621277,0.6368480920791626,0.6368997693061829,0.6086716055870056,0.6643746495246887,0.7281455397605896,0.6497841477394104,0.700661838054657,0.6464818716049194,0.7428009510040283,0.6483314633369446,0.7736865282058716,0.6793466806411743,0.7313213348388672,0.6642693281173706,0.7079169750213623,0.6583812832832336,0.750910758972168,0.6582225561141968,0.7810448408126831,0.694334089756012,0.7370588779449463,0.6941928267478943,0.6908436417579651,0.687505304813385,0.6676315069198608,0.681199848651886,0.6440460085868835,rockandroll,01003,C:/Users/Javier/PIDS_HandPose/work/HAR_mediapipe/data/gestos_pids/train//rockandroll/rockandroll_01003.jpg
0.33436471223831177,0.6159211993217468,0.3138401508331299,0.5735368728637695,0.2993805408477783,0.5099466443061829,0.288128137588501,0.4614587426185608,0.2694800794124603,0.43522682785987854,0.3128657042980194,0.4741542339324951,0.3261215388774872,0.3992336094379425,0.3361222743988037,0.35265666246414185,0.34248027205467224,0.32030779123306274,0.33120864629745483,0.4795740842819214,0.35856810212135315,0.4551439881324768,0.3569621741771698,0.4844346046447754,0.34922415018081665,0.4973438084125519,0.3516382873058319,0.4933936893939972,0.37396523356437683,0.48038449883461,0.37033936381340027,0.5047231912612915,0.36038434505462646,0.5144083499908447,0.37369421124458313,0.5092973709106445,0.393045574426651,0.4529687464237213,0.40394020080566406,0.4260866045951843,0.41019827127456665,0.40013784170150757,rockandroll,01004,C:/Users/Javier/PIDS_HandPose/work/HAR_mediapipe/data/gestos_pids/train//rockandroll/rockandroll_01004.jpg
0.682527482509613,0.8691515326499939,0.6574026346206665,0.830197811126709,0.6435784697532654,0.7707388401031494,0.6323032379150391,0.7281392812728882,0.6196059584617615,0.6993404626846313,0.6667755842208862,0.7399189472198486,0.6590863466262817,0.6789559125900269,0.6550815105438232,0.6436248421669006,0.6535522937774658,0.6136468648910522,0.6834908723831177,0.7449391484260559,0.6721526384353638,0.7190240621566772,0.6693655848503113,0.7630792856216431,0.6697492599487305,0.7944425344467163,0.7008822560310364,0.7543373703956604,0.6890659928321838,0.7311831116676331,0.6836709380149841,0.7741421461105347,0.6808274984359741,0.8035386800765991,0.7173041105270386,0.7652692794799805,0.7184522151947021,0.714586079120636,0.7145768404006958,0.6889695525169373,0.7095547914505005,0.6638237237930298,rockandroll,01005,C:/Users/Javier/PIDS_HandPose/work/HAR_mediapipe/data/gestos_pids/train//rockandroll/rockandroll_01005.jpg
0.6965274214744568,0.8765212893486023,0.7213184237480164,0.849673867225647,0.7477204203605652,0.8012834787368774,0.7686226963996887,0.7605262398719788,0.7902392745018005,0.7472597360610962,0.739448070526123,0.7848355770111084,0.7417371869087219,0.7089547514915466,0.7427415251731873,0.6635432839393616,0.7439312934875488,0.6270684599876404,0.7218608260154724,0.7870652079582214,0.7083374261856079,0.7149309515953064,0.7015510201454163,0.7406123280525208,0.7047444581985474,0.7632824182510376,0.6999406814575195,0.7901577353477478,0.6886845827102661,0.7252092361450195,0.6848095059394836,0.7452545166015625,0.6869312524795532,0.7665159106254578,0.6777271628379822,0.7915289998054504,0.6765321493148804,0.7302742004394531,0.676079511642456,0.6994248628616333,0.6768714189529419,0.6702443957328796,rockandroll,01006,C:/Users/Javier/PIDS_HandPose/work/HAR_mediapipe/data/gestos_pids/train//rockandroll/rockandroll_01006.jpg
0.7023227214813232,0.8561053276062012,0.7118023633956909,0.8045294284820557,0.7111855149269104,0.7571322917938232,0.700924813747406,0.7232875227928162,0.684771716594696,0.7061872482299805,0.7110417485237122,0.7386109232902527,0.7038826942443848,0.6764878630638123,0.6998905539512634,0.6409471035003662,0.6962459087371826,0.6115249395370483,0.702940821647644,0.7611415386199951,0.6670128107070923,0.7022520899772644,0.6425628662109375,0.6753602027893066,0.6259753704071045,0.6589009165763855,0.689602255821228,0.7848194241523743,0.657209038734436,0.7242121696472168,0.6385959982872009,0.6933131217956543,0.6272366046905518,0.6748783588409424,0.6746888160705566,0.8073226809501648,0.6557329893112183,0.7575021386146545,0.6471807956695557,0.7311080098152161,0.6420812010765076,0.7119336724281311,rockandroll,01007,C:/Users/Javier/PIDS_HandPose/work/HAR_mediapipe/data/gestos_pids/train//rockandroll/rockandroll_01007.jpg
0.28764447569847107,0.5954099297523499,0.31533822417259216,0.5847630500793457,0.33670955896377563,0.5408852100372314,0.34296563267707825,0.4981745183467865,0.333717942237854,0.4738917350769043,0.3249780833721161,0.471468448638916,0.3283233642578125,0.4128497242927551,0.334382563829422,0.37849393486976624,0.33934691548347473,0.35174116492271423,0.3093162477016449,0.46321743726730347,0.31961873173713684,0.4382701516151428,0.31738728284835815,0.48460814356803894,0.3128329813480377,0.5174158811569214,0.29332035779953003,0.46177148818969727,0.3030644357204437,0.44185662269592285,0.305473268032074,0.4847565293312073,0.3031061887741089,0.5135704278945923,0.2753807008266449,0.4640534520149231,0.27640169858932495,0.40889623761177063,0.2808915972709656,0.38368701934814453,0.28467875719070435,0.3576022982597351,rockandroll,01008,C:/Users/Javier/PIDS_HandPose/work/HAR_mediapipe/data/gestos_pids/train//rockandroll/rockandroll_01008.jpg
0.271522581577301,0.715254545211792,0.22209776937961578,0.6699526906013489,0.18036437034606934,0.5996448993682861,0.14328347146511078,0.5491692423820496,0.10495428740978241,0.5415493845939636,0.20910342037677765,0.5265543460845947,0.20818883180618286,0.4084370732307434,0.21091753244400024,0.33799242973327637,0.21356609463691711,0.28838735818862915,0.242074653506279,0.5119515061378479,0.26117685437202454,0.4839894473552704,0.26295629143714905,0.5224393606185913,0.25712820887565613,0.5469428896903992,0.27603304386138916,0.5214362144470215,0.29013004899024963,0.5090374946594238,0.29054558277130127,0.5465832352638245,0.28326401114463806,0.5697413682937622,0.30849921703338623,0.5370640754699707,0.32294800877571106,0.45278894901275635,0.33372193574905396,0.41207951307296753,0.3386956453323364,0.37848424911499023,rockandroll,01009,C:/Users/Javier/PIDS_HandPose/work/HAR_mediapipe/data/gestos_pids/train//rockandroll/rockandroll_01009.jpg
0.37574049830436707,0.8240111470222473,0.30744433403015137,0.7864059805870056,0.24871093034744263,0.731296956539154,0.19485291838645935,0.6984555721282959,0.1536044478416443,0.7052159309387207,0.28257980942726135,0.6381450891494751,0.2532542943954468,0.49415677785873413,0.23948794603347778,0.4057086706161499,0.23040758073329926,0.3356654644012451,0.32628175616264343,0.6034711003303528,0.30282890796661377,0.5291143655776978,0.3073996305465698,0.5710861086845398,0.31191569566726685,0.6033533811569214,0.3655107915401459,0.5929176211357117,0.34211471676826477,0.5324407815933228,0.34347131848335266,0.5689866542816162,0.3455837368965149,0.6035088300704956,0.39793986082077026,0.5908193588256836,0.3989340662956238,0.46952348947525024,0.39870554208755493,0.40879306197166443,0.396406352519989,0.36384353041648865,rockandroll,01010,C:/Users/Javier/PIDS_HandPose/work/HAR_mediapipe/data/gestos_pids/train//rockandroll/rockandroll_01010.jpg
0.31481531262397766,0.7424808740615845,0.2518745958805084,0.7148630619049072,0.1972653567790985,0.6507387161254883,0.1515764743089676,0.6041173338890076,0.11320805549621582,0.605343222618103,0.2225804328918457,0.5640130043029785,0.20461590588092804,0.43537551164627075,0.19670403003692627,0.35633254051208496,0.1921510100364685,0.2969111204147339,0.25677791237831116,0.5358774065971375,0.25844860076904297,0.4988168478012085,0.2667408883571625,0.5319198966026306,0.26770851016044617,0.558796763420105,0.29514580965042114,0.5308054089546204,0.29420173168182373,0.5074811577796936,0.29849666357040405,0.5406660437583923,0.2972026765346527,0.5668433904647827,0.33303678035736084,0.5336984395980835,0.33771950006484985,0.4351201057434082,0.34386199712753296,0.38027143478393555,0.34713542461395264,0.33986586332321167,rockandroll,01011,C:/Users/Javier/PIDS_HandPose/work/HAR_mediapipe/data/gestos_pids/train//rockandroll/rockandroll_01011.jpg
0.49911054968833923,0.725174069404602,0.44750580191612244,0.6769409775733948,0.41175541281700134,0.6019675731658936,0.37856289744377136,0.5466727614402771,0.3497323989868164,0.5368889570236206,0.44564640522003174,0.5206504464149475,0.4330042004585266,0.4078513979911804,0.42760223150253296,0.3385881781578064,0.42518526315689087,0.28613966703414917,0.4758012294769287,0.507734477519989,0.46060851216316223,0.4643716812133789,0.45601892471313477,0.503513514995575,0.456207811832428,0.5296728610992432,0.5054595470428467,0.5152883529663086,0.48971259593963623,0.47204330563545227,0.4853081703186035,0.5065370202064514,0.48480910062789917,0.5348278284072876,0.5327973365783691,0.5311599373817444,0.5342254042625427,0.4308115541934967,0.5349171757698059,0.38285571336746216,0.5351130962371826,0.34735560417175293,rockandroll,01012,C:/Users/Javier/PIDS_HandPose/work/HAR_mediapipe/data/gestos_pids/train//rockandroll/rockandroll_01012.jpg
0.7445452213287354,0.7976301908493042,0.7064884901046753,0.7410793900489807,0.6914424896240234,0.653616726398468,0.6823754906654358,0.585124135017395,0.6660609245300293,0.5494245886802673,0.7483189702033997,0.5822073221206665,0.7321078181266785,0.4771122932434082,0.7225085496902466,0.4258056879043579,0.7185903191566467,0.38964295387268066,0.7752829790115356,0.5886488556861877,0.7356036305427551,0.5397346615791321,0.7148122787475586,0.5681189894676208,0.7063930034637451,0.5990233421325684,0.7873978018760681,0.5961621403694153,0.7630773782730103,0.5307499170303345,0.7571293115615845,0.514854371547699,0.754904568195343,0.5086188912391663,0.7913753390312195,0.6049380302429199,0.781059205532074,0.5220326781272888,0.7816964387893677,0.4727693200111389,0.777634859085083,0.43345391750335693,rockandroll,01014,C:/Users/Javier/PIDS_HandPose/work/HAR_mediapipe/data/gestos_pids/train//rockandroll/rockandroll_01014.jpg
0.7844690680503845,0.8006654977798462,0.7477548718452454,0.736280620098114,0.7327643632888794,0.6479859948158264,0.7236882448196411,0.5804617404937744,0.7031972408294678,0.5499349236488342,0.790492594242096,0.6021789908409119,0.7883691787719727,0.4865548014640808,0.7884031534194946,0.42562276124954224,0.790771484375,0.37942641973495483,0.8232015371322632,0.6088500022888184,0.8033995032310486,0.5536201000213623,0.7850823402404785,0.585123598575592,0.7798888683319092,0.6130832433700562,0.8436301350593567,0.6239672303199768,0.8346987366676331,0.5680554509162903,0.822150468826294,0.589505136013031,0.8151822686195374,0.6156357526779175,0.8539547324180603,0.6374959349632263,0.8626875877380371,0.5626676082611084,0.8650063872337341,0.52425217628479,0.864930272102356,0.4936123490333557,rockandroll,01015,C:/Users/Javier/PIDS_HandPose/work/HAR_mediapipe/data/gestos_pids/train//rockandroll/rockandroll_01015.jpg
0.7852509021759033,0.829058051109314,0.7488375306129456,0.7445781230926514,0.726679801940918,0.6515644192695618,0.7083591222763062,0.5769514441490173,0.6872838735580444,0.5375980734825134,0.7677890062332153,0.609441876411438,0.7841008901596069,0.4957222044467926,0.7962875366210938,0.4297196865081787,0.8066180944442749,0.38224130868911743,0.8022554516792297,0.6179497838020325,0.8126508593559265,0.5672263503074646,0.8046523332595825,0.6004331111907959,0.7968478798866272,0.6246998310089111,0.8338004946708679,0.6448981165885925,0.8387723565101624,0.6025643348693848,0.8316177129745483,0.6303926706314087,0.8239168524742126,0.6534843444824219,0.8614022135734558,0.6753334403038025,0.8925201296806335,0.5892845988273621,0.9089004397392273,0.5498815774917603,0.9193578362464905,0.518825352191925,rockandroll,01016,C:/Users/Javier/PIDS_HandPose/work/HAR_mediapipe/data/gestos_pids/train//rockandroll/rockandroll_01016.jpg
0.8204373717308044,0.8347676992416382,0.7839374542236328,0.7416157722473145,0.7664073705673218,0.6549751162528992,0.7500834465026855,0.5803754329681396,0.7295933365821838,0.5309240818023682,0.807972252368927,0.6090438365936279,0.8303590416908264,0.5093659162521362,0.8433265089988708,0.45189598202705383,0.8524917364120483,0.4109390079975128,0.8427829742431641,0.6228481531143188,0.8575419187545776,0.590121865272522,0.8489388823509216,0.6209988594055176,0.840957522392273,0.6396189332008362,0.8719691634178162,0.6528400778770447,0.8826297521591187,0.6307727098464966,0.8711691498756409,0.6626361012458801,0.8595232367515564,0.6789265275001526,0.8964940905570984,0.6866517066955566,0.9278048276901245,0.6106531023979187,0.9434038996696472,0.5760949850082397,0.952208399772644,0.544812798500061,rockandroll,01017,C:/Users/Javier/PIDS_HandPose/work/HAR_mediapipe/data/gestos_pids/train//rockandroll/rockandroll_01017.jpg
0.7497665286064148,0.7785886526107788,0.713196873664856,0.707153856754303,0.6920979022979736,0.6273475289344788,0.6808369755744934,0.5594980120658875,0.6610894203186035,0.5170736312866211,0.7356780171394348,0.5578677654266357,0.760371208190918,0.48733195662498474,0.7665627002716064,0.46099069714546204,0.7646474242210388,0.44342750310897827,0.7669716477394104,0.5705155730247498,0.7886725664138794,0.5520642399787903,0.7831957936286926,0.5862926244735718,0.7709872722625732,0.6094761490821838,0.7966881990432739,0.5997535586357117,0.8125740885734558,0.5803875923156738,0.8064203858375549,0.6154177188873291,0.7958417534828186,0.6357232928276062,0.8254879117012024,0.6346616148948669,0.8463106155395508,0.5615922212600708,0.8574528694152832,0.5313347578048706,0.8623636960983276,0.5068440437316895,rockandroll,01018,C:/Users/Javier/PIDS_HandPose/work/HAR_mediapipe/data/gestos_pids/train//rockandroll/rockandroll_01018.jpg
0.553948163986206,0.7184211015701294,0.517771303653717,0.6572849750518799,0.4912410080432892,0.5804548859596252,0.47234708070755005,0.5165978074073792,0.4502139091491699,0.4860133230686188,0.5161898732185364,0.5322409868240356,0.5251142978668213,0.4261472225189209,0.532335638999939,0.36205536127090454,0.5378077626228333,0.3142315745353699,0.5452454686164856,0.5301486849784851,0.5618060231208801,0.4774814248085022,0.5628462433815002,0.5095604062080383,0.5576785802841187,0.5346859097480774,0.5753942131996155,0.5459727048873901,0.5872389674186707,0.501902163028717,0.5865234136581421,0.5291057229042053,0.5806148052215576,0.5504593849182129,0.6050160527229309,0.5687293410301208,0.626542866230011,0.4814150035381317,0.6389992833137512,0.44220125675201416,0.647227942943573,0.4107917845249176,rockandroll,01019,C:/Users/Javier/PIDS_HandPose/work/HAR_mediapipe/data/gestos_pids/train//rockandroll/rockandroll_01019.jpg
0.42789652943611145,0.7235321402549744,0.3845130205154419,0.677890956401825,0.34919533133506775,0.6125847697257996,0.3254221975803375,0.557571530342102,0.3002922534942627,0.536660373210907,0.3648960292339325,0.5564145445823669,0.363456666469574,0.4514874815940857,0.3655748665332794,0.38833120465278625,0.3673573434352875,0.34237968921661377,0.39483821392059326,0.5434693098068237,0.4110795259475708,0.4899752736091614,0.4159572720527649,0.520438015460968,0.41251981258392334,0.5443228483200073,0.42700624465942383,0.5481364727020264,0.43943360447883606,0.5048638582229614,0.44154253602027893,0.532516598701477,0.4366643726825714,0.5535938739776611,0.4585956633090973,0.5593590140342712,0.47306135296821594,0.46875882148742676,0.4807496666908264,0.43023765087127686,0.48358243703842163,0.39857715368270874,rockandroll,01020,C:/Users/Javier/PIDS_HandPose/work/HAR_mediapipe/data/gestos_pids/train//rockandroll/rockandroll_01020.jpg
0.2823433578014374,0.7043357491493225,0.25319594144821167,0.6583540439605713,0.22395476698875427,0.567855179309845,0.20753824710845947,0.506222128868103,0.17673131823539734,0.4877830743789673,0.23101118206977844,0.5315908789634705,0.24475018680095673,0.42244723439216614,0.2552299499511719,0.36286553740501404,0.26153430342674255,0.3186667859554291,0.2532369792461395,0.540783703327179,0.295123428106308,0.4807024300098419,0.2989799976348877,0.5256392955780029,0.29073652625083923,0.5481833815574646,0.2812894880771637,0.5537487864494324,0.32415658235549927,0.5074640512466431,0.3246060907840729,0.5436744689941406,0.31319478154182434,0.5668350458145142,0.3133552670478821,0.5646498799324036,0.3390273451805115,0.48782777786254883,0.35634738206863403,0.447630375623703,0.3688255250453949,0.40911614894866943,rockandroll,01021,C:/Users/Javier/PIDS_HandPose/work/HAR_mediapipe/data/gestos_pids/train//rockandroll/rockandroll_01021.jpg
0.4651952385902405,0.6485141515731812,0.507696270942688,0.6517152786254883,0.5487202405929565,0.6108400821685791,0.5749115347862244,0.5736483335494995,0.5950164198875427,0.5624136924743652,0.5418622493743896,0.5377021431922913,0.5651100277900696,0.4740768373012543,0.5811658501625061,0.42954325675964355,0.594529390335083,0.3960268497467041,0.5198383927345276,0.5215853452682495,0.5331423878669739,0.5053935647010803,0.5210392475128174,0.5571532249450684,0.5094631314277649,0.5964881181716919,0.4968366324901581,0.513353168964386,0.5054642558097839,0.5025631785392761,0.5006324648857117,0.5559012293815613,0.49367305636405945,0.5922436714172363,0.4728122651576996,0.5062627792358398,0.4783281087875366,0.4418449401855469,0.4832620918750763,0.4049285650253296,0.488574743270874,0.36577194929122925,rockandroll,01022,C:/Users/Javier/PIDS_HandPose/work/HAR_mediapipe/data/gestos_pids/train//rockandroll/rockandroll_01022.jpg
0.8517908453941345,0.8276773691177368,0.8181284666061401,0.7843360304832458,0.7877376675605774,0.6952733397483826,0.763678252696991,0.6323226690292358,0.7384289503097534,0.5925615429878235,0.8055583238601685,0.6149846315383911,0.7999122738838196,0.5157555341720581,0.7987735271453857,0.45407092571258545,0.7970521450042725,0.40163740515708923,0.834548830986023,0.6140477657318115,0.8622274398803711,0.6053135991096497,0.8592261672019958,0.6837679147720337,0.8464105725288391,0.7263842821121216,0.863028347492218,0.624688982963562,0.8862040042877197,0.6231781244277954,0.8781828880310059,0.6985054016113281,0.8636056184768677,0.7389525771141052,0.8895589113235474,0.6407362818717957,0.9050881862640381,0.6292651891708374,0.8952975273132324,0.6873804926872253,0.882140040397644,0.7233418822288513,rockandroll,01023,C:/Users/Javier/PIDS_HandPose/work/HAR_mediapipe/data/gestos_pids/train//rockandroll/rockandroll_01023.jpg
0.7121236324310303,0.729388952255249,0.6647644639015198,0.6965017914772034,0.6255960464477539,0.6132254004478455,0.5973320603370667,0.5536234378814697,0.5689504146575928,0.5227763056755066,0.6527463793754578,0.5335769057273865,0.6307496428489685,0.43592125177383423,0.619957685470581,0.37524062395095825,0.6128997206687927,0.3236433267593384,0.6817256212234497,0.52132648229599,0.6779748797416687,0.5132411122322083,0.6813400983810425,0.5896555185317993,0.6833252906799316,0.6327033042907715,0.7105917930603027,0.522010087966919,0.7106853723526001,0.5174973011016846,0.7070107460021973,0.5933372378349304,0.7020091414451599,0.6382504105567932,0.7378465533256531,0.5277876853942871,0.7384524345397949,0.45059365034103394,0.740209698677063,0.4044596254825592,0.7404527068138123,0.3574901223182678,rockandroll,01024,C:/Users/Javier/PIDS_HandPose/work/HAR_mediapipe/data/gestos_pids/train//rockandroll/rockandroll_01024.jpg
0.5703670382499695,0.7150310277938843,0.5116562843322754,0.697777271270752,0.4592139422893524,0.6190131902694702,0.4236159324645996,0.5547497272491455,0.3900843858718872,0.5185978412628174,0.46233800053596497,0.5194016098976135,0.42578864097595215,0.4262124001979828,0.4055844247341156,0.3686232566833496,0.38992050290107727,0.3145321309566498,0.490794837474823,0.49596360325813293,0.4726031422615051,0.49452435970306396,0.48738494515419006,0.5684049129486084,0.49913838505744934,0.6112017631530762,0.5219501852989197,0.49074748158454895,0.5085593461990356,0.4864826202392578,0.5129994750022888,0.5606120228767395,0.5158114433288574,0.6049588918685913,0.5523601770401001,0.4926181137561798,0.5446476936340332,0.4147391617298126,0.5362118482589722,0.367363840341568,0.5260137319564819,0.3220975399017334,rockandroll,01025,C:/Users/Javier/PIDS_HandPose/work/HAR_mediapipe/data/gestos_pids/train//rockandroll/rockandroll_01025.jpg
0.5184640884399414,0.7109530568122864,0.458825945854187,0.6991291046142578,0.4049696624279022,0.6234040260314941,0.3714448809623718,0.5628719925880432,0.33965227007865906,0.5335217118263245,0.4069497287273407,0.5243185758590698,0.36871013045310974,0.43512430787086487,0.3467673361301422,0.3841746747493744,0.32821035385131836,0.337268203496933,0.43627050518989563,0.5036630630493164,0.41145843267440796,0.494472473859787,0.42888087034225464,0.5721607208251953,0.4442785978317261,0.6182559132575989,0.4675561487674713,0.498657763004303,0.4474496841430664,0.48820722103118896,0.4552592635154724,0.5675647854804993,0.4616893231868744,0.6150531768798828,0.4981948733329773,0.49995145201683044,0.48721253871917725,0.43095681071281433,0.47491276264190674,0.3910911977291107,0.4606984257698059,0.34954333305358887,rockandroll,01026,C:/Users/Javier/PIDS_HandPose/work/HAR_mediapipe/data/gestos_pids/train//rockandroll/rockandroll_01026.jpg
0.46200934052467346,0.6121291518211365,0.4106331467628479,0.6145682334899902,0.3610188961029053,0.5632472038269043,0.3283923864364624,0.5119752287864685,0.29824191331863403,0.47559642791748047,0.3525439500808716,0.4610106348991394,0.3121567368507385,0.3776024580001831,0.2905113101005554,0.3333026170730591,0.27346640825271606,0.28971266746520996,0.37412384152412415,0.43948864936828613,0.34730225801467896,0.41337305307388306,0.3611602783203125,0.4777536690235138,0.37575146555900574,0.5193562507629395,0.39903363585472107,0.4246309995651245,0.37367987632751465,0.3951126039028168,0.38137540221214294,0.4671418070793152,0.3910238444805145,0.5163210034370422,0.42483460903167725,0.41290733218193054,0.40856143832206726,0.34136566519737244,0.39410120248794556,0.2991635799407959,0.37995997071266174,0.2587772607803345,rockandroll,01027,C:/Users/Javier/PIDS_HandPose/work/HAR_mediapipe/data/gestos_pids/train//rockandroll/rockandroll_01027.jpg
0.3801514506340027,0.5823935866355896,0.33116763830184937,0.6047637462615967,0.2806689739227295,0.5674318075180054,0.251453161239624,0.5237367153167725,0.22735266387462616,0.5049077868461609,0.2684857249259949,0.46700671315193176,0.22720468044281006,0.4082435667514801,0.20477154850959778,0.37505215406417847,0.1864520162343979,0.34245765209198,0.28503718972206116,0.44051533937454224,0.25429630279541016,0.41507211327552795,0.2717743515968323,0.47087112069129944,0.28984376788139343,0.5099373459815979,0.3045635223388672,0.4142104983329773,0.2697378993034363,0.3827175199985504,0.2821584939956665,0.4504374861717224,0.298136830329895,0.49909162521362305,0.32635658979415894,0.38842344284057617,0.297695130109787,0.32246673107147217,0.2750464379787445,0.2881541848182678,0.2533888518810272,0.2536124587059021,rockandroll,01028,C:/Users/Javier/PIDS_HandPose/work/HAR_mediapipe/data/gestos_pids/train//rockandroll/rockandroll_01028.jpg
0.4128119945526123,0.6703535914421082,0.34856218099594116,0.6796331405639648,0.2766663134098053,0.6095084547996521,0.22881504893302917,0.5547803044319153,0.18526126444339752,0.5367302298545837,0.28092220425605774,0.47014519572257996,0.2394881248474121,0.362914502620697,0.21679434180259705,0.2919733226299286,0.19706687331199646,0.2242160588502884,0.31704211235046387,0.43338412046432495,0.3099730610847473,0.4500294327735901,0.3294124901294708,0.5483575463294983,0.3414219617843628,0.600630521774292,0.3578835129737854,0.4291629493236542,0.3566601276397705,0.44083935022354126,0.36371323466300964,0.534144401550293,0.36474764347076416,0.5885903835296631,0.39978981018066406,0.43838849663734436,0.3878858685493469,0.3632151484489441,0.3773086965084076,0.3196163475513458,0.36627304553985596,0.2755117416381836,rockandroll,01029,C:/Users/Javier/PIDS_HandPose/work/HAR_mediapipe/data/gestos_pids/train//rockandroll/rockandroll_01029.jpg
0.47065046429634094,0.6661950349807739,0.4040021300315857,0.6631486415863037,0.336357057094574,0.5847017765045166,0.2901460826396942,0.5259371995925903,0.25134438276290894,0.5046507716178894,0.3405398726463318,0.45309674739837646,0.30825909972190857,0.3439839482307434,0.29335522651672363,0.2818717360496521,0.2815130352973938,0.219973623752594,0.37306326627731323,0.42970478534698486,0.35284385085105896,0.38599079847335815,0.36711013317108154,0.48226261138916016,0.3783417046070099,0.5436005592346191,0.4093576967716217,0.42247140407562256,0.394928902387619,0.37957465648651123,0.4005471169948578,0.4706672430038452,0.4045569896697998,0.5300822854042053,0.4453505873680115,0.42488372325897217,0.4394192099571228,0.3345171809196472,0.43287765979766846,0.27935105562210083,0.42455077171325684,0.21990278363227844,rockandroll,01030,C:/Users/Javier/PIDS_HandPose/work/HAR_mediapipe/data/gestos_pids/train//rockandroll/rockandroll_01030.jpg
0.3516215682029724,0.7398446202278137,0.2750450670719147,0.7631986141204834,0.18380123376846313,0.6888990998268127,0.12599173188209534,0.6238881349563599,0.07696746289730072,0.5936664938926697,0.1808447539806366,0.5206159949302673,0.13205701112747192,0.3913920819759369,0.10845281183719635,0.3168012499809265,0.08806681632995605,0.2442060112953186,0.21656183898448944,0.4852885603904724,0.17187613248825073,0.4505186080932617,0.19734922051429749,0.5676406621932983,0.2245345264673233,0.6351290941238403,0.26119211316108704,0.4699590504169464,0.22549712657928467,0.42970550060272217,0.23802697658538818,0.5434198379516602,0.2514621913433075,0.6161449551582336,0.3095988929271698,0.46509090065956116,0.2868647277355194,0.35252878069877625,0.26813480257987976,0.28952252864837646,0.24992986023426056,0.22764581441879272,rockandroll,01031,C:/Users/Javier/PIDS_HandPose/work/HAR_mediapipe/data/gestos_pids/train//rockandroll/rockandroll_01031.jpg
0.3415799140930176,0.7877436876296997,0.26176717877388,0.8131932020187378,0.16523772478103638,0.7361687421798706,0.10249233990907669,0.6730237007141113,0.04882141947746277,0.6515272855758667,0.16248607635498047,0.566041111946106,0.10423049330711365,0.4307531714439392,0.0774872899055481,0.34928804636001587,0.053855761885643005,0.27148038148880005,0.2008204311132431,0.527558445930481,0.1544141322374344,0.5071266889572144,0.181634321808815,0.6214990615844727,0.20909015834331512,0.691158652305603,0.24623344838619232,0.5106827616691589,0.20960921049118042,0.4787640869617462,0.2241460382938385,0.5997404456138611,0.23705731332302094,0.6773360371589661,0.29340654611587524,0.5029207468032837,0.2673798203468323,0.39368245005607605,0.24844010174274445,0.32820481061935425,0.22853656113147736,0.2578808069229126,rockandroll,01032,C:/Users/Javier/PIDS_HandPose/work/HAR_mediapipe/data/gestos_pids/train//rockandroll/rockandroll_01032.jpg
0.6036681532859802,0.8260029554367065,0.5211886167526245,0.8462737798690796,0.43348681926727295,0.7707245349884033,0.374426931142807,0.7051236629486084,0.3210955858230591,0.6804772019386292,0.4346611499786377,0.6010205745697021,0.38975995779037476,0.45961296558380127,0.3676082491874695,0.3773635923862457,0.3484858274459839,0.3005334734916687,0.4820413291454315,0.5643072128295898,0.4811916649341583,0.5526983737945557,0.5065581798553467,0.6706053018569946,0.5214385390281677,0.7492217421531677,0.5317555069923401,0.5499516725540161,0.5370368957519531,0.5251511931419373,0.5509060621261597,0.6398715376853943,0.5535418391227722,0.7110963463783264,0.5823706388473511,0.5471201539039612,0.5773909091949463,0.4498842656612396,0.5757789611816406,0.3878592252731323,0.5713748931884766,0.31753259897232056,rockandroll,01033,C:/Users/Javier/PIDS_HandPose/work/HAR_mediapipe/data/gestos_pids/train//rockandroll/rockandroll_01033.jpg
0.7546402215957642,0.8473770618438721,0.6978145837783813,0.8259521722793579,0.6427032947540283,0.7179000973701477,0.60707026720047,0.6418058276176453,0.5683156251907349,0.6139571666717529,0.6704240441322327,0.5495768785476685,0.6420272588729858,0.41013967990875244,0.6249566078186035,0.32036370038986206,0.615429699420929,0.24778473377227783,0.7096790671348572,0.534575343132019,0.751653254032135,0.49592748284339905,0.7569909691810608,0.607620120048523,0.7506792545318604,0.6783833503723145,0.7465353608131409,0.5359258651733398,0.7920901775360107,0.5155768990516663,0.7873098254203796,0.6238572001457214,0.7714124917984009,0.6807453632354736,0.7831491231918335,0.5459542870521545,0.7984344363212585,0.43831107020378113,0.8147461414337158,0.377755731344223,0.8262233734130859,0.3079456090927124,rockandroll,01034,C:/Users/Javier/PIDS_HandPose/work/HAR_mediapipe/data/gestos_pids/train//rockandroll/rockandroll_01034.jpg
0.6439723372459412,0.871727466583252,0.675330638885498,0.8017526268959045,0.7252103686332703,0.7469541430473328,0.765534520149231,0.7118771076202393,0.7850697636604309,0.6634302139282227,0.7439900040626526,0.7331677675247192,0.8037374019622803,0.7187014818191528,0.8387643694877625,0.7114150524139404,0.8660851716995239,0.7035290598869324,0.7434067726135254,0.7750244736671448,0.817672848701477,0.829020619392395,0.8443714380264282,0.8800651431083679,0.8568358421325684,0.9164055585861206,0.7374692559242249,0.8332871794700623,0.8124001622200012,0.8785087466239929,0.8439046740531921,0.9174152612686157,0.8625401258468628,0.9438377022743225,0.7305560111999512,0.8983666300773621,0.7947375178337097,0.9194756746292114,0.8327735066413879,0.9384641647338867,0.8630877733230591,0.9530059695243835,rockandroll,01035,C:/Users/Javier/PIDS_HandPose/work/HAR_mediapipe/data/gestos_pids/train//rockandroll/rockandroll_01035.jpg
0.7759819030761719,0.7855077981948853,0.7432828545570374,0.6922684907913208,0.7405068278312683,0.596025288105011,0.7477919459342957,0.5445539951324463,0.7529295682907104,0.5412105321884155,0.8088052868843079,0.5545526146888733,0.794012725353241,0.4439482092857361,0.7881141304969788,0.37938523292541504,0.7898982167243958,0.3295596241950989,0.8248149156570435,0.582139790058136,0.7771349549293518,0.5172019600868225,0.7586802244186401,0.552756130695343,0.7625941038131714,0.5857478976249695,0.8265701532363892,0.6031827330589294,0.7771816253662109,0.5516462922096252,0.7636529207229614,0.5784616470336914,0.7687615156173706,0.6036649346351624,0.8213812708854675,0.6213288903236389,0.7848682999610901,0.5801990628242493,0.772442102432251,0.6037569046020508,0.7725606560707092,0.6296574473381042,rockandroll,01036,C:/Users/Javier/PIDS_HandPose/work/HAR_mediapipe/data/gestos_pids/train//rockandroll/rockandroll_01036.jpg
0.6453149914741516,0.8728758096694946,0.6052597761154175,0.7588287591934204,0.5915920734405518,0.6389589905738831,0.5859438180923462,0.5489835143089294,0.5672292709350586,0.5001422166824341,0.6526113152503967,0.6006249189376831,0.6869851350784302,0.474141001701355,0.7078214287757874,0.4055127501487732,0.7240231037139893,0.35480889678001404,0.6920884251594543,0.6283659338951111,0.7082197666168213,0.5590707063674927,0.6974346041679382,0.5931771397590637,0.6863666772842407,0.6243169903755188,0.7235736846923828,0.6679213643074036,0.7307703495025635,0.6060662269592285,0.7164889574050903,0.6407005190849304,0.7024866342544556,0.6698613166809082,0.7491070032119751,0.7056347727775574,0.7841401100158691,0.604240894317627,0.797402024269104,0.5506587028503418,0.8034209609031677,0.5032520294189453,rockandroll,01037,C:/Users/Javier/PIDS_HandPose/work/HAR_mediapipe/data/gestos_pids/train//rockandroll/rockandroll_01037.jpg
0.6025770902633667,0.7316428422927856,0.5687304139137268,0.6339250802993774,0.5516741871833801,0.5372284054756165,0.540874183177948,0.45943665504455566,0.5177624225616455,0.4153785705566406,0.5951749086380005,0.48880818486213684,0.6256452202796936,0.3790743947029114,0.6447005867958069,0.31853100657463074,0.6585192084312439,0.2767552137374878,0.6301122903823853,0.5019643902778625,0.6509117484092712,0.48242589831352234,0.6435404419898987,0.5177063941955566,0.6354215145111084,0.5366387367248535,0.6612695455551147,0.5344659686088562,0.6755850911140442,0.5178548693656921,0.664872944355011,0.5554636716842651,0.6529887914657593,0.5718520879745483,0.6897987723350525,0.569882869720459,0.7185097336769104,0.4737967848777771,0.729772686958313,0.43028876185417175,0.7342811226844788,0.3900030255317688,rockandroll,01038,C:/Users/Javier/PIDS_HandPose/work/HAR_mediapipe/data/gestos_pids/train//rockandroll/rockandroll_01038.jpg
0.6366448998451233,0.7520368099212646,0.5962380766868591,0.6627947688102722,0.5795387029647827,0.560968279838562,0.5711944699287415,0.4803587794303894,0.5488823056221008,0.43390679359436035,0.6306698322296143,0.5041226148605347,0.6609088778495789,0.39370906352996826,0.6788320541381836,0.333171546459198,0.6920350193977356,0.29079440236091614,0.6677497029304504,0.517860472202301,0.6834455728530884,0.48574191331863403,0.6731323003768921,0.5191236734390259,0.6617668867111206,0.5424122214317322,0.6995755434036255,0.5505334138870239,0.7083697319030762,0.523631751537323,0.6965570449829102,0.5612130761146545,0.6834662556648254,0.5818449854850769,0.7272090911865234,0.5846421122550964,0.7481979131698608,0.4891641139984131,0.7580288648605347,0.44564443826675415,0.762071430683136,0.4045686721801758,rockandroll,01039,C:/Users/Javier/PIDS_HandPose/work/HAR_mediapipe/data/gestos_pids/train//rockandroll/rockandroll_01039.jpg
0.7185456156730652,0.7420326471328735,0.6837498545646667,0.6515503525733948,0.673159658908844,0.561866283416748,0.6643567681312561,0.4852353632450104,0.6480679512023926,0.4308663606643677,0.7284232378005981,0.5145699381828308,0.749216616153717,0.4114006757736206,0.7635670304298401,0.3567303717136383,0.7759003639221191,0.3197633624076843,0.7628583312034607,0.532949686050415,0.7606273889541626,0.5071471929550171,0.7486898899078369,0.5405521392822266,0.7424350380897522,0.5613481998443604,0.7881934642791748,0.5663720965385437,0.7824820280075073,0.5464983582496643,0.7687236666679382,0.5837185978889465,0.7590428590774536,0.6005852222442627,0.8088037967681885,0.5998601317405701,0.8264546394348145,0.5128557085990906,0.8350188136100769,0.47184622287750244,0.8393633365631104,0.43175241351127625,rockandroll,01040,C:/Users/Javier/PIDS_HandPose/work/HAR_mediapipe/data/gestos_pids/train//rockandroll/rockandroll_01040.jpg
0.7857816219329834,0.7232959270477295,0.7532280683517456,0.6340276598930359,0.7438174486160278,0.5371249318122864,0.7385692596435547,0.4569200873374939,0.7219982743263245,0.40917545557022095,0.8019717335700989,0.4953998029232025,0.8186723589897156,0.40061110258102417,0.8255332112312317,0.3550097346305847,0.8319101929664612,0.32091736793518066,0.8376588821411133,0.5171375274658203,0.8297879695892334,0.4546447992324829,0.8135725855827332,0.47893497347831726,0.8055816888809204,0.5057158470153809,0.8622231483459473,0.552721381187439,0.8533251285552979,0.488372802734375,0.8375378251075745,0.5129259824752808,0.8272466063499451,0.5387663245201111,0.8784229755401611,0.5871912837028503,0.8882585167884827,0.503420889377594,0.8896991610527039,0.47323355078697205,0.8885813355445862,0.4505244493484497,rockandroll,01041,C:/Users/Javier/PIDS_HandPose/work/HAR_mediapipe/data/gestos_pids/train//rockandroll/rockandroll_01041.jpg
0.7070327997207642,0.6837848424911499,0.6673610806465149,0.6182341575622559,0.657886266708374,0.5375383496284485,0.6498280763626099,0.47156664729118347,0.6352314949035645,0.4300153851509094,0.7154598236083984,0.4725920557975769,0.7135480046272278,0.3797655701637268,0.7134418487548828,0.3217775821685791,0.7153144478797913,0.28160151839256287,0.742024838924408,0.49014192819595337,0.7206155061721802,0.45532888174057007,0.7045102715492249,0.4835887551307678,0.6988447904586792,0.5099993944168091,0.7564577460289001,0.5133841037750244,0.7383416295051575,0.4761819839477539,0.7260872721672058,0.49114954471588135,0.7194957137107849,0.5090599656105042,0.765727162361145,0.533079206943512,0.7617105841636658,0.4603744149208069,0.7606525421142578,0.4166737198829651,0.7567545175552368,0.3853287696838379,rockandroll,01042,C:/Users/Javier/PIDS_HandPose/work/HAR_mediapipe/data/gestos_pids/train//rockandroll/rockandroll_01042.jpg
0.48403388261795044,0.6698598861694336,0.45666801929473877,0.6064348220825195,0.43564364314079285,0.5062181949615479,0.425985187292099,0.4372108578681946,0.40184351801872253,0.4024943709373474,0.46824556589126587,0.4605106711387634,0.49516892433166504,0.3551388382911682,0.5140330195426941,0.29490578174591064,0.5259110927581787,0.2515712380409241,0.49654197692871094,0.4707118272781372,0.5322329998016357,0.4519665241241455,0.5269060134887695,0.49015769362449646,0.5155115723609924,0.5073536038398743,0.525331437587738,0.49935653805732727,0.5525685548782349,0.48393043875694275,0.5467433333396912,0.5190271139144897,0.533683717250824,0.5349379777908325,0.5557399392127991,0.5319334864616394,0.58449786901474,0.44611677527427673,0.59892338514328,0.4057343602180481,0.6067987084388733,0.36789649724960327,rockandroll,01043,C:/Users/Javier/PIDS_HandPose/work/HAR_mediapipe/data/gestos_pids/train//rockandroll/rockandroll_01043.jpg
0.37176817655563354,0.7066848278045654,0.33925506472587585,0.6483131647109985,0.30609479546546936,0.5497249960899353,0.2863475978374481,0.4790577292442322,0.25711023807525635,0.4442243278026581,0.33299973607063293,0.49773991107940674,0.35271158814430237,0.3766884207725525,0.3684794008731842,0.3075634241104126,0.3786672055721283,0.2561339735984802,0.36191368103027344,0.5034752488136292,0.4019322991371155,0.45189791917800903,0.40124526619911194,0.49617788195610046,0.38962891697883606,0.521896481513977,0.3930671811103821,0.5243674516677856,0.42920708656311035,0.48869788646698,0.4264993369579315,0.5248383283615112,0.412538081407547,0.5477035045623779,0.4276365637779236,0.5470044612884521,0.45120933651924133,0.45409950613975525,0.4667266309261322,0.410014271736145,0.47687533497810364,0.3702777028083801,rockandroll,01044,C:/Users/Javier/PIDS_HandPose/work/HAR_mediapipe/data/gestos_pids/train//rockandroll/rockandroll_01044.jpg
0.20942683517932892,0.6779547333717346,0.17474818229675293,0.6312779188156128,0.13999998569488525,0.5444363355636597,0.117059126496315,0.4822957515716553,0.08068031072616577,0.460692435503006,0.15775607526302338,0.48889654874801636,0.17345595359802246,0.37350994348526,0.1852579414844513,0.30819880962371826,0.1921980232000351,0.2589796781539917,0.1834031492471695,0.4957348108291626,0.22715479135513306,0.4384855031967163,0.2294982224702835,0.48852601647377014,0.22048823535442352,0.5115735530853271,0.21333324909210205,0.5124375820159912,0.2560145854949951,0.4720410108566284,0.25601309537887573,0.5118421912193298,0.2435438334941864,0.5363395810127258,0.24697008728981018,0.5268139243125916,0.27185437083244324,0.44822293519973755,0.29041787981987,0.4073907136917114,0.30410081148147583,0.36504700779914856,rockandroll,01045,C:/Users/Javier/PIDS_HandPose/work/HAR_mediapipe/data/gestos_pids/train//rockandroll/rockandroll_01045.jpg
0.2558026909828186,0.6931360960006714,0.22159834206104279,0.6268379092216492,0.19405463337898254,0.5486028790473938,0.16800493001937866,0.4954013228416443,0.13767977058887482,0.4752437472343445,0.21439813077449799,0.5010095834732056,0.22978635132312775,0.3915148973464966,0.24020284414291382,0.32604044675827026,0.24984878301620483,0.27926820516586304,0.24251174926757812,0.5045430064201355,0.27643144130706787,0.4677952229976654,0.2759287655353546,0.5044189691543579,0.2664392292499542,0.5248139500617981,0.2731475532054901,0.5233140587806702,0.3020898997783661,0.5040038228034973,0.29840922355651855,0.5364058017730713,0.28713518381118774,0.5494921207427979,0.30469638109207153,0.546787679195404,0.3341377079486847,0.478177011013031,0.3523519039154053,0.44900256395339966,0.3644110858440399,0.42098498344421387,rockandroll,01046,C:/Users/Javier/PIDS_HandPose/work/HAR_mediapipe/data/gestos_pids/train//rockandroll/rockandroll_01046.jpg
0.43218615651130676,0.6440614461898804,0.39187362790107727,0.5955184698104858,0.35989829897880554,0.5344038605690002,0.3359196186065674,0.48646244406700134,0.31582537293434143,0.4651443064212799,0.37835925817489624,0.48817044496536255,0.37466853857040405,0.3817336857318878,0.3756817877292633,0.3177802562713623,0.37674403190612793,0.27184921503067017,0.4051353633403778,0.47943976521492004,0.4105146825313568,0.41514652967453003,0.4136819839477539,0.4427928030490875,0.4122985303401947,0.46582433581352234,0.433542400598526,0.4831167459487915,0.4356386363506317,0.43058261275291443,0.43669670820236206,0.4559790790081024,0.43462881445884705,0.47845885157585144,0.46063923835754395,0.4929400086402893,0.4705546796321869,0.39960840344429016,0.4752872586250305,0.35834455490112305,0.47722291946411133,0.32667797803878784,rockandroll,01047,C:/Users/Javier/PIDS_HandPose/work/HAR_mediapipe/data/gestos_pids/train//rockandroll/rockandroll_01047.jpg
0.4911990165710449,0.4656521677970886,0.5240964889526367,0.49951547384262085,0.572684645652771,0.4988839328289032,0.6093990206718445,0.4894191324710846,0.635749340057373,0.4940897822380066,0.5886456966400146,0.4342094361782074,0.6275787949562073,0.39742156863212585,0.6551311612129211,0.3696853518486023,0.6760056614875793,0.3470848500728607,0.5734624266624451,0.3984813988208771,0.589286208152771,0.38748306035995483,0.5648476481437683,0.4243650436401367,0.5434408187866211,0.44977426528930664,0.5544259548187256,0.3698839545249939,0.5675478577613831,0.3559282124042511,0.5506844520568848,0.4009641706943512,0.5346135497093201,0.43071067333221436,0.5336207151412964,0.34244197607040405,0.5544976592063904,0.284426212310791,0.5680402517318726,0.25343963503837585,0.5833467245101929,0.22224271297454834,rockandroll,01048,C:/Users/Javier/PIDS_HandPose/work/HAR_mediapipe/data/gestos_pids/train//rockandroll/rockandroll_01048.jpg
0.7070063948631287,0.45397281646728516,0.6934060454368591,0.49982625246047974,0.6996435523033142,0.552986741065979,0.7123337388038635,0.5940399765968323,0.7254734635353088,0.6247296929359436,0.7451294660568237,0.550590991973877,0.7781649827957153,0.5852071046829224,0.7974023818969727,0.6063041687011719,0.815399706363678,0.6229109168052673,0.7566523551940918,0.5089871287345886,0.7685278058052063,0.5065229535102844,0.7390601634979248,0.48587119579315186,0.7176921367645264,0.47441864013671875,0.7630631327629089,0.4690161645412445,0.7745298147201538,0.46797457337379456,0.7454319000244141,0.4511393904685974,0.7243882417678833,0.44400614500045776,0.7660636901855469,0.43432074785232544,0.7908202409744263,0.43946072459220886,0.799185037612915,0.4383423328399658,0.8088148832321167,0.44432902336120605,rockandroll,01049,C:/Users/Javier/PIDS_HandPose/work/HAR_mediapipe/data/gestos_pids/train//rockandroll/rockandroll_01049.jpg
0.73736172914505,0.3461531698703766,0.7369561791419983,0.40412473678588867,0.7583739161491394,0.46369698643684387,0.7767974734306335,0.5036339163780212,0.7858401536941528,0.5378433465957642,0.7942629456520081,0.45049619674682617,0.8267760872840881,0.47873520851135254,0.848586916923523,0.4925050139427185,0.868049144744873,0.5022158026695251,0.8024503588676453,0.4115566313266754,0.8204842805862427,0.41427892446517944,0.7943905591964722,0.4017983675003052,0.7735610604286194,0.39376750588417053,0.8070181608200073,0.37177473306655884,0.8237600922584534,0.3766992390155792,0.7950127124786377,0.3716517686843872,0.7728376984596252,0.3682803511619568,0.8096281886100769,0.3328682780265808,0.8407690525054932,0.3453919291496277,0.8593003749847412,0.35919129848480225,0.8779101967811584,0.3749963343143463,rockandroll,01050,C:/Users/Javier/PIDS_HandPose/work/HAR_mediapipe/data/gestos_pids/train//rockandroll/rockandroll_01050.jpg
0.7560343742370605,0.4197540283203125,0.7484684586524963,0.47535303235054016,0.7693603038787842,0.5517092943191528,0.787338376045227,0.6073929667472839,0.7936774492263794,0.6567577123641968,0.8115803003311157,0.5403406023979187,0.8475514650344849,0.5829975605010986,0.8745598196983337,0.615334153175354,0.898643970489502,0.6400688886642456,0.8237841725349426,0.49955636262893677,0.839470624923706,0.5105138421058655,0.807086706161499,0.4892817735671997,0.7840308547019958,0.4747370481491089,0.8310161232948303,0.45574578642845154,0.8438290953636169,0.46267902851104736,0.8124461770057678,0.4531325101852417,0.7884796857833862,0.4454410672187805,0.8349751234054565,0.4119631350040436,0.8692182898521423,0.43494129180908203,0.8904283046722412,0.44831204414367676,0.9106764793395996,0.46229907870292664,rockandroll,01051,C:/Users/Javier/PIDS_HandPose/work/HAR_mediapipe/data/gestos_pids/train//rockandroll/rockandroll_01051.jpg
0.7374328970909119,0.3859987258911133,0.7336183190345764,0.44253629446029663,0.760344922542572,0.5097035765647888,0.7830765247344971,0.5570322275161743,0.7913817763328552,0.6019668579101562,0.8002184629440308,0.49261999130249023,0.8394260406494141,0.524466872215271,0.8661764860153198,0.5494593977928162,0.8887851238250732,0.5669581890106201,0.8088893890380859,0.4500887989997864,0.8245974183082581,0.4579063355922699,0.7938981652259827,0.4419773519039154,0.7707866430282593,0.4288809895515442,0.8136547803878784,0.40749406814575195,0.829460084438324,0.4096125662326813,0.7983618974685669,0.4045495390892029,0.7737076282501221,0.40053409337997437,0.815722644329071,0.3647441864013672,0.8498731851577759,0.37530550360679626,0.8707340359687805,0.3816888630390167,0.8917433023452759,0.39030903577804565,rockandroll,01052,C:/Users/Javier/PIDS_HandPose/work/HAR_mediapipe/data/gestos_pids/train//rockandroll/rockandroll_01052.jpg
0.7223637104034424,0.9560591578483582,0.6839045286178589,0.9365471601486206,0.6524313688278198,0.8738696575164795,0.6363874673843384,0.8232867121696472,0.6182469129562378,0.7890058159828186,0.6579817533493042,0.8031650185585022,0.638441264629364,0.7277111411094666,0.6278916597366333,0.6818185448646545,0.6204237937927246,0.6447575688362122,0.6791378855705261,0.8004353642463684,0.663766086101532,0.7772592306137085,0.6653626561164856,0.8327689170837402,0.6689568758010864,0.8753299117088318,0.7015172839164734,0.8055168390274048,0.6873065233230591,0.7876595258712769,0.6847192645072937,0.8388109803199768,0.6848335266113281,0.8781961798667908,0.7244129776954651,0.8134273290634155,0.7212740182876587,0.7544453144073486,0.7186623215675354,0.7198247313499451,0.7154114842414856,0.6895712614059448,rockandroll,01053,C:/Users/Javier/PIDS_HandPose/work/HAR_mediapipe/data/gestos_pids/train//rockandroll/rockandroll_01053.jpg
0.5935137271881104,0.47565969824790955,0.5921250581741333,0.5228989720344543,0.5728445053100586,0.571077823638916,0.5573729276657104,0.6037260293960571,0.5496333837509155,0.6321843266487122,0.5397346615791321,0.5540274381637573,0.5113099813461304,0.5826119780540466,0.4939636290073395,0.6029227375984192,0.48050662875175476,0.6182106137275696,0.5348225831985474,0.5215598940849304,0.5297725796699524,0.5262820720672607,0.5556800961494446,0.5153368711471558,0.5743967890739441,0.509777843952179,0.534021258354187,0.4900490641593933,0.5309459567070007,0.4900365173816681,0.5561231970787048,0.4852462410926819,0.5736351013183594,0.48721572756767273,0.5343704223632812,0.45775502920150757,0.5115453004837036,0.465104877948761,0.4978378415107727,0.4688164293766022,0.48569992184638977,0.4767058789730072,rockandroll,01054,C:/Users/Javier/PIDS_HandPose/work/HAR_mediapipe/data/gestos_pids/train//rockandroll/rockandroll_01054.jpg
0.5868980288505554,0.4895455837249756,0.5815195441246033,0.5359833836555481,0.5597095489501953,0.5793688297271729,0.5429702997207642,0.6037600040435791,0.5317548513412476,0.6268650889396667,0.529832124710083,0.5598480701446533,0.4988062381744385,0.5824645161628723,0.4797303080558777,0.5984154343605042,0.4643770158290863,0.6100388765335083,0.5277179479598999,0.528437614440918,0.5143980979919434,0.5381385684013367,0.5392970442771912,0.5315284132957458,0.5573047399520874,0.526111900806427,0.5277425050735474,0.49617770314216614,0.5121128559112549,0.5031288266181946,0.5358308553695679,0.502731204032898,0.5541548132896423,0.5028808116912842,0.5288665890693665,0.4641276001930237,0.5045036673545837,0.46756836771965027,0.49113166332244873,0.4735490083694458,0.4783886671066284,0.4805718660354614,rockandroll,01055,C:/Users/Javier/PIDS_HandPose/work/HAR_mediapipe/data/gestos_pids/train//rockandroll/rockandroll_01055.jpg
0.4851517081260681,0.8491036295890808,0.5007736086845398,0.7899990677833557,0.49417629837989807,0.7432934045791626,0.4911012053489685,0.7101193070411682,0.4880870282649994,0.6841035485267639,0.4474889039993286,0.7335069179534912,0.42388492822647095,0.7092054486274719,0.4152868390083313,0.6906222105026245,0.4098062515258789,0.6747879981994629,0.4409199059009552,0.7385995388031006,0.4625973403453827,0.6882165670394897,0.48799121379852295,0.696193516254425,0.5032010078430176,0.7170407772064209,0.4405550956726074,0.7420166730880737,0.4680004417896271,0.6973896622657776,0.4900713562965393,0.7276448607444763,0.4997211694717407,0.760786771774292,0.4451426565647125,0.743694007396698,0.46650347113609314,0.6916869878768921,0.48846903443336487,0.693535327911377,0.5020643472671509,0.7071878910064697,rockandroll,01056,C:/Users/Javier/PIDS_HandPose/work/HAR_mediapipe/data/gestos_pids/train//rockandroll/rockandroll_01056.jpg
0.7060589790344238,0.38632968068122864,0.6621976494789124,0.4450377821922302,0.600189208984375,0.47704797983169556,0.5541735887527466,0.49814608693122864,0.5228691101074219,0.5301662683486938,0.565152645111084,0.41264617443084717,0.5001046061515808,0.40186673402786255,0.46502041816711426,0.39472389221191406,0.434884250164032,0.38208240270614624,0.5733787417411804,0.36193427443504333,0.5545660257339478,0.34594690799713135,0.594816267490387,0.3690410852432251,0.6201932430267334,0.38850274682044983,0.5862706303596497,0.31375110149383545,0.5718725323677063,0.2860478162765503,0.6100810766220093,0.3212549686431885,0.632453441619873,0.35181787610054016,0.6020628213882446,0.2702438235282898,0.5633940100669861,0.23656459152698517,0.541528046131134,0.22041204571723938,0.5179923176765442,0.2066059112548828,rockandroll,01057,C:/Users/Javier/PIDS_HandPose/work/HAR_mediapipe/data/gestos_pids/train//rockandroll/rockandroll_01057.jpg
0.5911679267883301,0.4323824942111969,0.5500818490982056,0.4819434881210327,0.4936782121658325,0.4996941089630127,0.4543837010860443,0.4957083463668823,0.42518356442451477,0.49700313806533813,0.45758700370788574,0.41748639941215515,0.4057980477809906,0.39542239904403687,0.3759114444255829,0.3823978304862976,0.3495180606842041,0.36543938517570496,0.470927894115448,0.37105220556259155,0.4463784992694855,0.3656308352947235,0.48330366611480713,0.4058164358139038,0.5113419890403748,0.4318464994430542,0.4900238811969757,0.3315214514732361,0.47171539068222046,0.3237311542034149,0.5037147402763367,0.37032049894332886,0.5266135931015015,0.40385353565216064,0.5118477940559387,0.2946608066558838,0.4766995906829834,0.25533801317214966,0.45393967628479004,0.2421698123216629,0.4314354360103607,0.23336562514305115,rockandroll,01058,C:/Users/Javier/PIDS_HandPose/work/HAR_mediapipe/data/gestos_pids/train//rockandroll/rockandroll_01058.jpg
0.43149396777153015,0.3866744637489319,0.38976621627807617,0.42289865016937256,0.34988096356391907,0.4290306866168976,0.321380078792572,0.430687814950943,0.3002157509326935,0.43803244829177856,0.3198007643222809,0.3541552424430847,0.275917112827301,0.32885944843292236,0.24991801381111145,0.31431087851524353,0.2273929864168167,0.2976124584674835,0.3292499780654907,0.32090461254119873,0.2971152067184448,0.31256648898124695,0.32307934761047363,0.3476496934890747,0.34566062688827515,0.36856237053871155,0.3421393632888794,0.28507572412490845,0.3082493543624878,0.2724694311618805,0.33141109347343445,0.31500205397605896,0.3534047305583954,0.3404289484024048,0.3573625385761261,0.2500627040863037,0.32352694869041443,0.20594732463359833,0.30151811242103577,0.19539602100849152,0.2803635597229004,0.18666690587997437,rockandroll,01059,C:/Users/Javier/PIDS_HandPose/work/HAR_mediapipe/data/gestos_pids/train//rockandroll/rockandroll_01059.jpg
0.4807899594306946,0.4107261598110199,0.4381387233734131,0.45057135820388794,0.3923931121826172,0.46057581901550293,0.3594639301300049,0.4653729200363159,0.33336928486824036,0.47359615564346313,0.3560403883457184,0.3924432396888733,0.3054893910884857,0.37378960847854614,0.27752751111984253,0.3647516369819641,0.2534618377685547,0.35079312324523926,0.36493828892707825,0.35515594482421875,0.3334960639476776,0.3469220995903015,0.36208000779151917,0.37806436419487,0.3852572739124298,0.39793360233306885,0.37732863426208496,0.31734341382980347,0.34517014026641846,0.3031832277774811,0.37085291743278503,0.3411787450313568,0.39290887117385864,0.36635464429855347,0.3915972113609314,0.2821936011314392,0.3583281338214874,0.24350988864898682,0.3367668092250824,0.23336490988731384,0.31567731499671936,0.225340336561203,rockandroll,01060,C:/Users/Javier/PIDS_HandPose/work/HAR_mediapipe/data/gestos_pids/train//rockandroll/rockandroll_01060.jpg
0.5050457715988159,0.3874810039997101,0.4590975046157837,0.42183470726013184,0.41293981671333313,0.42692863941192627,0.3800297975540161,0.42758241295814514,0.3552513122558594,0.4385715425014496,0.3775376081466675,0.3566955327987671,0.3276746869087219,0.3320722281932831,0.2996342182159424,0.3190045952796936,0.27654388546943665,0.3011842966079712,0.3901572525501251,0.31847745180130005,0.36274489760398865,0.3042168915271759,0.38843241333961487,0.3400816023349762,0.4103606343269348,0.3650282025337219,0.40530925989151,0.2818286418914795,0.3805384039878845,0.26352766156196594,0.40252628922462463,0.3048272430896759,0.42138373851776123,0.3337635397911072,0.4215988516807556,0.24911390244960785,0.3905920088291168,0.20771825313568115,0.3690663278102875,0.19407856464385986,0.34810778498649597,0.18310703337192535,rockandroll,01061,C:/Users/Javier/PIDS_HandPose/work/HAR_mediapipe/data/gestos_pids/train//rockandroll/rockandroll_01061.jpg
0.5494204759597778,0.4023215174674988,0.5105925798416138,0.43450772762298584,0.46227601170539856,0.42971718311309814,0.42824098467826843,0.4185161590576172,0.40322065353393555,0.42372092604637146,0.44027382135391235,0.35340315103530884,0.3944372534751892,0.31874826550483704,0.3694745898246765,0.29862263798713684,0.348580926656723,0.2759832441806793,0.4537019729614258,0.32002830505371094,0.4264650046825409,0.3070266842842102,0.4541430175304413,0.348533570766449,0.4760974049568176,0.3762029707431793,0.4708803594112396,0.28651076555252075,0.4424940049648285,0.26531121134757996,0.4660065174102783,0.31148335337638855,0.4864896237850189,0.34341174364089966,0.48991426825523376,0.2551426291465759,0.4616030156612396,0.2074391096830368,0.4412083327770233,0.1896229237318039,0.42095810174942017,0.17605528235435486,rockandroll,01062,C:/Users/Javier/PIDS_HandPose/work/HAR_mediapipe/data/gestos_pids/train//rockandroll/rockandroll_01062.jpg
0.5877999067306519,0.43258601427078247,0.5447734594345093,0.45986130833625793,0.49328306317329407,0.4506673216819763,0.4562329947948456,0.432636559009552,0.42702245712280273,0.4286205768585205,0.4697297215461731,0.37319451570510864,0.4232156276702881,0.33198851346969604,0.39812368154525757,0.30541056394577026,0.3777713477611542,0.2779359221458435,0.48486328125,0.3371160924434662,0.4590180516242981,0.3209392726421356,0.4846368134021759,0.36240512132644653,0.5061032772064209,0.3934500217437744,0.5041272044181824,0.30512815713882446,0.48100242018699646,0.28326618671417236,0.5012025833129883,0.3301967680454254,0.5181049704551697,0.3669287860393524,0.52534019947052,0.2771635055541992,0.4978485405445099,0.23049569129943848,0.4787014424800873,0.21031436324119568,0.45937612652778625,0.1940424144268036,rockandroll,01063,C:/Users/Javier/PIDS_HandPose/work/HAR_mediapipe/data/gestos_pids/train//rockandroll/rockandroll_01063.jpg
0.6307486891746521,0.40062642097473145,0.5890897512435913,0.4312395453453064,0.5368472337722778,0.42839372158050537,0.5009414553642273,0.416533499956131,0.47555142641067505,0.4060322940349579,0.5178416967391968,0.3533741235733032,0.4685160219669342,0.3097575902938843,0.44261980056762695,0.28365206718444824,0.4215771555900574,0.25712138414382935,0.533034086227417,0.31537091732025146,0.5161666870117188,0.3027041554450989,0.5462964773178101,0.344949334859848,0.5670728087425232,0.3754967451095581,0.551529049873352,0.280249685049057,0.5350980758666992,0.25652679800987244,0.5587089657783508,0.30394497513771057,0.5753107070922852,0.34051114320755005,0.5720410943031311,0.2504138648509979,0.5486071705818176,0.20092661678791046,0.5326010584831238,0.17992565035820007,0.5148855447769165,0.16438597440719604,rockandroll,01064,C:/Users/Javier/PIDS_HandPose/work/HAR_mediapipe/data/gestos_pids/train//rockandroll/rockandroll_01064.jpg
0.7587160468101501,0.5871151089668274,0.7198614478111267,0.5960245132446289,0.6720501780509949,0.5704241991043091,0.6361157298088074,0.5462943315505981,0.6076127886772156,0.5379437804222107,0.6633483171463013,0.5022056102752686,0.6292957067489624,0.4549753963947296,0.6088783144950867,0.4209289252758026,0.5939306020736694,0.3896479308605194,0.6818506121635437,0.4674241840839386,0.6862630844116211,0.45251455903053284,0.7083307504653931,0.4995286762714386,0.7201827168464661,0.5367915630340576,0.7034450769424438,0.4426465928554535,0.7097955942153931,0.4272408187389374,0.7255018353462219,0.47795531153678894,0.7316597104072571,0.5160016417503357,0.7262325882911682,0.4253849983215332,0.7137413620948792,0.38205456733703613,0.7074924111366272,0.35650551319122314,0.6987553238868713,0.332949697971344,rockandroll,01065,C:/Users/Javier/PIDS_HandPose/work/HAR_mediapipe/data/gestos_pids/train//rockandroll/rockandroll_01065.jpg
0.711917519569397,0.6356375217437744,0.6721938848495483,0.6278572082519531,0.6328953504562378,0.5688797831535339,0.6095086932182312,0.5222674608230591,0.5869487524032593,0.5011001229286194,0.6427782773971558,0.507164716720581,0.6177244186401367,0.43338942527770996,0.606138288974762,0.3903268277645111,0.598197340965271,0.3519761562347412,0.6665999293327332,0.4908926486968994,0.662635862827301,0.4680291712284088,0.6740188598632812,0.5283324718475342,0.6797550320625305,0.5705905556678772,0.6913022994995117,0.4821297824382782,0.6907292008399963,0.4576221704483032,0.6951770186424255,0.5135248899459839,0.6954101324081421,0.5540152192115784,0.715607762336731,0.4783894419670105,0.7112823724746704,0.4250596761703491,0.707416296005249,0.39435330033302307,0.7015166878700256,0.36467891931533813,rockandroll,01066,C:/Users/Javier/PIDS_HandPose/work/HAR_mediapipe/data/gestos_pids/train//rockandroll/rockandroll_01066.jpg
0.6951172947883606,0.6364327669143677,0.6585937142372131,0.6208249926567078,0.626867949962616,0.5598517656326294,0.60987788438797,0.513382077217102,0.5930070877075195,0.48695406317710876,0.6434140801429749,0.5036654472351074,0.6244781017303467,0.4348636269569397,0.6145561337471008,0.3930542469024658,0.6071428060531616,0.35642266273498535,0.6648722887039185,0.4948583245277405,0.6553288698196411,0.47106754779815674,0.6617141366004944,0.5275797843933105,0.6667668223381042,0.5660833716392517,0.6874245405197144,0.4934021532535553,0.6818470358848572,0.46917030215263367,0.6820873618125916,0.5200957655906677,0.6815106272697449,0.5572868585586548,0.7100324034690857,0.49633967876434326,0.7097771763801575,0.4442639648914337,0.7076505422592163,0.4145905077457428,0.7035678625106812,0.3867835998535156,rockandroll,01067,C:/Users/Javier/PIDS_HandPose/work/HAR_mediapipe/data/gestos_pids/train//rockandroll/rockandroll_01067.jpg
0.6874471306800842,0.5992376804351807,0.7092059254646301,0.5411068201065063,0.7238717079162598,0.4687202572822571,0.7416282892227173,0.4128360152244568,0.767789900302887,0.3936905860900879,0.6954954862594604,0.4233947992324829,0.6752429008483887,0.3420726954936981,0.6624560952186584,0.29021918773651123,0.6537085771560669,0.2495671659708023,0.6726267337799072,0.4326077997684479,0.6513280272483826,0.4107074737548828,0.6583756804466248,0.4415466785430908,0.6680225133895874,0.46000930666923523,0.6499382257461548,0.4570474624633789,0.6312942504882812,0.4395204186439514,0.6393364667892456,0.4629841446876526,0.6490141153335571,0.481370210647583,0.629448652267456,0.48439350724220276,0.6113342642784119,0.4376160800457001,0.6026206612586975,0.4163862466812134,0.5964416265487671,0.39657196402549744,rockandroll,01068,C:/Users/Javier/PIDS_HandPose/work/HAR_mediapipe/data/gestos_pids/train//rockandroll/rockandroll_01068.jpg
0.6861100196838379,0.6627724170684814,0.7062721252441406,0.6214971542358398,0.7289645671844482,0.5564271211624146,0.7501078844070435,0.5083519220352173,0.7764907479286194,0.4957457184791565,0.716886579990387,0.5265842080116272,0.7077757120132446,0.44350576400756836,0.7000521421432495,0.3931875228881836,0.6935442686080933,0.351254940032959,0.6966777443885803,0.5364499688148499,0.6675074100494385,0.4795655906200409,0.6664573550224304,0.5164357423782349,0.6763572692871094,0.5376279354095459,0.6734539270401001,0.5518146753311157,0.6463353633880615,0.502846360206604,0.6487993597984314,0.530517578125,0.6587592363357544,0.551868200302124,0.6490441560745239,0.5644270181655884,0.6360061764717102,0.5011197924613953,0.6262937784194946,0.47086453437805176,0.6205257773399353,0.4378125071525574,rockandroll,01069,C:/Users/Javier/PIDS_HandPose/work/HAR_mediapipe/data/gestos_pids/train//rockandroll/rockandroll_01069.jpg
0.7070701122283936,0.6377230286598206,0.6760035753250122,0.6170032620429993,0.6472976803779602,0.5664010047912598,0.6267399787902832,0.5288497805595398,0.6095529794692993,0.5065005421638489,0.6626018285751343,0.509799599647522,0.6488423943519592,0.44645190238952637,0.640549898147583,0.4091602563858032,0.6345292329788208,0.3767455816268921,0.682664155960083,0.5034682154655457,0.6813488602638245,0.490543395280838,0.6870795488357544,0.5401429533958435,0.6892373561859131,0.5673034191131592,0.7029233574867249,0.5029973983764648,0.7045265436172485,0.4995126724243164,0.705348551273346,0.5510007739067078,0.702480137348175,0.5782986283302307,0.7235471606254578,0.5075246691703796,0.7257550954818726,0.46426644921302795,0.7301906943321228,0.443371057510376,0.731427013874054,0.42278748750686646,rockandroll,01070,C:/Users/Javier/PIDS_HandPose/work/HAR_mediapipe/data/gestos_pids/train//rockandroll/rockandroll_01070.jpg
0.42396223545074463,0.8281751871109009,0.46583688259124756,0.7768453359603882,0.4845150113105774,0.6734811067581177,0.4718170464038849,0.5879384875297546,0.43170568346977234,0.5508085489273071,0.482998251914978,0.5504662990570068,0.506769061088562,0.4209270179271698,0.5249202847480774,0.3356055021286011,0.5324807167053223,0.26852700114250183,0.4473370611667633,0.5496546626091003,0.4556569755077362,0.4767277240753174,0.45660820603370667,0.5815907716751099,0.4582541584968567,0.6219840049743652,0.41274699568748474,0.5641204118728638,0.4100942611694336,0.5056731700897217,0.42812472581863403,0.6014357805252075,0.43543508648872375,0.659645676612854,0.37682709097862244,0.5853034853935242,0.3456577658653259,0.49375590682029724,0.3272939920425415,0.4421469271183014,0.3094842731952667,0.3768789768218994,rockandroll,02001,C:/Users/Javier/PIDS_HandPose/work/HAR_mediapipe/data/gestos_pids/train//rockandroll/rockandroll_02001.jpg
0.43284034729003906,0.8126928210258484,0.4772529602050781,0.7676599621772766,0.5038934350013733,0.6729286909103394,0.5015918612480164,0.5899081826210022,0.4661106467247009,0.5512574911117554,0.5013889074325562,0.5503360629081726,0.5240659713745117,0.42847102880477905,0.5394232273101807,0.349160373210907,0.5461302995681763,0.2820059657096863,0.468779981136322,0.546665608882904,0.47751930356025696,0.4765946865081787,0.47611644864082336,0.5714561343193054,0.47721752524375916,0.6181167364120483,0.43656831979751587,0.5575447678565979,0.4369209408760071,0.4992418885231018,0.45070916414260864,0.5922828912734985,0.45601215958595276,0.6492123007774353,0.40499573945999146,0.5741435289382935,0.38694852590560913,0.4784618318080902,0.3785870373249054,0.4245030879974365,0.3695063292980194,0.35716021060943604,rockandroll,02002,C:/Users/Javier/PIDS_HandPose/work/HAR_mediapipe/data/gestos_pids/train//rockandroll/rockandroll_02002.jpg
0.45123228430747986,0.8117144703865051,0.5005722045898438,0.7724820971488953,0.5301187634468079,0.6799435019493103,0.5333951115608215,0.596014142036438,0.4970717430114746,0.5543309450149536,0.5299832224845886,0.5624667406082153,0.5575882792472839,0.4469206929206848,0.5761698484420776,0.3721195459365845,0.5859630107879639,0.30888691544532776,0.4972299039363861,0.5550220608711243,0.5137807130813599,0.49413010478019714,0.5095775127410889,0.586300790309906,0.5085159540176392,0.6269747614860535,0.46604257822036743,0.5621582865715027,0.4751638174057007,0.4958234429359436,0.48922497034072876,0.5932883620262146,0.4923875629901886,0.6537624597549438,0.4356737732887268,0.5769298076629639,0.4195491373538971,0.4832233190536499,0.4154124855995178,0.4298103153705597,0.41028541326522827,0.3606424331665039,rockandroll,02003,C:/Users/Javier/PIDS_HandPose/work/HAR_mediapipe/data/gestos_pids/train//rockandroll/rockandroll_02003.jpg
0.4531254768371582,0.7462449073791504,0.5062596797943115,0.7078104019165039,0.5388811230659485,0.617733895778656,0.5435909628868103,0.5312297940254211,0.5032224655151367,0.4911697208881378,0.5333738327026367,0.5025006532669067,0.5587176084518433,0.3919670581817627,0.5774422883987427,0.3222043514251709,0.5868890881538391,0.26432329416275024,0.5043413043022156,0.4968969225883484,0.5237098932266235,0.442852258682251,0.5191500782966614,0.5360521674156189,0.5151364207267761,0.5805760025978088,0.47610917687416077,0.5056752562522888,0.4881719946861267,0.43989840149879456,0.5004969239234924,0.5349665284156799,0.5014389157295227,0.5924964547157288,0.4474390745162964,0.5225174427032471,0.4319639801979065,0.4285415709018707,0.43001747131347656,0.3770110011100769,0.4262692332267761,0.3098003566265106,rockandroll,02004,C:/Users/Javier/PIDS_HandPose/work/HAR_mediapipe/data/gestos_pids/train//rockandroll/rockandroll_02004.jpg
0.4221360385417938,0.7505836486816406,0.4717426896095276,0.702373743057251,0.4958719313144684,0.6115413904190063,0.49088695645332336,0.5296329855918884,0.4524718225002289,0.49215975403785706,0.48831599950790405,0.4985518157482147,0.5130241513252258,0.3902345299720764,0.5293639302253723,0.32168668508529663,0.538097620010376,0.26290640234947205,0.45957958698272705,0.497455358505249,0.473677396774292,0.4428141117095947,0.47143834829330444,0.535010814666748,0.4696563482284546,0.5793214440345764,0.43182212114334106,0.5089792609214783,0.43984514474868774,0.44131186604499817,0.455716609954834,0.5346986055374146,0.4607301950454712,0.5945745706558228,0.40425920486450195,0.5275319814682007,0.3849518895149231,0.4377833604812622,0.37752941250801086,0.3867773413658142,0.3702506124973297,0.3207307755947113,rockandroll,02005,C:/Users/Javier/PIDS_HandPose/work/HAR_mediapipe/data/gestos_pids/train//rockandroll/rockandroll_02005.jpg
0.4013311564922333,0.7659987807273865,0.4461081027984619,0.718537449836731,0.4680481553077698,0.6255735158920288,0.46265190839767456,0.5468204021453857,0.42594218254089355,0.5178279876708984,0.4636983275413513,0.5231720805168152,0.48827898502349854,0.41462621092796326,0.504295825958252,0.34646841883659363,0.5120531916618347,0.28731048107147217,0.43528804183006287,0.5200421810150146,0.44544360041618347,0.45195990800857544,0.443977952003479,0.5409481525421143,0.44120073318481445,0.5874339938163757,0.40688323974609375,0.5314295887947083,0.4095136523246765,0.4682193398475647,0.4242848753929138,0.5572038888931274,0.42811065912246704,0.6148778796195984,0.3776783347129822,0.548115611076355,0.3559105396270752,0.46224766969680786,0.3468002676963806,0.4102427363395691,0.3374125361442566,0.34561625123023987,rockandroll,02006,C:/Users/Javier/PIDS_HandPose/work/HAR_mediapipe/data/gestos_pids/train//rockandroll/rockandroll_02006.jpg
0.3861722946166992,0.7959137558937073,0.43031421303749084,0.7520179748535156,0.454103946685791,0.6577494144439697,0.444730281829834,0.5776585340499878,0.41018062829971313,0.537173867225647,0.44670018553733826,0.5488241910934448,0.46316972374916077,0.4342119097709656,0.47186392545700073,0.3647560477256775,0.47596243023872375,0.3019128441810608,0.4173647165298462,0.5471549034118652,0.42521461844444275,0.486841082572937,0.4251610040664673,0.5719716548919678,0.42752203345298767,0.611277163028717,0.38889697194099426,0.557913064956665,0.392170250415802,0.5033777952194214,0.4055812954902649,0.5902740955352783,0.4115138649940491,0.6418090462684631,0.3620532155036926,0.5732157826423645,0.3519417941570282,0.4863690733909607,0.3483487069606781,0.4387217164039612,0.34390556812286377,0.37934410572052,rockandroll,02007,C:/Users/Javier/PIDS_HandPose/work/HAR_mediapipe/data/gestos_pids/train//rockandroll/rockandroll_02007.jpg
0.40511858463287354,0.7901492118835449,0.4528534412384033,0.7454100847244263,0.4785042405128479,0.6525252461433411,0.4771224856376648,0.5717052221298218,0.43989336490631104,0.5343971252441406,0.47372716665267944,0.5423473119735718,0.4964197874069214,0.43450111150741577,0.5125401616096497,0.36671656370162964,0.5210155844688416,0.3100985586643219,0.44521498680114746,0.5385591983795166,0.4586704671382904,0.4886455237865448,0.45419609546661377,0.5800624489784241,0.4539819657802582,0.6137416362762451,0.4185912311077118,0.5483797788619995,0.42553335428237915,0.48594558238983154,0.43732747435569763,0.5826548933982849,0.4398341476917267,0.638136625289917,0.39154377579689026,0.5659298896789551,0.37504446506500244,0.4780624508857727,0.36918386816978455,0.4279160499572754,0.36322152614593506,0.3597925901412964,rockandroll,02008,C:/Users/Javier/PIDS_HandPose/work/HAR_mediapipe/data/gestos_pids/train//rockandroll/rockandroll_02008.jpg
0.3928646445274353,0.7472412586212158,0.4364643096923828,0.7084139585494995,0.4617890417575836,0.6164212226867676,0.4543438255786896,0.5396990776062012,0.4215565025806427,0.5015710592269897,0.45642638206481934,0.5070091485977173,0.4808620512485504,0.4030415415763855,0.4947334825992584,0.33823513984680176,0.5034199953079224,0.2780553996562958,0.427357017993927,0.5048885941505432,0.4385295808315277,0.43916288018226624,0.4368550479412079,0.5243734121322632,0.4343903958797455,0.5766894221305847,0.3979831337928772,0.5142294764518738,0.40292906761169434,0.458509624004364,0.4143270254135132,0.5456030964851379,0.4189158082008362,0.6046620011329651,0.371181458234787,0.5290588736534119,0.35673731565475464,0.4500771760940552,0.3485044240951538,0.4028656482696533,0.3415154814720154,0.3428651690483093,rockandroll,02009,C:/Users/Javier/PIDS_HandPose/work/HAR_mediapipe/data/gestos_pids/train//rockandroll/rockandroll_02009.jpg
0.37431544065475464,0.7922515869140625,0.41998744010925293,0.7456850409507751,0.4434792995452881,0.6498743295669556,0.4328993260860443,0.5727487206459045,0.39634886384010315,0.5412971377372742,0.4362167418003082,0.5438051223754883,0.45922598242759705,0.43358314037323,0.4732113182544708,0.36510562896728516,0.48176559805870056,0.3063315451145172,0.4058874547481537,0.5428823232650757,0.4147038161754608,0.4738653898239136,0.4136034846305847,0.560077428817749,0.4144270420074463,0.6056626439094543,0.3752886950969696,0.5554407835006714,0.375930517911911,0.4970231056213379,0.3904210329055786,0.5806231498718262,0.3976632058620453,0.6348361372947693,0.3460933268070221,0.571787416934967,0.3300958275794983,0.48848336935043335,0.32182493805885315,0.43920814990997314,0.31380990147590637,0.3781341314315796,rockandroll,02010,C:/Users/Javier/PIDS_HandPose/work/HAR_mediapipe/data/gestos_pids/train//rockandroll/rockandroll_02010.jpg
0.3747846484184265,0.7838694453239441,0.41913607716560364,0.7413586378097534,0.4433232247829437,0.6519882678985596,0.439632385969162,0.5737074017524719,0.406343936920166,0.5359704494476318,0.43513214588165283,0.5420402884483337,0.4592384099960327,0.4352707266807556,0.4749355912208557,0.36582642793655396,0.4835032522678375,0.3047810196876526,0.40621286630630493,0.5399761199951172,0.4182626008987427,0.47214677929878235,0.4175710678100586,0.5600937008857727,0.4164283275604248,0.6113919615745544,0.3769582509994507,0.5512526631355286,0.3823234438896179,0.4970676302909851,0.39473965764045715,0.5818530917167664,0.3990771174430847,0.6385958194732666,0.3489304184913635,0.5677589178085327,0.33270376920700073,0.4861019253730774,0.3255538046360016,0.43698182702064514,0.31846848130226135,0.37771105766296387,rockandroll,02011,C:/Users/Javier/PIDS_HandPose/work/HAR_mediapipe/data/gestos_pids/train//rockandroll/rockandroll_02011.jpg
0.3852384686470032,0.761931836605072,0.43026745319366455,0.7205773591995239,0.45689210295677185,0.63011634349823,0.4530400037765503,0.5489323735237122,0.4159978926181793,0.5116199254989624,0.44869354367256165,0.5192065834999084,0.47148215770721436,0.41409558057785034,0.4876246452331543,0.347231388092041,0.49694201350212097,0.2861179709434509,0.42055046558380127,0.5163190960884094,0.43276247382164,0.45373955368995667,0.43263375759124756,0.5446165800094604,0.4291570782661438,0.5962833762168884,0.3921341896057129,0.5277249813079834,0.3984977602958679,0.47037434577941895,0.4129731357097626,0.5600812435150146,0.4171249270439148,0.6184792518615723,0.36427122354507446,0.5447825193405151,0.3490481972694397,0.46284133195877075,0.3433980643749237,0.4125375747680664,0.3377282917499542,0.3479810357093811,rockandroll,02012,C:/Users/Javier/PIDS_HandPose/work/HAR_mediapipe/data/gestos_pids/train//rockandroll/rockandroll_02012.jpg
0.38269126415252686,0.7516635656356812,0.42657703161239624,0.7091341018676758,0.4527686536312103,0.6217445135116577,0.45136892795562744,0.5422559380531311,0.4184781014919281,0.5030576586723328,0.4457811415195465,0.5109216570854187,0.47023314237594604,0.4071795344352722,0.4864714741706848,0.341719388961792,0.49575477838516235,0.28266000747680664,0.41930973529815674,0.508078396320343,0.43149811029434204,0.44441118836402893,0.42988282442092896,0.5341057777404785,0.42845645546913147,0.5789221525192261,0.39248359203338623,0.5188904404640198,0.3984791040420532,0.4572972357273102,0.40993642807006836,0.5474717020988464,0.4123084843158722,0.6053183674812317,0.36497822403907776,0.5364754796028137,0.3507574796676636,0.4527326822280884,0.3456073999404907,0.402628630399704,0.34003251791000366,0.34072208404541016,rockandroll,02013,C:/Users/Javier/PIDS_HandPose/work/HAR_mediapipe/data/gestos_pids/train//rockandroll/rockandroll_02013.jpg
0.3875017762184143,0.744948148727417,0.43681615591049194,0.7024053335189819,0.4629996418952942,0.6099538207054138,0.46925920248031616,0.528985321521759,0.4313291907310486,0.494597464799881,0.44798359274864197,0.49178266525268555,0.47013333439826965,0.38459694385528564,0.48482897877693176,0.3189517855644226,0.4924304485321045,0.2629479169845581,0.42305290699005127,0.49344900250434875,0.4411218762397766,0.4413740634918213,0.44156354665756226,0.5266947150230408,0.43918150663375854,0.5695459842681885,0.39889371395111084,0.5062174201011658,0.4113849699497223,0.4466371238231659,0.42697960138320923,0.537290096282959,0.4292440712451935,0.5974084138870239,0.3752670884132385,0.527478814125061,0.3603905737400055,0.44440507888793945,0.3560735881328583,0.3914526700973511,0.349161297082901,0.32715320587158203,rockandroll,02014,C:/Users/Javier/PIDS_HandPose/work/HAR_mediapipe/data/gestos_pids/train//rockandroll/rockandroll_02014.jpg
0.4034670889377594,0.771164059638977,0.45493316650390625,0.7332289814949036,0.48592400550842285,0.6460866332054138,0.4996081292629242,0.5624879002571106,0.46206602454185486,0.526412844657898,0.47169893980026245,0.5302683115005493,0.4971286356449127,0.42366039752960205,0.5166184902191162,0.3543277084827423,0.5273098349571228,0.2980709373950958,0.44846636056900024,0.5267428159713745,0.4715583324432373,0.4662298858165741,0.4698657691478729,0.5440693497657776,0.4665299654006958,0.581381618976593,0.42597317695617676,0.5357158780097961,0.44521740078926086,0.47729137539863586,0.46022552251815796,0.5659192800521851,0.4608353078365326,0.6238642334938049,0.40298792719841003,0.5525566339492798,0.38806283473968506,0.4690558612346649,0.3862830400466919,0.41580623388290405,0.38228896260261536,0.3531718850135803,rockandroll,02015,C:/Users/Javier/PIDS_HandPose/work/HAR_mediapipe/data/gestos_pids/train//rockandroll/rockandroll_02015.jpg
0.40035462379455566,0.7561616897583008,0.45142802596092224,0.7131751179695129,0.4804469645023346,0.6256155967712402,0.490853488445282,0.5460050702095032,0.4550365209579468,0.5094127058982849,0.4698788523674011,0.5106517672538757,0.4950479567050934,0.40717214345932007,0.5116751790046692,0.34143614768981934,0.5217931270599365,0.2861614227294922,0.4444161057472229,0.5071731209754944,0.46802785992622375,0.4527433514595032,0.4633859097957611,0.5366156101226807,0.45767033100128174,0.5818352699279785,0.4200974404811859,0.5166727304458618,0.4375007748603821,0.45944714546203613,0.4519904851913452,0.5485915541648865,0.4540092647075653,0.6091914176940918,0.3956896960735321,0.5356800556182861,0.3817921280860901,0.4552069902420044,0.3786271810531616,0.4020022749900818,0.37443816661834717,0.3382183611392975,rockandroll,02016,C:/Users/Javier/PIDS_HandPose/work/HAR_mediapipe/data/gestos_pids/train//rockandroll/rockandroll_02016.jpg
0.4034314453601837,0.765968382358551,0.45387542247772217,0.7201987504959106,0.48086172342300415,0.6332718133926392,0.49032679200172424,0.5522774457931519,0.45688751339912415,0.5136929750442505,0.4704103171825409,0.5206639766693115,0.4941050708293915,0.4168981611728668,0.5101872682571411,0.3502943515777588,0.5193359851837158,0.2947072982788086,0.4448622465133667,0.5165168046951294,0.46633923053741455,0.4617684483528137,0.46443092823028564,0.5453553199768066,0.4615161716938019,0.5867326259613037,0.4205589294433594,0.5262143015861511,0.43661555647850037,0.4680216610431671,0.45191431045532227,0.5580154061317444,0.4535942077636719,0.6178579926490784,0.39544492959976196,0.5451412796974182,0.3812142014503479,0.46336933970451355,0.3776177763938904,0.41061484813690186,0.3721767067909241,0.3476143479347229,rockandroll,02017,C:/Users/Javier/PIDS_HandPose/work/HAR_mediapipe/data/gestos_pids/train//rockandroll/rockandroll_02017.jpg
0.3987721800804138,0.7550835013389587,0.44939374923706055,0.7173335552215576,0.4796788692474365,0.629590630531311,0.49271056056022644,0.5492302775382996,0.45541131496429443,0.5139784812927246,0.466972678899765,0.5143637657165527,0.49113529920578003,0.41238003969192505,0.5092390775680542,0.3476618528366089,0.5194865465164185,0.29587849974632263,0.4430907666683197,0.5115888714790344,0.4660014510154724,0.4559086263179779,0.46237656474113464,0.5355026721954346,0.4590757489204407,0.5740320086479187,0.4199254512786865,0.5205062031745911,0.4384087920188904,0.46263110637664795,0.451397180557251,0.5506718754768372,0.4516555368900299,0.6098040342330933,0.39634081721305847,0.5374118685722351,0.38299018144607544,0.45757994055747986,0.3813653588294983,0.4060242474079132,0.377779483795166,0.34527456760406494,rockandroll,02018,C:/Users/Javier/PIDS_HandPose/work/HAR_mediapipe/data/gestos_pids/train//rockandroll/rockandroll_02018.jpg
0.4105069935321808,0.7276887893676758,0.45579999685287476,0.6983837485313416,0.4887230396270752,0.6138429641723633,0.5030314922332764,0.5318396091461182,0.47129392623901367,0.4861471354961395,0.4795268476009369,0.500766396522522,0.5049078464508057,0.4028186798095703,0.5250470638275146,0.33663561940193176,0.5379737019538879,0.28338000178337097,0.4570619761943817,0.4930304288864136,0.48204731941223145,0.432913213968277,0.475983202457428,0.5078582763671875,0.46971216797828674,0.546805739402771,0.43413111567497253,0.49717140197753906,0.45412778854370117,0.4437301754951477,0.4619590938091278,0.5302462577819824,0.4579922556877136,0.5868511199951172,0.4113616943359375,0.5097954273223877,0.3998519778251648,0.4326353967189789,0.3983476758003235,0.38294708728790283,0.39532583951950073,0.32179316878318787,rockandroll,02019,C:/Users/Javier/PIDS_HandPose/work/HAR_mediapipe/data/gestos_pids/train//rockandroll/rockandroll_02019.jpg
0.40854278206825256,0.7482943534851074,0.4578821063041687,0.7113845944404602,0.48972374200820923,0.6267050504684448,0.5049671530723572,0.5442997217178345,0.47586682438850403,0.4976581931114197,0.48319631814956665,0.5151757001876831,0.5109701752662659,0.4154093861579895,0.5312540531158447,0.35210728645324707,0.5436516404151917,0.30047690868377686,0.46083199977874756,0.5075932145118713,0.48361867666244507,0.4472982883453369,0.47830885648727417,0.5221379399299622,0.4766845107078552,0.5546689033508301,0.4382754862308502,0.5123384594917297,0.45681798458099365,0.4538864195346832,0.4658235013484955,0.545836865901947,0.46379098296165466,0.605804443359375,0.413775235414505,0.5258734226226807,0.4034978747367859,0.4419246017932892,0.4037736654281616,0.38874363899230957,0.40237778425216675,0.3275790810585022,rockandroll,02020,C:/Users/Javier/PIDS_HandPose/work/HAR_mediapipe/data/gestos_pids/train//rockandroll/rockandroll_02020.jpg
0.3973942995071411,0.698513388633728,0.4355100095272064,0.6562714576721191,0.45751678943634033,0.5772658586502075,0.4627159833908081,0.509332001209259,0.43530523777008057,0.48312002420425415,0.44074034690856934,0.49249812960624695,0.45753294229507446,0.40247637033462524,0.46951961517333984,0.3491193652153015,0.4764974117279053,0.3043980002403259,0.42145705223083496,0.49308842420578003,0.4361642003059387,0.4382970631122589,0.436412513256073,0.503491222858429,0.4335436224937439,0.5391697883605957,0.4033077657222748,0.5011690258979797,0.4147033989429474,0.44784706830978394,0.4250514507293701,0.5179297924041748,0.42454180121421814,0.5676210522651672,0.3845933675765991,0.5150620341300964,0.3745356500148773,0.45036935806274414,0.3717930316925049,0.4094916582107544,0.3664030134677887,0.3631322979927063,rockandroll,02021,C:/Users/Javier/PIDS_HandPose/work/HAR_mediapipe/data/gestos_pids/train//rockandroll/rockandroll_02021.jpg
0.3595559895038605,0.6590667963027954,0.3963911533355713,0.6281448602676392,0.42020219564437866,0.5514645576477051,0.4184334874153137,0.4796973764896393,0.3885040581226349,0.45269888639450073,0.42098069190979004,0.4834195375442505,0.44792163372039795,0.40342476963996887,0.46681129932403564,0.3554483950138092,0.47967851161956787,0.3118148446083069,0.3980238437652588,0.47365236282348633,0.4079941511154175,0.4157823920249939,0.40124180912971497,0.4829837679862976,0.3966366648674011,0.5218077301979065,0.37470048666000366,0.47510668635368347,0.37865206599235535,0.4148982763290405,0.38422852754592896,0.48426803946495056,0.3854159712791443,0.5313555002212524,0.3512643575668335,0.48419323563575745,0.34015220403671265,0.4120444059371948,0.33685675263404846,0.3702599108219147,0.3345409333705902,0.32025617361068726,rockandroll,02022,C:/Users/Javier/PIDS_HandPose/work/HAR_mediapipe/data/gestos_pids/train//rockandroll/rockandroll_02022.jpg
0.4727488160133362,0.6887632012367249,0.43686023354530334,0.6207943558692932,0.4322027564048767,0.5452814698219299,0.4528927206993103,0.49912703037261963,0.4767656624317169,0.48309293389320374,0.42706069350242615,0.4981449842453003,0.41268134117126465,0.38419434428215027,0.40231966972351074,0.3144407868385315,0.39662832021713257,0.2620646059513092,0.4580332636833191,0.502858579158783,0.46712130308151245,0.4086008369922638,0.47113847732543945,0.44912809133529663,0.4722455143928528,0.48020732402801514,0.48815906047821045,0.5147116780281067,0.49843981862068176,0.423806369304657,0.497028648853302,0.4607648551464081,0.4939551055431366,0.49572092294692993,0.5160771608352661,0.5247873663902283,0.5289573073387146,0.4343278408050537,0.5402854084968567,0.38511329889297485,0.5498964786529541,0.3387526869773865,rockandroll,02023,C:/Users/Javier/PIDS_HandPose/work/HAR_mediapipe/data/gestos_pids/train//rockandroll/rockandroll_02023.jpg
0.495522141456604,0.6418073177337646,0.4645853340625763,0.5697203278541565,0.4626576602458954,0.4958309233188629,0.48376479744911194,0.449925035238266,0.5067956447601318,0.43480852246284485,0.46104276180267334,0.4384874403476715,0.45214465260505676,0.3302868604660034,0.4481428265571594,0.2637387812137604,0.4469062387943268,0.21376721560955048,0.4897206723690033,0.4424542188644409,0.5020853877067566,0.36280557513237,0.5060510039329529,0.4007645547389984,0.5056962370872498,0.4300747513771057,0.5171417593955994,0.45699068903923035,0.5305301547050476,0.38009124994277954,0.5285584926605225,0.41085630655288696,0.523729681968689,0.4409400522708893,0.5419121384620667,0.4715426564216614,0.5607120394706726,0.38869670033454895,0.5743023157119751,0.34263908863067627,0.5846890211105347,0.29900333285331726,rockandroll,02024,C:/Users/Javier/PIDS_HandPose/work/HAR_mediapipe/data/gestos_pids/train//rockandroll/rockandroll_02024.jpg
0.42353105545043945,0.6591432094573975,0.3929869830608368,0.5893996357917786,0.3907948136329651,0.5148241519927979,0.41396573185920715,0.4711112976074219,0.43788760900497437,0.4592313766479492,0.38455498218536377,0.46696874499320984,0.3778497874736786,0.35751986503601074,0.3743651509284973,0.2916629910469055,0.3727554678916931,0.24116764962673187,0.4141988456249237,0.4729587435722351,0.42877379059791565,0.38434574007987976,0.4320012629032135,0.4228877127170563,0.4308817684650421,0.4535440504550934,0.44292590022087097,0.48761436343193054,0.4578169882297516,0.40750375390052795,0.45575547218322754,0.4390065371990204,0.4499509036540985,0.4689456522464752,0.46890339255332947,0.5008769035339355,0.48572349548339844,0.41534027457237244,0.49727314710617065,0.3694572448730469,0.5053918361663818,0.32616329193115234,rockandroll,02025,C:/Users/Javier/PIDS_HandPose/work/HAR_mediapipe/data/gestos_pids/train//rockandroll/rockandroll_02025.jpg
0.3654596209526062,0.7122016549110413,0.3325864374637604,0.6527652740478516,0.32422754168510437,0.5746533870697021,0.3460019528865814,0.5220699310302734,0.3665156066417694,0.5070799589157104,0.31217288970947266,0.5373883843421936,0.3051336407661438,0.4213661551475525,0.3013918399810791,0.35351991653442383,0.296506404876709,0.30201256275177,0.34368637204170227,0.5430994629859924,0.3602973222732544,0.4428586959838867,0.36867859959602356,0.48776480555534363,0.36699727177619934,0.5211937427520752,0.37529414892196655,0.5552372932434082,0.389311820268631,0.4641920030117035,0.39369168877601624,0.49969300627708435,0.3895159959793091,0.534274697303772,0.405156672000885,0.5630113482475281,0.41675710678100586,0.47473764419555664,0.4270890951156616,0.42470020055770874,0.4340308606624603,0.37780123949050903,rockandroll,02026,C:/Users/Javier/PIDS_HandPose/work/HAR_mediapipe/data/gestos_pids/train//rockandroll/rockandroll_02026.jpg
0.4046001732349396,0.6975574493408203,0.3756128251552582,0.6317311525344849,0.3728491961956024,0.5549344420433044,0.392986536026001,0.5051648020744324,0.41076672077178955,0.48194628953933716,0.36277079582214355,0.5158380270004272,0.35973691940307617,0.40043437480926514,0.3566322922706604,0.3301403522491455,0.3542594313621521,0.27840638160705566,0.3920428156852722,0.5248147249221802,0.41096529364585876,0.4245789647102356,0.41596657037734985,0.4641106426715851,0.4147927463054657,0.4954187870025635,0.4219319224357605,0.5389529466629028,0.44004037976264954,0.44939571619033813,0.4401775002479553,0.48746031522750854,0.4348599314689636,0.5218377709388733,0.450765460729599,0.5501198172569275,0.46494176983833313,0.4650471806526184,0.47676947712898254,0.4184225797653198,0.48568227887153625,0.3738365173339844,rockandroll,02027,C:/Users/Javier/PIDS_HandPose/work/HAR_mediapipe/data/gestos_pids/train//rockandroll/rockandroll_02027.jpg
0.36770114302635193,0.6850313544273376,0.3366847038269043,0.6204098463058472,0.331289678812027,0.5397107005119324,0.35592401027679443,0.48794013261795044,0.3807843327522278,0.47132498025894165,0.3200256824493408,0.5037150979042053,0.31889402866363525,0.3832424283027649,0.3193073868751526,0.3142940402030945,0.31874993443489075,0.26025816798210144,0.3510802984237671,0.5126200318336487,0.37449851632118225,0.4091225266456604,0.38251790404319763,0.45254307985305786,0.37966302037239075,0.4873170554637909,0.3828331232070923,0.5260114073753357,0.4030011296272278,0.4286354184150696,0.40710046887397766,0.4654536545276642,0.40254297852516174,0.5001944899559021,0.4128623306751251,0.5356407761573792,0.4263092577457428,0.44602087140083313,0.43663468956947327,0.39854195713996887,0.44355741143226624,0.3535134494304657,rockandroll,02028,C:/Users/Javier/PIDS_HandPose/work/HAR_mediapipe/data/gestos_pids/train//rockandroll/rockandroll_02028.jpg
0.3445482552051544,0.7319769859313965,0.3150750696659088,0.6667646169662476,0.31503522396087646,0.5874029397964478,0.34139665961265564,0.5369481444358826,0.36739829182624817,0.5194201469421387,0.297491192817688,0.5548155307769775,0.29727381467819214,0.43442174792289734,0.3001534342765808,0.3654446005821228,0.30100196599960327,0.312227725982666,0.3273177742958069,0.5638877153396606,0.3533470034599304,0.46489691734313965,0.36183473467826843,0.5041216015815735,0.3578335642814636,0.5399696230888367,0.3592210114002228,0.5759708881378174,0.38087692856788635,0.4797297716140747,0.3856598138809204,0.5139586329460144,0.3805142939090729,0.5474749803543091,0.38917288184165955,0.584405779838562,0.4006372094154358,0.49578043818473816,0.40977945923805237,0.44867274165153503,0.41465169191360474,0.4044189751148224,rockandroll,02029,C:/Users/Javier/PIDS_HandPose/work/HAR_mediapipe/data/gestos_pids/train//rockandroll/rockandroll_02029.jpg
0.33786484599113464,0.7253429889678955,0.30685269832611084,0.6654205918312073,0.3018241822719574,0.5869866609573364,0.3289352059364319,0.5401812195777893,0.3559032082557678,0.5283096432685852,0.2871634364128113,0.5522199869155884,0.2855924367904663,0.43146374821662903,0.28677046298980713,0.36287766695022583,0.285564661026001,0.30926740169525146,0.31678342819213867,0.5604730248451233,0.34120503067970276,0.4588233232498169,0.35106536746025085,0.5007298588752747,0.3485111594200134,0.5360895991325378,0.348173052072525,0.5701926946640015,0.3700733780860901,0.4750369191169739,0.3760790228843689,0.5094253420829773,0.3720535933971405,0.5428970456123352,0.37892043590545654,0.5745701193809509,0.3894381523132324,0.4874061346054077,0.39752230048179626,0.4405338764190674,0.40247488021850586,0.3946671783924103,rockandroll,02030,C:/Users/Javier/PIDS_HandPose/work/HAR_mediapipe/data/gestos_pids/train//rockandroll/rockandroll_02030.jpg
0.39667701721191406,0.854587197303772,0.3540961444377899,0.7361594438552856,0.3557233214378357,0.6252493858337402,0.3910476565361023,0.5586612820625305,0.42737555503845215,0.5322743058204651,0.3436482846736908,0.561055064201355,0.35100680589675903,0.3808797597885132,0.3584355413913727,0.2838159203529358,0.365714430809021,0.2112709879875183,0.3874931037425995,0.5757429599761963,0.42302411794662476,0.42363065481185913,0.42796263098716736,0.47939175367355347,0.4232429563999176,0.5306134819984436,0.4317685663700104,0.6017417311668396,0.46292898058891296,0.4563310444355011,0.4616704285144806,0.5098678469657898,0.45407357811927795,0.5602288246154785,0.47249990701675415,0.6226195693016052,0.5001962780952454,0.4881190061569214,0.5199230313301086,0.41675853729248047,0.5341156721115112,0.34834861755371094,rockandroll,02031,C:/Users/Javier/PIDS_HandPose/work/HAR_mediapipe/data/gestos_pids/train//rockandroll/rockandroll_02031.jpg
0.4365057349205017,0.7786595821380615,0.4018690884113312,0.6665816307067871,0.40607577562332153,0.5645233392715454,0.4381089210510254,0.5003791451454163,0.46929410099983215,0.4734926223754883,0.3999277651309967,0.5044464468955994,0.4057256281375885,0.34091949462890625,0.4135191738605499,0.25142017006874084,0.421364426612854,0.18598604202270508,0.43879976868629456,0.5185725688934326,0.47443342208862305,0.3880215287208557,0.47665148973464966,0.4373917579650879,0.47032055258750916,0.4830852150917053,0.47763869166374207,0.5450250506401062,0.5073532462120056,0.4187820553779602,0.5029070973396301,0.46369481086730957,0.4933839738368988,0.5063963532447815,0.5128244757652283,0.5709874033927917,0.54545658826828,0.45469042658805847,0.5681597590446472,0.39331889152526855,0.58428955078125,0.3339952528476715,rockandroll,02032,C:/Users/Javier/PIDS_HandPose/work/HAR_mediapipe/data/gestos_pids/train//rockandroll/rockandroll_02032.jpg
0.43169304728507996,0.7588391900062561,0.39469286799430847,0.6678300499916077,0.3939967453479767,0.5709555149078369,0.42160099744796753,0.5127933621406555,0.4491853415966034,0.49050021171569824,0.3925500810146332,0.5218652486801147,0.39336884021759033,0.37646305561065674,0.39544352889060974,0.296026349067688,0.3997103273868561,0.23760458827018738,0.4297640323638916,0.5382202863693237,0.4516465365886688,0.41548222303390503,0.4514782428741455,0.46061456203460693,0.44952312111854553,0.4968376159667969,0.4657337963581085,0.5608811378479004,0.4857783913612366,0.44271451234817505,0.47995343804359436,0.4811144769191742,0.4720364809036255,0.5210766792297363,0.4981471300125122,0.5769187808036804,0.5213056802749634,0.4679449796676636,0.5378514528274536,0.4063297510147095,0.5513216257095337,0.3457346558570862,rockandroll,02033,C:/Users/Javier/PIDS_HandPose/work/HAR_mediapipe/data/gestos_pids/train//rockandroll/rockandroll_02033.jpg
0.42643073201179504,0.77299565076828,0.3935180902481079,0.6727773547172546,0.398725688457489,0.5821847915649414,0.427493691444397,0.528130829334259,0.4561847150325775,0.5076649188995361,0.397877037525177,0.5268148183822632,0.402145117521286,0.3829987049102783,0.40779224038124084,0.3047139346599579,0.4154292345046997,0.24734961986541748,0.4325143098831177,0.5427738428115845,0.45889678597450256,0.4267987608909607,0.45751357078552246,0.46988576650619507,0.4520420432090759,0.5099126100540161,0.46654966473579407,0.566779375076294,0.4907677471637726,0.45128148794174194,0.48672619462013245,0.49050331115722656,0.4797014594078064,0.5306984782218933,0.49690061807632446,0.5856993198394775,0.5197743773460388,0.4740596115589142,0.533332884311676,0.4172651469707489,0.543651819229126,0.36452555656433105,rockandroll,02034,C:/Users/Javier/PIDS_HandPose/work/HAR_mediapipe/data/gestos_pids/train//rockandroll/rockandroll_02034.jpg
0.4058036804199219,0.7795171141624451,0.372532457113266,0.6829295754432678,0.37557563185691833,0.5904374718666077,0.4064818024635315,0.5414490103721619,0.4379001259803772,0.5259765386581421,0.3679640293121338,0.540662407875061,0.3754429519176483,0.3948820233345032,0.3854120671749115,0.31346654891967773,0.39459773898124695,0.25272926688194275,0.40557605028152466,0.558355450630188,0.4375922977924347,0.44006454944610596,0.4424244165420532,0.4918418526649475,0.4382578432559967,0.5337210893630981,0.44183239340782166,0.5821806788444519,0.47162359952926636,0.47039175033569336,0.471052348613739,0.5154309868812561,0.46319112181663513,0.557171106338501,0.47523850202560425,0.6002111434936523,0.5020374655723572,0.49100208282470703,0.5185873508453369,0.431485652923584,0.5305272936820984,0.3745827078819275,rockandroll,02035,C:/Users/Javier/PIDS_HandPose/work/HAR_mediapipe/data/gestos_pids/train//rockandroll/rockandroll_02035.jpg
0.270222544670105,0.8005528450012207,0.23875294625759125,0.7137370109558105,0.24026654660701752,0.6144588589668274,0.2713475227355957,0.5519407987594604,0.3051074743270874,0.5262002944946289,0.2206251621246338,0.5598950386047363,0.23230460286140442,0.40752503275871277,0.24530288577079773,0.32972776889801025,0.25534743070602417,0.2719332277774811,0.2544056475162506,0.5709864497184753,0.29615557193756104,0.4518541395664215,0.3063201606273651,0.502787172794342,0.3000318109989166,0.5467503070831299,0.29258450865745544,0.5886126160621643,0.3286426365375519,0.47003889083862305,0.333089679479599,0.5159180760383606,0.32551416754722595,0.556060254573822,0.328341007232666,0.5999774932861328,0.3459194004535675,0.49390095472335815,0.36011815071105957,0.43583962321281433,0.36961132287979126,0.37923717498779297,rockandroll,02036,C:/Users/Javier/PIDS_HandPose/work/HAR_mediapipe/data/gestos_pids/train//rockandroll/rockandroll_02036.jpg
0.2800532877445221,0.7421266436576843,0.2513338625431061,0.6643697023391724,0.2512282431125641,0.5735849738121033,0.2779073119163513,0.5168333053588867,0.30683213472366333,0.4944891035556793,0.23790797591209412,0.5124513506889343,0.24770709872245789,0.3748489022254944,0.2609288990497589,0.3026796281337738,0.2710103690624237,0.2526108920574188,0.2675625681877136,0.5220571756362915,0.3084273934364319,0.4214215576648712,0.31707674264907837,0.47175344824790955,0.3105464577674866,0.5113406181335449,0.30276504158973694,0.538955569267273,0.3392789661884308,0.43947166204452515,0.34100520610809326,0.48700228333473206,0.3331797122955322,0.5268263220787048,0.337374210357666,0.5488128662109375,0.3611184060573578,0.4575032889842987,0.3785759508609772,0.410978764295578,0.3916094899177551,0.3639976978302002,rockandroll,02037,C:/Users/Javier/PIDS_HandPose/work/HAR_mediapipe/data/gestos_pids/train//rockandroll/rockandroll_02037.jpg
0.4416680335998535,0.7569533586502075,0.40806055068969727,0.6526204943656921,0.4101880192756653,0.5579221248626709,0.43741875886917114,0.492990106344223,0.4645940661430359,0.46248799562454224,0.40533125400543213,0.48695850372314453,0.4097573161125183,0.3393784463405609,0.41734176874160767,0.25775769352912903,0.4254242181777954,0.19803234934806824,0.44312340021133423,0.4988938271999359,0.4712112545967102,0.3841856122016907,0.4758577346801758,0.43134060502052307,0.47256001830101013,0.4692983329296112,0.47965434193611145,0.5240735411643982,0.50441974401474,0.41562944650650024,0.5024830102920532,0.4565204679965973,0.49601301550865173,0.4957478642463684,0.5124927759170532,0.5471639633178711,0.5440969467163086,0.4366936683654785,0.5628114342689514,0.3807836174964905,0.5764012336730957,0.32779014110565186,rockandroll,02038,C:/Users/Javier/PIDS_HandPose/work/HAR_mediapipe/data/gestos_pids/train//rockandroll/rockandroll_02038.jpg
0.5390874147415161,0.8780311942100525,0.48384273052215576,0.7696331739425659,0.4754352867603302,0.6627342104911804,0.5020458102226257,0.596523642539978,0.5304069519042969,0.5657843947410583,0.48811984062194824,0.5865030884742737,0.46926915645599365,0.4258033037185669,0.4595065712928772,0.3252985179424286,0.45625966787338257,0.2513110637664795,0.534217119216919,0.5921960473060608,0.5308915972709656,0.4537458121776581,0.5250370502471924,0.5066474676132202,0.523652195930481,0.5525409579277039,0.5727128982543945,0.6114203929901123,0.5677595734596252,0.4774218201637268,0.5597569942474365,0.5211672782897949,0.5560328364372253,0.5647343993186951,0.6049789786338806,0.6334169507026672,0.6205020546913147,0.4978030323982239,0.6354815363883972,0.426238477230072,0.6484478116035461,0.3582492470741272,rockandroll,02040,C:/Users/Javier/PIDS_HandPose/work/HAR_mediapipe/data/gestos_pids/train//rockandroll/rockandroll_02040.jpg
0.5350009799003601,0.8351424932479858,0.4901167154312134,0.7195013761520386,0.4875730276107788,0.6202787160873413,0.5094567537307739,0.5544811487197876,0.532454252243042,0.5216055512428284,0.5016762018203735,0.5542769432067871,0.49036210775375366,0.4045659005641937,0.4815830588340759,0.32581326365470886,0.4819420278072357,0.2732524573802948,0.5448839068412781,0.555387556552887,0.5396139621734619,0.407551109790802,0.5280813574790955,0.440845787525177,0.5243659615516663,0.48949262499809265,0.5824835300445557,0.5725817680358887,0.5731388926506042,0.4354490041732788,0.556474506855011,0.4606999158859253,0.5492234826087952,0.49202725291252136,0.6137404441833496,0.59968501329422,0.6195259690284729,0.47249749302864075,0.6072351336479187,0.4186326265335083,0.5937197208404541,0.3752385675907135,rockandroll,02041,C:/Users/Javier/PIDS_HandPose/work/HAR_mediapipe/data/gestos_pids/train//rockandroll/rockandroll_02041.jpg
0.5379438996315002,0.8364863395690918,0.5232247710227966,0.7412400841712952,0.5216660499572754,0.6395551562309265,0.5351304411888123,0.5603842735290527,0.5387906432151794,0.5180161595344543,0.5255327224731445,0.560698926448822,0.5235358476638794,0.4219897985458374,0.522856593132019,0.34491539001464844,0.5265266299247742,0.2956562936306,0.5551867485046387,0.5608564019203186,0.5556807518005371,0.4326481223106384,0.5491585731506348,0.4713435173034668,0.5457912683486938,0.5167509317398071,0.5780817270278931,0.5819525122642517,0.5815483331680298,0.46044230461120605,0.5737336874008179,0.49847131967544556,0.5676514506340027,0.5398375988006592,0.599021315574646,0.6121933460235596,0.627066433429718,0.49057289958000183,0.6453978419303894,0.4175282120704651,0.6611512899398804,0.34511977434158325,rockandroll,02042,C:/Users/Javier/PIDS_HandPose/work/HAR_mediapipe/data/gestos_pids/train//rockandroll/rockandroll_02042.jpg
0.5391067266464233,0.8260464668273926,0.5934020280838013,0.7664588689804077,0.6246196627616882,0.6728776097297668,0.6339346766471863,0.5808411240577698,0.5975435972213745,0.5335136651992798,0.6104190349578857,0.5456727147102356,0.6367325186729431,0.43130946159362793,0.6623360514640808,0.3539399802684784,0.674226701259613,0.292444109916687,0.5819863080978394,0.5436436533927917,0.6106602549552917,0.4706506133079529,0.607301652431488,0.5716628432273865,0.6018965244293213,0.6134536862373352,0.5543414354324341,0.5534464716911316,0.5731074810028076,0.4804455041885376,0.5936347842216492,0.5853302478790283,0.596474289894104,0.6531494855880737,0.5253428816795349,0.5736957788467407,0.5052261352539062,0.4718022048473358,0.5015734434127808,0.41147592663764954,0.494304895401001,0.33833152055740356,rockandroll,02043,C:/Users/Javier/PIDS_HandPose/work/HAR_mediapipe/data/gestos_pids/train//rockandroll/rockandroll_02043.jpg
0.5044454336166382,0.7294250130653381,0.5523695349693298,0.6889297366142273,0.5832334160804749,0.5979039669036865,0.5898073315620422,0.508945882320404,0.5602051615715027,0.45977315306663513,0.5762149691581726,0.48949795961380005,0.6034114956855774,0.3839592933654785,0.6260548830032349,0.3139459490776062,0.6400109529495239,0.2549245059490204,0.5489609241485596,0.484152227640152,0.5717847347259521,0.41986891627311707,0.5694955587387085,0.5109373927116394,0.5615625977516174,0.5648844838142395,0.5213033556938171,0.4902772009372711,0.5380831360816956,0.4194358289241791,0.5553258657455444,0.5081796050071716,0.5582093596458435,0.570744514465332,0.4944097697734833,0.5067612528800964,0.4785323739051819,0.4121391475200653,0.4734655022621155,0.3570443391799927,0.4665217399597168,0.29118794202804565,rockandroll,02044,C:/Users/Javier/PIDS_HandPose/work/HAR_mediapipe/data/gestos_pids/train//rockandroll/rockandroll_02044.jpg
0.35088664293289185,0.7564452290534973,0.39105698466300964,0.6909646987915039,0.4083096981048584,0.6025294661521912,0.39206743240356445,0.5252178907394409,0.3660493791103363,0.4777381420135498,0.40557605028152466,0.5070952773094177,0.432381272315979,0.3941749036312103,0.44712889194488525,0.32594552636146545,0.45423153042793274,0.2722511291503906,0.3751884400844574,0.5029921531677246,0.3868992030620575,0.437328964471817,0.38494035601615906,0.5242770910263062,0.3867906630039215,0.5617076754570007,0.3472561240196228,0.5118778347969055,0.35065457224845886,0.4512074589729309,0.36220264434814453,0.5388780832290649,0.3659135103225708,0.5927429795265198,0.31854552030563354,0.5285436511039734,0.2980472147464752,0.44017916917800903,0.28811341524124146,0.3924671709537506,0.2794744670391083,0.3355458378791809,rockandroll,02045,C:/Users/Javier/PIDS_HandPose/work/HAR_mediapipe/data/gestos_pids/train//rockandroll/rockandroll_02045.jpg
0.33783814311027527,0.7688852548599243,0.37688973546028137,0.7007031440734863,0.3924529552459717,0.6138678193092346,0.374896377325058,0.5370388627052307,0.34778356552124023,0.4901520013809204,0.39289408922195435,0.5236689448356628,0.4174647927284241,0.41196730732917786,0.43238213658332825,0.3420250713825226,0.44044315814971924,0.290688157081604,0.3620780408382416,0.5177585482597351,0.3722641170024872,0.4448988139629364,0.3681749999523163,0.5307415723800659,0.37036365270614624,0.5640321969985962,0.3340921401977539,0.5249589681625366,0.33501091599464417,0.45653200149536133,0.34491780400276184,0.5425699949264526,0.3482140004634857,0.5993701815605164,0.30448850989341736,0.5430598855018616,0.28300780057907104,0.4576457440853119,0.2712124288082123,0.4080927073955536,0.26144176721572876,0.35040220618247986,rockandroll,02046,C:/Users/Javier/PIDS_HandPose/work/HAR_mediapipe/data/gestos_pids/train//rockandroll/rockandroll_02046.jpg
0.32931095361709595,0.7723143100738525,0.36511263251304626,0.709063708782196,0.38025718927383423,0.6215507388114929,0.36548298597335815,0.5428548455238342,0.33633100986480713,0.49987533688545227,0.382041335105896,0.5400295257568359,0.4053484797477722,0.42806732654571533,0.42019250988960266,0.3562857508659363,0.4285629689693451,0.30542099475860596,0.35146093368530273,0.5326682329177856,0.3599570095539093,0.466697096824646,0.35683774948120117,0.5459120869636536,0.3598272502422333,0.5715160965919495,0.32436808943748474,0.536675751209259,0.3246113359928131,0.464287132024765,0.3342033326625824,0.5459150075912476,0.3370310664176941,0.6034917831420898,0.2957838475704193,0.5514333248138428,0.27438992261886597,0.4690879285335541,0.26200270652770996,0.4182381331920624,0.2516246736049652,0.3617345690727234,rockandroll,02047,C:/Users/Javier/PIDS_HandPose/work/HAR_mediapipe/data/gestos_pids/train//rockandroll/rockandroll_02047.jpg
0.33479058742523193,0.7675119638442993,0.3744874894618988,0.714616060256958,0.3938297629356384,0.6216888427734375,0.38445228338241577,0.5432018637657166,0.35269850492477417,0.5000495314598083,0.3912911117076874,0.529379665851593,0.4104709327220917,0.4218965470790863,0.4234412908554077,0.35105615854263306,0.4295729994773865,0.2968333661556244,0.36155205965042114,0.5250476002693176,0.3737853467464447,0.4593468904495239,0.3713729679584503,0.5448480248451233,0.3726581335067749,0.5769744515419006,0.3341674208641052,0.5332757830619812,0.3389984667301178,0.47388961911201477,0.34935683012008667,0.5583921670913696,0.35152947902679443,0.6106057167053223,0.3061981797218323,0.5474108457565308,0.29285573959350586,0.460186243057251,0.2856278121471405,0.40914231538772583,0.27788060903549194,0.3492385149002075,rockandroll,02048,C:/Users/Javier/PIDS_HandPose/work/HAR_mediapipe/data/gestos_pids/train//rockandroll/rockandroll_02048.jpg
0.3330669403076172,0.7593629360198975,0.3722343146800995,0.7030819058418274,0.3906209468841553,0.614304780960083,0.3782780170440674,0.5392628312110901,0.35042014718055725,0.49486246705055237,0.3924078345298767,0.5244218707084656,0.41100531816482544,0.41710299253463745,0.4235048294067383,0.348818302154541,0.4306730329990387,0.2977686822414398,0.36252841353416443,0.5200976729393005,0.37306585907936096,0.45470505952835083,0.3695879876613617,0.5375787615776062,0.3710837960243225,0.5727689266204834,0.33480143547058105,0.5275237560272217,0.3376888036727905,0.4668210446834564,0.3458930253982544,0.5494643449783325,0.3484894633293152,0.6013224720954895,0.3062216639518738,0.5413973927497864,0.2937222719192505,0.45769399404525757,0.2857232689857483,0.40735435485839844,0.27827662229537964,0.3475101888179779,rockandroll,02049,C:/Users/Javier/PIDS_HandPose/work/HAR_mediapipe/data/gestos_pids/train//rockandroll/rockandroll_02049.jpg
0.2972005605697632,0.7482222318649292,0.3314274251461029,0.6965714693069458,0.34651750326156616,0.6119176745414734,0.3282758593559265,0.540496289730072,0.30089500546455383,0.5006683468818665,0.346621572971344,0.5217778086662292,0.3622577488422394,0.4204089939594269,0.37267768383026123,0.3555481433868408,0.37737536430358887,0.2994670271873474,0.31653696298599243,0.5183930397033691,0.32137301564216614,0.45736420154571533,0.32432207465171814,0.5331006646156311,0.3249017000198364,0.5744040608406067,0.2871686816215515,0.5286940932273865,0.2859015166759491,0.48012930154800415,0.30023980140686035,0.5536040663719177,0.3063024878501892,0.5983279347419739,0.2573515474796295,0.5437917113304138,0.2426210641860962,0.46089452505111694,0.23599177598953247,0.41853734850883484,0.2287844717502594,0.3630295395851135,rockandroll,02050,C:/Users/Javier/PIDS_HandPose/work/HAR_mediapipe/data/gestos_pids/train//rockandroll/rockandroll_02050.jpg
0.27862200140953064,0.7454403638839722,0.3101935088634491,0.6914641261100769,0.3238281011581421,0.6082384586334229,0.30393481254577637,0.5375656485557556,0.27761632204055786,0.49957334995269775,0.32919439673423767,0.5231333374977112,0.3432179391384125,0.4259316921234131,0.35339969396591187,0.3607212007045746,0.35749363899230957,0.3074498772621155,0.2982997000217438,0.518447756767273,0.3015192449092865,0.4557565450668335,0.30139076709747314,0.5329337120056152,0.3032349944114685,0.5649396181106567,0.27005136013031006,0.5290272831916809,0.2678838074207306,0.4734055995941162,0.27817466855049133,0.5525960326194763,0.28155022859573364,0.5985363721847534,0.24088090658187866,0.5480653047561646,0.22629255056381226,0.46600285172462463,0.21831081807613373,0.42076483368873596,0.20943716168403625,0.3622438311576843,rockandroll,02051,C:/Users/Javier/PIDS_HandPose/work/HAR_mediapipe/data/gestos_pids/train//rockandroll/rockandroll_02051.jpg
0.28622716665267944,0.7362715601921082,0.31882408261299133,0.6856306791305542,0.3347690999507904,0.6025024652481079,0.315186083316803,0.5307724475860596,0.2881711721420288,0.49345019459724426,0.3372451663017273,0.5220335125923157,0.3532926142215729,0.42456620931625366,0.36343666911125183,0.3627294600009918,0.36846429109573364,0.3082819879055023,0.3079529404640198,0.5155157446861267,0.31276726722717285,0.45150405168533325,0.3146743178367615,0.5236247777938843,0.31483566761016846,0.5639235973358154,0.2794789969921112,0.5240561366081238,0.2795083224773407,0.47128310799598694,0.2902234196662903,0.5436875224113464,0.2935812175273895,0.58742356300354,0.25047749280929565,0.5393713116645813,0.23647314310073853,0.4603113532066345,0.23000863194465637,0.4186035990715027,0.22300750017166138,0.3636394143104553,rockandroll,02052,C:/Users/Javier/PIDS_HandPose/work/HAR_mediapipe/data/gestos_pids/train//rockandroll/rockandroll_02052.jpg
0.33427637815475464,0.7096933722496033,0.31572338938713074,0.6578461527824402,0.30876702070236206,0.5710424780845642,0.33407649397850037,0.5156017541885376,0.3511406481266022,0.5040295720100403,0.29170793294906616,0.5298784375190735,0.2973129451274872,0.4109528660774231,0.30383527278900146,0.3419607877731323,0.3055926561355591,0.2887980043888092,0.3122023344039917,0.5490591526031494,0.35506197810173035,0.45488083362579346,0.3613276183605194,0.5075631737709045,0.3526337742805481,0.5370402336120605,0.3385816216468811,0.5693669319152832,0.3792637586593628,0.48313838243484497,0.3809436857700348,0.5244095325469971,0.3696525990962982,0.5562804937362671,0.3689350187778473,0.5803708434104919,0.38985762000083923,0.49800533056259155,0.4035673141479492,0.45185786485671997,0.4142095744609833,0.4053886830806732,rockandroll,02053,C:/Users/Javier/PIDS_HandPose/work/HAR_mediapipe/data/gestos_pids/train//rockandroll/rockandroll_02053.jpg
0.7241756319999695,0.7775107622146606,0.6806848645210266,0.7241766452789307,0.6640650629997253,0.6174566745758057,0.6874669194221497,0.5373401045799255,0.7231237888336182,0.5079299211502075,0.6710942983627319,0.5146846771240234,0.6480945348739624,0.40207144618034363,0.6305888891220093,0.3302386403083801,0.6220595836639404,0.26512300968170166,0.7052466869354248,0.5190010666847229,0.6935231685638428,0.46204328536987305,0.6839146018028259,0.5359621644020081,0.6842401027679443,0.5771753191947937,0.7389050722122192,0.5367488265037537,0.7336621880531311,0.5016088485717773,0.7202610373497009,0.5706505179405212,0.714698076248169,0.6113219857215881,0.7689110040664673,0.5580484867095947,0.7664159536361694,0.4563494622707367,0.76740562915802,0.3958560824394226,0.7723098993301392,0.34016990661621094,rockandroll,02054,C:/Users/Javier/PIDS_HandPose/work/HAR_mediapipe/data/gestos_pids/train//rockandroll/rockandroll_02054.jpg
0.7329840660095215,0.7921132445335388,0.6946879625320435,0.7435877919197083,0.6854936480522156,0.6431715488433838,0.7115951180458069,0.562974214553833,0.7449613213539124,0.5256790518760681,0.6859496831893921,0.5531502366065979,0.6839908957481384,0.4851646423339844,0.6837376356124878,0.5455641150474548,0.6861082911491394,0.5811099410057068,0.7168043851852417,0.5530977249145508,0.7175980806350708,0.4843077063560486,0.7118504047393799,0.5615553259849548,0.7092594504356384,0.5911102890968323,0.7460768818855286,0.5613040924072266,0.7478790879249573,0.47724467515945435,0.7435209155082703,0.4857601821422577,0.7406625151634216,0.47021937370300293,0.7721429467201233,0.5724874138832092,0.7684715986251831,0.4717452824115753,0.7640652656555176,0.42027899622917175,0.7611917853355408,0.3602687418460846,rockandroll,02055,C:/Users/Javier/PIDS_HandPose/work/HAR_mediapipe/data/gestos_pids/train//rockandroll/rockandroll_02055.jpg
0.7498518228530884,0.8000779747962952,0.710878312587738,0.7600839734077454,0.7057769894599915,0.6555519104003906,0.7365383505821228,0.5759526491165161,0.766147792339325,0.5360122919082642,0.6957939863204956,0.5626789927482605,0.6744998693466187,0.45490193367004395,0.6626892685890198,0.3905443847179413,0.6537649035453796,0.3307682275772095,0.7269295454025269,0.5591983199119568,0.718938946723938,0.49439936876296997,0.7202648520469666,0.5645025372505188,0.7189812660217285,0.6064485311508179,0.7595123052597046,0.5668595433235168,0.7623921036720276,0.5218282341957092,0.7590121626853943,0.5941308736801147,0.7516323924064636,0.6394867300987244,0.7917190194129944,0.576796293258667,0.7928064465522766,0.48157235980033875,0.797976016998291,0.4265757203102112,0.8004292845726013,0.36886298656463623,rockandroll,02056,C:/Users/Javier/PIDS_HandPose/work/HAR_mediapipe/data/gestos_pids/train//rockandroll/rockandroll_02056.jpg
0.7509592771530151,0.8292858004570007,0.7108497023582458,0.7855488061904907,0.7065882086753845,0.6800752282142639,0.7393775582313538,0.6017399430274963,0.7713236212730408,0.5661815404891968,0.700913667678833,0.590590238571167,0.6786860823631287,0.4802635908126831,0.6656996607780457,0.41170573234558105,0.656786322593689,0.35155266523361206,0.7323110103607178,0.5894022583961487,0.7264909744262695,0.5238046646118164,0.7240117192268372,0.5941686034202576,0.7211337685585022,0.6414631009101868,0.7647489905357361,0.5979127287864685,0.765849232673645,0.551585853099823,0.756868302822113,0.6182804703712463,0.7468486428260803,0.662257969379425,0.795714259147644,0.6085787415504456,0.7983461618423462,0.5058900117874146,0.8004062175750732,0.4483242630958557,0.8006101846694946,0.3907472491264343,rockandroll,02057,C:/Users/Javier/PIDS_HandPose/work/HAR_mediapipe/data/gestos_pids/train//rockandroll/rockandroll_02057.jpg
0.7600259184837341,0.8533447980880737,0.7189615368843079,0.7297090291976929,0.7065851092338562,0.6484317183494568,0.6964281797409058,0.5918909907341003,0.6870836615562439,0.5494430661201477,0.7922757267951965,0.5524636507034302,0.7807335257530212,0.4320877194404602,0.772517204284668,0.3560982942581177,0.7694225907325745,0.2908782958984375,0.8087465763092041,0.5888986587524414,0.7187208533287048,0.5067533850669861,0.69500333070755,0.5784635543823242,0.7065709233283997,0.6272574067115784,0.7987848520278931,0.6397344470024109,0.7156798839569092,0.5652447938919067,0.7000695466995239,0.6268000602722168,0.7070008516311646,0.6766495108604431,0.773086667060852,0.6888211369514465,0.7408661842346191,0.605668842792511,0.7246710062026978,0.5415642261505127,0.7168310284614563,0.4863528907299042,rockandroll,02058,C:/Users/Javier/PIDS_HandPose/work/HAR_mediapipe/data/gestos_pids/train//rockandroll/rockandroll_02058.jpg
0.7302756905555725,0.7864944934844971,0.7572827339172363,0.6838658452033997,0.7547390460968018,0.5881590247154236,0.71990966796875,0.5378580689430237,0.6836342215538025,0.5213102698326111,0.7563391923904419,0.5417981743812561,0.7515353560447693,0.4054639935493469,0.7515695691108704,0.3193746507167816,0.7520303726196289,0.2527528703212738,0.718771755695343,0.5535292029380798,0.6927345991134644,0.47746747732162476,0.6917040348052979,0.5298912525177002,0.7056525349617004,0.5619356632232666,0.6839461922645569,0.5820124745368958,0.6610983610153198,0.5042334198951721,0.6628884077072144,0.5412781238555908,0.6727384328842163,0.5670416355133057,0.6485865116119385,0.61139315366745,0.6354219913482666,0.5021483898162842,0.6252669095993042,0.4474583566188812,0.6207089424133301,0.39494213461875916,rockandroll,02059,C:/Users/Javier/PIDS_HandPose/work/HAR_mediapipe/data/gestos_pids/train//rockandroll/rockandroll_02059.jpg
0.7282823324203491,0.8443622589111328,0.757361650466919,0.7363871335983276,0.7534027695655823,0.6346261501312256,0.7204866409301758,0.5806607007980347,0.6842995882034302,0.5599162578582764,0.7557995915412903,0.5871845483779907,0.7483339309692383,0.4384750425815582,0.7473226189613342,0.3467543125152588,0.7481865882873535,0.2760430872440338,0.7138600945472717,0.6012741327285767,0.688305139541626,0.5038631558418274,0.6889166831970215,0.5587307214736938,0.7032073140144348,0.5949718356132507,0.6762634515762329,0.6352789998054504,0.6591790318489075,0.5352063179016113,0.662712812423706,0.5782044529914856,0.6723740100860596,0.6110950708389282,0.6394780874252319,0.6699904799461365,0.6259468793869019,0.5519049167633057,0.6147705316543579,0.4945659339427948,0.6096950769424438,0.43761998414993286,rockandroll,02060,C:/Users/Javier/PIDS_HandPose/work/HAR_mediapipe/data/gestos_pids/train//rockandroll/rockandroll_02060.jpg
0.5107437372207642,1.0228230953216553,0.5638455152511597,0.8837504386901855,0.5612342953681946,0.744907796382904,0.5287585258483887,0.6578136086463928,0.4903916120529175,0.6096819043159485,0.5335009098052979,0.6690495610237122,0.5234705209732056,0.4664299488067627,0.5182389616966248,0.34404316544532776,0.5133036971092224,0.25289708375930786,0.4786401093006134,0.6832993030548096,0.4752292335033417,0.5367153882980347,0.4882337749004364,0.5938537120819092,0.5017071962356567,0.6410481333732605,0.4354674518108368,0.7221289873123169,0.44295382499694824,0.5859372615814209,0.4609471559524536,0.6295503377914429,0.47254785895347595,0.675068736076355,0.39794614911079407,0.7635114789009094,0.3782992362976074,0.6005191802978516,0.36674535274505615,0.5216904282569885,0.35943686962127686,0.45490825176239014,rockandroll,02061,C:/Users/Javier/PIDS_HandPose/work/HAR_mediapipe/data/gestos_pids/train//rockandroll/rockandroll_02061.jpg
0.40384557843208313,0.793687105178833,0.43401235342025757,0.6694049835205078,0.4314039349555969,0.5593242645263672,0.3962932229042053,0.4973514974117279,0.35888808965682983,0.4692254662513733,0.4107656180858612,0.48760855197906494,0.39754796028137207,0.321432501077652,0.39160922169685364,0.21725770831108093,0.3887041509151459,0.14092788100242615,0.36999186873435974,0.49879395961761475,0.3649102449417114,0.4208577871322632,0.3715589940547943,0.4732211232185364,0.38366255164146423,0.506610631942749,0.33649957180023193,0.5354549884796143,0.3360994756221771,0.47366949915885925,0.34711942076683044,0.510474681854248,0.35568755865097046,0.5393753051757812,0.30291879177093506,0.5813525319099426,0.28228914737701416,0.44985148310661316,0.2717965543270111,0.38926562666893005,0.2670636773109436,0.34278547763824463,rockandroll,02062,C:/Users/Javier/PIDS_HandPose/work/HAR_mediapipe/data/gestos_pids/train//rockandroll/rockandroll_02062.jpg
0.3999597132205963,0.8213459253311157,0.4247477948665619,0.691064178943634,0.4175558388233185,0.5859243869781494,0.380921334028244,0.5231088995933533,0.3456328511238098,0.4938246011734009,0.40594300627708435,0.5186597108840942,0.38899287581443787,0.35722535848617554,0.3793810307979584,0.2541346549987793,0.37369462847709656,0.17943397164344788,0.3648083806037903,0.5328866243362427,0.34860384464263916,0.4425184428691864,0.35515978932380676,0.49308738112449646,0.3700191080570221,0.5260937809944153,0.3316141366958618,0.571934700012207,0.3245660662651062,0.49804314970970154,0.33465224504470825,0.53062504529953,0.34474629163742065,0.5575451254844666,0.29640457034111023,0.619379460811615,0.2738168239593506,0.48948559165000916,0.26002469658851624,0.42913204431533813,0.2539787292480469,0.3821391463279724,rockandroll,02063,C:/Users/Javier/PIDS_HandPose/work/HAR_mediapipe/data/gestos_pids/train//rockandroll/rockandroll_02063.jpg
0.3426534831523895,0.8657543659210205,0.39190566539764404,0.7578967809677124,0.4072427749633789,0.6489577889442444,0.38697177171707153,0.5647113919258118,0.3574516773223877,0.515615701675415,0.40176111459732056,0.5850849747657776,0.4175302982330322,0.41546201705932617,0.42961037158966064,0.30969154834747314,0.43968987464904785,0.2299824357032776,0.3595237135887146,0.5790899991989136,0.3681095540523529,0.4637364149093628,0.36521416902542114,0.5131282806396484,0.37026357650756836,0.5524418950080872,0.3189076781272888,0.5934534072875977,0.33593642711639404,0.4954879879951477,0.3378196358680725,0.5291575193405151,0.33898210525512695,0.560824990272522,0.27851590514183044,0.6138877868652344,0.2856631278991699,0.4594056010246277,0.28679174184799194,0.38810980319976807,0.29192906618118286,0.3362022638320923,rockandroll,02064,C:/Users/Javier/PIDS_HandPose/work/HAR_mediapipe/data/gestos_pids/train//rockandroll/rockandroll_02064.jpg
0.5613143444061279,0.6761420369148254,0.5299684405326843,0.5451269149780273,0.48093700408935547,0.4999628961086273,0.43806177377700806,0.4924720525741577,0.4021734893321991,0.5197665095329285,0.4374393820762634,0.474162220954895,0.35045990347862244,0.42063838243484497,0.2937619090080261,0.38620930910110474,0.2523497939109802,0.3621090352535248,0.4211532771587372,0.5511202812194824,0.3678619861602783,0.5231595039367676,0.39565542340278625,0.5386980772018433,0.4220259189605713,0.5486493706703186,0.4185933470726013,0.6285895109176636,0.36803439259529114,0.5956043004989624,0.3938847482204437,0.6029351949691772,0.41605329513549805,0.608420193195343,0.41780585050582886,0.7016027569770813,0.3564436733722687,0.6879963278770447,0.3260175585746765,0.6965125799179077,0.29714706540107727,0.6957185864448547,rockandroll,02065,C:/Users/Javier/PIDS_HandPose/work/HAR_mediapipe/data/gestos_pids/train//rockandroll/rockandroll_02065.jpg
0.5137941241264343,0.6369408369064331,0.48451536893844604,0.5165964961051941,0.44183969497680664,0.46698254346847534,0.399468332529068,0.46121716499328613,0.365483820438385,0.4837268888950348,0.40126702189445496,0.4470626413822174,0.3184700608253479,0.38954269886016846,0.2661246955394745,0.3551234006881714,0.22798432409763336,0.33023664355278015,0.3864673674106598,0.5183730721473694,0.3368520438671112,0.4962227940559387,0.3646804690361023,0.5164896249771118,0.389987051486969,0.5221647620201111,0.3841376304626465,0.5918526649475098,0.33989816904067993,0.5650036931037903,0.3632674217224121,0.5768365263938904,0.38250836730003357,0.5824292898178101,0.38474518060684204,0.6601802110671997,0.3259626626968384,0.6483779549598694,0.2993673086166382,0.6566980481147766,0.2744687795639038,0.6522749066352844,rockandroll,02066,C:/Users/Javier/PIDS_HandPose/work/HAR_mediapipe/data/gestos_pids/train//rockandroll/rockandroll_02066.jpg
0.4753653407096863,0.7857663631439209,0.41811442375183105,0.8353534936904907,0.3599349856376648,0.8362853527069092,0.3243110775947571,0.7880933880805969,0.31007662415504456,0.7106685042381287,0.3335954248905182,0.7663549184799194,0.27364808320999146,0.770153284072876,0.2396303117275238,0.7730111479759216,0.20770582556724548,0.7527350187301636,0.3518839478492737,0.726498007774353,0.308106005191803,0.741222620010376,0.355866938829422,0.7766024470329285,0.37892934679985046,0.7659533619880676,0.3675599694252014,0.6873047947883606,0.3274863362312317,0.714669406414032,0.37561553716659546,0.7591093182563782,0.4056142568588257,0.7563652396202087,0.3781543970108032,0.6466625332832336,0.32996833324432373,0.6135295629501343,0.29856204986572266,0.5903701782226562,0.2678901255130768,0.553669810295105,rockandroll,02067,C:/Users/Javier/PIDS_HandPose/work/HAR_mediapipe/data/gestos_pids/train//rockandroll/rockandroll_02067.jpg
0.5094937682151794,0.7692168354988098,0.45494145154953003,0.8237676024436951,0.38343021273612976,0.8097118735313416,0.3387337327003479,0.7470813393592834,0.3292216956615448,0.6669510006904602,0.3556761145591736,0.7404120564460754,0.2875097393989563,0.7386358976364136,0.2466738373041153,0.7360482811927795,0.2136400043964386,0.7177425026893616,0.3690965175628662,0.697629451751709,0.3208227753639221,0.7025408744812012,0.36410489678382874,0.7370851635932922,0.3882787823677063,0.7372047901153564,0.38593000173568726,0.6552243232727051,0.34833139181137085,0.6707714200019836,0.4013728201389313,0.7161848545074463,0.43566083908081055,0.7247365713119507,0.40224698185920715,0.6138843894004822,0.34529662132263184,0.5776491761207581,0.31508055329322815,0.5488458871841431,0.2831040322780609,0.5098633766174316,rockandroll,02068,C:/Users/Javier/PIDS_HandPose/work/HAR_mediapipe/data/gestos_pids/train//rockandroll/rockandroll_02068.jpg
0.5130685567855835,0.7529618740081787,0.4609348177909851,0.8060165643692017,0.3872637152671814,0.7894588112831116,0.34268638491630554,0.7249640226364136,0.3337997496128082,0.6420543789863586,0.3584757149219513,0.7155507802963257,0.2891961336135864,0.7130144834518433,0.2469368726015091,0.709818422794342,0.21339808404445648,0.6931092739105225,0.3717380166053772,0.6722902655601501,0.322233647108078,0.6797839999198914,0.36394205689430237,0.7169644236564636,0.3876307010650635,0.721213698387146,0.3890865743160248,0.6302312612533569,0.3490069806575775,0.6411895751953125,0.40260398387908936,0.6902636885643005,0.4373975992202759,0.7039356231689453,0.40676069259643555,0.5884134769439697,0.3491293787956238,0.5471676588058472,0.3204737603664398,0.5158625841140747,0.2889665961265564,0.47440293431282043,rockandroll,02069,C:/Users/Javier/PIDS_HandPose/work/HAR_mediapipe/data/gestos_pids/train//rockandroll/rockandroll_02069.jpg
0.5171071887016296,0.7362682819366455,0.4700094163417816,0.6774999499320984,0.4474140405654907,0.5816123485565186,0.45681196451187134,0.5057660937309265,0.4922115206718445,0.46201395988464355,0.4658721387386322,0.45476335287094116,0.4310978353023529,0.33692413568496704,0.41183874011039734,0.26368772983551025,0.4038524031639099,0.19788765907287598,0.4995374083518982,0.45592236518859863,0.4702153205871582,0.4189818203449249,0.47540560364723206,0.5116012692451477,0.4884132146835327,0.5554314255714417,0.5336366891860962,0.47741106152534485,0.5038577914237976,0.461676687002182,0.49950942397117615,0.5544739365577698,0.5055693984031677,0.6034783124923706,0.5651237368583679,0.5030316114425659,0.5690123438835144,0.4062347412109375,0.5744590163230896,0.34131860733032227,0.5804377198219299,0.2729065716266632,rockandroll,02070,C:/Users/Javier/PIDS_HandPose/work/HAR_mediapipe/data/gestos_pids/train//rockandroll/rockandroll_02070.jpg
0.27621057629585266,0.6893919110298157,0.32853519916534424,0.6885417103767395,0.380219042301178,0.645795464515686,0.418907105922699,0.6061179637908936,0.4544205069541931,0.5828375816345215,0.366951048374176,0.5198215842247009,0.3931516706943512,0.42839673161506653,0.4104245901107788,0.3683736324310303,0.42355582118034363,0.31264662742614746,0.3306024968624115,0.4995397925376892,0.3383260667324066,0.454542875289917,0.32557162642478943,0.535176694393158,0.32098233699798584,0.5828559994697571,0.2936485707759857,0.49676600098609924,0.2979464530944824,0.4388001561164856,0.2930237352848053,0.5134266018867493,0.2938019931316376,0.5588123798370361,0.2580993175506592,0.504993200302124,0.2505476474761963,0.434709370136261,0.2457808256149292,0.4057483673095703,0.24707338213920593,0.3616877794265747,rockandroll,03001,C:/Users/Javier/PIDS_HandPose/work/HAR_mediapipe/data/gestos_pids/train//rockandroll/rockandroll_03001.jpg
0.31618380546569824,0.6008325815200806,0.36859774589538574,0.6107112169265747,0.4243358075618744,0.5775257349014282,0.46826645731925964,0.5476405024528503,0.5045143365859985,0.530789852142334,0.4156707525253296,0.44870272278785706,0.4470686614513397,0.35970741510391235,0.46661579608917236,0.30422505736351013,0.48196813464164734,0.2520568370819092,0.3803841173648834,0.4247761368751526,0.39174094796180725,0.3714837431907654,0.3786134123802185,0.4461697041988373,0.3702370822429657,0.49646371603012085,0.34455233812332153,0.41786131262779236,0.3523887097835541,0.352948933839798,0.3480834662914276,0.426383376121521,0.3464690148830414,0.4756641983985901,0.30914467573165894,0.4219311475753784,0.30197978019714355,0.3468382954597473,0.29891687631607056,0.30986329913139343,0.3026773929595947,0.26181939244270325,rockandroll,03002,C:/Users/Javier/PIDS_HandPose/work/HAR_mediapipe/data/gestos_pids/train//rockandroll/rockandroll_03002.jpg
0.28601354360580444,0.5812506079673767,0.3363415598869324,0.5846084356307983,0.3904918432235718,0.548354983329773,0.4304055869579315,0.5127449035644531,0.4641450345516205,0.49588721990585327,0.37874525785446167,0.43161073327064514,0.4026300609111786,0.3445812463760376,0.42057710886001587,0.2858377695083618,0.4348836839199066,0.23387467861175537,0.34448814392089844,0.4103798270225525,0.3494601547718048,0.37192630767822266,0.33857059478759766,0.44482216238975525,0.3339431583881378,0.49271851778030396,0.3104296326637268,0.4060037136077881,0.3110181391239166,0.3669052720069885,0.31052306294441223,0.43963193893432617,0.3128640651702881,0.48624512553215027,0.2777192294597626,0.4095480442047119,0.2748652994632721,0.3407278060913086,0.27381229400634766,0.310052752494812,0.2781637907028198,0.26919347047805786,rockandroll,03003,C:/Users/Javier/PIDS_HandPose/work/HAR_mediapipe/data/gestos_pids/train//rockandroll/rockandroll_03003.jpg
0.2567727863788605,0.6061310172080994,0.3085387051105499,0.604342520236969,0.3622376322746277,0.5633683800697327,0.40149930119514465,0.5252882838249207,0.43582743406295776,0.5017449855804443,0.343246191740036,0.4533284306526184,0.3654388189315796,0.3654583692550659,0.38132739067077637,0.3058493137359619,0.39341387152671814,0.25131866335868835,0.30998343229293823,0.43836525082588196,0.3160276412963867,0.3961776793003082,0.3099215030670166,0.4684566259384155,0.30728936195373535,0.5156113505363464,0.27618980407714844,0.43836331367492676,0.277721643447876,0.39212554693222046,0.2800289988517761,0.46284088492393494,0.28385433554649353,0.5068527460098267,0.24381937086582184,0.4451712667942047,0.238420307636261,0.37581580877304077,0.2364998161792755,0.344427227973938,0.2395506203174591,0.30107441544532776,rockandroll,03004,C:/Users/Javier/PIDS_HandPose/work/HAR_mediapipe/data/gestos_pids/train//rockandroll/rockandroll_03004.jpg
0.24316826462745667,0.6217116117477417,0.29595404863357544,0.6173340678215027,0.34907975792884827,0.5761625170707703,0.3871229887008667,0.5372231602668762,0.41996610164642334,0.5081206560134888,0.32993435859680176,0.4666515588760376,0.3488014340400696,0.3784998953342438,0.3639228045940399,0.3193173408508301,0.37636080384254456,0.2659239172935486,0.2960633635520935,0.4529297351837158,0.30382871627807617,0.41413170099258423,0.297939658164978,0.48727402091026306,0.2926006019115448,0.5356659889221191,0.26254138350486755,0.4564487338066101,0.26769518852233887,0.4128483235836029,0.27083656191825867,0.48521485924720764,0.27301377058029175,0.5316298007965088,0.23020043969154358,0.4675328731536865,0.22391724586486816,0.4016648232936859,0.220960795879364,0.3723644018173218,0.22289001941680908,0.3326018452644348,rockandroll,03005,C:/Users/Javier/PIDS_HandPose/work/HAR_mediapipe/data/gestos_pids/train//rockandroll/rockandroll_03005.jpg
0.8340386152267456,0.634171187877655,0.7768115401268005,0.6169365644454956,0.721934974193573,0.5648064613342285,0.6741207242012024,0.5282881259918213,0.6376218795776367,0.522045910358429,0.7426298260688782,0.4312768578529358,0.7312310934066772,0.32418686151504517,0.7257260680198669,0.2615468204021454,0.7233000993728638,0.20733559131622314,0.7783626317977905,0.4107218384742737,0.7868124842643738,0.35451704263687134,0.7930188775062561,0.4432031214237213,0.7919405102729797,0.4995453953742981,0.8161005973815918,0.4021613597869873,0.8277819156646729,0.3320304751396179,0.8330395221710205,0.40573132038116455,0.8316389918327332,0.4557991027832031,0.8494353890419006,0.4051893949508667,0.8554179072380066,0.32320186495780945,0.8611282706260681,0.2762003540992737,0.8646148443222046,0.22379176318645477,rockandroll,03006,C:/Users/Javier/PIDS_HandPose/work/HAR_mediapipe/data/gestos_pids/train//rockandroll/rockandroll_03006.jpg
0.19780460000038147,0.7459443807601929,0.24755893647670746,0.7373910546302795,0.29760172963142395,0.6887864470481873,0.33175137639045715,0.6425652503967285,0.36110568046569824,0.610145628452301,0.27431467175483704,0.5820064544677734,0.29300954937934875,0.49572068452835083,0.3046318590641022,0.4400441646575928,0.3134027123451233,0.38872775435447693,0.24116753041744232,0.5721653699874878,0.243963360786438,0.5230624675750732,0.23832863569259644,0.5926628112792969,0.23714429140090942,0.6378688216209412,0.20833653211593628,0.5779004693031311,0.2058400809764862,0.5252168774604797,0.20590320229530334,0.5928208827972412,0.21007861196994781,0.6314526200294495,0.1771179735660553,0.5891336798667908,0.17036285996437073,0.5296277403831482,0.16682107746601105,0.5058732032775879,0.16802391409873962,0.46800944209098816,rockandroll,03007,C:/Users/Javier/PIDS_HandPose/work/HAR_mediapipe/data/gestos_pids/train//rockandroll/rockandroll_03007.jpg
0.2152964472770691,0.7587121725082397,0.2659323513507843,0.7496601343154907,0.31897494196891785,0.6965305209159851,0.3533465266227722,0.6531304121017456,0.3818713128566742,0.6205726265907288,0.29976725578308105,0.5975601673126221,0.3165381848812103,0.5043323636054993,0.3278309404850006,0.44966256618499756,0.33755338191986084,0.39655032753944397,0.2668437659740448,0.588141918182373,0.2722598910331726,0.5346322059631348,0.2666388750076294,0.6055887341499329,0.2651984393596649,0.6499006748199463,0.23237568140029907,0.5947931408882141,0.23397770524024963,0.538800835609436,0.2339073121547699,0.6049717664718628,0.23767811059951782,0.6397603750228882,0.19988645613193512,0.6082190871238708,0.19461306929588318,0.545907735824585,0.1925344616174698,0.5326529741287231,0.19476109743118286,0.5039607286453247,rockandroll,03008,C:/Users/Javier/PIDS_HandPose/work/HAR_mediapipe/data/gestos_pids/train//rockandroll/rockandroll_03008.jpg
0.8002910614013672,0.7204341888427734,0.7458080053329468,0.7078989744186401,0.6953744292259216,0.6519593000411987,0.6571776866912842,0.6091817617416382,0.6233465671539307,0.58638596534729,0.7213545441627502,0.536365270614624,0.7085146307945251,0.43390077352523804,0.7036648392677307,0.37424901127815247,0.6999601721763611,0.32249322533607483,0.7532965540885925,0.5224167108535767,0.7533025741577148,0.4768657982349396,0.7569308280944824,0.561637282371521,0.7559802532196045,0.6086924076080322,0.7877952456474304,0.5165032148361206,0.7914808392524719,0.4482273757457733,0.7934294939041138,0.515254557132721,0.7912515997886658,0.5613735318183899,0.818849503993988,0.5182849168777466,0.8237366676330566,0.44185391068458557,0.8267925381660461,0.39532893896102905,0.8293174505233765,0.34426188468933105,rockandroll,03009,C:/Users/Javier/PIDS_HandPose/work/HAR_mediapipe/data/gestos_pids/train//rockandroll/rockandroll_03009.jpg
0.27339980006217957,0.688338041305542,0.3220049738883972,0.6851353645324707,0.3699612319469452,0.6409459114074707,0.4032119810581207,0.600455641746521,0.4310920834541321,0.5766331553459167,0.3524180054664612,0.5388344526290894,0.37346017360687256,0.45872795581817627,0.38737496733665466,0.407025545835495,0.39750051498413086,0.3592211604118347,0.3220590353012085,0.5256972312927246,0.329566091299057,0.48143333196640015,0.3222469985485077,0.547173798084259,0.3167024552822113,0.5919741988182068,0.29179584980010986,0.5259875655174255,0.2954707443714142,0.473397433757782,0.29621797800064087,0.5366540551185608,0.29713883996009827,0.5780817866325378,0.26177430152893066,0.5333882570266724,0.25482138991355896,0.47060084342956543,0.2539981007575989,0.44182613492012024,0.25710397958755493,0.4022252559661865,rockandroll,03010,C:/Users/Javier/PIDS_HandPose/work/HAR_mediapipe/data/gestos_pids/train//rockandroll/rockandroll_03010.jpg
0.8013859987258911,0.722204327583313,0.748624324798584,0.7059053182601929,0.6994094848632812,0.6479681134223938,0.6614733934402466,0.6024106740951538,0.6283458471298218,0.5792993307113647,0.7243589758872986,0.5338245034217834,0.7140486836433411,0.43367236852645874,0.7092846632003784,0.37604820728302,0.706533670425415,0.32642272114753723,0.7568703889846802,0.5215014219284058,0.7587144374847412,0.47259825468063354,0.7624512314796448,0.5565897226333618,0.7619215846061707,0.6071982979774475,0.7921223640441895,0.516974687576294,0.7972486019134521,0.4464021325111389,0.79841148853302,0.5102106332778931,0.7956174612045288,0.5565602779388428,0.8237099647521973,0.5219893455505371,0.8298227787017822,0.445842444896698,0.833769679069519,0.39965805411338806,0.8364663124084473,0.3506694734096527,rockandroll,03011,C:/Users/Javier/PIDS_HandPose/work/HAR_mediapipe/data/gestos_pids/train//rockandroll/rockandroll_03011.jpg
0.3254789710044861,0.6590425372123718,0.37465155124664307,0.661557674407959,0.4204244017601013,0.6284689903259277,0.4539727568626404,0.5927065014839172,0.48177531361579895,0.5697934627532959,0.40735480189323425,0.5247992277145386,0.43162432312965393,0.44812440872192383,0.4469972848892212,0.39908814430236816,0.45884203910827637,0.35556674003601074,0.38040992617607117,0.5090834498405457,0.3965068757534027,0.4641508460044861,0.3902091681957245,0.5253172516822815,0.38341253995895386,0.5718550086021423,0.3530707061290741,0.5044556260108948,0.3655945360660553,0.4534892737865448,0.3671400547027588,0.516718864440918,0.3675978183746338,0.5619465112686157,0.3247453570365906,0.5063482522964478,0.32111433148384094,0.4412021338939667,0.3227601647377014,0.4109514653682709,0.3287730813026428,0.3726468086242676,rockandroll,03012,C:/Users/Javier/PIDS_HandPose/work/HAR_mediapipe/data/gestos_pids/train//rockandroll/rockandroll_03012.jpg
0.44260531663894653,0.618943452835083,0.49029049277305603,0.6334390640258789,0.5398780107498169,0.6090198159217834,0.5757561326026917,0.5838255882263184,0.6040700674057007,0.568268895149231,0.5338268876075745,0.4956584870815277,0.5628035068511963,0.425910621881485,0.5813429951667786,0.38280144333839417,0.5961766839027405,0.3447415232658386,0.5110346674919128,0.47583380341529846,0.5339821577072144,0.4377765655517578,0.5268568396568298,0.5007442235946655,0.5152886509895325,0.5497708320617676,0.4852384924888611,0.4640145003795624,0.5071407556533813,0.42333874106407166,0.5070346593856812,0.4897451400756836,0.5025432705879211,0.538386881351471,0.45716801285743713,0.46087905764579773,0.45868733525276184,0.3943595886230469,0.4670790135860443,0.3633938133716583,0.47762978076934814,0.32544517517089844,rockandroll,03013,C:/Users/Javier/PIDS_HandPose/work/HAR_mediapipe/data/gestos_pids/train//rockandroll/rockandroll_03013.jpg
0.3807345926761627,0.658972442150116,0.4323471188545227,0.6563225984573364,0.48267820477485657,0.6092919111251831,0.5194555521011353,0.5696977376937866,0.5489916801452637,0.5387093424797058,0.4671287536621094,0.4952465891838074,0.4905944764614105,0.41123780608177185,0.5068784952163696,0.35854917764663696,0.5182241201400757,0.3097113072872162,0.4388158917427063,0.4814106523990631,0.45483213663101196,0.44059398770332336,0.4490647315979004,0.5120131969451904,0.43989628553390503,0.5607543587684631,0.4078712463378906,0.4796985387802124,0.4215804636478424,0.43228763341903687,0.4254986047744751,0.5043810606002808,0.4252893328666687,0.5531241297721863,0.3763923943042755,0.4883633255958557,0.36909225583076477,0.418355792760849,0.3722480833530426,0.3862495720386505,0.37842220067977905,0.3421861529350281,rockandroll,03014,C:/Users/Javier/PIDS_HandPose/work/HAR_mediapipe/data/gestos_pids/train//rockandroll/rockandroll_03014.jpg
0.40576833486557007,0.6421445608139038,0.449476033449173,0.6404241323471069,0.4966963231563568,0.5938307046890259,0.5332285761833191,0.5587887167930603,0.5655372142791748,0.5429183840751648,0.48725906014442444,0.49774444103240967,0.508541464805603,0.4161202907562256,0.5256680846214294,0.3608720302581787,0.5378496646881104,0.31405264139175415,0.46090665459632874,0.4826984703540802,0.4784994423389435,0.44539105892181396,0.47356414794921875,0.5123175382614136,0.4652867317199707,0.5613167881965637,0.43185776472091675,0.47947442531585693,0.4477027356624603,0.43970948457717896,0.45116859674453735,0.5082083344459534,0.45028015971183777,0.5584526062011719,0.4012373983860016,0.4857882261276245,0.39799952507019043,0.42063188552856445,0.40129101276397705,0.3882409930229187,0.4070062041282654,0.34848520159721375,rockandroll,03015,C:/Users/Javier/PIDS_HandPose/work/HAR_mediapipe/data/gestos_pids/train//rockandroll/rockandroll_03015.jpg
0.44270843267440796,0.6714890599250793,0.49907442927360535,0.6780447363853455,0.5499898195266724,0.6412806510925293,0.5877443552017212,0.6034855842590332,0.619825541973114,0.5768828392028809,0.5442235469818115,0.5334903001785278,0.5699247121810913,0.44466665387153625,0.5867985486984253,0.39240509271621704,0.6017281413078308,0.34579578042030334,0.5177779197692871,0.5180608630180359,0.5407862067222595,0.47684115171432495,0.5351377725601196,0.5449944138526917,0.5259249210357666,0.5991790294647217,0.4886254370212555,0.5120081305503845,0.5106433629989624,0.4714934825897217,0.5123541355133057,0.5450361371040344,0.510567843914032,0.6016353368759155,0.4582828879356384,0.514969527721405,0.4578334093093872,0.44070473313331604,0.4652263820171356,0.40645259618759155,0.4759325087070465,0.36755162477493286,rockandroll,03016,C:/Users/Javier/PIDS_HandPose/work/HAR_mediapipe/data/gestos_pids/train//rockandroll/rockandroll_03016.jpg
0.4603176712989807,0.6585578322410583,0.509982705116272,0.6670752167701721,0.5614427328109741,0.6275217533111572,0.6013883352279663,0.5905125141143799,0.6344382762908936,0.5613803267478943,0.5528541207313538,0.5222751498222351,0.5781359672546387,0.4341607987880707,0.5952513813972473,0.3810979723930359,0.6098124980926514,0.3317081034183502,0.5273562073707581,0.5062710046768188,0.5506661534309387,0.464207261800766,0.5438457727432251,0.5358223915100098,0.5339458584785461,0.5877262353897095,0.4984015226364136,0.49927374720573425,0.5197558403015137,0.4588344395160675,0.5224360227584839,0.5317874550819397,0.5211626887321472,0.5829934477806091,0.46865326166152954,0.502234935760498,0.4676852524280548,0.43082040548324585,0.47469738125801086,0.4005105793476105,0.48410555720329285,0.36103254556655884,rockandroll,03017,C:/Users/Javier/PIDS_HandPose/work/HAR_mediapipe/data/gestos_pids/train//rockandroll/rockandroll_03017.jpg
0.48754358291625977,0.5994276404380798,0.5403061509132385,0.6164873838424683,0.5949080586433411,0.5891372561454773,0.636985719203949,0.5644420385360718,0.6729658842086792,0.5524624586105347,0.5943605899810791,0.46519654989242554,0.6266841292381287,0.3844129145145416,0.6489903330802917,0.3360130190849304,0.6668659448623657,0.2903311848640442,0.5651668310165405,0.43953147530555725,0.5814335942268372,0.39693424105644226,0.5669603943824768,0.4715411961078644,0.5546495318412781,0.5226725935935974,0.5330572724342346,0.42547616362571716,0.5485462546348572,0.37127381563186646,0.5436359643936157,0.4498109519481659,0.5395771265029907,0.5052869319915771,0.49974343180656433,0.4209965169429779,0.4987296760082245,0.34530800580978394,0.5036409497261047,0.3121200501918793,0.5141769647598267,0.2695436179637909,rockandroll,03018,C:/Users/Javier/PIDS_HandPose/work/HAR_mediapipe/data/gestos_pids/train//rockandroll/rockandroll_03018.jpg
0.4620774984359741,0.5309184193611145,0.5115875601768494,0.5542688369750977,0.5651209354400635,0.5379074811935425,0.6069751381874084,0.5173783302307129,0.6424142718315125,0.5123165249824524,0.5662989020347595,0.41931334137916565,0.6018862724304199,0.3445281684398651,0.6258276700973511,0.2954857051372528,0.6447485685348511,0.2520751357078552,0.5372573137283325,0.3904426693916321,0.5522870421409607,0.34506046772003174,0.5356255769729614,0.40903031826019287,0.5248938202857971,0.4548335671424866,0.5063445568084717,0.3752555847167969,0.5187426805496216,0.32164493203163147,0.5115474462509155,0.39182376861572266,0.5075080394744873,0.44321149587631226,0.4751731753349304,0.3693429231643677,0.47539976239204407,0.29732346534729004,0.47926661372184753,0.2640753984451294,0.4896620512008667,0.22554247081279755,rockandroll,03019,C:/Users/Javier/PIDS_HandPose/work/HAR_mediapipe/data/gestos_pids/train//rockandroll/rockandroll_03019.jpg
0.47257083654403687,0.5433892011642456,0.5227965116500854,0.5678874254226685,0.5760062336921692,0.5528874397277832,0.6203327775001526,0.5337915420532227,0.6576683521270752,0.5309522747993469,0.5794939994812012,0.42949286103248596,0.6167449355125427,0.3527507185935974,0.6397939324378967,0.3037324845790863,0.6585638523101807,0.2594963014125824,0.5520362854003906,0.39893287420272827,0.5664715766906738,0.3532741665840149,0.5501502752304077,0.41911184787750244,0.5387784242630005,0.46682724356651306,0.5205743312835693,0.3826978802680969,0.533433735370636,0.3307766318321228,0.5256696939468384,0.40294966101646423,0.5212779641151428,0.4556370973587036,0.4880286753177643,0.37660282850265503,0.4869817793369293,0.3027701675891876,0.4918171763420105,0.26988154649734497,0.5031691789627075,0.23080606758594513,rockandroll,03020,C:/Users/Javier/PIDS_HandPose/work/HAR_mediapipe/data/gestos_pids/train//rockandroll/rockandroll_03020.jpg
0.4802952706813812,0.5299693942070007,0.5295166969299316,0.5533169507980347,0.5832464098930359,0.5370499491691589,0.6241756677627563,0.5172014832496643,0.6574608683586121,0.5102993845939636,0.5836873054504395,0.42172771692276,0.6171622276306152,0.3455986976623535,0.6398351788520813,0.29712381958961487,0.6578752994537354,0.25614073872566223,0.5575515627861023,0.39487677812576294,0.5719233751296997,0.36226779222488403,0.5593020915985107,0.4261831045150757,0.5463606715202332,0.47336655855178833,0.5282508134841919,0.3789950907230377,0.5436561107635498,0.33694636821746826,0.5390622615814209,0.4068387746810913,0.5326696634292603,0.45978477597236633,0.497608482837677,0.371747761964798,0.4984360337257385,0.3015094995498657,0.5051588416099548,0.2681259512901306,0.5163294672966003,0.23128251731395721,rockandroll,03021,C:/Users/Javier/PIDS_HandPose/work/HAR_mediapipe/data/gestos_pids/train//rockandroll/rockandroll_03021.jpg
0.4928646385669708,0.5344441533088684,0.543826699256897,0.5602715611457825,0.5988679528236389,0.5487682819366455,0.6405372619628906,0.5307004451751709,0.6743635535240173,0.5257748365402222,0.6033139228820801,0.434872031211853,0.6381610631942749,0.3594515919685364,0.6610692739486694,0.3122337758541107,0.6799008846282959,0.27237898111343384,0.5772525668144226,0.4049980044364929,0.594618558883667,0.37062081694602966,0.5785680413246155,0.43454012274742126,0.5618862509727478,0.4830838143825531,0.5478469729423523,0.3871476948261261,0.564883291721344,0.34639668464660645,0.5577394962310791,0.41764387488365173,0.5501528978347778,0.47041600942611694,0.5166651010513306,0.3789586126804352,0.5184180736541748,0.3071937561035156,0.5253898501396179,0.2726631164550781,0.5372637510299683,0.23398952186107635,rockandroll,03022,C:/Users/Javier/PIDS_HandPose/work/HAR_mediapipe/data/gestos_pids/train//rockandroll/rockandroll_03022.jpg
0.5183008313179016,0.549848198890686,0.5720652341842651,0.5796945691108704,0.6271951198577881,0.5734531879425049,0.6693804264068604,0.5585267543792725,0.7034115195274353,0.5484738945960999,0.6316356658935547,0.4509202539920807,0.6693600416183472,0.375125527381897,0.6929383873939514,0.33255666494369507,0.712840735912323,0.29559653997421265,0.6062524914741516,0.42451977729797363,0.6284883618354797,0.38980424404144287,0.6142035722732544,0.4554235339164734,0.5981585383415222,0.5039312839508057,0.5772179365158081,0.4060027599334717,0.5980706810951233,0.36628657579421997,0.5907112956047058,0.43924129009246826,0.5830075740814209,0.4928903579711914,0.546450674533844,0.39593958854675293,0.551297128200531,0.32198137044906616,0.5598670840263367,0.2896711230278015,0.5722266435623169,0.2524492144584656,rockandroll,03023,C:/Users/Javier/PIDS_HandPose/work/HAR_mediapipe/data/gestos_pids/train//rockandroll/rockandroll_03023.jpg
0.530780017375946,0.5168315768241882,0.5839313864707947,0.5614638328552246,0.6437554359436035,0.5561919212341309,0.6892920136451721,0.5386126637458801,0.7247346639633179,0.5325278639793396,0.647354006767273,0.451301634311676,0.6842513680458069,0.3745015263557434,0.7098307609558105,0.3257594406604767,0.731212317943573,0.28874456882476807,0.6212561726570129,0.41874197125434875,0.649972677230835,0.38101428747177124,0.6329296231269836,0.44293901324272156,0.6149332523345947,0.49533751606941223,0.5915987491607666,0.3987205922603607,0.6168137192726135,0.3562588691711426,0.6080328822135925,0.4237699806690216,0.5989845991134644,0.47962725162506104,0.5609283447265625,0.38542890548706055,0.57463538646698,0.31242263317108154,0.5835866332054138,0.2778233289718628,0.5952597856521606,0.24652592837810516,rockandroll,03024,C:/Users/Javier/PIDS_HandPose/work/HAR_mediapipe/data/gestos_pids/train//rockandroll/rockandroll_03024.jpg
0.6062471866607666,0.5771326422691345,0.67031329870224,0.6210563778877258,0.7283532023429871,0.6200554966926575,0.7735849022865295,0.6076116561889648,0.8055921792984009,0.5953047275543213,0.7373139262199402,0.5057791471481323,0.779340386390686,0.430403470993042,0.8072841763496399,0.38967040181159973,0.8310573697090149,0.35820382833480835,0.712428092956543,0.4700770080089569,0.7462630271911621,0.4403577148914337,0.7290223240852356,0.5031585693359375,0.7068983316421509,0.5542388558387756,0.684842586517334,0.4427754282951355,0.7163920998573303,0.41011762619018555,0.7057480812072754,0.48579269647598267,0.6934540867805481,0.5473150014877319,0.6545221209526062,0.4255470633506775,0.6654380559921265,0.35002589225769043,0.6797724366188049,0.3203561305999756,0.6992720365524292,0.29066985845565796,rockandroll,03025,C:/Users/Javier/PIDS_HandPose/work/HAR_mediapipe/data/gestos_pids/train//rockandroll/rockandroll_03025.jpg
0.6300873756408691,0.5930177569389343,0.7078129053115845,0.6431355476379395,0.7759560346603394,0.6396307349205017,0.830298900604248,0.6320592164993286,0.8716756701469421,0.6158560514450073,0.7940113544464111,0.5070416927337646,0.8494410514831543,0.4280136227607727,0.8857529759407043,0.386797159910202,0.9173683524131775,0.3456748127937317,0.7683320045471191,0.47488024830818176,0.8096488118171692,0.43839770555496216,0.7888433337211609,0.5170931220054626,0.7650188207626343,0.5738123059272766,0.7388545274734497,0.4471117854118347,0.7824220061302185,0.4069286286830902,0.7645744681358337,0.49898701906204224,0.7481452822685242,0.5667774677276611,0.7061039209365845,0.42754238843917847,0.728502631187439,0.3404895067214966,0.745561420917511,0.3062286972999573,0.7687994241714478,0.27053016424179077,rockandroll,03026,C:/Users/Javier/PIDS_HandPose/work/HAR_mediapipe/data/gestos_pids/train//rockandroll/rockandroll_03026.jpg
0.585271418094635,0.516126275062561,0.6506381034851074,0.5691536664962769,0.716767430305481,0.5640209913253784,0.765777051448822,0.5447447896003723,0.8024318218231201,0.5427542924880981,0.7336898446083069,0.44717153906822205,0.776232898235321,0.36326441168785095,0.8024367094039917,0.31792324781417847,0.8237840533256531,0.2834417223930359,0.7062650322914124,0.4022318720817566,0.7369936108589172,0.35348573327064514,0.7161803841590881,0.41774222254753113,0.6965661644935608,0.47521400451660156,0.6734179258346558,0.3657943606376648,0.7023911476135254,0.30771005153656006,0.6876003742218018,0.3815358281135559,0.6766590476036072,0.4487951993942261,0.6367542147636414,0.33968862891197205,0.6526670455932617,0.25094959139823914,0.6678951382637024,0.22125156223773956,0.6894849538803101,0.19406181573867798,rockandroll,03027,C:/Users/Javier/PIDS_HandPose/work/HAR_mediapipe/data/gestos_pids/train//rockandroll/rockandroll_03027.jpg
0.46595677733421326,0.4963490962982178,0.5214959383010864,0.5265460014343262,0.5822616815567017,0.5117377638816833,0.629258930683136,0.4875433146953583,0.6676729917526245,0.48137760162353516,0.5857601761817932,0.3928704261779785,0.6265707612037659,0.3232331871986389,0.6527961492538452,0.27708905935287476,0.6750839948654175,0.23603947460651398,0.557998538017273,0.3554684519767761,0.576422393321991,0.31022459268569946,0.5561904311180115,0.3737719655036926,0.541365385055542,0.4239164888858795,0.5266897082328796,0.3305801749229431,0.5433390140533447,0.2749730944633484,0.5307523012161255,0.3465949296951294,0.5218465924263,0.40221068263053894,0.4931999444961548,0.3148823380470276,0.49972155690193176,0.2362344115972519,0.5066632628440857,0.20103687047958374,0.5199596285820007,0.16293565928936005,rockandroll,03028,C:/Users/Javier/PIDS_HandPose/work/HAR_mediapipe/data/gestos_pids/train//rockandroll/rockandroll_03028.jpg
0.8719809055328369,0.7859426736831665,0.8064833283424377,0.7742378115653992,0.7405610680580139,0.7137277126312256,0.6891759634017944,0.666990339756012,0.646799623966217,0.6407970786094666,0.7623414993286133,0.5678262710571289,0.7434276342391968,0.44007790088653564,0.7362618446350098,0.36902907490730286,0.7315490245819092,0.30279043316841125,0.803642213344574,0.5424895286560059,0.8075650334358215,0.5077111124992371,0.818926990032196,0.6143308877944946,0.8209172487258911,0.6775444149971008,0.8467513918876648,0.5335268378257751,0.8500158190727234,0.47024989128112793,0.8584117889404297,0.5651244521141052,0.8607354164123535,0.6240229606628418,0.8862631916999817,0.5353674292564392,0.8854627013206482,0.44192230701446533,0.8848615884780884,0.39502719044685364,0.8814952969551086,0.33932071924209595,rockandroll,03029,C:/Users/Javier/PIDS_HandPose/work/HAR_mediapipe/data/gestos_pids/train//rockandroll/rockandroll_03029.jpg
0.9010528922080994,0.8027952909469604,0.8395600914955139,0.8024594187736511,0.7731865048408508,0.7535844445228577,0.7226290106773376,0.7215270400047302,0.680952250957489,0.7050513625144958,0.7787367105484009,0.6266406774520874,0.7563391327857971,0.5307331681251526,0.7448491454124451,0.4737011790275574,0.7366535663604736,0.420847624540329,0.8148799538612366,0.5913263559341431,0.8266934156417847,0.5772010684013367,0.8479811549186707,0.6645199656486511,0.8565798401832581,0.7275535464286804,0.8530208468437195,0.5767726302146912,0.8677969574928284,0.5704309344291687,0.8842029571533203,0.6565394401550293,0.8877424001693726,0.7113440632820129,0.8910460472106934,0.570989727973938,0.8783687353134155,0.5003718733787537,0.8734537363052368,0.46153202652931213,0.8674207925796509,0.42498359084129333,rockandroll,03030,C:/Users/Javier/PIDS_HandPose/work/HAR_mediapipe/data/gestos_pids/train//rockandroll/rockandroll_03030.jpg
0.8986218571662903,0.7950595021247864,0.8396365642547607,0.7943115830421448,0.7751303315162659,0.7450968027114868,0.7271255850791931,0.7104292511940002,0.6864418387413025,0.6916784048080444,0.7865968942642212,0.6134142875671387,0.7681763768196106,0.500719428062439,0.7583408355712891,0.4364946484565735,0.749900221824646,0.37210971117019653,0.8235151767730713,0.5858303308486938,0.8432387709617615,0.5600129961967468,0.8596258163452148,0.6586788892745972,0.8607707023620605,0.7227126359939575,0.8620380759239197,0.5756508111953735,0.885176956653595,0.551289975643158,0.8980274796485901,0.6428733468055725,0.894644021987915,0.6990739107131958,0.9010039567947388,0.5727803707122803,0.8972259163856506,0.4923546612262726,0.8982210159301758,0.44633743166923523,0.8951631784439087,0.39791274070739746,rockandroll,03031,C:/Users/Javier/PIDS_HandPose/work/HAR_mediapipe/data/gestos_pids/train//rockandroll/rockandroll_03031.jpg
0.8879771828651428,0.8224003314971924,0.830356776714325,0.819852888584137,0.7682330012321472,0.767497181892395,0.7167946100234985,0.7286245822906494,0.6731932759284973,0.7112876176834106,0.7778093814849854,0.6246986389160156,0.7625217437744141,0.524541437625885,0.7531872391700745,0.4588567018508911,0.7477933168411255,0.3982396721839905,0.815564751625061,0.5882636904716492,0.8369851112365723,0.5839009284973145,0.8492471575737,0.6794701218605042,0.8514935374259949,0.7426979541778564,0.8549857139587402,0.5779600143432617,0.879676342010498,0.5761601328849792,0.8868461847305298,0.6643127202987671,0.883898913860321,0.7173864841461182,0.893585741519928,0.5787868499755859,0.8941355347633362,0.501091718673706,0.8944882750511169,0.4559941291809082,0.8923359513282776,0.4121950566768646,rockandroll,03032,C:/Users/Javier/PIDS_HandPose/work/HAR_mediapipe/data/gestos_pids/train//rockandroll/rockandroll_03032.jpg
0.7134026885032654,0.7639350295066833,0.6539046764373779,0.781286358833313,0.5826190114021301,0.7406309843063354,0.5344324707984924,0.7104939222335815,0.49562445282936096,0.6983237266540527,0.5832910537719727,0.5990989804267883,0.5519137978553772,0.49991053342819214,0.5348672866821289,0.4457516074180603,0.5204866528511047,0.38955435156822205,0.6196449398994446,0.5648688077926636,0.6082265973091125,0.5523237586021423,0.6296181082725525,0.6484577655792236,0.6465284824371338,0.7092344760894775,0.6585353016853333,0.5515435338020325,0.650471031665802,0.5350275039672852,0.6655877828598022,0.6235416531562805,0.6753517389297485,0.6797075271606445,0.6978404521942139,0.546829104423523,0.6776490211486816,0.467495858669281,0.6629733443260193,0.42070111632347107,0.6488489508628845,0.3736734986305237,rockandroll,03033,C:/Users/Javier/PIDS_HandPose/work/HAR_mediapipe/data/gestos_pids/train//rockandroll/rockandroll_03033.jpg
0.9195457696914673,0.7524639368057251,0.8663081526756287,0.7172295451164246,0.8100069761276245,0.6385258436203003,0.7605633735656738,0.5828384757041931,0.7158856987953186,0.5638791918754578,0.8335450887680054,0.5071934461593628,0.8273295760154724,0.39239999651908875,0.8273227214813232,0.3201063573360443,0.8319032788276672,0.2586665749549866,0.8741231560707092,0.4862830638885498,0.9098840951919556,0.4681869447231293,0.9179933667182922,0.5678743720054626,0.9117578864097595,0.6412675380706787,0.9135542511940002,0.4858344495296478,0.9465215802192688,0.47000306844711304,0.9501153230667114,0.5653124451637268,0.9429100751876831,0.6267212629318237,0.9503855109214783,0.49555087089538574,0.9631174206733704,0.4106099009513855,0.9736363291740417,0.36362147331237793,0.9786767959594727,0.31386512517929077,rockandroll,03034,C:/Users/Javier/PIDS_HandPose/work/HAR_mediapipe/data/gestos_pids/train//rockandroll/rockandroll_03034.jpg
0.7590092420578003,0.8134849071502686,0.7409781813621521,0.688338577747345,0.7606202363967896,0.5678327083587646,0.7822612524032593,0.4828246831893921,0.7967255711555481,0.41119807958602905,0.8222925662994385,0.5628319978713989,0.8635626435279846,0.5046329498291016,0.8798763751983643,0.4573463201522827,0.8912316560745239,0.41280388832092285,0.8479541540145874,0.6132475137710571,0.7812998294830322,0.5418122410774231,0.7388808727264404,0.5959052443504333,0.7385913729667664,0.644593358039856,0.8502232432365417,0.6760367751121521,0.7839441299438477,0.6096415519714355,0.7467466592788696,0.6425164341926575,0.7452036738395691,0.6770002841949463,0.8390902280807495,0.7400288581848145,0.790439784526825,0.6872790455818176,0.763122022151947,0.6694321036338806,0.7587658166885376,0.6717506647109985,rockandroll,03035,C:/Users/Javier/PIDS_HandPose/work/HAR_mediapipe/data/gestos_pids/train//rockandroll/rockandroll_03035.jpg
0.8396902084350586,0.6624100804328918,0.8809540867805481,0.5615552067756653,0.9560103416442871,0.5052775144577026,1.0109590291976929,0.47987717390060425,1.0420527458190918,0.482364296913147,1.0165542364120483,0.641373336315155,1.0418102741241455,0.5918751955032349,0.9999833703041077,0.5549449920654297,0.9786580204963684,0.5525143146514893,1.0070117712020874,0.7155344486236572,1.028172254562378,0.6543644666671753,0.9777179956436157,0.600433349609375,0.9537078738212585,0.6003831624984741,0.9828386902809143,0.780329704284668,1.0076980590820312,0.7343471646308899,0.9679579734802246,0.6623786687850952,0.9426112174987793,0.6352038383483887,0.9505565762519836,0.8304420113563538,0.9865574836730957,0.879989743232727,1.0128576755523682,0.9003145694732666,1.0408061742782593,0.9281597137451172,rockandroll,03037,C:/Users/Javier/PIDS_HandPose/work/HAR_mediapipe/data/gestos_pids/train//rockandroll/rockandroll_03037.jpg
0.637863039970398,0.8936055898666382,0.6951817870140076,0.8027952909469604,0.7551109790802002,0.7230764627456665,0.8102238774299622,0.7055734992027283,0.8527913093566895,0.717382550239563,0.6896660327911377,0.6018738150596619,0.7533450126647949,0.577073335647583,0.8101351857185364,0.5671957731246948,0.8580195903778076,0.5564541816711426,0.6547072529792786,0.6254769563674927,0.7580229043960571,0.7178055047988892,0.7531605958938599,0.7978090643882751,0.7288881540298462,0.8159139156341553,0.6295066475868225,0.6995835304260254,0.7251459956169128,0.8042850494384766,0.7191135287284851,0.8508347868919373,0.6976286172866821,0.8292504549026489,0.6131057143211365,0.7972105145454407,0.6961825489997864,0.90596604347229,0.7389106154441833,0.9622855186462402,0.7539505362510681,0.9846347570419312,rockandroll,03039,C:/Users/Javier/PIDS_HandPose/work/HAR_mediapipe/data/gestos_pids/train//rockandroll/rockandroll_03039.jpg
0.6373238563537598,0.6506527066230774,0.6731366515159607,0.5505633354187012,0.7408401966094971,0.4856868088245392,0.7917147874832153,0.44479602575302124,0.8289448022842407,0.3954632580280304,0.8036225438117981,0.607807993888855,0.879193127155304,0.6318362951278687,0.9258037805557251,0.6442782282829285,0.9664229154586792,0.6523802876472473,0.7892473936080933,0.6753697991371155,0.8046365976333618,0.647266149520874,0.7502977252006531,0.5937446355819702,0.725313663482666,0.5763639211654663,0.762209415435791,0.7346274256706238,0.7800148129463196,0.7385992407798767,0.7375738024711609,0.6682770848274231,0.7145407199859619,0.6254463195800781,0.728911280632019,0.7821466326713562,0.7631227970123291,0.8456553220748901,0.7874507308006287,0.8822547197341919,0.8164801001548767,0.9260304570198059,rockandroll,03040,C:/Users/Javier/PIDS_HandPose/work/HAR_mediapipe/data/gestos_pids/train//rockandroll/rockandroll_03040.jpg
0.6400085687637329,0.6376243233680725,0.6746973991394043,0.5343234539031982,0.7389427423477173,0.45891186594963074,0.7878837585449219,0.40464967489242554,0.8258097171783447,0.35220029950141907,0.8101423382759094,0.5747098326683044,0.8887768983840942,0.5881187319755554,0.9354023337364197,0.5954392552375793,0.9784526228904724,0.6049277186393738,0.7991132736206055,0.6483325958251953,0.8090583682060242,0.6139932870864868,0.7528722882270813,0.5677369832992554,0.7286563515663147,0.5614045262336731,0.7729186415672302,0.7112639546394348,0.784983217716217,0.7055476307868958,0.7412199378013611,0.6414681673049927,0.7213961482048035,0.608454704284668,0.7400577068328857,0.7628096342086792,0.7750407457351685,0.8209935426712036,0.8001797795295715,0.8549100160598755,0.831240177154541,0.8958775997161865,rockandroll,03041,C:/Users/Javier/PIDS_HandPose/work/HAR_mediapipe/data/gestos_pids/train//rockandroll/rockandroll_03041.jpg
0.6686893701553345,0.6217784881591797,0.6988664865493774,0.5137403011322021,0.7610689401626587,0.4303857386112213,0.8084295988082886,0.36247098445892334,0.8438321352005005,0.30350497364997864,0.838921308517456,0.5270214080810547,0.9208916425704956,0.5327460169792175,0.967859148979187,0.5329090356826782,1.00623619556427,0.5327381491661072,0.8317373991012573,0.6022539734840393,0.8476803302764893,0.5660145878791809,0.7889065742492676,0.5272585153579712,0.7592976093292236,0.5227870941162109,0.810157835483551,0.672365665435791,0.8291800618171692,0.6623706817626953,0.7817688584327698,0.6083282828330994,0.7561498880386353,0.5805673599243164,0.7820990085601807,0.7328234314918518,0.8267576694488525,0.7870056629180908,0.8569300174713135,0.8156092166900635,0.8903598189353943,0.8466302156448364,rockandroll,03042,C:/Users/Javier/PIDS_HandPose/work/HAR_mediapipe/data/gestos_pids/train//rockandroll/rockandroll_03042.jpg
0.7776416540145874,0.4851127862930298,0.8207423090934753,0.4060097932815552,0.9028863906860352,0.37572360038757324,0.9637678861618042,0.36705437302589417,1.0083988904953003,0.3413519263267517,0.9368032217025757,0.5280176997184753,0.9893234372138977,0.5728831887245178,1.0238310098648071,0.5918644070625305,1.0451253652572632,0.6054258942604065,0.914147675037384,0.5830861926078796,0.9510642290115356,0.5674059391021729,0.9081536531448364,0.48947441577911377,0.8803948760032654,0.4649723470211029,0.8787095546722412,0.6294568181037903,0.9075450897216797,0.64314866065979,0.8803574442863464,0.5534843802452087,0.8605262041091919,0.49995967745780945,0.8371140956878662,0.6617572903633118,0.861862301826477,0.7368770837783813,0.8821519017219543,0.7773674130439758,0.9049388766288757,0.8289896249771118,rockandroll,03043,C:/Users/Javier/PIDS_HandPose/work/HAR_mediapipe/data/gestos_pids/train//rockandroll/rockandroll_03043.jpg
0.6234076023101807,0.5021191239356995,0.6769219636917114,0.43219032883644104,0.7469257116317749,0.3974741995334625,0.8035717010498047,0.36570701003074646,0.8502440452575684,0.3366192579269409,0.7911735773086548,0.5563116073608398,0.8616004586219788,0.6065576672554016,0.9062314033508301,0.6344045400619507,0.9448637366294861,0.6632876396179199,0.7684707641601562,0.6321552991867065,0.779421865940094,0.584751546382904,0.7326822876930237,0.5099745988845825,0.710518479347229,0.49643445014953613,0.7278461456298828,0.6779590845108032,0.7360203266143799,0.6579808592796326,0.7043271064758301,0.5775256156921387,0.6891716122627258,0.5407738089561462,0.6832973957061768,0.7044348120689392,0.7061699628829956,0.77170330286026,0.7219337224960327,0.8234425783157349,0.7407148480415344,0.8821364045143127,rockandroll,03045,C:/Users/Javier/PIDS_HandPose/work/HAR_mediapipe/data/gestos_pids/train//rockandroll/rockandroll_03045.jpg
0.6148710250854492,0.5112478137016296,0.6637237071990967,0.432236909866333,0.7335025668144226,0.3917257785797119,0.7908555865287781,0.35082685947418213,0.8387380838394165,0.31167367100715637,0.7806574106216431,0.5311781764030457,0.8535800576210022,0.5811182260513306,0.8966076374053955,0.6024793982505798,0.9376596212387085,0.6257728338241577,0.7581507563591003,0.6047058701515198,0.7742255330085754,0.5827034115791321,0.7239947319030762,0.5115714073181152,0.70187908411026,0.4924014210700989,0.7207523584365845,0.659868597984314,0.7343809008598328,0.6662764549255371,0.6955001950263977,0.5824704170227051,0.6787741184234619,0.5385448336601257,0.6790562868118286,0.6986598372459412,0.7025361061096191,0.7653844952583313,0.7154173851013184,0.808503270149231,0.7346716523170471,0.8635344505310059,rockandroll,03046,C:/Users/Javier/PIDS_HandPose/work/HAR_mediapipe/data/gestos_pids/train//rockandroll/rockandroll_03046.jpg
0.6128021478652954,0.5151580572128296,0.6619857549667358,0.4383915066719055,0.731386125087738,0.3963008224964142,0.7877475023269653,0.3543340265750885,0.8339232802391052,0.313364714384079,0.7781620621681213,0.5384932160377502,0.8484330773353577,0.5850368142127991,0.8901336193084717,0.6040153503417969,0.9293633699417114,0.6233167052268982,0.7565807104110718,0.6126239895820618,0.7670875191688538,0.5807974934577942,0.717800498008728,0.5102317929267883,0.6972414255142212,0.4946914613246918,0.7187552452087402,0.6657420992851257,0.7289415597915649,0.6629940867424011,0.6912443041801453,0.5835000872612,0.6752907037734985,0.545331597328186,0.6766515374183655,0.7013705372810364,0.6974943280220032,0.7646839022636414,0.709734320640564,0.8097101449966431,0.7279576659202576,0.8663485646247864,rockandroll,03047,C:/Users/Javier/PIDS_HandPose/work/HAR_mediapipe/data/gestos_pids/train//rockandroll/rockandroll_03047.jpg
0.6109743118286133,0.500345766544342,0.6585218906402588,0.42020368576049805,0.7315796613693237,0.3782406151294708,0.7883601188659668,0.3403211236000061,0.8339666128158569,0.2964944839477539,0.7770529985427856,0.5188078880310059,0.8478798866271973,0.5601887702941895,0.8912795186042786,0.5771349668502808,0.9306124448776245,0.5958361029624939,0.7559705376625061,0.5879746079444885,0.7715122103691101,0.5698504447937012,0.7193723917007446,0.5005059242248535,0.7018517255783081,0.48784375190734863,0.7192325592041016,0.6446718573570251,0.7302488088607788,0.6514712572097778,0.6930997967720032,0.5677210092544556,0.6789750456809998,0.5268710255622864,0.6753160357475281,0.6856052875518799,0.6992653608322144,0.7497909069061279,0.7113024592399597,0.7876049876213074,0.7281776070594788,0.8424774408340454,rockandroll,03048,C:/Users/Javier/PIDS_HandPose/work/HAR_mediapipe/data/gestos_pids/train//rockandroll/rockandroll_03048.jpg
0.24007777869701385,0.6914204359054565,0.2175753116607666,0.5948591828346252,0.18725541234016418,0.502102255821228,0.14470507204532623,0.4635634124279022,0.11215553432703018,0.45281386375427246,0.20878762006759644,0.4386407136917114,0.1546720266342163,0.3953680396080017,0.1099759042263031,0.36034977436065674,0.0721345990896225,0.32605698704719543,0.22287307679653168,0.4887411594390869,0.11626263707876205,0.4849761128425598,0.08787594735622406,0.5022539496421814,0.07794208079576492,0.4974408447742462,0.22938917577266693,0.5619438886642456,0.13026152551174164,0.5806924700737,0.13860590755939484,0.6162157654762268,0.16271856427192688,0.618321418762207,0.23138438165187836,0.6404008865356445,0.1601872593164444,0.6818143129348755,0.1436125487089157,0.7189867496490479,0.143463134765625,0.7343036532402039,rockandroll,03049,C:/Users/Javier/PIDS_HandPose/work/HAR_mediapipe/data/gestos_pids/train//rockandroll/rockandroll_03049.jpg
0.22865837812423706,0.8272445201873779,0.29525822401046753,0.8131335973739624,0.35760992765426636,0.7420024275779724,0.4084371328353882,0.6874109506607056,0.4493749141693115,0.654274046421051,0.3315585255622864,0.5673890113830566,0.36467447876930237,0.45298561453819275,0.3777986168861389,0.380368709564209,0.3877710700035095,0.3151389956474304,0.28145331144332886,0.5437110066413879,0.2812409996986389,0.47096914052963257,0.26258203387260437,0.5676484107971191,0.2554582357406616,0.6441771984100342,0.23486480116844177,0.548311710357666,0.23048755526542664,0.4609319567680359,0.2236108034849167,0.5380160808563232,0.22508558630943298,0.5940161347389221,0.192334845662117,0.5739504098892212,0.17130833864212036,0.48919594287872314,0.15552276372909546,0.43953996896743774,0.15117979049682617,0.3796980679035187,rockandroll,03050,C:/Users/Javier/PIDS_HandPose/work/HAR_mediapipe/data/gestos_pids/train//rockandroll/rockandroll_03050.jpg
0.30455946922302246,0.645142674446106,0.37136051058769226,0.6367145776748657,0.4362935423851013,0.5878612995147705,0.4864484369754791,0.5484296083450317,0.5261236429214478,0.5301518440246582,0.4179290533065796,0.4293741285800934,0.4581451117992401,0.33049240708351135,0.4809376001358032,0.2638690173625946,0.4982735216617584,0.2036549299955368,0.3745175302028656,0.39775222539901733,0.3815992474555969,0.32900363206863403,0.36271995306015015,0.40905022621154785,0.3517550826072693,0.4720221161842346,0.3319370150566101,0.39127856492996216,0.3360086679458618,0.30441445112228394,0.3278568387031555,0.35291364789009094,0.32388395071029663,0.3866819441318512,0.29203206300735474,0.4038262963294983,0.27696409821510315,0.3123989701271057,0.26938435435295105,0.26955145597457886,0.27029454708099365,0.2216591238975525,rockandroll,03051,C:/Users/Javier/PIDS_HandPose/work/HAR_mediapipe/data/gestos_pids/train//rockandroll/rockandroll_03051.jpg
0.3144179880619049,0.47962266206741333,0.254759281873703,0.37727057933807373,0.1730838268995285,0.32825082540512085,0.11484289169311523,0.26105284690856934,0.059070900082588196,0.19173592329025269,0.15034902095794678,0.42025989294052124,0.0679788589477539,0.48820221424102783,0.006413504481315613,0.5375694036483765,-0.04630555212497711,0.5679225325584412,0.19230414927005768,0.4865681529045105,0.15465636551380157,0.5472773313522339,0.1871589571237564,0.5277147889137268,0.21489685773849487,0.4918217658996582,0.2415657937526703,0.5453444719314575,0.19887112081050873,0.6308190822601318,0.20419472455978394,0.6264686584472656,0.21262481808662415,0.6144117712974548,0.28304359316825867,0.5861865878105164,0.26679176092147827,0.7064946293830872,0.2718743085861206,0.7710704803466797,0.27362561225891113,0.8089746832847595,rockandroll,03052,C:/Users/Javier/PIDS_HandPose/work/HAR_mediapipe/data/gestos_pids/train//rockandroll/rockandroll_03052.jpg
0.23388786613941193,0.5921071767807007,0.18589535355567932,0.45942652225494385,0.10646425187587738,0.35473981499671936,0.03842651844024658,0.2808225750923157,-0.013643182814121246,0.22533249855041504,0.04214964434504509,0.47678300738334656,-0.023235388100147247,0.48604950308799744,-0.03350774198770523,0.4886287748813629,-0.03816438466310501,0.4878765642642975,0.054827094078063965,0.5576838254928589,-0.0004589185118675232,0.5672968626022339,0.011605571955442429,0.56517493724823,0.027787640690803528,0.5653054714202881,0.07753479480743408,0.6311178803443909,0.028412215411663055,0.6485810875892639,0.04475605860352516,0.6426142454147339,0.061482422053813934,0.6368181109428406,0.10470648109912872,0.6978958249092102,0.06263194233179092,0.7284224033355713,0.06338773667812347,0.7313334941864014,0.06715292483568192,0.7276096343994141,rockandroll,03053,C:/Users/Javier/PIDS_HandPose/work/HAR_mediapipe/data/gestos_pids/train//rockandroll/rockandroll_03053.jpg
0.48133254051208496,0.5579007267951965,0.4452989995479584,0.44125157594680786,0.38492411375045776,0.3612317144870758,0.3298632502555847,0.289523720741272,0.28255772590637207,0.22299104928970337,0.3219609558582306,0.5221880078315735,0.22743365168571472,0.5492368936538696,0.16862154006958008,0.5748827457427979,0.12045049667358398,0.604702889919281,0.3423898220062256,0.6156091690063477,0.3206498324871063,0.6246992349624634,0.3778682351112366,0.5616883039474487,0.42261844873428345,0.5223018527030945,0.3707805573940277,0.6833764314651489,0.3357419967651367,0.7312726974487305,0.37370583415031433,0.6746277809143066,0.40266114473342896,0.6325564384460449,0.4033397436141968,0.7260797619819641,0.3901357650756836,0.8107073903083801,0.38877779245376587,0.86977219581604,0.376213401556015,0.9228496551513672,rockandroll,03054,C:/Users/Javier/PIDS_HandPose/work/HAR_mediapipe/data/gestos_pids/train//rockandroll/rockandroll_03054.jpg
0.4033799171447754,0.48617371916770935,0.36372190713882446,0.36259517073631287,0.3031156659126282,0.2985086441040039,0.25234663486480713,0.23395004868507385,0.20026926696300507,0.17189374566078186,0.24213933944702148,0.4490049183368683,0.1575174331665039,0.4816018342971802,0.09925530850887299,0.5116918683052063,0.04670976102352142,0.539311945438385,0.2702503502368927,0.540298342704773,0.24359466135501862,0.5416750907897949,0.29829925298690796,0.48456114530563354,0.3342142701148987,0.44414690136909485,0.30561792850494385,0.6075825691223145,0.27949175238609314,0.6388193368911743,0.30727773904800415,0.5899893045425415,0.3272203207015991,0.5593852996826172,0.3398986756801605,0.6489430665969849,0.33578622341156006,0.7190772891044617,0.34139373898506165,0.757696270942688,0.3333347737789154,0.7944228053092957,rockandroll,03055,C:/Users/Javier/PIDS_HandPose/work/HAR_mediapipe/data/gestos_pids/train//rockandroll/rockandroll_03055.jpg
0.44513052701950073,0.4943343997001648,0.4138971269130707,0.3662625551223755,0.35426002740859985,0.29497626423835754,0.30384260416030884,0.22403286397457123,0.2553013563156128,0.1604391634464264,0.2998599410057068,0.449307918548584,0.20935145020484924,0.4767669141292572,0.15286967158317566,0.5064666271209717,0.10249955952167511,0.5385334491729736,0.3257352113723755,0.536229133605957,0.29511138796806335,0.5493767261505127,0.3534623086452484,0.4773212969303131,0.38996922969818115,0.4289816915988922,0.35752585530281067,0.6073194742202759,0.32529589533805847,0.6510499119758606,0.3661571145057678,0.5693521499633789,0.3978435695171356,0.5110470056533813,0.39161863923072815,0.652016282081604,0.3793468177318573,0.7243725061416626,0.3839191794395447,0.7694717645645142,0.3801436424255371,0.8197797536849976,rockandroll,03056,C:/Users/Javier/PIDS_HandPose/work/HAR_mediapipe/data/gestos_pids/train//rockandroll/rockandroll_03056.jpg
0.4537196159362793,0.5139496326446533,0.41997116804122925,0.38773104548454285,0.360476016998291,0.2982696294784546,0.3059045970439911,0.22365429997444153,0.26102617383003235,0.14954721927642822,0.29824474453926086,0.44828635454177856,0.20728692412376404,0.46793144941329956,0.14749684929847717,0.49004578590393066,0.09750118851661682,0.5132196545600891,0.3177570700645447,0.5408557653427124,0.30657655000686646,0.5302813053131104,0.35957372188568115,0.46850892901420593,0.39728182554244995,0.42946547269821167,0.3488633930683136,0.609306275844574,0.3399268388748169,0.618903398513794,0.38130277395248413,0.5479170680046082,0.41039612889289856,0.4981311559677124,0.38435307145118713,0.6533715724945068,0.37993863224983215,0.7112154960632324,0.3873263895511627,0.75642991065979,0.38365212082862854,0.8022921085357666,rockandroll,03057,C:/Users/Javier/PIDS_HandPose/work/HAR_mediapipe/data/gestos_pids/train//rockandroll/rockandroll_03057.jpg
0.4461795389652252,0.5031666159629822,0.4161860942840576,0.3840043842792511,0.3587527275085449,0.28906041383743286,0.30706629157066345,0.21168306469917297,0.26153114438056946,0.13562068343162537,0.2953553795814514,0.4355349540710449,0.20681190490722656,0.42263299226760864,0.1487646996974945,0.42551302909851074,0.09954112768173218,0.43101415038108826,0.3091743588447571,0.5338971614837646,0.2987916171550751,0.5110289454460144,0.35367488861083984,0.46609222888946533,0.38946372270584106,0.4383928179740906,0.342720091342926,0.6030552387237549,0.33689257502555847,0.5988885164260864,0.3755095303058624,0.5447643399238586,0.3964338004589081,0.5122374296188354,0.3813692331314087,0.6455581784248352,0.38639241456985474,0.7022265195846558,0.40543559193611145,0.7302587032318115,0.40900230407714844,0.7574616074562073,rockandroll,03058,C:/Users/Javier/PIDS_HandPose/work/HAR_mediapipe/data/gestos_pids/train//rockandroll/rockandroll_03058.jpg
0.43583545088768005,0.5536696314811707,0.40669429302215576,0.4064805507659912,0.3518374264240265,0.28264984488487244,0.30927005410194397,0.1896691918373108,0.27096161246299744,0.10071466863155365,0.312823086977005,0.35275137424468994,0.21397963166236877,0.35254985094070435,0.15235434472560883,0.3352939486503601,0.10023641586303711,0.3146064579486847,0.3411071002483368,0.41740745306015015,0.2693440020084381,0.4628646671772003,0.3155716061592102,0.46376028656959534,0.3590750992298126,0.4340979754924774,0.3752557039260864,0.4997466802597046,0.3126647174358368,0.55076664686203,0.35167956352233887,0.5423153638839722,0.38489145040512085,0.5078710317611694,0.4077042043209076,0.576138973236084,0.3662508726119995,0.6359065771102905,0.38373667001724243,0.6343421936035156,0.3997574746608734,0.6130670309066772,rockandroll,03059,C:/Users/Javier/PIDS_HandPose/work/HAR_mediapipe/data/gestos_pids/train//rockandroll/rockandroll_03059.jpg
0.380290687084198,0.5792577266693115,0.40857255458831787,0.4136042594909668,0.3974669575691223,0.2626504898071289,0.38014155626296997,0.15531806647777557,0.3647315502166748,0.05951040983200073,0.30794334411621094,0.27302029728889465,0.2359757423400879,0.19133782386779785,0.19123074412345886,0.13160791993141174,0.1556529700756073,0.07331977784633636,0.29178592562675476,0.3489479422569275,0.25853586196899414,0.2907152473926544,0.31528449058532715,0.33441030979156494,0.3703034818172455,0.36589211225509644,0.2918305993080139,0.4334750771522522,0.2598264217376709,0.3905513882637024,0.3151431083679199,0.42089158296585083,0.36618369817733765,0.42865389585494995,0.29812386631965637,0.5093721151351929,0.2550051212310791,0.5412352085113525,0.24264024198055267,0.5681164264678955,0.23715300858020782,0.5675699710845947,rockandroll,03060,C:/Users/Javier/PIDS_HandPose/work/HAR_mediapipe/data/gestos_pids/train//rockandroll/rockandroll_03060.jpg
0.2790526747703552,0.714216947555542,0.3357890248298645,0.7018100023269653,0.3864589035511017,0.6488211750984192,0.42535117268562317,0.6015278100967407,0.4588339924812317,0.5816604495048523,0.36526405811309814,0.5208061337471008,0.3882489502429962,0.4320507049560547,0.4016907811164856,0.37690892815589905,0.4112716019153595,0.3248453736305237,0.3312276005744934,0.504741370677948,0.3407232165336609,0.44780975580215454,0.3358471393585205,0.5236713886260986,0.3339073061943054,0.5741757154464722,0.29721978306770325,0.5065387487411499,0.30065372586250305,0.4333743453025818,0.30467689037323,0.5014347434043884,0.3094016909599304,0.5463283658027649,0.26244568824768066,0.5203471779823303,0.2485487461090088,0.44502633810043335,0.244015172123909,0.4104451537132263,0.2454412281513214,0.3641538619995117,rockandroll,03061,C:/Users/Javier/PIDS_HandPose/work/HAR_mediapipe/data/gestos_pids/train//rockandroll/rockandroll_03061.jpg
0.7530986070632935,0.5333589911460876,0.7013540267944336,0.5491983890533447,0.6503526568412781,0.5396730303764343,0.607392430305481,0.5356521010398865,0.5764076113700867,0.5445821285247803,0.6486003994941711,0.4143703579902649,0.6234434247016907,0.34310296177864075,0.6108271479606628,0.30061447620391846,0.6002548933029175,0.2644902765750885,0.6723674535751343,0.38688766956329346,0.6582434773445129,0.3366037905216217,0.674867570400238,0.395005464553833,0.6842975616455078,0.43756330013275146,0.6997472643852234,0.366547167301178,0.6863881945610046,0.30925798416137695,0.6995892524719238,0.36072102189064026,0.7063530087471008,0.40158799290657043,0.7267914414405823,0.3561137020587921,0.7145756483078003,0.2952794134616852,0.7054135203361511,0.26128554344177246,0.6939958930015564,0.2263554036617279,rockandroll,03062,C:/Users/Javier/PIDS_HandPose/work/HAR_mediapipe/data/gestos_pids/train//rockandroll/rockandroll_03062.jpg
0.7601064443588257,0.5389320850372314,0.7095232605934143,0.5521763563156128,0.6598722338676453,0.5408803820610046,0.6187034249305725,0.5347478985786438,0.5867976546287537,0.5358632802963257,0.6577070355415344,0.4158927798271179,0.6319867968559265,0.34049689769744873,0.6192314624786377,0.293556809425354,0.6087381839752197,0.25479716062545776,0.6840276718139648,0.3878813683986664,0.6729583740234375,0.340485155582428,0.6898517608642578,0.4029064476490021,0.6982765793800354,0.44562193751335144,0.7138010859489441,0.3675851821899414,0.7035357356071472,0.3121001720428467,0.7172825336456299,0.3664802610874176,0.7234622836112976,0.40796610713005066,0.741982102394104,0.3564646542072296,0.7314143180847168,0.2945833206176758,0.7240129709243774,0.25649595260620117,0.7144255042076111,0.21642200648784637,rockandroll,03063,C:/Users/Javier/PIDS_HandPose/work/HAR_mediapipe/data/gestos_pids/train//rockandroll/rockandroll_03063.jpg
0.7743660807609558,0.5496118068695068,0.7234599590301514,0.562792181968689,0.6701359748840332,0.5485635995864868,0.6261303424835205,0.542222261428833,0.5913059711456299,0.541695237159729,0.6655203104019165,0.41741254925727844,0.6400889754295349,0.33547937870025635,0.627345085144043,0.2850467264652252,0.6181493401527405,0.24189230799674988,0.6946670413017273,0.3867998719215393,0.690041184425354,0.3380059599876404,0.7108665704727173,0.41160911321640015,0.7210915088653564,0.46013256907463074,0.7265441417694092,0.36695802211761475,0.7235426902770996,0.3123829960823059,0.7413358688354492,0.380772203207016,0.7481228709220886,0.4299948513507843,0.7560201287269592,0.3551928997039795,0.7495196461677551,0.2866927981376648,0.7470100522041321,0.2431146800518036,0.741037905216217,0.1981341689825058,rockandroll,03064,C:/Users/Javier/PIDS_HandPose/work/HAR_mediapipe/data/gestos_pids/train//rockandroll/rockandroll_03064.jpg
0.7767896056175232,0.5443980097770691,0.7244495153427124,0.5566238164901733,0.6699594259262085,0.5371216535568237,0.6266698241233826,0.5240829586982727,0.5923539400100708,0.5258134007453918,0.6705977916717529,0.40624961256980896,0.6455196142196655,0.3223073482513428,0.6343452334403992,0.27347439527511597,0.6254856586456299,0.22978860139846802,0.7000250220298767,0.37670835852622986,0.693280041217804,0.32613101601600647,0.7127285599708557,0.3908202350139618,0.723284125328064,0.4412555992603302,0.7312030792236328,0.35764896869659424,0.726594865322113,0.30072885751724243,0.7428203821182251,0.36457642912864685,0.7505468130111694,0.4140160381793976,0.7602930665016174,0.3476843535900116,0.7556437253952026,0.2792311906814575,0.7536834478378296,0.23610647022724152,0.7484427094459534,0.19043701887130737,rockandroll,03065,C:/Users/Javier/PIDS_HandPose/work/HAR_mediapipe/data/gestos_pids/train//rockandroll/rockandroll_03065.jpg
0.7240444421768188,0.6275928616523743,0.682368278503418,0.636565089225769,0.6408013105392456,0.6167091131210327,0.6070436239242554,0.5976189970970154,0.5806514024734497,0.5896807312965393,0.646443247795105,0.5145723223686218,0.6301923394203186,0.451955109834671,0.6222200989723206,0.41446223855018616,0.6162801384925842,0.38013726472854614,0.6683645248413086,0.49398869276046753,0.659458577632904,0.4550863802433014,0.6704414486885071,0.5093854665756226,0.6787359714508057,0.5513092875480652,0.6927406191825867,0.48247286677360535,0.6864144206047058,0.4417760372161865,0.6939169764518738,0.48934298753738403,0.6988125443458557,0.5265628695487976,0.7163423895835876,0.47889551520347595,0.7129446268081665,0.4259977340698242,0.7083445191383362,0.39502236247062683,0.7023824453353882,0.3639225661754608,rockandroll,03066,C:/Users/Javier/PIDS_HandPose/work/HAR_mediapipe/data/gestos_pids/train//rockandroll/rockandroll_03066.jpg
0.09418033063411713,0.7650388479232788,0.16507185995578766,0.7469995021820068,0.24264265596866608,0.6784006357192993,0.29795268177986145,0.6205987334251404,0.33615559339523315,0.5712136030197144,0.21123209595680237,0.5061708688735962,0.2441067397594452,0.3850928544998169,0.2610514163970947,0.30542781949043274,0.2725188136100769,0.23691952228546143,0.16029444336891174,0.48063400387763977,0.16295798122882843,0.4061889946460724,0.15047582983970642,0.49848198890686035,0.14134913682937622,0.5751646757125854,0.11003659665584564,0.4801633358001709,0.10658163577318192,0.3869359791278839,0.10376796871423721,0.4590755105018616,0.10294997692108154,0.5171934366226196,0.06168055534362793,0.4984220266342163,0.04108090698719025,0.39980125427246094,0.030087903141975403,0.3438587188720703,0.028068870306015015,0.2824236750602722,rockandroll,03067,C:/Users/Javier/PIDS_HandPose/work/HAR_mediapipe/data/gestos_pids/train//rockandroll/rockandroll_03067.jpg
0.7067566514015198,0.6362665891647339,0.6637325882911682,0.6442655324935913,0.6219256520271301,0.6177207231521606,0.5899008512496948,0.5914011597633362,0.5657426714897156,0.577393114566803,0.6291580200195312,0.5102211236953735,0.6148035526275635,0.44738051295280457,0.6072103977203369,0.40739235281944275,0.6015414595603943,0.3719343841075897,0.652827799320221,0.4908826947212219,0.6444813013076782,0.4546700119972229,0.6545323133468628,0.5147576332092285,0.6604452133178711,0.5548749566078186,0.6791887283325195,0.48182517290115356,0.6722386479377747,0.4463626742362976,0.6806430816650391,0.49891307950019836,0.6849690675735474,0.5359487533569336,0.7050924897193909,0.4812367558479309,0.7036301493644714,0.424688458442688,0.7003306746482849,0.39317959547042847,0.6942383646965027,0.36253124475479126,rockandroll,03068,C:/Users/Javier/PIDS_HandPose/work/HAR_mediapipe/data/gestos_pids/train//rockandroll/rockandroll_03068.jpg
0.30159011483192444,0.7518109083175659,0.3584705889225006,0.7403100728988647,0.4123134911060333,0.6867225170135498,0.4465905427932739,0.6314047574996948,0.47308632731437683,0.5962570309638977,0.3857402503490448,0.5693489909172058,0.40454989671707153,0.48009464144706726,0.4133603274822235,0.4262892007827759,0.4196903705596924,0.37915244698524475,0.3521992564201355,0.5629872679710388,0.36434632539749146,0.49202582240104675,0.3628196716308594,0.5587009191513062,0.35974830389022827,0.6173025369644165,0.3192289471626282,0.5674561262130737,0.3260745406150818,0.49010273814201355,0.3330432176589966,0.5526084899902344,0.33801981806755066,0.6032440662384033,0.2867390513420105,0.5812122821807861,0.2729577422142029,0.5064825415611267,0.270535409450531,0.4741436839103699,0.27219533920288086,0.43466058373451233,rockandroll,03069,C:/Users/Javier/PIDS_HandPose/work/HAR_mediapipe/data/gestos_pids/train//rockandroll/rockandroll_03069.jpg
0.2564869523048401,0.739986002445221,0.3370878994464874,0.7201603651046753,0.4064394533634186,0.6245737075805664,0.45270034670829773,0.5458162426948547,0.4896821677684784,0.4811694025993347,0.3717125952243805,0.46926602721214294,0.3971000909805298,0.3398329019546509,0.4112704396247864,0.25804412364959717,0.4238288104534149,0.18442478775978088,0.3214159905910492,0.45468392968177795,0.329894483089447,0.36369645595550537,0.32488423585891724,0.464523583650589,0.3246050775051117,0.543404221534729,0.27197182178497314,0.4618012309074402,0.2701638638973236,0.3554072976112366,0.2738499641418457,0.45316943526268005,0.2834320664405823,0.5226386189460754,0.22457338869571686,0.48498597741127014,0.20936216413974762,0.3861149847507477,0.20409433543682098,0.3487710952758789,0.20676131546497345,0.2993476688861847,rockandroll,03070,C:/Users/Javier/PIDS_HandPose/work/HAR_mediapipe/data/gestos_pids/train//rockandroll/rockandroll_03070.jpg
0.8050968647003174,0.911933958530426,0.7740590572357178,0.8579704165458679,0.7624178528785706,0.7747595310211182,0.7619438171386719,0.715772807598114,0.7599983811378479,0.6633873581886292,0.7883903384208679,0.7196066379547119,0.7772305011749268,0.6357730627059937,0.7680720686912537,0.595706045627594,0.7626556158065796,0.5562484860420227,0.8073492646217346,0.7256987690925598,0.7816852927207947,0.6751680970191956,0.7793837189674377,0.7415672540664673,0.7870290875434875,0.7765655517578125,0.8276944756507874,0.742379903793335,0.802584707736969,0.6975650191307068,0.7998080849647522,0.7636784911155701,0.8061859011650085,0.8000627160072327,0.8488948941230774,0.7643241882324219,0.8460519313812256,0.6963092684745789,0.8319461941719055,0.6656360030174255,0.8196490406990051,0.633849561214447,rockandroll,04001,C:/Users/Javier/PIDS_HandPose/work/HAR_mediapipe/data/gestos_pids/train//rockandroll/rockandroll_04001.jpg
0.2858660817146301,0.7283827662467957,0.31974416971206665,0.7164134383201599,0.3462170958518982,0.6589195728302002,0.357488751411438,0.6032307744026184,0.3659154176712036,0.5623174905776978,0.3462374210357666,0.5984711647033691,0.35628747940063477,0.5278711915016174,0.3654624819755554,0.48161646723747253,0.371759831905365,0.44359445571899414,0.3242492377758026,0.5888444185256958,0.3358005881309509,0.5528919100761414,0.33095023036003113,0.6045213341712952,0.323657363653183,0.6401842832565308,0.30117544531822205,0.5889257788658142,0.3108687102794647,0.5632776021957397,0.30906176567077637,0.6149741411209106,0.3043978810310364,0.6464008688926697,0.27741944789886475,0.5945843458175659,0.27972644567489624,0.5338853001594543,0.28406983613967896,0.5040675401687622,0.28762537240982056,0.47043246030807495,rockandroll,04002,C:/Users/Javier/PIDS_HandPose/work/HAR_mediapipe/data/gestos_pids/train//rockandroll/rockandroll_04002.jpg
0.6766879558563232,0.7646163702011108,0.6381363272666931,0.7319511771202087,0.6150714159011841,0.6667733788490295,0.6032761335372925,0.6150855422019958,0.5911973714828491,0.5742335319519043,0.6251102089881897,0.6058776378631592,0.6050161719322205,0.5370225310325623,0.5927494168281555,0.5031615495681763,0.5845884680747986,0.471035897731781,0.6416190266609192,0.602706253528595,0.6189666986465454,0.573125422000885,0.6256023645401001,0.6211132407188416,0.6353293061256409,0.6442447900772095,0.6616398692131042,0.6052167415618896,0.6391909122467041,0.5790658593177795,0.6452876329421997,0.6347323060035706,0.6548441052436829,0.665467381477356,0.6810817718505859,0.6096946001052856,0.6682944297790527,0.5509065985679626,0.6552250981330872,0.5244646072387695,0.6451944708824158,0.4957122802734375,rockandroll,04003,C:/Users/Javier/PIDS_HandPose/work/HAR_mediapipe/data/gestos_pids/train//rockandroll/rockandroll_04003.jpg
0.6919687986373901,0.7547152638435364,0.6559922695159912,0.7246750593185425,0.6257545351982117,0.674656093120575,0.5966742634773254,0.6532219052314758,0.5709843039512634,0.6557981967926025,0.6374382376670837,0.6051448583602905,0.6140573620796204,0.5397710204124451,0.6017162799835205,0.5039607286453247,0.5936492085456848,0.4708726704120636,0.6522790193557739,0.5995200872421265,0.6305186152458191,0.5748117566108704,0.6373026371002197,0.6228066682815552,0.6456169486045837,0.6484317183494568,0.6704253554344177,0.5982992649078369,0.6489387154579163,0.571027398109436,0.6557660698890686,0.6241957545280457,0.6646559834480286,0.6564054489135742,0.6885747909545898,0.600162923336029,0.6743800044059753,0.5411214828491211,0.6631518602371216,0.5125030279159546,0.6541152596473694,0.4804282784461975,rockandroll,04004,C:/Users/Javier/PIDS_HandPose/work/HAR_mediapipe/data/gestos_pids/train//rockandroll/rockandroll_04004.jpg
0.2811408042907715,0.6817470192909241,0.3208085596561432,0.6841880679130554,0.36219629645347595,0.6594793200492859,0.3947870135307312,0.6441561579704285,0.41974911093711853,0.6410637497901917,0.35235947370529175,0.5690782070159912,0.3699847161769867,0.5072025060653687,0.3828304409980774,0.4680207669734955,0.3920574188232422,0.4316044747829437,0.33214133977890015,0.5552900433540344,0.34066492319107056,0.5311566591262817,0.3315974771976471,0.5834420323371887,0.32471105456352234,0.6155471205711365,0.3094845414161682,0.5524548888206482,0.3153187334537506,0.5324625968933105,0.31270748376846313,0.5849624872207642,0.3099566400051117,0.6162155866622925,0.2857741713523865,0.5548699498176575,0.2896040380001068,0.4996897876262665,0.2918027937412262,0.47554782032966614,0.2957635521888733,0.4449027180671692,rockandroll,04005,C:/Users/Javier/PIDS_HandPose/work/HAR_mediapipe/data/gestos_pids/train//rockandroll/rockandroll_04005.jpg
0.7190959453582764,0.7189463376998901,0.6848272085189819,0.6983399391174316,0.6520380973815918,0.6655377745628357,0.6204113960266113,0.6558929085731506,0.5946868658065796,0.6646036505699158,0.6508410573005676,0.5966454148292542,0.6250603795051575,0.5448963046073914,0.610741138458252,0.5156126022338867,0.6002858877182007,0.4875916540622711,0.6671273708343506,0.5851896405220032,0.6496962308883667,0.5637645721435547,0.6590136289596558,0.6116291880607605,0.6671885848045349,0.6286985874176025,0.6864325404167175,0.5792142152786255,0.6709475517272949,0.5587761998176575,0.6785690784454346,0.6081593036651611,0.6848217844963074,0.6325176954269409,0.704971194267273,0.5764235258102417,0.6918907761573792,0.5274090766906738,0.6820261478424072,0.5032493472099304,0.6721110939979553,0.47379082441329956,rockandroll,04006,C:/Users/Javier/PIDS_HandPose/work/HAR_mediapipe/data/gestos_pids/train//rockandroll/rockandroll_04006.jpg
0.7488344311714172,0.738643229007721,0.7145780324935913,0.7111837863922119,0.6820462346076965,0.6765115261077881,0.6495057344436646,0.6686220765113831,0.6232974529266357,0.6783471703529358,0.6814175248146057,0.6000100374221802,0.6572353839874268,0.5409877896308899,0.6433194875717163,0.507570743560791,0.6324811577796936,0.47528475522994995,0.6995997428894043,0.5916877388954163,0.6828351020812988,0.5691384673118591,0.6911149024963379,0.6204908490180969,0.6991448998451233,0.6369346380233765,0.7208734750747681,0.5894454121589661,0.7077122330665588,0.5678523182868958,0.7151203751564026,0.6228739619255066,0.7214740514755249,0.649721622467041,0.740997850894928,0.5896020531654358,0.728324830532074,0.5367672443389893,0.7202812433242798,0.507825493812561,0.7132161855697632,0.471379816532135,rockandroll,04007,C:/Users/Javier/PIDS_HandPose/work/HAR_mediapipe/data/gestos_pids/train//rockandroll/rockandroll_04007.jpg
0.7522205710411072,0.742727518081665,0.7168552279472351,0.7297877669334412,0.6804340481758118,0.7097893357276917,0.6474564671516418,0.7165603041648865,0.6237371563911438,0.7400187253952026,0.6802850365638733,0.6180706024169922,0.6597352027893066,0.5529339909553528,0.6469188928604126,0.5184802412986755,0.636779248714447,0.48703718185424805,0.6985992193222046,0.6053045392036438,0.6801514625549316,0.5827128887176514,0.6899926662445068,0.6342359185218811,0.698890745639801,0.6615875959396362,0.7192581295967102,0.5997939109802246,0.7044626474380493,0.5802870392799377,0.7142566442489624,0.6321699619293213,0.721169114112854,0.6609101295471191,0.7401734590530396,0.5968748927116394,0.7285735607147217,0.5452434420585632,0.7205790281295776,0.517642080783844,0.7109647989273071,0.4858691990375519,rockandroll,04008,C:/Users/Javier/PIDS_HandPose/work/HAR_mediapipe/data/gestos_pids/train//rockandroll/rockandroll_04008.jpg
0.7490044236183167,0.7486445307731628,0.7142903804779053,0.7309401035308838,0.6792122721672058,0.7100640535354614,0.6452670097351074,0.714447021484375,0.6203031539916992,0.7361031174659729,0.6760101318359375,0.6196666359901428,0.6541076898574829,0.5541396737098694,0.6418184638023376,0.5186194181442261,0.6326414346694946,0.485215425491333,0.6948853135108948,0.6068330407142639,0.67760169506073,0.5847029685974121,0.6878616213798523,0.6381658315658569,0.6965075731277466,0.6635881066322327,0.716322124004364,0.6014278531074524,0.7023055553436279,0.5823063850402832,0.7114307284355164,0.6360976696014404,0.717315673828125,0.6653081178665161,0.7373374700546265,0.5989323854446411,0.7243586778640747,0.5469929575920105,0.7159305214881897,0.5178518891334534,0.7062851786613464,0.48420450091362,rockandroll,04009,C:/Users/Javier/PIDS_HandPose/work/HAR_mediapipe/data/gestos_pids/train//rockandroll/rockandroll_04009.jpg
0.7518947124481201,0.749811053276062,0.7169520258903503,0.7271794080734253,0.6819673776626587,0.6992481350898743,0.6485389471054077,0.6984132528305054,0.6231521964073181,0.7175586223602295,0.6848384737968445,0.6154242753982544,0.665324330329895,0.5453229546546936,0.6551084518432617,0.5059705972671509,0.6478878855705261,0.46936580538749695,0.7036009430885315,0.6048241257667542,0.6858325600624084,0.5851156711578369,0.6940701603889465,0.6357734799385071,0.7018192410469055,0.6563394665718079,0.7249945998191833,0.6007233262062073,0.7089076638221741,0.5823308825492859,0.7171913981437683,0.6348042488098145,0.7235967516899109,0.6620879173278809,0.7457230091094971,0.5989616513252258,0.7329991459846497,0.5459351539611816,0.7243677377700806,0.5173780918121338,0.7150667905807495,0.483837753534317,rockandroll,04010,C:/Users/Javier/PIDS_HandPose/work/HAR_mediapipe/data/gestos_pids/train//rockandroll/rockandroll_04010.jpg
0.7653113007545471,0.7464468479156494,0.731765627861023,0.7153338193893433,0.6990559101104736,0.6832519173622131,0.6631178855895996,0.6757948994636536,0.6356907486915588,0.6853249073028564,0.7008262872695923,0.5992392897605896,0.6813450455665588,0.5318335890769958,0.6712465882301331,0.4911089241504669,0.6643645763397217,0.45299285650253296,0.7201183438301086,0.5913229584693909,0.7047827839851379,0.5671732425689697,0.7112773060798645,0.6256498694419861,0.7174943089485168,0.6434662342071533,0.7427515983581543,0.5903785228729248,0.7300608158111572,0.5697682499885559,0.7363079190254211,0.6279848217964172,0.7402452826499939,0.6548016667366028,0.7635802030563354,0.5922992825508118,0.755069375038147,0.5386563539505005,0.7483794689178467,0.5090633630752563,0.7413293123245239,0.4739586114883423,rockandroll,04011,C:/Users/Javier/PIDS_HandPose/work/HAR_mediapipe/data/gestos_pids/train//rockandroll/rockandroll_04011.jpg
0.7612108588218689,0.7550708651542664,0.7272812724113464,0.7260932326316833,0.6941619515419006,0.691478431224823,0.6588639616966248,0.6832542419433594,0.6308823823928833,0.6935401558876038,0.6959168910980225,0.6078577041625977,0.6759151220321655,0.5405063629150391,0.6657889485359192,0.49952471256256104,0.6589049100875854,0.4603530764579773,0.7156767249107361,0.5993987321853638,0.6990092396736145,0.5778080821037292,0.7060320377349854,0.6350657939910889,0.7128049731254578,0.6559839248657227,0.7386126518249512,0.5979771018028259,0.7248984575271606,0.5778118968009949,0.731954038143158,0.6359442472457886,0.737050473690033,0.6652969717979431,0.7605200409889221,0.5986819267272949,0.752022385597229,0.543383002281189,0.7452494502067566,0.5147075653076172,0.7376351952552795,0.48059678077697754,rockandroll,04012,C:/Users/Javier/PIDS_HandPose/work/HAR_mediapipe/data/gestos_pids/train//rockandroll/rockandroll_04012.jpg
0.2672356963157654,0.7253305912017822,0.30833759903907776,0.7179664969444275,0.3505348861217499,0.6845009326934814,0.3845747113227844,0.6645482182502747,0.4111155867576599,0.6622452735900879,0.33250319957733154,0.5970714092254639,0.3517773747444153,0.5318386554718018,0.36501526832580566,0.49034300446510315,0.3733157813549042,0.45250141620635986,0.3111766576766968,0.5850335359573364,0.3238670825958252,0.5631232261657715,0.31311944127082825,0.6216481924057007,0.30467796325683594,0.6513366103172302,0.28805455565452576,0.5834357738494873,0.2981516122817993,0.5627400279045105,0.29498493671417236,0.6193453669548035,0.2901487648487091,0.648665726184845,0.26327747106552124,0.5858175158500671,0.2660936117172241,0.5236182808876038,0.2693062424659729,0.49448779225349426,0.27357906103134155,0.45676887035369873,rockandroll,04013,C:/Users/Javier/PIDS_HandPose/work/HAR_mediapipe/data/gestos_pids/train//rockandroll/rockandroll_04013.jpg
0.26282835006713867,0.5219032168388367,0.3085281252861023,0.5282833576202393,0.35650914907455444,0.5045762062072754,0.3923538029193878,0.4884762763977051,0.4185978174209595,0.47920334339141846,0.3447525203227997,0.42071303725242615,0.36145520210266113,0.34674692153930664,0.3729720115661621,0.29946982860565186,0.3821472227573395,0.26036012172698975,0.32030895352363586,0.4049716293811798,0.3286132514476776,0.37174540758132935,0.3180896043777466,0.4225963056087494,0.30907467007637024,0.46131041646003723,0.2937156558036804,0.4001324474811554,0.3007422089576721,0.3718041777610779,0.2980944514274597,0.4223354458808899,0.2956266701221466,0.45700278878211975,0.26780396699905396,0.40012481808662415,0.2744201421737671,0.3475458323955536,0.2776927351951599,0.32373636960983276,0.28316524624824524,0.29522204399108887,rockandroll,04014,C:/Users/Javier/PIDS_HandPose/work/HAR_mediapipe/data/gestos_pids/train//rockandroll/rockandroll_04014.jpg
0.8098374605178833,0.7607867121696472,0.7779775261878967,0.7267213463783264,0.747763991355896,0.6893581748008728,0.7142479419708252,0.6761927604675293,0.6866323351860046,0.6817841529846191,0.7490974068641663,0.6055581569671631,0.7328988909721375,0.535638689994812,0.724432110786438,0.4935486316680908,0.718828022480011,0.45366179943084717,0.7704619765281677,0.5994977951049805,0.7614820599555969,0.570846438407898,0.764721155166626,0.6305479407310486,0.7676074504852295,0.65248703956604,0.7941110134124756,0.6009569764137268,0.7870826721191406,0.5777930617332458,0.7890167832374573,0.635066032409668,0.7891682982444763,0.6616234183311462,0.8160317540168762,0.606081485748291,0.8112847208976746,0.5491234660148621,0.8080548644065857,0.5182470083236694,0.8039843440055847,0.48226162791252136,rockandroll,04015,C:/Users/Javier/PIDS_HandPose/work/HAR_mediapipe/data/gestos_pids/train//rockandroll/rockandroll_04015.jpg
0.2923939824104309,0.8744528293609619,0.3277243673801422,0.8635224103927612,0.36753877997398376,0.8281916975975037,0.3960982859134674,0.8069846034049988,0.41955670714378357,0.8028310537338257,0.34722059965133667,0.7421879768371582,0.37095314264297485,0.6914576888084412,0.38638848066329956,0.6622330546379089,0.39913758635520935,0.6364328265190125,0.32894036173820496,0.7322857975959778,0.3515087962150574,0.7186206579208374,0.34167107939720154,0.77076256275177,0.3295983374118805,0.7999821901321411,0.30945777893066406,0.7301194071769714,0.32914289832115173,0.7173405885696411,0.32398366928100586,0.7694950103759766,0.3164762258529663,0.797099232673645,0.28945767879486084,0.7319499850273132,0.2949761152267456,0.6774544715881348,0.30349916219711304,0.6508454084396362,0.31177741289138794,0.6185570955276489,rockandroll,04016,C:/Users/Javier/PIDS_HandPose/work/HAR_mediapipe/data/gestos_pids/train//rockandroll/rockandroll_04016.jpg
0.27350306510925293,0.9000581502914429,0.30900609493255615,0.8814839720726013,0.34817883372306824,0.8401108980178833,0.3770676851272583,0.813495397567749,0.40149593353271484,0.804905354976654,0.3240998387336731,0.7568119764328003,0.3461598753929138,0.7040404081344604,0.3610609471797943,0.6750048398971558,0.3738155961036682,0.6484276056289673,0.3053399622440338,0.7487207055091858,0.32878291606903076,0.7341615557670593,0.31942102313041687,0.7891160845756531,0.30717065930366516,0.8177323937416077,0.28590676188468933,0.7476947903633118,0.3058736026287079,0.7327969074249268,0.304391473531723,0.7817922830581665,0.2994433045387268,0.804248571395874,0.2654200494289398,0.7503837943077087,0.27006685733795166,0.6967945098876953,0.27795684337615967,0.6729400753974915,0.28478196263313293,0.641765832901001,rockandroll,04017,C:/Users/Javier/PIDS_HandPose/work/HAR_mediapipe/data/gestos_pids/train//rockandroll/rockandroll_04017.jpg
0.27597281336784363,0.8982946276664734,0.3119606375694275,0.8780168294906616,0.35058408975601196,0.8353620767593384,0.37915533781051636,0.8087792992591858,0.40278783440589905,0.7998529672622681,0.32471105456352234,0.752896249294281,0.3468397855758667,0.7005172967910767,0.3619081974029541,0.672600507736206,0.37475281953811646,0.6475954651832581,0.3058079481124878,0.7451779842376709,0.3290797472000122,0.7326599955558777,0.3218667507171631,0.785689115524292,0.3103918433189392,0.8147704601287842,0.2868015170097351,0.7446842789649963,0.3072734773159027,0.7300370931625366,0.30628132820129395,0.7794867157936096,0.30076131224632263,0.8054066896438599,0.2669651210308075,0.7484275698661804,0.2721368968486786,0.6952624320983887,0.2801198661327362,0.6718984842300415,0.2864454686641693,0.6439335346221924,rockandroll,04018,C:/Users/Javier/PIDS_HandPose/work/HAR_mediapipe/data/gestos_pids/train//rockandroll/rockandroll_04018.jpg
0.2797392010688782,0.8980908393859863,0.3136994540691376,0.8773407936096191,0.3530119061470032,0.8316618204116821,0.3814293146133423,0.8052008152008057,0.40526512265205383,0.7967472076416016,0.32780545949935913,0.7477372288703918,0.35011565685272217,0.6967240571975708,0.3656672239303589,0.6708128452301025,0.37933847308158875,0.6478970646858215,0.3086037337779999,0.739790141582489,0.33298736810684204,0.7298908829689026,0.3241572678089142,0.786174476146698,0.31227245926856995,0.8146743178367615,0.2893974781036377,0.7412573099136353,0.3099317252635956,0.7316077947616577,0.30690765380859375,0.7852654457092285,0.30116206407546997,0.8099144697189331,0.26995426416397095,0.7476604580879211,0.2756516933441162,0.6973104476928711,0.2829139530658722,0.6741198301315308,0.2890280783176422,0.6437591910362244,rockandroll,04019,C:/Users/Javier/PIDS_HandPose/work/HAR_mediapipe/data/gestos_pids/train//rockandroll/rockandroll_04019.jpg
0.27700942754745483,0.9038270115852356,0.3130190074443817,0.8795381784439087,0.3504287898540497,0.8344625234603882,0.3779295086860657,0.8077204823493958,0.4016485810279846,0.798442542552948,0.32228195667266846,0.7536139488220215,0.3458419442176819,0.702070415019989,0.3611399829387665,0.6761571168899536,0.3740531802177429,0.6518799662590027,0.3029670715332031,0.7470874190330505,0.3275635242462158,0.7359203696250916,0.31963256001472473,0.7929211258888245,0.3081696033477783,0.8203325867652893,0.2837228775024414,0.7497261166572571,0.3041366636753082,0.7384841442108154,0.30266159772872925,0.7924900054931641,0.2976609170436859,0.81644207239151,0.26424235105514526,0.7564284801483154,0.2687671482563019,0.7040896415710449,0.2761991620063782,0.6788765788078308,0.28230592608451843,0.6465946435928345,rockandroll,04020,C:/Users/Javier/PIDS_HandPose/work/HAR_mediapipe/data/gestos_pids/train//rockandroll/rockandroll_04020.jpg
0.3378850817680359,0.6431770324707031,0.37709033489227295,0.6656816005706787,0.4280132055282593,0.6634215712547302,0.4643964171409607,0.6616789102554321,0.49271613359451294,0.6698780059814453,0.43372026085853577,0.5522125959396362,0.4700997769832611,0.4987839460372925,0.4929068684577942,0.46776315569877625,0.5112641453742981,0.4395928978919983,0.4162975549697876,0.5282647013664246,0.4386017322540283,0.5320297479629517,0.41875654458999634,0.5784741640090942,0.4008480906486511,0.598132848739624,0.3935662508010864,0.5112478137016296,0.41196849942207336,0.5172244906425476,0.39817357063293457,0.5670783519744873,0.385671466588974,0.588559627532959,0.36922112107276917,0.4970459043979645,0.38860785961151123,0.44455477595329285,0.40370750427246094,0.42058026790618896,0.4185658395290375,0.38937655091285706,rockandroll,04021,C:/Users/Javier/PIDS_HandPose/work/HAR_mediapipe/data/gestos_pids/train//rockandroll/rockandroll_04021.jpg
0.31313133239746094,0.612187385559082,0.34908807277679443,0.6281242370605469,0.40180376172065735,0.6142781972885132,0.4406801760196686,0.6083903908729553,0.4715733826160431,0.6135979294776917,0.39928409457206726,0.5034345388412476,0.43245571851730347,0.4472183585166931,0.45572519302368164,0.41421592235565186,0.47395724058151245,0.38515546917915344,0.3784264922142029,0.47939494252204895,0.39979323744773865,0.4783214330673218,0.38176247477531433,0.5305637121200562,0.3647034764289856,0.5545528531074524,0.35362592339515686,0.4660866856575012,0.37125930190086365,0.4642309546470642,0.3607199192047119,0.5176671147346497,0.3497825562953949,0.5439274907112122,0.32803869247436523,0.45819973945617676,0.34322619438171387,0.3978249430656433,0.3557567596435547,0.36644840240478516,0.3683758080005646,0.3280337452888489,rockandroll,04022,C:/Users/Javier/PIDS_HandPose/work/HAR_mediapipe/data/gestos_pids/train//rockandroll/rockandroll_04022.jpg
0.2062024176120758,0.6890519857406616,0.2447177916765213,0.6798185706138611,0.2877161502838135,0.6452167630195618,0.32130810618400574,0.6200650930404663,0.3496708571910858,0.6118176579475403,0.2720068693161011,0.5564906001091003,0.2865123152732849,0.4879736304283142,0.297843873500824,0.44350665807724,0.3055534064769745,0.4024781584739685,0.24661993980407715,0.5438882112503052,0.2528565227985382,0.5154983401298523,0.2458399534225464,0.5756000280380249,0.24163755774497986,0.6084208488464355,0.22042378783226013,0.5424932837486267,0.22424137592315674,0.5173882246017456,0.22349748015403748,0.5745739936828613,0.22296318411827087,0.6054810881614685,0.19457778334617615,0.5465555191040039,0.19790959358215332,0.4878166913986206,0.20047126710414886,0.4596485495567322,0.20352575182914734,0.42160576581954956,rockandroll,04023,C:/Users/Javier/PIDS_HandPose/work/HAR_mediapipe/data/gestos_pids/train//rockandroll/rockandroll_04023.jpg
0.19462800025939941,0.7468132972717285,0.2341345250606537,0.7326337099075317,0.2769460678100586,0.692266583442688,0.3115672171115875,0.666050136089325,0.34027591347694397,0.6553102135658264,0.25907769799232483,0.6033324003219604,0.27263516187667847,0.5365608930587769,0.2838233709335327,0.49367207288742065,0.2912209630012512,0.4533745348453522,0.23389703035354614,0.5939149260520935,0.2410820722579956,0.5686195492744446,0.23408666253089905,0.6288796663284302,0.22812099754810333,0.6605838537216187,0.2078970968723297,0.5962877869606018,0.2110026478767395,0.5707018375396729,0.21252918243408203,0.6288238167762756,0.2127702385187149,0.6602209210395813,0.182358518242836,0.6039400100708008,0.18231523036956787,0.5445873737335205,0.1830020546913147,0.516143262386322,0.18456612527370453,0.47505179047584534,rockandroll,04024,C:/Users/Javier/PIDS_HandPose/work/HAR_mediapipe/data/gestos_pids/train//rockandroll/rockandroll_04024.jpg
0.7872316837310791,0.6878243684768677,0.7365444302558899,0.6790326833724976,0.6947479248046875,0.6353840827941895,0.6654830574989319,0.6138773560523987,0.6403481364250183,0.6110533475875854,0.6980389952659607,0.5303753614425659,0.6617324948310852,0.4641415476799011,0.6394307613372803,0.4378904700279236,0.6213606595993042,0.4074414372444153,0.7172432541847229,0.5186092257499695,0.6721451282501221,0.5161478519439697,0.6903305649757385,0.5790663957595825,0.709337055683136,0.5942573547363281,0.7400461435317993,0.515312671661377,0.7016377449035645,0.5154759287834167,0.7202696204185486,0.578792929649353,0.7376964092254639,0.5997714996337891,0.7647752165794373,0.515001118183136,0.7404387593269348,0.45635995268821716,0.7201731204986572,0.4452058672904968,0.7002860903739929,0.4285869598388672,rockandroll,04025,C:/Users/Javier/PIDS_HandPose/work/HAR_mediapipe/data/gestos_pids/train//rockandroll/rockandroll_04025.jpg
0.2663436233997345,0.6849313974380493,0.30823642015457153,0.6936851739883423,0.3573501706123352,0.6704452633857727,0.39637911319732666,0.6570397615432739,0.4268711805343628,0.6579462289810181,0.3535836935043335,0.5660079121589661,0.3790677785873413,0.49579042196273804,0.39872318506240845,0.4483170509338379,0.41239434480667114,0.4050673842430115,0.3308485746383667,0.5447972416877747,0.3451859652996063,0.5242714285850525,0.3266693353652954,0.586277186870575,0.3150686025619507,0.6177194118499756,0.30487433075904846,0.5359001159667969,0.3160736560821533,0.5163974761962891,0.3070789575576782,0.5791532397270203,0.3001580834388733,0.6133873462677002,0.27709490060806274,0.5331538319587708,0.28569167852401733,0.46762317419052124,0.2907901406288147,0.4367188513278961,0.29856735467910767,0.39636969566345215,rockandroll,04026,C:/Users/Javier/PIDS_HandPose/work/HAR_mediapipe/data/gestos_pids/train//rockandroll/rockandroll_04026.jpg
0.7430861592292786,0.6836541295051575,0.7003180384635925,0.6757836937904358,0.6554120779037476,0.6525562405586243,0.6162781119346619,0.6574374437332153,0.5894265174865723,0.6893469095230103,0.6411369442939758,0.5528562068939209,0.6073312759399414,0.48262375593185425,0.5887226462364197,0.44107189774513245,0.5741719603538513,0.40258893370628357,0.6611640453338623,0.5298110246658325,0.6354188323020935,0.5042029619216919,0.6537870764732361,0.5653204917907715,0.666309118270874,0.5956636667251587,0.6869372725486755,0.5173851251602173,0.6684937477111816,0.5038868188858032,0.686431348323822,0.5635281801223755,0.6962922215461731,0.5974063873291016,0.7134648561477661,0.5102629065513611,0.6934151649475098,0.45151740312576294,0.6800596714019775,0.41724029183387756,0.6641759276390076,0.3822518587112427,rockandroll,04027,C:/Users/Javier/PIDS_HandPose/work/HAR_mediapipe/data/gestos_pids/train//rockandroll/rockandroll_04027.jpg
0.7154099345207214,0.761154294013977,0.667305052280426,0.7430998086929321,0.6223618388175964,0.7053834795951843,0.5791887640953064,0.6997014284133911,0.5471091270446777,0.717265248298645,0.6238173246383667,0.5891013145446777,0.5938956141471863,0.509207010269165,0.5749151110649109,0.4609962999820709,0.5604658722877502,0.41847407817840576,0.6474351286888123,0.5722707509994507,0.6211411952972412,0.5506841540336609,0.6356164813041687,0.6253166198730469,0.6476215124130249,0.6533892750740051,0.6765331625938416,0.5680603981018066,0.6537160873413086,0.5580993890762329,0.66697758436203,0.6283305883407593,0.6759217977523804,0.6606138348579407,0.7051835060119629,0.5689172148704529,0.6889209151268005,0.5025109052658081,0.6753830909729004,0.47311288118362427,0.6600403785705566,0.4398583769798279,rockandroll,04028,C:/Users/Javier/PIDS_HandPose/work/HAR_mediapipe/data/gestos_pids/train//rockandroll/rockandroll_04028.jpg
0.1495465636253357,0.713816225528717,0.20758654177188873,0.7328996062278748,0.27330106496810913,0.6964783668518066,0.3219628930091858,0.6672711372375488,0.35797661542892456,0.6573626399040222,0.25841808319091797,0.5854217410087585,0.286763995885849,0.4864056408405304,0.3073899745941162,0.42651110887527466,0.3260347843170166,0.38190698623657227,0.23040130734443665,0.5609779953956604,0.2564886510372162,0.5302786231040955,0.24189454317092896,0.5997350811958313,0.22300072014331818,0.6523990631103516,0.19902250170707703,0.5525171756744385,0.22263018786907196,0.5307222008705139,0.2205255776643753,0.608278214931488,0.21197262406349182,0.6598638296127319,0.16671322286128998,0.550528883934021,0.17487072944641113,0.47072675824165344,0.18331411480903625,0.43277209997177124,0.19328060746192932,0.38918447494506836,rockandroll,04029,C:/Users/Javier/PIDS_HandPose/work/HAR_mediapipe/data/gestos_pids/train//rockandroll/rockandroll_04029.jpg
0.6578817367553711,0.8490042686462402,0.6045467257499695,0.837946891784668,0.5548241138458252,0.8004356026649475,0.5116448998451233,0.7984026670455933,0.48123255372047424,0.8137397170066833,0.5630695819854736,0.6752345561981201,0.5228496789932251,0.6000840663909912,0.49886584281921387,0.5569889545440674,0.4782796800136566,0.5143768787384033,0.5853569507598877,0.653679370880127,0.5439980030059814,0.6654503345489502,0.5652740001678467,0.7391902208328247,0.5824872255325317,0.7454320788383484,0.6134166717529297,0.6509281992912292,0.5771446824073792,0.663429319858551,0.5950418710708618,0.7285928130149841,0.609778106212616,0.7443288564682007,0.6415683031082153,0.6579972505569458,0.6194082498550415,0.6009594798088074,0.5998333692550659,0.5819731950759888,0.5805178284645081,0.5576097965240479,rockandroll,04030,C:/Users/Javier/PIDS_HandPose/work/HAR_mediapipe/data/gestos_pids/train//rockandroll/rockandroll_04030.jpg
0.1480104774236679,0.7453076839447021,0.20514555275440216,0.7488936185836792,0.27040791511535645,0.7096195220947266,0.3205087184906006,0.6806344389915466,0.3601914048194885,0.678354024887085,0.25424715876579285,0.5892136096954346,0.28617656230926514,0.4998021423816681,0.310053288936615,0.4459135830402374,0.32967302203178406,0.4007628560066223,0.22805917263031006,0.5669704675674438,0.2545834481716156,0.5504239201545715,0.2383892685174942,0.6196146011352539,0.2198452353477478,0.6620122194290161,0.19690921902656555,0.5589260458946228,0.21833577752113342,0.5479736328125,0.21550729870796204,0.6222947835922241,0.20820870995521545,0.6669029593467712,0.1627652496099472,0.5585794448852539,0.17020104825496674,0.47652488946914673,0.18014416098594666,0.43573880195617676,0.19155368208885193,0.38783109188079834,rockandroll,04031,C:/Users/Javier/PIDS_HandPose/work/HAR_mediapipe/data/gestos_pids/train//rockandroll/rockandroll_04031.jpg
0.15887096524238586,0.753937304019928,0.20943425595760345,0.7577641606330872,0.27434608340263367,0.717424213886261,0.32463303208351135,0.6934147477149963,0.3642564117908478,0.6924710273742676,0.25649014115333557,0.5883647799491882,0.28989094495773315,0.5016181468963623,0.3144960403442383,0.4490373730659485,0.3349097967147827,0.4044790267944336,0.2311309278011322,0.5690851211547852,0.2624523341655731,0.5525480508804321,0.2454933226108551,0.6240829229354858,0.22611936926841736,0.6673305034637451,0.2001757174730301,0.5613142251968384,0.22510795295238495,0.5550613403320312,0.2184869349002838,0.630793571472168,0.20866456627845764,0.6739771366119385,0.16675175726413727,0.5621578097343445,0.17526289820671082,0.48252183198928833,0.1866074502468109,0.439955472946167,0.19863653182983398,0.3905527591705322,rockandroll,04032,C:/Users/Javier/PIDS_HandPose/work/HAR_mediapipe/data/gestos_pids/train//rockandroll/rockandroll_04032.jpg
0.143508642911911,0.7404848337173462,0.20200476050376892,0.74443519115448,0.2679574191570282,0.7061818838119507,0.31694069504737854,0.6770686507225037,0.35419324040412903,0.666616678237915,0.25473809242248535,0.5828353762626648,0.2843838930130005,0.48953306674957275,0.3055720329284668,0.43498361110687256,0.3243410885334015,0.390934020280838,0.22731205821037292,0.5620179176330566,0.25587040185928345,0.5433471202850342,0.23883207142353058,0.6114317774772644,0.21923017501831055,0.6568207144737244,0.19541403651237488,0.5556122064590454,0.21793998777866364,0.5444397926330566,0.21551413834095,0.6211102604866028,0.20871004462242126,0.6695613265037537,0.1619407832622528,0.558944582939148,0.16855213046073914,0.47664207220077515,0.1784590631723404,0.4363875389099121,0.19023771584033966,0.3885486423969269,rockandroll,04033,C:/Users/Javier/PIDS_HandPose/work/HAR_mediapipe/data/gestos_pids/train//rockandroll/rockandroll_04033.jpg
0.6460867524147034,0.8378215432167053,0.5920494198799133,0.8239004611968994,0.5437198877334595,0.787598729133606,0.49923038482666016,0.7854087948799133,0.4684489369392395,0.8048115968704224,0.5475286245346069,0.6648549437522888,0.50565105676651,0.5894709229469299,0.4817327558994293,0.5511620044708252,0.46159428358078003,0.5125883221626282,0.5693188905715942,0.6438542008399963,0.5286175608634949,0.6540249586105347,0.5492240190505981,0.7256315350532532,0.5658855438232422,0.7324586510658264,0.5962610840797424,0.6406198740005493,0.5602338314056396,0.6541094183921814,0.579646646976471,0.7196800112724304,0.5950117111206055,0.7371708750724792,0.6216455698013306,0.6459185481071472,0.5983871817588806,0.5916975736618042,0.5787436366081238,0.5716962814331055,0.5584777593612671,0.5451551079750061,rockandroll,04034,C:/Users/Javier/PIDS_HandPose/work/HAR_mediapipe/data/gestos_pids/train//rockandroll/rockandroll_04034.jpg
0.6447110772132874,0.8200258016586304,0.5954957604408264,0.8059578537940979,0.5508497357368469,0.7629715204238892,0.5082586407661438,0.7525352835655212,0.47698989510536194,0.7648866772651672,0.557355523109436,0.6466967463493347,0.5229886770248413,0.5705223083496094,0.5012866258621216,0.5247815251350403,0.48434972763061523,0.4820743203163147,0.5791115760803223,0.629730224609375,0.5416545867919922,0.6290746331214905,0.5602103471755981,0.7023919820785522,0.576119065284729,0.7147076725959778,0.6072632670402527,0.6283619403839111,0.5742878317832947,0.6339414715766907,0.5900538563728333,0.6988476514816284,0.6024346351623535,0.7192233204841614,0.634824275970459,0.6361651420593262,0.6143240332603455,0.5778232216835022,0.5960363745689392,0.5617821216583252,0.5775550007820129,0.5424647331237793,rockandroll,04035,C:/Users/Javier/PIDS_HandPose/work/HAR_mediapipe/data/gestos_pids/train//rockandroll/rockandroll_04035.jpg
0.1600060760974884,0.7273098826408386,0.21533261239528656,0.7470834255218506,0.2823367416858673,0.7172440886497498,0.33199360966682434,0.6934291124343872,0.3680771589279175,0.6823798418045044,0.2716960310935974,0.6030497550964355,0.3011084496974945,0.5114890336990356,0.3233560025691986,0.4570372700691223,0.34235671162605286,0.41444721817970276,0.24351897835731506,0.5771622657775879,0.2662571668624878,0.5524857044219971,0.2501869797706604,0.6175578832626343,0.2323836088180542,0.6643865704536438,0.21211478114128113,0.5674102902412415,0.23000659048557281,0.5532659292221069,0.2257806956768036,0.6257790327072144,0.21898780763149261,0.6741302609443665,0.17996230721473694,0.5648710131645203,0.18967404961585999,0.4939771890640259,0.19635406136512756,0.4594331979751587,0.20555120706558228,0.419845849275589,rockandroll,04036,C:/Users/Javier/PIDS_HandPose/work/HAR_mediapipe/data/gestos_pids/train//rockandroll/rockandroll_04036.jpg
0.6924206614494324,0.8134088516235352,0.6475154757499695,0.7964707016944885,0.607666015625,0.7589015364646912,0.5684167742729187,0.7488451600074768,0.5378361344337463,0.7586965560913086,0.6103254556655884,0.651164710521698,0.582898736000061,0.5773332715034485,0.5655068755149841,0.5310739278793335,0.5515874624252319,0.48854345083236694,0.632633626461029,0.6358593106269836,0.6059908866882324,0.6219213008880615,0.6190388202667236,0.6941612362861633,0.630062460899353,0.7094743847846985,0.6607310175895691,0.635560154914856,0.6383920311927795,0.6317857503890991,0.6491775512695312,0.6955843567848206,0.6568149328231812,0.7198079824447632,0.6878918409347534,0.643134355545044,0.674583375453949,0.5838408470153809,0.6623066663742065,0.558343768119812,0.6487734317779541,0.5310004353523254,rockandroll,04037,C:/Users/Javier/PIDS_HandPose/work/HAR_mediapipe/data/gestos_pids/train//rockandroll/rockandroll_04037.jpg
0.1336067169904709,0.7950106859207153,0.20090734958648682,0.7684833407402039,0.2632986307144165,0.6972758769989014,0.30772730708122253,0.6386440396308899,0.3422820568084717,0.6039249897003174,0.23559346795082092,0.5770670175552368,0.26549696922302246,0.47314244508743286,0.283892422914505,0.41375425457954407,0.2977105379104614,0.3559376001358032,0.20281872153282166,0.5623254776000977,0.22604255378246307,0.5100398659706116,0.21458736062049866,0.5990625023841858,0.20271266996860504,0.6519520878791809,0.16804227232933044,0.561046302318573,0.18506909906864166,0.5189157724380493,0.18413695693016052,0.6144287586212158,0.18044254183769226,0.6673631072044373,0.1309511512517929,0.5656718611717224,0.12996838986873627,0.46738529205322266,0.13758182525634766,0.4259425103664398,0.14656475186347961,0.36834442615509033,rockandroll,04038,C:/Users/Javier/PIDS_HandPose/work/HAR_mediapipe/data/gestos_pids/train//rockandroll/rockandroll_04038.jpg
0.14773869514465332,0.7965291738510132,0.21217873692512512,0.7676907181739807,0.2709898054599762,0.7006743550300598,0.315489262342453,0.6451746225357056,0.3499217629432678,0.6105667352676392,0.24620065093040466,0.5826544761657715,0.27524399757385254,0.48309820890426636,0.2931182086467743,0.42456862330436707,0.30707162618637085,0.3687223196029663,0.21424034237861633,0.567897379398346,0.23735976219177246,0.5191041231155396,0.22411510348320007,0.6056770086288452,0.2125716507434845,0.6556375622749329,0.17917053401470184,0.564511239528656,0.19633403420448303,0.5235984921455383,0.1941801756620407,0.6156546473503113,0.19008591771125793,0.668599009513855,0.14143657684326172,0.5677245259284973,0.1424521803855896,0.47328054904937744,0.1523437201976776,0.43343019485473633,0.16373899579048157,0.37902241945266724,rockandroll,04039,C:/Users/Javier/PIDS_HandPose/work/HAR_mediapipe/data/gestos_pids/train//rockandroll/rockandroll_04039.jpg
0.6682671904563904,0.8328601121902466,0.6193350553512573,0.7908791303634644,0.576361894607544,0.7212936878204346,0.5393604040145874,0.6906126141548157,0.5070948004722595,0.6863117218017578,0.5990331768989563,0.6172471642494202,0.5736314058303833,0.5234088897705078,0.5545985102653503,0.4779725670814514,0.5393351316452026,0.4413303732872009,0.6243247985839844,0.6119064092636108,0.6011858582496643,0.5699871182441711,0.6057932376861572,0.6431920528411865,0.6149560213088989,0.6910734176635742,0.6518746614456177,0.6151526570320129,0.6314876079559326,0.5668251514434814,0.6295627951622009,0.6400246024131775,0.6341282725334167,0.6920158863067627,0.6803852319717407,0.6228823661804199,0.681617259979248,0.5459573268890381,0.66434645652771,0.5209592580795288,0.6446853876113892,0.5037785768508911,rockandroll,04040,C:/Users/Javier/PIDS_HandPose/work/HAR_mediapipe/data/gestos_pids/train//rockandroll/rockandroll_04040.jpg
0.6151728630065918,0.7142608761787415,0.5700526833534241,0.7002794742584229,0.5224441885948181,0.6578501462936401,0.47934865951538086,0.6468607187271118,0.4468616843223572,0.664313554763794,0.5297993421554565,0.5522891283035278,0.49936020374298096,0.47465163469314575,0.4806576371192932,0.43087831139564514,0.4661605656147003,0.3907642960548401,0.5507510304450989,0.5351836681365967,0.5224669575691223,0.4974684417247772,0.5336186289787292,0.5677554607391357,0.5468558669090271,0.610655665397644,0.5767912864685059,0.5291959047317505,0.5539841651916504,0.4998568594455719,0.5650069117546082,0.568642795085907,0.5747887492179871,0.6112200021743774,0.6045694351196289,0.5279632210731506,0.5898306369781494,0.45490849018096924,0.5787056088447571,0.4116910994052887,0.566048264503479,0.3681311309337616,rockandroll,04041,C:/Users/Javier/PIDS_HandPose/work/HAR_mediapipe/data/gestos_pids/train//rockandroll/rockandroll_04041.jpg
0.6056895852088928,0.7538230419158936,0.5535697340965271,0.7327579259872437,0.5049238801002502,0.6826595664024353,0.46204331517219543,0.6664235591888428,0.42954468727111816,0.6772561073303223,0.5179008841514587,0.5739588737487793,0.48577260971069336,0.48865196108818054,0.4687173664569855,0.4404407739639282,0.45534178614616394,0.39687758684158325,0.5402728915214539,0.5615273714065552,0.5097965598106384,0.5335790514945984,0.5219231247901917,0.5973812937736511,0.5342986583709717,0.6305075883865356,0.5661024451255798,0.5579195618629456,0.5383537411689758,0.5354095101356506,0.5488787293434143,0.606560230255127,0.5585305690765381,0.6465727090835571,0.5920881032943726,0.5586893558502197,0.5745139718055725,0.48566722869873047,0.5617507100105286,0.44825246930122375,0.5481292605400085,0.406191885471344,rockandroll,04042,C:/Users/Javier/PIDS_HandPose/work/HAR_mediapipe/data/gestos_pids/train//rockandroll/rockandroll_04042.jpg
0.6046367883682251,0.76495760679245,0.5547658801078796,0.7435581684112549,0.508857011795044,0.6933875679969788,0.46904122829437256,0.6776703000068665,0.43767136335372925,0.6876932382583618,0.523712694644928,0.585606038570404,0.49350160360336304,0.49914026260375977,0.47565460205078125,0.45418792963027954,0.46158045530319214,0.41119837760925293,0.5452775955200195,0.5742852687835693,0.5111113786697388,0.5434834957122803,0.5220523476600647,0.6140344142913818,0.5353580713272095,0.649201512336731,0.5709490776062012,0.5725131034851074,0.5405904054641724,0.5476445555686951,0.5507441759109497,0.618234395980835,0.5616982579231262,0.6571760773658752,0.5976001620292664,0.5744338631629944,0.5813903212547302,0.5001814365386963,0.5684002041816711,0.4614917039871216,0.5555353164672852,0.41992655396461487,rockandroll,04043,C:/Users/Javier/PIDS_HandPose/work/HAR_mediapipe/data/gestos_pids/train//rockandroll/rockandroll_04043.jpg
0.6057351231575012,0.765998125076294,0.5591813921928406,0.7459990978240967,0.5125916004180908,0.6953907012939453,0.4723377227783203,0.6801422834396362,0.44144177436828613,0.6951199173927307,0.5254411101341248,0.5868366360664368,0.4958690404891968,0.5028116703033447,0.47767558693885803,0.45428183674812317,0.46336430311203003,0.40868306159973145,0.5464285612106323,0.5746911764144897,0.5146414637565613,0.5436204075813293,0.5273140072822571,0.615598201751709,0.5414108037948608,0.6510130763053894,0.5719315409660339,0.573843777179718,0.5440236330032349,0.553959310054779,0.5552223324775696,0.6224152445793152,0.5653579831123352,0.6595683693885803,0.5985509157180786,0.5773956179618835,0.5824325680732727,0.5058242082595825,0.5698723196983337,0.4684077799320221,0.5563015341758728,0.4304121136665344,rockandroll,04044,C:/Users/Javier/PIDS_HandPose/work/HAR_mediapipe/data/gestos_pids/train//rockandroll/rockandroll_04044.jpg
0.6044067740440369,0.7681976556777954,0.5585579872131348,0.7497594952583313,0.5132731199264526,0.7015707492828369,0.47447335720062256,0.6873155832290649,0.44416284561157227,0.6995282769203186,0.525812029838562,0.5887724757194519,0.49820029735565186,0.5045416355133057,0.4810882806777954,0.4576292932033539,0.4671329855918884,0.41392648220062256,0.5464641451835632,0.578072190284729,0.5125969648361206,0.5490227341651917,0.5248043537139893,0.6238621473312378,0.5391732454299927,0.655957043170929,0.5720937252044678,0.578672468662262,0.5428274273872375,0.5616785287857056,0.5539523959159851,0.6320911645889282,0.5644266605377197,0.6670578718185425,0.5991164445877075,0.5834656357765198,0.5829393267631531,0.5118303894996643,0.5702724456787109,0.47516483068466187,0.5566048622131348,0.4371212422847748,rockandroll,04045,C:/Users/Javier/PIDS_HandPose/work/HAR_mediapipe/data/gestos_pids/train//rockandroll/rockandroll_04045.jpg
0.6167653799057007,0.7756170034408569,0.5733588933944702,0.7609182596206665,0.5285561084747314,0.7157880663871765,0.4873695969581604,0.6989874839782715,0.4557618796825409,0.7070112824440002,0.5311266183853149,0.6061612963676453,0.5008955001831055,0.5241355895996094,0.48167937994003296,0.47671201825141907,0.46737757325172424,0.43419498205184937,0.552931547164917,0.5920705795288086,0.5257525444030762,0.5623091459274292,0.536396861076355,0.6355255842208862,0.5487121343612671,0.6674293875694275,0.5798954963684082,0.5902950763702393,0.5589284896850586,0.5728504061698914,0.5695777535438538,0.6421136856079102,0.5784192681312561,0.6784753799438477,0.6074827909469604,0.5922998189926147,0.5916346907615662,0.5209256410598755,0.5808224081993103,0.4786064624786377,0.569868803024292,0.434617817401886,rockandroll,04046,C:/Users/Javier/PIDS_HandPose/work/HAR_mediapipe/data/gestos_pids/train//rockandroll/rockandroll_04046.jpg
0.6361382007598877,0.7953987121582031,0.5926422476768494,0.7730947732925415,0.5504236817359924,0.7319494485855103,0.5095318555831909,0.7196071147918701,0.4771735370159149,0.7311245203018188,0.5492811799049377,0.617411732673645,0.5195978879928589,0.540526807308197,0.5005767345428467,0.4933395981788635,0.48635998368263245,0.45212048292160034,0.5723910927772522,0.6028069257736206,0.5450807809829712,0.5786256194114685,0.5562710165977478,0.6507259607315063,0.5673806071281433,0.6796088218688965,0.6007012128829956,0.6021261811256409,0.5788809657096863,0.5950302481651306,0.5898649096488953,0.6620598435401917,0.5975276827812195,0.6947066783905029,0.6287862062454224,0.6077058911323547,0.6151856780052185,0.5383403897285461,0.6059797406196594,0.49834582209587097,0.5945907235145569,0.4577981233596802,rockandroll,04047,C:/Users/Javier/PIDS_HandPose/work/HAR_mediapipe/data/gestos_pids/train//rockandroll/rockandroll_04047.jpg
0.6530429720878601,0.8258072733879089,0.604585587978363,0.798848569393158,0.5617214441299438,0.7521411180496216,0.5205949544906616,0.7389342188835144,0.4878261685371399,0.7494125962257385,0.5670515894889832,0.6412466168403625,0.53282630443573,0.5574471354484558,0.5140405297279358,0.5123838186264038,0.5003254413604736,0.4677547812461853,0.5913712978363037,0.6276665925979614,0.5612579584121704,0.6117233633995056,0.5762231945991516,0.6859853863716125,0.590214729309082,0.7151712775230408,0.6197352409362793,0.6276348233222961,0.5922585129737854,0.6157769560813904,0.6050174236297607,0.6876159310340881,0.6171526312828064,0.7207854390144348,0.6467506289482117,0.6317964792251587,0.6311548352241516,0.5628612041473389,0.6190024614334106,0.5275852680206299,0.6063256859779358,0.4863268733024597,rockandroll,04048,C:/Users/Javier/PIDS_HandPose/work/HAR_mediapipe/data/gestos_pids/train//rockandroll/rockandroll_04048.jpg
0.19112107157707214,0.8314765095710754,0.26596978306770325,0.809815526008606,0.33382534980773926,0.7383887767791748,0.3813907206058502,0.679288923740387,0.41581565141677856,0.642175018787384,0.30033037066459656,0.5992230176925659,0.3264256417751312,0.48593056201934814,0.3467946946620941,0.41952741146087646,0.36529263854026794,0.3601740598678589,0.2688498795032501,0.5871565341949463,0.2941286265850067,0.5608645677566528,0.2828413248062134,0.6515687108039856,0.2668515145778656,0.7063930034637451,0.2330865114927292,0.5884672403335571,0.2547737956047058,0.5759274363517761,0.2585436701774597,0.6649155616760254,0.2535852789878845,0.7139747738838196,0.19479623436927795,0.5969420671463013,0.20015797019004822,0.5025382041931152,0.21487310528755188,0.4594707489013672,0.2275218665599823,0.4055752754211426,rockandroll,04049,C:/Users/Javier/PIDS_HandPose/work/HAR_mediapipe/data/gestos_pids/train//rockandroll/rockandroll_04049.jpg
0.13542376458644867,0.8574400544166565,0.21128243207931519,0.8465896844863892,0.3013351559638977,0.770226240158081,0.3681798279285431,0.7300124168395996,0.42204880714416504,0.7215978503227234,0.2745796740055084,0.579785943031311,0.3100677728652954,0.44089895486831665,0.33075448870658875,0.3487992584705353,0.348361611366272,0.2721472978591919,0.23231324553489685,0.5575644373893738,0.2708703875541687,0.521242618560791,0.2544684112071991,0.6256202459335327,0.23232966661453247,0.6956401467323303,0.18433120846748352,0.5543307065963745,0.21167512238025665,0.5404940843582153,0.2124444842338562,0.6542149186134338,0.20628270506858826,0.7236373424530029,0.1360771209001541,0.5634235143661499,0.14240920543670654,0.4497826099395752,0.15747196972370148,0.3901786208152771,0.17321859300136566,0.318244069814682,rockandroll,04050,C:/Users/Javier/PIDS_HandPose/work/HAR_mediapipe/data/gestos_pids/train//rockandroll/rockandroll_04050.jpg
0.1157345324754715,0.8837054371833801,0.19534453749656677,0.8736862540245056,0.28892379999160767,0.7888540625572205,0.35794320702552795,0.739429235458374,0.41507038474082947,0.7377586364746094,0.2575812339782715,0.6051766276359558,0.3001978099346161,0.4721439778804779,0.3310653567314148,0.3847005367279053,0.35822486877441406,0.3133765459060669,0.2141401767730713,0.5794699192047119,0.2533760368824005,0.5550380945205688,0.23766542971134186,0.6579098701477051,0.21750925481319427,0.7258127331733704,0.16436314582824707,0.5772027373313904,0.19350138306617737,0.573131799697876,0.19686812162399292,0.6890103816986084,0.19243864715099335,0.761744499206543,0.11300608515739441,0.5892779231071472,0.11923693120479584,0.48112207651138306,0.1352294534444809,0.423969566822052,0.15327933430671692,0.3568909764289856,rockandroll,04051,C:/Users/Javier/PIDS_HandPose/work/HAR_mediapipe/data/gestos_pids/train//rockandroll/rockandroll_04051.jpg
0.11310693621635437,0.9092183113098145,0.1948436200618744,0.8974031805992126,0.28947076201438904,0.8121631145477295,0.3613700866699219,0.7673004269599915,0.42121195793151855,0.7705898880958557,0.26298514008522034,0.6294631361961365,0.3059086501598358,0.49487707018852234,0.3387036621570587,0.4111618101596832,0.3678525388240814,0.34399843215942383,0.21812842786312103,0.6025161147117615,0.259227454662323,0.5818125009536743,0.24103936553001404,0.6918490529060364,0.21810270845890045,0.7670149207115173,0.16675281524658203,0.602164626121521,0.1972658634185791,0.602856457233429,0.19981583952903748,0.721907377243042,0.19393384456634521,0.7965617179870605,0.11321976780891418,0.6174042224884033,0.12081848084926605,0.5081563591957092,0.1368633508682251,0.45133107900619507,0.15553614497184753,0.38264432549476624,rockandroll,04052,C:/Users/Javier/PIDS_HandPose/work/HAR_mediapipe/data/gestos_pids/train//rockandroll/rockandroll_04052.jpg
0.11444918811321259,0.8988317251205444,0.1912434995174408,0.8903062343597412,0.28450989723205566,0.807702898979187,0.35579177737236023,0.7638879418373108,0.4142816662788391,0.7621184587478638,0.259888231754303,0.6270470023155212,0.3024100959300995,0.5018091797828674,0.33459362387657166,0.4171099364757538,0.36219653487205505,0.3481864631175995,0.21609166264533997,0.596580982208252,0.25806504487991333,0.5826398730278015,0.2392735332250595,0.689763605594635,0.21707910299301147,0.7609009742736816,0.16542948782444,0.5957123637199402,0.19530358910560608,0.6043246984481812,0.19778260588645935,0.7208099365234375,0.19273850321769714,0.792127788066864,0.11254158616065979,0.6136333346366882,0.11866006255149841,0.5135375261306763,0.13405750691890717,0.4576300382614136,0.15239140391349792,0.38926756381988525,rockandroll,04053,C:/Users/Javier/PIDS_HandPose/work/HAR_mediapipe/data/gestos_pids/train//rockandroll/rockandroll_04053.jpg
0.11997787654399872,0.9049307107925415,0.19167067110538483,0.8915654420852661,0.2780405282974243,0.8161085844039917,0.34548816084861755,0.7758996486663818,0.40358319878578186,0.7813905477523804,0.2589491307735443,0.6295362114906311,0.3048854470252991,0.5015814304351807,0.33950677514076233,0.4183416962623596,0.36675575375556946,0.3476971983909607,0.2171878218650818,0.5983920693397522,0.263988733291626,0.5813449621200562,0.24378541111946106,0.6924342513084412,0.22117923200130463,0.7551397681236267,0.16758427023887634,0.5960536003112793,0.19907282292842865,0.6062954664230347,0.19748422503471375,0.7274885177612305,0.19094476103782654,0.7941578030586243,0.11484722793102264,0.612766444683075,0.12160292267799377,0.5135188102722168,0.1366278976202011,0.45746755599975586,0.15380308032035828,0.3842132091522217,rockandroll,04054,C:/Users/Javier/PIDS_HandPose/work/HAR_mediapipe/data/gestos_pids/train//rockandroll/rockandroll_04054.jpg
0.1181187629699707,0.9107100963592529,0.19042503833770752,0.8928220868110657,0.2762404978275299,0.8140076994895935,0.3433395028114319,0.7713742852210999,0.40068620443344116,0.7774921655654907,0.25883182883262634,0.629431962966919,0.3042828440666199,0.5017767548561096,0.3370037078857422,0.4182599186897278,0.36376649141311646,0.347952276468277,0.21663279831409454,0.5996115803718567,0.26180365681648254,0.5797840356826782,0.2428111582994461,0.6922690272331238,0.2198706418275833,0.7608819603919983,0.16705884039402008,0.5987814664840698,0.1981748640537262,0.5999488234519958,0.19720008969306946,0.7207973599433899,0.19005021452903748,0.7929282784461975,0.11490890383720398,0.6159166693687439,0.12117588520050049,0.5141388177871704,0.1360982358455658,0.4578511714935303,0.15334197878837585,0.38611188530921936,rockandroll,04055,C:/Users/Javier/PIDS_HandPose/work/HAR_mediapipe/data/gestos_pids/train//rockandroll/rockandroll_04055.jpg
0.16957363486289978,0.8700555562973022,0.23668357729911804,0.8665761351585388,0.3178803622722626,0.8088253736495972,0.3813602328300476,0.7841679453849792,0.4321877956390381,0.7904670238494873,0.3012376129627228,0.6243830323219299,0.3335338234901428,0.4778413474559784,0.3569370210170746,0.3823905289173126,0.3751451373100281,0.311917781829834,0.26498764753341675,0.6019060611724854,0.3056687116622925,0.5659602284431458,0.29249003529548645,0.656314492225647,0.2710424065589905,0.7216232419013977,0.22187849879264832,0.5965131521224976,0.25348687171936035,0.5891133546829224,0.25567129254341125,0.6909816265106201,0.2481335997581482,0.7550421953201294,0.17644836008548737,0.602199137210846,0.18470001220703125,0.4960051476955414,0.19645735621452332,0.43077778816223145,0.20844215154647827,0.35531723499298096,rockandroll,04056,C:/Users/Javier/PIDS_HandPose/work/HAR_mediapipe/data/gestos_pids/train//rockandroll/rockandroll_04056.jpg
0.21405886113643646,0.8857539892196655,0.27391085028648376,0.8794036507606506,0.35002973675727844,0.8163138628005981,0.4097563326358795,0.7893450856208801,0.4604036509990692,0.7979565858840942,0.3328980505466461,0.6441882252693176,0.3749021887779236,0.521293044090271,0.4026445746421814,0.4424200654029846,0.4251353442668915,0.37766823172569275,0.3012735843658447,0.6205381155014038,0.3465191721916199,0.608016848564148,0.32721030712127686,0.6979729533195496,0.30294716358184814,0.7513182163238525,0.2625316381454468,0.6165712475776672,0.297921359539032,0.6305056810379028,0.2892763614654541,0.7321028709411621,0.27646568417549133,0.786487877368927,0.22233164310455322,0.6290338635444641,0.2346949279308319,0.5374121069908142,0.2497253119945526,0.4798240661621094,0.26591986417770386,0.41156986355781555,rockandroll,04057,C:/Users/Javier/PIDS_HandPose/work/HAR_mediapipe/data/gestos_pids/train//rockandroll/rockandroll_04057.jpg
0.23970657587051392,0.9068909883499146,0.3011474013328552,0.913849949836731,0.38202622532844543,0.8637771010398865,0.4445723295211792,0.8408510684967041,0.4948418140411377,0.8545438051223755,0.36975452303886414,0.6879462599754333,0.4150186777114868,0.5679478645324707,0.44515475630760193,0.49193036556243896,0.47108736634254456,0.4323441684246063,0.33945509791374207,0.6588921546936035,0.3856011927127838,0.6529553532600403,0.36523306369781494,0.7361539006233215,0.3424025774002075,0.7866002917289734,0.3005495071411133,0.650416910648346,0.33581387996673584,0.6743864417076111,0.3253049850463867,0.7730666995048523,0.31260526180267334,0.8268556594848633,0.25875940918922424,0.6599670052528381,0.2765626907348633,0.5763713717460632,0.29407671093940735,0.5219953060150146,0.31227296590805054,0.4594537615776062,rockandroll,04058,C:/Users/Javier/PIDS_HandPose/work/HAR_mediapipe/data/gestos_pids/train//rockandroll/rockandroll_04058.jpg
0.27544966340065,0.9613858461380005,0.33580052852630615,0.958196222782135,0.4126355051994324,0.9049375653266907,0.4713408648967743,0.893750786781311,0.5193886160850525,0.922757625579834,0.39854827523231506,0.7133150696754456,0.4497147500514984,0.6137242913246155,0.4835275411605835,0.5476195812225342,0.5101879835128784,0.493153840303421,0.3677504360675812,0.6855848431587219,0.4272216558456421,0.7035632729530334,0.4005841910839081,0.799854040145874,0.37260007858276367,0.844927191734314,0.32959115505218506,0.6850476861000061,0.3781280517578125,0.7153887152671814,0.3584725260734558,0.8191008567810059,0.3398433327674866,0.8700860738754272,0.290241539478302,0.702387809753418,0.31350284814834595,0.6218637824058533,0.3368094563484192,0.5750081539154053,0.3604351282119751,0.521545946598053,rockandroll,04059,C:/Users/Javier/PIDS_HandPose/work/HAR_mediapipe/data/gestos_pids/train//rockandroll/rockandroll_04059.jpg
0.24587826430797577,0.9876549243927002,0.31131112575531006,0.9757215976715088,0.3921356201171875,0.9137810468673706,0.4527064561843872,0.8979741334915161,0.5022613406181335,0.922799825668335,0.37945228815078735,0.7245533466339111,0.4295589327812195,0.603922426700592,0.4598599076271057,0.5323196649551392,0.4841807782649994,0.47065258026123047,0.34675246477127075,0.6981927752494812,0.40308070182800293,0.6975492835044861,0.37738725543022156,0.8002815842628479,0.34902453422546387,0.8520657420158386,0.30520889163017273,0.6982743740081787,0.3524325489997864,0.7148829698562622,0.3328835964202881,0.8239197731018066,0.3138820230960846,0.876008152961731,0.26266467571258545,0.7177504301071167,0.283557265996933,0.6299951076507568,0.30278491973876953,0.577927827835083,0.3229318857192993,0.510610818862915,rockandroll,04060,C:/Users/Javier/PIDS_HandPose/work/HAR_mediapipe/data/gestos_pids/train//rockandroll/rockandroll_04060.jpg
0.2153923660516739,0.9764095544815063,0.2861965596675873,0.9803597331047058,0.3607812523841858,0.946462094783783,0.42264458537101746,0.9423935413360596,0.47987088561058044,0.9618459939956665,0.35402166843414307,0.7436438798904419,0.39847198128700256,0.6155424118041992,0.43559467792510986,0.5215492248535156,0.46055153012275696,0.44472455978393555,0.31689730286598206,0.7060101628303528,0.3698723018169403,0.7181401252746582,0.3478598892688751,0.8249605298042297,0.3205443322658539,0.8801218271255493,0.2708841562271118,0.7003435492515564,0.3132895827293396,0.7450118064880371,0.30272290110588074,0.8669760823249817,0.28537946939468384,0.9288506507873535,0.22246874868869781,0.7222481369972229,0.23397411406040192,0.6357806921005249,0.247791588306427,0.5774609446525574,0.2606583833694458,0.5062304139137268,rockandroll,04061,C:/Users/Javier/PIDS_HandPose/work/HAR_mediapipe/data/gestos_pids/train//rockandroll/rockandroll_04061.jpg
0.2029251903295517,0.9309278726577759,0.26897451281547546,0.9221149682998657,0.35088080167770386,0.8507325053215027,0.4130518138408661,0.8144278526306152,0.46515119075775146,0.8095927834510803,0.3269735872745514,0.6726300120353699,0.3681679964065552,0.537259578704834,0.3926037847995758,0.4530254602432251,0.4118211269378662,0.38110119104385376,0.2916029393672943,0.6467902064323425,0.341091126203537,0.6316227316856384,0.31981176137924194,0.7363938093185425,0.293552041053772,0.7976207137107849,0.24863773584365845,0.6465082168579102,0.28668758273124695,0.6574785709381104,0.2802726924419403,0.7702293992042542,0.2680005431175232,0.8318403959274292,0.20454323291778564,0.6647865772247314,0.2128264307975769,0.573792576789856,0.22598426043987274,0.5139265060424805,0.2400088906288147,0.4383760690689087,rockandroll,04062,C:/Users/Javier/PIDS_HandPose/work/HAR_mediapipe/data/gestos_pids/train//rockandroll/rockandroll_04062.jpg
0.23022356629371643,0.9120603799819946,0.29495254158973694,0.9003802537918091,0.3720720410346985,0.8307474255561829,0.43156901001930237,0.7868014574050903,0.4813317656517029,0.778274416923523,0.35892704129219055,0.6711391806602478,0.3967307209968567,0.5447083711624146,0.42010653018951416,0.46129196882247925,0.4389351010322571,0.39382100105285645,0.327776700258255,0.6503876447677612,0.3714086711406708,0.6144852042198181,0.35646510124206543,0.6999096274375916,0.33457350730895996,0.7602459192276001,0.29044339060783386,0.6441441774368286,0.3230452239513397,0.6394920945167542,0.31833523511886597,0.7407677173614502,0.3084108233451843,0.8006054759025574,0.2509397864341736,0.6476325392723083,0.2632923424243927,0.5448457598686218,0.277494877576828,0.48804593086242676,0.2933027446269989,0.4209376871585846,rockandroll,04063,C:/Users/Javier/PIDS_HandPose/work/HAR_mediapipe/data/gestos_pids/train//rockandroll/rockandroll_04063.jpg
0.23248928785324097,0.9098577499389648,0.29626935720443726,0.8922241926193237,0.37173017859458923,0.8142025470733643,0.42856618762016296,0.7661622166633606,0.47688382863998413,0.7576668858528137,0.35273072123527527,0.6570667624473572,0.3894546926021576,0.5323084592819214,0.41272637248039246,0.4530218839645386,0.432087242603302,0.3870662450790405,0.3210909962654114,0.6394433975219727,0.3623780310153961,0.6084471344947815,0.3477865159511566,0.6926403641700745,0.3266255855560303,0.7482510209083557,0.2837432026863098,0.6359135508537292,0.3181264400482178,0.6286640763282776,0.3126142621040344,0.7273672819137573,0.3012861907482147,0.7860294580459595,0.2449760138988495,0.642738401889801,0.2591680586338043,0.5402280688285828,0.274678498506546,0.4842800498008728,0.2897874414920807,0.42095834016799927,rockandroll,04064,C:/Users/Javier/PIDS_HandPose/work/HAR_mediapipe/data/gestos_pids/train//rockandroll/rockandroll_04064.jpg
0.22868090867996216,0.8484841585159302,0.292721152305603,0.8148543238639832,0.3518209159374237,0.7371425032615662,0.4030373692512512,0.6842560768127441,0.44837772846221924,0.6629989147186279,0.33841994404792786,0.5983518362045288,0.36007198691368103,0.4768618047237396,0.3768976628780365,0.4009586572647095,0.3910279870033264,0.3365255296230316,0.3071914613246918,0.5893557071685791,0.3345911502838135,0.541078507900238,0.32596662640571594,0.6284546852111816,0.3102758228778839,0.6900039315223694,0.2710372805595398,0.5910502672195435,0.2932104468345642,0.5593131184577942,0.2954980432987213,0.6560916304588318,0.29054635763168335,0.7181302309036255,0.232727512717247,0.6002638936042786,0.23519429564476013,0.49428361654281616,0.24624091386795044,0.44399580359458923,0.25729700922966003,0.38279736042022705,rockandroll,04065,C:/Users/Javier/PIDS_HandPose/work/HAR_mediapipe/data/gestos_pids/train//rockandroll/rockandroll_04065.jpg
0.22309564054012299,0.8324873447418213,0.2822897434234619,0.7884212732315063,0.3388351500034332,0.6994195580482483,0.3867892026901245,0.6420018076896667,0.4298083484172821,0.6253999471664429,0.31834670901298523,0.572824239730835,0.3437073826789856,0.4570634663105011,0.3600238263607025,0.3866373300552368,0.3747783303260803,0.32487237453460693,0.28869685530662537,0.5658726692199707,0.31964731216430664,0.5097465515136719,0.31195488572120667,0.601864218711853,0.29712486267089844,0.6687361598014832,0.25489380955696106,0.5684833526611328,0.27881747484207153,0.5275447964668274,0.28128954768180847,0.6270407438278198,0.27665582299232483,0.6920726895332336,0.21907749772071838,0.5762530565261841,0.21947403252124786,0.4739747643470764,0.23113927245140076,0.42464524507522583,0.24325762689113617,0.3639654517173767,rockandroll,04066,C:/Users/Javier/PIDS_HandPose/work/HAR_mediapipe/data/gestos_pids/train//rockandroll/rockandroll_04066.jpg
0.20946189761161804,0.8400086164474487,0.2720867991447449,0.814948320388794,0.33787819743156433,0.7299193143844604,0.39088088274002075,0.6733109951019287,0.4362584948539734,0.6580830812454224,0.3188532590866089,0.5906409621238708,0.3473573625087738,0.47415298223495483,0.3676372766494751,0.4001309275627136,0.38527294993400574,0.3373124897480011,0.2887178659439087,0.5801550149917603,0.3211081922054291,0.5340315103530884,0.3108237385749817,0.6201813220977783,0.2940906584262848,0.6813172101974487,0.2536703944206238,0.5811419486999512,0.2800211012363434,0.5542398691177368,0.2824763059616089,0.6546231508255005,0.27788597345352173,0.7175360321998596,0.21660608053207397,0.5901939272880554,0.21931543946266174,0.48738527297973633,0.23043133318424225,0.4332824945449829,0.24331888556480408,0.36651313304901123,rockandroll,04067,C:/Users/Javier/PIDS_HandPose/work/HAR_mediapipe/data/gestos_pids/train//rockandroll/rockandroll_04067.jpg
0.22282813489437103,0.8339827656745911,0.2826470732688904,0.8051877021789551,0.3454676568508148,0.7328748106956482,0.39788180589675903,0.690174400806427,0.44145795702934265,0.6859039068222046,0.332938551902771,0.5878099799156189,0.3604609966278076,0.4729682207107544,0.37738773226737976,0.4011392891407013,0.3898542523384094,0.3384259045124054,0.303536057472229,0.5756761431694031,0.33913686871528625,0.5331711173057556,0.3295428156852722,0.6207168102264404,0.31072530150413513,0.6752141714096069,0.2690066993236542,0.5752620100975037,0.296197772026062,0.5475595593452454,0.2951580882072449,0.6468791365623474,0.2854837477207184,0.7065669894218445,0.23262423276901245,0.5835974216461182,0.23458600044250488,0.47746598720550537,0.24328017234802246,0.42221641540527344,0.25128793716430664,0.3544791638851166,rockandroll,04068,C:/Users/Javier/PIDS_HandPose/work/HAR_mediapipe/data/gestos_pids/train//rockandroll/rockandroll_04068.jpg
0.6571171879768372,0.791876494884491,0.6037752032279968,0.76923006772995,0.5567096471786499,0.71943199634552,0.5122010111808777,0.7023801207542419,0.4777965545654297,0.7153456211090088,0.5593476891517639,0.6057938933372498,0.5195475816726685,0.5252082347869873,0.49774792790412903,0.4806751012802124,0.4815027713775635,0.4363386929035187,0.5830742716789246,0.5913218855857849,0.551226794719696,0.5686147212982178,0.569473147392273,0.6407116055488586,0.5851343274116516,0.6632920503616333,0.6118496656417847,0.5889782905578613,0.5814751982688904,0.5779317021369934,0.5974711179733276,0.6448778510093689,0.6110417246818542,0.6713194251060486,0.6390917301177979,0.5913527011871338,0.6183186769485474,0.5184441208839417,0.6043601632118225,0.48049381375312805,0.5896662473678589,0.4375115931034088,rockandroll,04069,C:/Users/Javier/PIDS_HandPose/work/HAR_mediapipe/data/gestos_pids/train//rockandroll/rockandroll_04069.jpg
0.6544469594955444,0.7690885663032532,0.6021909117698669,0.7548884153366089,0.5529783964157104,0.7128952145576477,0.5091561079025269,0.7053022384643555,0.4759937822818756,0.7266623377799988,0.5546431541442871,0.591057538986206,0.5167905688285828,0.5142642259597778,0.49504250288009644,0.46766674518585205,0.4789745807647705,0.4244505763053894,0.5788237452507019,0.5739722847938538,0.5472246408462524,0.5547961592674255,0.5642479658126831,0.6313877701759338,0.5802518129348755,0.6519320607185364,0.6082522869110107,0.5719818472862244,0.5822097659111023,0.5680667757987976,0.5960022211074829,0.6337040066719055,0.607297420501709,0.656104564666748,0.6360666155815125,0.5761434435844421,0.6169814467430115,0.5097704529762268,0.6050238013267517,0.4690389633178711,0.5927877426147461,0.4240852892398834,rockandroll,04070,C:/Users/Javier/PIDS_HandPose/work/HAR_mediapipe/data/gestos_pids/train//rockandroll/rockandroll_04070.jpg
0.3474636375904083,0.6089737415313721,0.39036035537719727,0.6238723993301392,0.4385869801044464,0.5927025675773621,0.4681919813156128,0.561064600944519,0.4962926208972931,0.5453248023986816,0.4472675919532776,0.4730791449546814,0.4823284447193146,0.4079499840736389,0.5078901648521423,0.3630664348602295,0.5290986895561218,0.32612690329551697,0.417887806892395,0.444294810295105,0.4281054735183716,0.43032363057136536,0.40785592794418335,0.502261757850647,0.3931453227996826,0.5528443455696106,0.38605934381484985,0.430218368768692,0.3905400037765503,0.41289305686950684,0.38134023547172546,0.48418793082237244,0.37422823905944824,0.5350432991981506,0.3545987010002136,0.42351070046424866,0.36543163657188416,0.35307469964027405,0.3733474910259247,0.30940139293670654,0.38341453671455383,0.26171040534973145,rockandroll,05001,C:/Users/Javier/PIDS_HandPose/work/HAR_mediapipe/data/gestos_pids/train//rockandroll/rockandroll_05001.jpg
0.3267884850502014,0.6080572605133057,0.37484467029571533,0.6270582675933838,0.431069016456604,0.5972400307655334,0.4721197783946991,0.5698887705802917,0.5040178894996643,0.5606479048728943,0.42657506465911865,0.47576382756233215,0.4560076892375946,0.40743139386177063,0.47625142335891724,0.35845351219177246,0.49316006898880005,0.31737998127937317,0.3952450156211853,0.44507211446762085,0.40090203285217285,0.42035773396492004,0.3820053040981293,0.4942486882209778,0.3685566782951355,0.5472527146339417,0.3631667196750641,0.43149062991142273,0.3650197684764862,0.40175047516822815,0.35790133476257324,0.4750891327857971,0.35133594274520874,0.5274009704589844,0.33156540989875793,0.4259481430053711,0.33478641510009766,0.3518792688846588,0.3328118324279785,0.3066696524620056,0.3350737392902374,0.25611984729766846,rockandroll,05002,C:/Users/Javier/PIDS_HandPose/work/HAR_mediapipe/data/gestos_pids/train//rockandroll/rockandroll_05002.jpg
0.3425305485725403,0.6545811891555786,0.39063623547554016,0.6610736846923828,0.4402598738670349,0.6310197710990906,0.47341299057006836,0.6030349731445312,0.4970313608646393,0.5768411755561829,0.43626728653907776,0.525671660900116,0.460132360458374,0.4682929515838623,0.4758557677268982,0.4248843491077423,0.49028635025024414,0.3897489309310913,0.4102323055267334,0.5001348257064819,0.4162213206291199,0.49777138233184814,0.40471139550209045,0.5583730340003967,0.3953266143798828,0.6044421792030334,0.3813795745372772,0.4868621826171875,0.38421738147735596,0.48432838916778564,0.3807498514652252,0.5502114295959473,0.3773101270198822,0.5997093319892883,0.35286909341812134,0.48276302218437195,0.358783483505249,0.4232345223426819,0.3631090819835663,0.3838537335395813,0.3693940043449402,0.3418278694152832,rockandroll,05003,C:/Users/Javier/PIDS_HandPose/work/HAR_mediapipe/data/gestos_pids/train//rockandroll/rockandroll_05003.jpg
0.30004072189331055,0.6183937191963196,0.3463321626186371,0.6239778995513916,0.39473333954811096,0.5892539024353027,0.426728218793869,0.5592232942581177,0.45323270559310913,0.5438433289527893,0.3895106613636017,0.49520719051361084,0.4044609069824219,0.4282780885696411,0.4159832000732422,0.38537365198135376,0.4247596859931946,0.351593017578125,0.36290442943573,0.47374895215034485,0.36374524235725403,0.4601131081581116,0.3537217378616333,0.5168140530586243,0.3434949517250061,0.559294581413269,0.33570218086242676,0.46440255641937256,0.33374860882759094,0.44778740406036377,0.3303074240684509,0.5050582885742188,0.32573336362838745,0.546223521232605,0.30905795097351074,0.46203842759132385,0.31168875098228455,0.4003426432609558,0.31580600142478943,0.3654714822769165,0.3208431899547577,0.32592493295669556,rockandroll,05004,C:/Users/Javier/PIDS_HandPose/work/HAR_mediapipe/data/gestos_pids/train//rockandroll/rockandroll_05004.jpg
0.26875442266464233,0.601352870464325,0.3088134527206421,0.6105774641036987,0.3536573648452759,0.5805141925811768,0.3889484405517578,0.5547072291374207,0.41825175285339355,0.5489991903305054,0.3517989218235016,0.46799933910369873,0.3686334490776062,0.400449275970459,0.38276270031929016,0.34879133105278015,0.3912685215473175,0.3064926862716675,0.3266691565513611,0.43884649872779846,0.3149809241294861,0.44000324606895447,0.29940032958984375,0.49897077679634094,0.28805679082870483,0.5388010740280151,0.2986293137073517,0.42881259322166443,0.28197142481803894,0.42468708753585815,0.27448225021362305,0.4793538749217987,0.26894277334213257,0.5189042687416077,0.27056026458740234,0.4324621856212616,0.2652333676815033,0.3662559390068054,0.26082420349121094,0.3240441083908081,0.2574642300605774,0.280707448720932,rockandroll,05005,C:/Users/Javier/PIDS_HandPose/work/HAR_mediapipe/data/gestos_pids/train//rockandroll/rockandroll_05005.jpg
0.2936931848526001,0.707683801651001,0.32357078790664673,0.7328068017959595,0.36490634083747864,0.7291882634162903,0.39583510160446167,0.713310718536377,0.4173142910003662,0.6910960674285889,0.3780418336391449,0.6334397196769714,0.4037085175514221,0.5745021104812622,0.42398786544799805,0.5359821915626526,0.44043898582458496,0.5044592618942261,0.3622925877571106,0.6064545512199402,0.36845123767852783,0.5922881960868835,0.3488081395626068,0.638919472694397,0.33366659283638,0.6703632473945618,0.3421691060066223,0.5883710384368896,0.34715279936790466,0.5796498656272888,0.33305811882019043,0.6243277192115784,0.32047268748283386,0.653152346611023,0.32016003131866455,0.5766627192497253,0.3375738561153412,0.5269527435302734,0.3461495339870453,0.49614661931991577,0.35286974906921387,0.4650362432003021,rockandroll,05006,C:/Users/Javier/PIDS_HandPose/work/HAR_mediapipe/data/gestos_pids/train//rockandroll/rockandroll_05006.jpg
0.22365440428256989,0.7528265714645386,0.267694354057312,0.7777538299560547,0.30465593934059143,0.7691245079040527,0.3299064040184021,0.7509703040122986,0.3494581878185272,0.7291783094406128,0.3172227442264557,0.680819034576416,0.33805084228515625,0.6232707500457764,0.3553033769130707,0.585128128528595,0.37004685401916504,0.5579357147216797,0.2968516945838928,0.6568894386291504,0.3026096820831299,0.6583748459815979,0.28985536098480225,0.7129397988319397,0.2768203616142273,0.7536799311637878,0.27272775769233704,0.647024929523468,0.2778069078922272,0.6488022804260254,0.2717556059360504,0.7093293070793152,0.26506271958351135,0.7523111701011658,0.2485593557357788,0.6434356570243835,0.2566823363304138,0.5973827242851257,0.26161989569664,0.5724355578422546,0.26911792159080505,0.5465106964111328,rockandroll,05007,C:/Users/Javier/PIDS_HandPose/work/HAR_mediapipe/data/gestos_pids/train//rockandroll/rockandroll_05007.jpg
0.22231823205947876,0.6716547608375549,0.26428163051605225,0.6921188235282898,0.3051891624927521,0.6804032325744629,0.3336794376373291,0.6554144024848938,0.35587364435195923,0.6393847465515137,0.31829819083213806,0.5998883247375488,0.339008092880249,0.5390037298202515,0.35689064860343933,0.5003743171691895,0.3720928430557251,0.471854567527771,0.2974455952644348,0.5720453262329102,0.2965301275253296,0.5600969791412354,0.2778978943824768,0.6069138646125793,0.26353198289871216,0.6424499154090881,0.2732461392879486,0.5583375096321106,0.2708149552345276,0.5495169162750244,0.260916531085968,0.6026721000671387,0.25299057364463806,0.6414653658866882,0.24832993745803833,0.5526441335678101,0.25599852204322815,0.5055772066116333,0.2621169984340668,0.47592389583587646,0.2716076076030731,0.44642001390457153,rockandroll,05008,C:/Users/Javier/PIDS_HandPose/work/HAR_mediapipe/data/gestos_pids/train//rockandroll/rockandroll_05008.jpg
0.19119952619075775,0.7219210267066956,0.22807493805885315,0.735944390296936,0.27073508501052856,0.7010935544967651,0.30105507373809814,0.6672219038009644,0.3276115655899048,0.6497517228126526,0.2688106894493103,0.6182370781898499,0.28698673844337463,0.5604801177978516,0.3031400144100189,0.517720103263855,0.316391259431839,0.48533469438552856,0.24393105506896973,0.5954790711402893,0.2444756180047989,0.5914007425308228,0.23274506628513336,0.64406818151474,0.22412841022014618,0.6837306618690491,0.21682456135749817,0.5905002951622009,0.21615517139434814,0.5889307260513306,0.21229127049446106,0.6394054889678955,0.2080940306186676,0.6754006743431091,0.1899299919605255,0.5953645706176758,0.19011558592319489,0.5544177293777466,0.1878620684146881,0.5268836617469788,0.18750235438346863,0.496763676404953,rockandroll,05009,C:/Users/Javier/PIDS_HandPose/work/HAR_mediapipe/data/gestos_pids/train//rockandroll/rockandroll_05009.jpg
0.5758594870567322,0.750450849533081,0.539504885673523,0.7406815886497498,0.5028867721557617,0.6886089444160461,0.4771905541419983,0.6477450132369995,0.4532533288002014,0.6383840441703796,0.5138276219367981,0.6027297377586365,0.5040583610534668,0.5223631858825684,0.4999488592147827,0.47837337851524353,0.4974406957626343,0.43693944811820984,0.5348346829414368,0.5950741767883301,0.5312438011169434,0.5652832984924316,0.537299633026123,0.6242402791976929,0.5405468344688416,0.6672337651252747,0.5564966797828674,0.5957304835319519,0.5560774207115173,0.5686901807785034,0.5574604272842407,0.6251158118247986,0.5560188293457031,0.6649298071861267,0.5783266425132751,0.6016697883605957,0.5768169164657593,0.5455678105354309,0.5776910185813904,0.5080385208129883,0.5777184963226318,0.46899837255477905,rockandroll,05010,C:/Users/Javier/PIDS_HandPose/work/HAR_mediapipe/data/gestos_pids/train//rockandroll/rockandroll_05010.jpg
0.584080696105957,0.7537334561347961,0.5487878918647766,0.7403018474578857,0.5151060223579407,0.6799519062042236,0.4896775782108307,0.6372413635253906,0.46457332372665405,0.6295453310012817,0.5239452123641968,0.6048681139945984,0.5108090043067932,0.5244442224502563,0.504396915435791,0.48013606667518616,0.500603973865509,0.43811047077178955,0.5439879894256592,0.5977718830108643,0.5371960997581482,0.5610650181770325,0.5418999791145325,0.6193730235099792,0.5454797744750977,0.6617260575294495,0.5652527213096619,0.5997470617294312,0.5605953335762024,0.564995288848877,0.5598235726356506,0.6221702098846436,0.5582323670387268,0.6627123355865479,0.5866374373435974,0.6060487031936646,0.5842147469520569,0.5487242937088013,0.583585798740387,0.5115808248519897,0.582543671131134,0.47204750776290894,rockandroll,05011,C:/Users/Javier/PIDS_HandPose/work/HAR_mediapipe/data/gestos_pids/train//rockandroll/rockandroll_05011.jpg
0.49873170256614685,0.9648494720458984,0.5331593155860901,0.9247422218322754,0.5658635497093201,0.8551217317581177,0.5892413854598999,0.7918391227722168,0.6155163645744324,0.771314799785614,0.5377094745635986,0.8497195243835449,0.5517385601997375,0.7505131363868713,0.5621110796928406,0.7003296613693237,0.5682981014251709,0.656897246837616,0.5091509819030762,0.840926468372345,0.5128648281097412,0.7228888273239136,0.5151912569999695,0.7498984336853027,0.515216588973999,0.7839944362640381,0.48349764943122864,0.837100088596344,0.48946329951286316,0.7234806418418884,0.4942866861820221,0.7439706325531006,0.49477362632751465,0.775873601436615,0.46348968148231506,0.8330448865890503,0.4610822796821594,0.7408795356750488,0.46259358525276184,0.6921746134757996,0.46133744716644287,0.6516934633255005,rockandroll,05012,C:/Users/Javier/PIDS_HandPose/work/HAR_mediapipe/data/gestos_pids/train//rockandroll/rockandroll_05012.jpg
0.33889076113700867,0.8905200958251953,0.2970057725906372,0.8522822260856628,0.2624201774597168,0.7912888526916504,0.24292334914207458,0.7312841415405273,0.2213864028453827,0.6942920088768005,0.28509557247161865,0.7622645497322083,0.2850770056247711,0.6518751382827759,0.28351688385009766,0.5899922847747803,0.2826841473579407,0.5387948751449585,0.319253146648407,0.75722736120224,0.3271544277667999,0.6492718458175659,0.32878240942955017,0.6752526760101318,0.32795044779777527,0.7077853679656982,0.35003727674484253,0.7585575580596924,0.3525356948375702,0.6537312865257263,0.3525402843952179,0.6791751980781555,0.3515319228172302,0.7114487886428833,0.37620076537132263,0.7592564225196838,0.3794558644294739,0.6617972254753113,0.3821909427642822,0.6086468696594238,0.38393568992614746,0.5632410049438477,rockandroll,05013,C:/Users/Javier/PIDS_HandPose/work/HAR_mediapipe/data/gestos_pids/train//rockandroll/rockandroll_05013.jpg
0.4985766112804413,0.8165507316589355,0.5354259610176086,0.7817894816398621,0.561866283416748,0.7183713912963867,0.5688943266868591,0.6511638164520264,0.5832008123397827,0.6132997870445251,0.5391710996627808,0.6809362173080444,0.5400657057762146,0.5819312930107117,0.5416302680969238,0.5252716541290283,0.5412044525146484,0.4805418848991394,0.5108466744422913,0.6766018271446228,0.5006144046783447,0.6043334007263184,0.5003218650817871,0.6341710686683655,0.5036687850952148,0.6598856449127197,0.48462623357772827,0.683361291885376,0.47822070121765137,0.6114354729652405,0.47906890511512756,0.6373993754386902,0.48200884461402893,0.6637552380561829,0.4600032866001129,0.6925151944160461,0.45881685614585876,0.6110318899154663,0.4557783603668213,0.5702522993087769,0.45394623279571533,0.5326254963874817,rockandroll,05014,C:/Users/Javier/PIDS_HandPose/work/HAR_mediapipe/data/gestos_pids/train//rockandroll/rockandroll_05014.jpg
0.576474666595459,0.9464290738105774,0.5266804695129395,0.884175181388855,0.49862682819366455,0.8132857084274292,0.4845903813838959,0.7616204619407654,0.47648075222969055,0.7272850275039673,0.5403714776039124,0.7162532210350037,0.49129384756088257,0.6715848445892334,0.46023380756378174,0.6577906608581543,0.43842124938964844,0.653862476348877,0.5542334318161011,0.7250974774360657,0.48112180829048157,0.7415773272514343,0.47588804364204407,0.8059778809547424,0.48496636748313904,0.8474228382110596,0.5590033531188965,0.7525479197502136,0.4887605607509613,0.7693890333175659,0.4876125454902649,0.832768976688385,0.4959847033023834,0.8763643503189087,0.5557199716567993,0.7907203435897827,0.5145530700683594,0.7541636228561401,0.49021416902542114,0.7281980514526367,0.4708614945411682,0.70206618309021,rockandroll,05015,C:/Users/Javier/PIDS_HandPose/work/HAR_mediapipe/data/gestos_pids/train//rockandroll/rockandroll_05015.jpg
0.3174525499343872,1.0029017925262451,0.28113412857055664,0.9546295404434204,0.25735151767730713,0.8657377362251282,0.25198477506637573,0.7918987274169922,0.2388899028301239,0.7397774457931519,0.27482718229293823,0.8567454218864441,0.2840598523616791,0.7377720475196838,0.2899860739707947,0.6811068654060364,0.2954461872577667,0.6351632475852966,0.30605700612068176,0.8695335984230042,0.328488290309906,0.7504370808601379,0.32909783720970154,0.7799949049949646,0.323594331741333,0.818840503692627,0.33607086539268494,0.8832703828811646,0.3526410162448883,0.7694335579872131,0.35254618525505066,0.7989163398742676,0.34894299507141113,0.833113968372345,0.3630717396736145,0.8931471109390259,0.37240371108055115,0.7983729243278503,0.38218414783477783,0.7505072355270386,0.39114731550216675,0.7085345983505249,rockandroll,05016,C:/Users/Javier/PIDS_HandPose/work/HAR_mediapipe/data/gestos_pids/train//rockandroll/rockandroll_05016.jpg
0.5846638083457947,0.9664903879165649,0.6144168972969055,0.9320050477981567,0.6398990750312805,0.8714759945869446,0.6503262519836426,0.8093347549438477,0.66929692029953,0.7790845632553101,0.6218369007110596,0.8258610367774963,0.6207192540168762,0.7390575408935547,0.6211017370223999,0.6864354014396667,0.6199308037757874,0.6443572640419006,0.5967105031013489,0.8251378536224365,0.581041693687439,0.7601470351219177,0.5799205303192139,0.7922748923301697,0.5856884121894836,0.8160566091537476,0.5720174908638,0.8327954411506653,0.5588080883026123,0.7713744640350342,0.5586002469062805,0.7970017194747925,0.5639438629150391,0.821855902671814,0.5475695133209229,0.8401963710784912,0.5430395603179932,0.7663487195968628,0.5376577973365784,0.7271880507469177,0.535602331161499,0.6911137104034424,rockandroll,05017,C:/Users/Javier/PIDS_HandPose/work/HAR_mediapipe/data/gestos_pids/train//rockandroll/rockandroll_05017.jpg
0.3257540166378021,0.9015798568725586,0.2932349443435669,0.8500474691390991,0.274855375289917,0.7781903147697449,0.27157384157180786,0.7155848741531372,0.2628188729286194,0.6743935346603394,0.2960365414619446,0.7362058162689209,0.3103387653827667,0.6445971727371216,0.31840980052948,0.5955148935317993,0.3246077001094818,0.5577585697174072,0.320227712392807,0.7447383999824524,0.3435021638870239,0.6705697178840637,0.3453098237514496,0.6957796812057495,0.34124043583869934,0.7218692302703857,0.34509143233299255,0.7606416344642639,0.3631138503551483,0.6896308064460754,0.36453568935394287,0.7115728855133057,0.361324667930603,0.7349215149879456,0.3690246343612671,0.7776252031326294,0.38208359479904175,0.69771409034729,0.3898039758205414,0.657350480556488,0.39506763219833374,0.6240654587745667,rockandroll,05018,C:/Users/Javier/PIDS_HandPose/work/HAR_mediapipe/data/gestos_pids/train//rockandroll/rockandroll_05018.jpg
0.34809350967407227,0.9667125344276428,0.31706488132476807,0.9037731885910034,0.29937615990638733,0.8284082412719727,0.29008135199546814,0.7672847509384155,0.27470827102661133,0.7259353399276733,0.3282254636287689,0.7875328660011292,0.3417428433895111,0.6950176358222961,0.3500446677207947,0.642655611038208,0.356597363948822,0.6001497507095337,0.3545239567756653,0.7969675660133362,0.37785953283309937,0.7251631617546082,0.37603339552879333,0.753527045249939,0.369731605052948,0.7815736532211304,0.37923532724380493,0.8153027296066284,0.39825963973999023,0.7444973587989807,0.3956320881843567,0.7701907753944397,0.38961178064346313,0.7943214178085327,0.40114012360572815,0.8337462544441223,0.4201570749282837,0.754072904586792,0.4300678074359894,0.7163859605789185,0.4373394846916199,0.6809258460998535,rockandroll,05019,C:/Users/Javier/PIDS_HandPose/work/HAR_mediapipe/data/gestos_pids/train//rockandroll/rockandroll_05019.jpg
0.585888683795929,0.9952391982078552,0.6162351369857788,0.9516236782073975,0.6386669278144836,0.8822209239006042,0.6562504172325134,0.8249796628952026,0.6828202605247498,0.8173988461494446,0.6081916689872742,0.8285543918609619,0.605811595916748,0.7394062280654907,0.6045916676521301,0.6868155002593994,0.6030371785163879,0.6459165215492249,0.5819743871688843,0.8326454758644104,0.5695171356201172,0.7714483737945557,0.5732236504554749,0.8021841049194336,0.579158365726471,0.8272736072540283,0.5582700967788696,0.8467137813568115,0.5470877289772034,0.7891745567321777,0.5517035722732544,0.8128701448440552,0.5571548342704773,0.8386783599853516,0.5364359617233276,0.8629768490791321,0.5283886194229126,0.7852069139480591,0.5231536030769348,0.7475835084915161,0.5186048150062561,0.7181843519210815,rockandroll,05020,C:/Users/Javier/PIDS_HandPose/work/HAR_mediapipe/data/gestos_pids/train//rockandroll/rockandroll_05020.jpg
0.5797755122184753,1.0111416578292847,0.6127604246139526,0.9657029509544373,0.6358174085617065,0.8948636054992676,0.6475523114204407,0.8295050263404846,0.6679689288139343,0.8011651635169983,0.6160800457000732,0.8538504242897034,0.5973659753799438,0.767288088798523,0.5846455097198486,0.7242286205291748,0.5742081999778748,0.692815363407135,0.5873361229896545,0.857951283454895,0.5676359534263611,0.7877834439277649,0.568659782409668,0.8103629946708679,0.5752108097076416,0.837217390537262,0.5607650876045227,0.8707687854766846,0.5463114976882935,0.8059118986129761,0.5476515293121338,0.8258190751075745,0.5528255701065063,0.8502386212348938,0.5369143486022949,0.8854939937591553,0.5281845331192017,0.8059121370315552,0.5256587266921997,0.7676100134849548,0.5255698561668396,0.7348276972770691,rockandroll,05021,C:/Users/Javier/PIDS_HandPose/work/HAR_mediapipe/data/gestos_pids/train//rockandroll/rockandroll_05021.jpg
0.5619994401931763,0.9738105535507202,0.5956180691719055,0.9143149256706238,0.606753945350647,0.8406431674957275,0.6148152351379395,0.7726517915725708,0.6362443566322327,0.7498630285263062,0.575529158115387,0.7796902060508728,0.5619150400161743,0.7409018278121948,0.5625333786010742,0.7743772864341736,0.5673107504844666,0.8042684197425842,0.5481334924697876,0.7913770079612732,0.539854884147644,0.7634772658348083,0.5435936450958252,0.7934327125549316,0.5496063232421875,0.816733717918396,0.5235351324081421,0.812701404094696,0.5194242000579834,0.7898072600364685,0.524142324924469,0.8144820332527161,0.5287590026855469,0.8370456099510193,0.502186119556427,0.8372585773468018,0.4987103343009949,0.7942355275154114,0.504280686378479,0.7977227568626404,0.5097478032112122,0.808135449886322,rockandroll,05022,C:/Users/Javier/PIDS_HandPose/work/HAR_mediapipe/data/gestos_pids/train//rockandroll/rockandroll_05022.jpg
0.3623776137828827,1.0363811254501343,0.3334431052207947,0.9684247374534607,0.32756131887435913,0.8681074976921082,0.33559656143188477,0.7921331524848938,0.3348437249660492,0.7363452315330505,0.34377923607826233,0.8736055493354797,0.3826291561126709,0.7826470136642456,0.404335081577301,0.7450963854789734,0.42275094985961914,0.7155018448829651,0.3726213872432709,0.9051655530929565,0.4096868634223938,0.802472710609436,0.4006443917751312,0.8212375640869141,0.3870585262775421,0.8533350825309753,0.39947256445884705,0.9322072267532349,0.42705434560775757,0.8309950232505798,0.4178323447704315,0.8512563705444336,0.407482385635376,0.8818331360816956,0.4247668981552124,0.9535121917724609,0.4459872245788574,0.8583139181137085,0.45527976751327515,0.8052336573600769,0.46306076645851135,0.7651917934417725,rockandroll,05023,C:/Users/Javier/PIDS_HandPose/work/HAR_mediapipe/data/gestos_pids/train//rockandroll/rockandroll_05023.jpg
0.30910375714302063,0.9651200175285339,0.2798898220062256,0.9036192893981934,0.2692580819129944,0.8174794316291809,0.27325859665870667,0.7453758716583252,0.27800223231315613,0.6926560401916504,0.27458831667900085,0.8120659589767456,0.3070725202560425,0.7124343514442444,0.32789966464042664,0.6787742376327515,0.345243364572525,0.6541010141372681,0.3027588129043579,0.8357881307601929,0.3342962861061096,0.7329026460647583,0.33514925837516785,0.7512083053588867,0.3275654911994934,0.7772428393363953,0.332002729177475,0.8566750884056091,0.3518640100955963,0.7589355707168579,0.35295629501342773,0.7776778936386108,0.3483428657054901,0.8011610507965088,0.35982322692871094,0.8717150688171387,0.3714420199394226,0.7815430164337158,0.3795974850654602,0.7339760065078735,0.385330468416214,0.6927809715270996,rockandroll,05024,C:/Users/Javier/PIDS_HandPose/work/HAR_mediapipe/data/gestos_pids/train//rockandroll/rockandroll_05024.jpg
0.2946918308734894,1.01827871799469,0.2644881308078766,0.9627821445465088,0.2514159083366394,0.8732864856719971,0.25683021545410156,0.7984845638275146,0.2618855834007263,0.7421079874038696,0.2538910508155823,0.8712385892868042,0.2859976291656494,0.7691060304641724,0.3078044056892395,0.7295929193496704,0.324419766664505,0.6993994116783142,0.28201499581336975,0.8945969939231873,0.3160318434238434,0.7834982872009277,0.32080304622650146,0.8060131669044495,0.31383615732192993,0.8378031849861145,0.31179553270339966,0.9125809073448181,0.3364315629005432,0.8025013208389282,0.3400002419948578,0.8255411982536316,0.3346424102783203,0.8542810082435608,0.34050658345222473,0.9248615503311157,0.35500428080558777,0.8264970779418945,0.36402565240859985,0.7769883275032043,0.3691548705101013,0.7367003560066223,rockandroll,05025,C:/Users/Javier/PIDS_HandPose/work/HAR_mediapipe/data/gestos_pids/train//rockandroll/rockandroll_05025.jpg
0.5821366310119629,0.9636020660400391,0.6091915965080261,0.9185954332351685,0.6330395936965942,0.8443902730941772,0.6447204351425171,0.7751379013061523,0.6674327850341797,0.7433836460113525,0.6163842082023621,0.8124808073043823,0.6043214797973633,0.71632319688797,0.5968990921974182,0.6594769954681396,0.5909107327461243,0.6134976744651794,0.5910624861717224,0.8185593485832214,0.5642948150634766,0.7397133111953735,0.5634223222732544,0.7751563191413879,0.5720131993293762,0.8024234175682068,0.5659758448600769,0.8302911520004272,0.5417158007621765,0.7585898041725159,0.5424671769142151,0.7841867208480835,0.5496417284011841,0.8090503215789795,0.541057825088501,0.8392356038093567,0.5298277735710144,0.7592109441757202,0.5210121273994446,0.7156338095664978,0.5148768424987793,0.67304527759552,rockandroll,05026,C:/Users/Javier/PIDS_HandPose/work/HAR_mediapipe/data/gestos_pids/train//rockandroll/rockandroll_05026.jpg
0.2864346504211426,0.9252954721450806,0.2514376640319824,0.8794236183166504,0.2265567183494568,0.8063367009162903,0.2151937037706375,0.741149365901947,0.19897806644439697,0.7055773735046387,0.23929044604301453,0.7794937491416931,0.24820460379123688,0.6806807518005371,0.2583269476890564,0.632561981678009,0.26628682017326355,0.5965660810470581,0.2664925456047058,0.7845694422721863,0.2827981412410736,0.6909855604171753,0.2879668176174164,0.7088695764541626,0.2844601273536682,0.7374905943870544,0.2947501540184021,0.7927247285842896,0.3059725761413574,0.7024185061454773,0.309797078371048,0.7179254293441772,0.30718064308166504,0.7417800426483154,0.3219974637031555,0.7993588447570801,0.3249482214450836,0.7108178734779358,0.32682833075523376,0.6654233932495117,0.3257138431072235,0.6289663314819336,rockandroll,05027,C:/Users/Javier/PIDS_HandPose/work/HAR_mediapipe/data/gestos_pids/train//rockandroll/rockandroll_05027.jpg
0.2815408706665039,0.9467450380325317,0.2485419362783432,0.8956437110900879,0.22915394604206085,0.8196861147880554,0.2237258106470108,0.7530040144920349,0.21559692919254303,0.7061693072319031,0.23416940867900848,0.8101835250854492,0.25498121976852417,0.7067741751670837,0.2680283188819885,0.6611031293869019,0.278183251619339,0.6268180012702942,0.2624756693840027,0.821284830570221,0.28810805082321167,0.7083112001419067,0.2974395155906677,0.7146580815315247,0.29786765575408936,0.7388346791267395,0.29192015528678894,0.8310642242431641,0.30938276648521423,0.7226545810699463,0.31575971841812134,0.7245142459869385,0.31645503640174866,0.7414224743843079,0.3192616105079651,0.8366824984550476,0.32691627740859985,0.7483339905738831,0.3338322639465332,0.6981130838394165,0.338803768157959,0.6586048007011414,rockandroll,05028,C:/Users/Javier/PIDS_HandPose/work/HAR_mediapipe/data/gestos_pids/train//rockandroll/rockandroll_05028.jpg
0.5822875499725342,0.9668769836425781,0.6099717617034912,0.9177381992340088,0.6264942288398743,0.8452978134155273,0.6357278227806091,0.7823038101196289,0.6576619744300842,0.757314920425415,0.6034375429153442,0.8050638437271118,0.5916049480438232,0.7154898047447205,0.5832975506782532,0.6637595295906067,0.5751959681510925,0.6243056058883667,0.5778332948684692,0.8116204142570496,0.5562995672225952,0.7535550594329834,0.5576353073120117,0.7855636477470398,0.5645972490310669,0.8097131252288818,0.5541183352470398,0.8282553553581238,0.5366058349609375,0.7735514044761658,0.5387855172157288,0.7994562387466431,0.5453655123710632,0.823993980884552,0.5305091738700867,0.8474447727203369,0.5191469788551331,0.7732875347137451,0.5110303163528442,0.7375701665878296,0.505484402179718,0.7053958177566528,rockandroll,05029,C:/Users/Javier/PIDS_HandPose/work/HAR_mediapipe/data/gestos_pids/train//rockandroll/rockandroll_05029.jpg
0.607470691204071,0.9135553240776062,0.6277732253074646,0.8705320358276367,0.6384423971176147,0.8079595565795898,0.6434606909751892,0.7544957399368286,0.6605139374732971,0.7318779230117798,0.6272057294845581,0.7680070996284485,0.6107946038246155,0.6961408853530884,0.5987491607666016,0.6553313732147217,0.5896410346031189,0.6258494257926941,0.6088507175445557,0.7728451490402222,0.5799180865287781,0.738129198551178,0.5798814296722412,0.7710279226303101,0.5889663100242615,0.7894119024276733,0.588840663433075,0.7866694927215576,0.5625371336936951,0.7597528100013733,0.5647860765457153,0.7861185669898987,0.5744314193725586,0.8023528456687927,0.5661906003952026,0.802599310874939,0.5509889721870422,0.7483930587768555,0.5411525964736938,0.7242409586906433,0.5350161790847778,0.6984637379646301,rockandroll,05030,C:/Users/Javier/PIDS_HandPose/work/HAR_mediapipe/data/gestos_pids/train//rockandroll/rockandroll_05030.jpg
0.3282085061073303,0.8999314308166504,0.34563007950782776,0.8519554138183594,0.3536253869533539,0.7811703085899353,0.3641502559185028,0.7242847681045532,0.37821638584136963,0.697932779788971,0.3152843713760376,0.7389302253723145,0.36131367087364197,0.6947450041770935,0.3745822608470917,0.7267561554908752,0.37064114212989807,0.7521856427192688,0.31526464223861694,0.7600237727165222,0.36835718154907227,0.7222761511802673,0.376430869102478,0.7585499882698059,0.3670913279056549,0.776692807674408,0.32327163219451904,0.7880065441131592,0.37326544523239136,0.7504549622535706,0.37931713461875916,0.7855682969093323,0.37101563811302185,0.8044528365135193,0.3354952931404114,0.8182277083396912,0.3763164281845093,0.7854136228561401,0.3815442621707916,0.8111143112182617,0.37542086839675903,0.8299049735069275,rockandroll,05031,C:/Users/Javier/PIDS_HandPose/work/HAR_mediapipe/data/gestos_pids/train//rockandroll/rockandroll_05031.jpg
0.5747804045677185,0.983356237411499,0.6142032742500305,0.9455469846725464,0.6428720951080322,0.881708562374115,0.6608826518058777,0.8243114948272705,0.6841439604759216,0.8070602416992188,0.618767499923706,0.8320218920707703,0.6203491687774658,0.7375878095626831,0.6202173829078674,0.683448076248169,0.6182164549827576,0.6395741701126099,0.5902478098869324,0.8264070749282837,0.5901975631713867,0.750416100025177,0.5909484028816223,0.7784176468849182,0.5926180481910706,0.8051486015319824,0.5639678835868835,0.8322228193283081,0.566684365272522,0.7609317302703857,0.5686265230178833,0.7820308208465576,0.5688421130180359,0.8094384670257568,0.5399463772773743,0.8425287008285522,0.5412272214889526,0.7521986961364746,0.5409722924232483,0.7098003029823303,0.5394763946533203,0.6778737902641296,rockandroll,05032,C:/Users/Javier/PIDS_HandPose/work/HAR_mediapipe/data/gestos_pids/train//rockandroll/rockandroll_05032.jpg
0.3030400574207306,0.8193351030349731,0.2658313512802124,0.7810086607933044,0.23911190032958984,0.7123292088508606,0.2250763475894928,0.6509987115859985,0.20991475880146027,0.6093106269836426,0.23832687735557556,0.6914609670639038,0.24813398718833923,0.5928655862808228,0.2606886625289917,0.5493766069412231,0.27277031540870667,0.519568145275116,0.26545971632003784,0.695106029510498,0.2844710648059845,0.5986331701278687,0.29239577054977417,0.6203769445419312,0.29095688462257385,0.6528035998344421,0.29543882608413696,0.6992955207824707,0.3086772561073303,0.6143092513084412,0.3156803250312805,0.6332657337188721,0.31460464000701904,0.6587397456169128,0.3249596357345581,0.7029363512992859,0.3254740834236145,0.6213856339454651,0.33033159375190735,0.5922380685806274,0.3327435553073883,0.571607232093811,rockandroll,05033,C:/Users/Javier/PIDS_HandPose/work/HAR_mediapipe/data/gestos_pids/train//rockandroll/rockandroll_05033.jpg
0.30950140953063965,0.850548267364502,0.2720192074775696,0.8051195740699768,0.24445711076259613,0.7302318811416626,0.2337903082370758,0.6684114933013916,0.22395771741867065,0.6250593662261963,0.2558785676956177,0.7082546949386597,0.2700051963329315,0.6093022227287292,0.279781311750412,0.5597394704818726,0.2871491312980652,0.5220256447792053,0.28299781680107117,0.7158161997795105,0.30481088161468506,0.6288710832595825,0.30963748693466187,0.6513925790786743,0.3061707019805908,0.6796732544898987,0.31205078959465027,0.7250875234603882,0.3274162709712982,0.6462998986244202,0.3307596743106842,0.6702125072479248,0.32767727971076965,0.6964889168739319,0.34094929695129395,0.7323406934738159,0.34625953435897827,0.6438573002815247,0.35065704584121704,0.5991358160972595,0.35290834307670593,0.5631241798400879,rockandroll,05034,C:/Users/Javier/PIDS_HandPose/work/HAR_mediapipe/data/gestos_pids/train//rockandroll/rockandroll_05034.jpg
0.3112577795982361,0.7747559547424316,0.2776518166065216,0.7207508683204651,0.2631252110004425,0.6531056761741638,0.26373913884162903,0.591222882270813,0.26206687092781067,0.5493470430374146,0.27807098627090454,0.6131673455238342,0.2957809865474701,0.5411407947540283,0.3073054254055023,0.5063643455505371,0.31531795859336853,0.4811150133609772,0.30219438672065735,0.6179912686347961,0.3193073272705078,0.56651771068573,0.3213777542114258,0.5852714776992798,0.3171975314617157,0.605930745601654,0.3271063566207886,0.631806492805481,0.33698731660842896,0.5828248262405396,0.3378422260284424,0.6018530130386353,0.33496811985969543,0.6198707222938538,0.3509775400161743,0.6481309533119202,0.35928285121917725,0.579247772693634,0.3631290793418884,0.5486068725585938,0.3639835715293884,0.5254088044166565,rockandroll,05035,C:/Users/Javier/PIDS_HandPose/work/HAR_mediapipe/data/gestos_pids/train//rockandroll/rockandroll_05035.jpg
0.30540546774864197,0.8354732990264893,0.27157142758369446,0.7773861289024353,0.2553367614746094,0.7009230256080627,0.2551387548446655,0.634033739566803,0.25392985343933105,0.5874218940734863,0.2696954011917114,0.6649705767631531,0.28900328278541565,0.5853201150894165,0.3007012903690338,0.5466241240501404,0.3096080422401428,0.5175036787986755,0.2948887050151825,0.6728301048278809,0.31421568989753723,0.6080155372619629,0.3157455623149872,0.6271883249282837,0.3110274374485016,0.6505639553070068,0.32064691185951233,0.6884312033653259,0.3323701024055481,0.6271864771842957,0.3334048092365265,0.6466105580329895,0.33050134778022766,0.6673528552055359,0.3460054099559784,0.7053980231285095,0.35658738017082214,0.6282737255096436,0.3615882694721222,0.5923184752464294,0.3636123836040497,0.5653854012489319,rockandroll,05036,C:/Users/Javier/PIDS_HandPose/work/HAR_mediapipe/data/gestos_pids/train//rockandroll/rockandroll_05036.jpg
0.31844183802604675,0.8245531320571899,0.28094223141670227,0.7648372650146484,0.2630302906036377,0.6907079815864563,0.2645034193992615,0.6240371465682983,0.26765257120132446,0.5746545791625977,0.2852228879928589,0.6554843187332153,0.3022927939891815,0.5728191137313843,0.31327754259109497,0.5322176814079285,0.3225332796573639,0.502802312374115,0.3142280578613281,0.6595887541770935,0.32782551646232605,0.5927999019622803,0.3260692059993744,0.6108358502388,0.32147321105003357,0.6353034377098083,0.3419598340988159,0.6747429370880127,0.3488113582134247,0.6123740673065186,0.3464106321334839,0.6299000978469849,0.34257131814956665,0.6506022214889526,0.3674604892730713,0.6936765909194946,0.3760368824005127,0.6145642995834351,0.378143310546875,0.5769264101982117,0.3772352933883667,0.5485093593597412,rockandroll,05037,C:/Users/Javier/PIDS_HandPose/work/HAR_mediapipe/data/gestos_pids/train//rockandroll/rockandroll_05037.jpg
0.3176058530807495,0.7955119609832764,0.2852391302585602,0.7282694578170776,0.2694794237613678,0.6483139395713806,0.2742609977722168,0.5820889472961426,0.2812846302986145,0.5355013608932495,0.28675174713134766,0.6203892230987549,0.3107953667640686,0.5333699584007263,0.3248342275619507,0.4894019365310669,0.33516037464141846,0.45725059509277344,0.3147907257080078,0.6302921175956726,0.3388100266456604,0.5591554045677185,0.33839842677116394,0.5801074504852295,0.3323878347873688,0.6040492653846741,0.342780202627182,0.6496590971946716,0.35880687832832336,0.5796151757240295,0.35667386651039124,0.6019635796546936,0.3511172831058502,0.6242492198944092,0.3687151074409485,0.6716959476470947,0.3847653567790985,0.5868371725082397,0.39187854528427124,0.54819256067276,0.39534488320350647,0.5159756541252136,rockandroll,05038,C:/Users/Javier/PIDS_HandPose/work/HAR_mediapipe/data/gestos_pids/train//rockandroll/rockandroll_05038.jpg
0.32404252886772156,0.817569375038147,0.2898772358894348,0.7561203837394714,0.2743796408176422,0.6745485067367554,0.2784404754638672,0.6060392260551453,0.2886349558830261,0.5590083003044128,0.2962607741355896,0.6543461084365845,0.3174259662628174,0.5639570951461792,0.33017587661743164,0.518656849861145,0.34032660722732544,0.48457959294319153,0.3249305486679077,0.6680076718330383,0.343307226896286,0.5827621817588806,0.34026163816452026,0.6009919047355652,0.33403265476226807,0.6264530420303345,0.3510364890098572,0.6859553456306458,0.3632579445838928,0.6037461161613464,0.36008304357528687,0.6216515898704529,0.35513338446617126,0.6463071703910828,0.3744090795516968,0.7026885747909546,0.38692376017570496,0.6189601421356201,0.3912854790687561,0.5780079364776611,0.3925958573818207,0.5461034178733826,rockandroll,05039,C:/Users/Javier/PIDS_HandPose/work/HAR_mediapipe/data/gestos_pids/train//rockandroll/rockandroll_05039.jpg
0.3165185749530792,0.8470728397369385,0.28173500299453735,0.7871938347816467,0.26474660634994507,0.7063825726509094,0.2648160457611084,0.6383350491523743,0.26403382420539856,0.5865262746810913,0.28580400347709656,0.6796296238899231,0.3054596781730652,0.5851712822914124,0.31789273023605347,0.5406613349914551,0.3272896409034729,0.5057923197746277,0.31311526894569397,0.690665066242218,0.33514323830604553,0.6099951863288879,0.3348408639431,0.633443295955658,0.3288097679615021,0.6601125597953796,0.33973318338394165,0.7081210613250732,0.3544078767299652,0.6307106018066406,0.35274195671081543,0.6537014842033386,0.34788522124290466,0.6777860522270203,0.36513033509254456,0.725688636302948,0.37862494587898254,0.6407906413078308,0.385355144739151,0.5984762907028198,0.3882976472377777,0.5633363723754883,rockandroll,05040,C:/Users/Javier/PIDS_HandPose/work/HAR_mediapipe/data/gestos_pids/train//rockandroll/rockandroll_05040.jpg
0.32026442885398865,0.8397693634033203,0.28279638290405273,0.7829546332359314,0.2632289528846741,0.7106939554214478,0.2625107169151306,0.6459364295005798,0.2599602937698364,0.599455714225769,0.28302663564682007,0.6725305318832397,0.2976713180541992,0.5862321853637695,0.30793628096580505,0.5428929924964905,0.31595534086227417,0.5110852122306824,0.3103141784667969,0.6749876737594604,0.32620003819465637,0.6079325675964355,0.32717615365982056,0.6283349990844727,0.3242184817790985,0.6525516510009766,0.338013231754303,0.6865716576576233,0.34680986404418945,0.6243175268173218,0.3461766541004181,0.6443937420845032,0.3438173532485962,0.6656614542007446,0.364421546459198,0.7012813091278076,0.3734428286552429,0.6198249459266663,0.3767155110836029,0.5816871523857117,0.3769295811653137,0.5538411736488342,rockandroll,05041,C:/Users/Javier/PIDS_HandPose/work/HAR_mediapipe/data/gestos_pids/train//rockandroll/rockandroll_05041.jpg
0.534146785736084,0.9102433919906616,0.5674539804458618,0.872239351272583,0.5936992168426514,0.811777651309967,0.6075180172920227,0.7513308525085449,0.6254821419715881,0.7183193564414978,0.5815564393997192,0.7679657936096191,0.5769981741905212,0.6768155097961426,0.571806788444519,0.6268705129623413,0.5655526518821716,0.5916772484779358,0.5540440082550049,0.7656642198562622,0.5379032492637634,0.6904929280281067,0.5326648950576782,0.716688334941864,0.5353003740310669,0.741907000541687,0.5264211297035217,0.772315263748169,0.5150201916694641,0.7016323208808899,0.5115033388137817,0.7231975793838501,0.513138473033905,0.7480829358100891,0.49865958094596863,0.7808390855789185,0.49574023485183716,0.7016286253929138,0.4932247996330261,0.6625325679779053,0.49128028750419617,0.6290404796600342,rockandroll,05042,C:/Users/Javier/PIDS_HandPose/work/HAR_mediapipe/data/gestos_pids/train//rockandroll/rockandroll_05042.jpg
0.2775230407714844,0.8930449485778809,0.2415105402469635,0.8319947719573975,0.222211092710495,0.7604855298995972,0.21912065148353577,0.69320148229599,0.22652167081832886,0.6465795636177063,0.23751938343048096,0.7272337675094604,0.25594764947891235,0.638319194316864,0.2673934996128082,0.5990967154502869,0.277131050825119,0.5728092193603516,0.2647153437137604,0.734016478061676,0.2843330204486847,0.6619497537612915,0.2860015630722046,0.6809894442558289,0.28133273124694824,0.7059125900268555,0.29237815737724304,0.7471244931221008,0.30373522639274597,0.6797817945480347,0.30395129323005676,0.6971245408058167,0.30096104741096497,0.7191070318222046,0.31725403666496277,0.7612067461013794,0.3276546895503998,0.6822337508201599,0.33266639709472656,0.6455019116401672,0.33415260910987854,0.6195173859596252,rockandroll,05043,C:/Users/Javier/PIDS_HandPose/work/HAR_mediapipe/data/gestos_pids/train//rockandroll/rockandroll_05043.jpg
0.528080403804779,0.9262592792510986,0.5609232783317566,0.8843287825584412,0.5857340693473816,0.822900652885437,0.5971235632896423,0.7591779232025146,0.6133003830909729,0.7241178154945374,0.5723274350166321,0.7773942351341248,0.5648338198661804,0.6893258690834045,0.5577114224433899,0.6412701606750488,0.5503825545310974,0.6073638796806335,0.5453926920890808,0.7772679328918457,0.5282163619995117,0.703074038028717,0.5248358249664307,0.7256022691726685,0.5282894968986511,0.7506852149963379,0.5182560682296753,0.7854776978492737,0.5051476359367371,0.7138708829879761,0.5030873417854309,0.7331793308258057,0.5056045651435852,0.7569690942764282,0.4909987151622772,0.7957637906074524,0.483589768409729,0.7209013104438782,0.48188579082489014,0.6870507597923279,0.48232927918434143,0.6568921804428101,rockandroll,05044,C:/Users/Javier/PIDS_HandPose/work/HAR_mediapipe/data/gestos_pids/train//rockandroll/rockandroll_05044.jpg
0.27739039063453674,0.9103661179542542,0.2449551224708557,0.857303261756897,0.22713392972946167,0.7804977297782898,0.22792565822601318,0.7108986377716064,0.23897065222263336,0.6655119061470032,0.2391105443239212,0.754518449306488,0.26258572936058044,0.6684648990631104,0.27789101004600525,0.6311333775520325,0.2890673279762268,0.6037307381629944,0.26420292258262634,0.7651754021644592,0.28970789909362793,0.689127504825592,0.2933289110660553,0.7084084749221802,0.2871014177799225,0.73272305727005,0.29154616594314575,0.7803981304168701,0.3101409673690796,0.7063044309616089,0.31268054246902466,0.7236200571060181,0.3084324896335602,0.7448375821113586,0.3181615471839905,0.7959138751029968,0.3292575180530548,0.7192461490631104,0.33687204122543335,0.6792213320732117,0.34124186635017395,0.6470934152603149,rockandroll,05045,C:/Users/Javier/PIDS_HandPose/work/HAR_mediapipe/data/gestos_pids/train//rockandroll/rockandroll_05045.jpg
0.5107666850090027,0.9696000814437866,0.5451722145080566,0.9265922904014587,0.5690194964408875,0.8600369691848755,0.5768452882766724,0.7944283485412598,0.5927726626396179,0.7551788091659546,0.5478361248970032,0.8167718648910522,0.5423288941383362,0.7223424911499023,0.5371547341346741,0.6705493927001953,0.5306496620178223,0.6316958665847778,0.5174267888069153,0.8179441094398499,0.5055568218231201,0.7399564385414124,0.5056233406066895,0.7661000490188599,0.5097323656082153,0.7917361259460449,0.48990559577941895,0.8290257453918457,0.48165640234947205,0.7525758743286133,0.48286399245262146,0.7744182348251343,0.4859183132648468,0.7992200255393982,0.4644179940223694,0.8424067497253418,0.4554827809333801,0.7642801403999329,0.4517826735973358,0.7265861630439758,0.4494095742702484,0.6924665570259094,rockandroll,05046,C:/Users/Javier/PIDS_HandPose/work/HAR_mediapipe/data/gestos_pids/train//rockandroll/rockandroll_05046.jpg
0.3078332543373108,0.8725440502166748,0.27854880690574646,0.8104382753372192,0.2682058811187744,0.7349986433982849,0.2721749544143677,0.6688799858093262,0.26953721046447754,0.6241767406463623,0.2802726924419403,0.6872659921646118,0.2980773448944092,0.601040244102478,0.3100685775279999,0.5579203963279724,0.3185686469078064,0.5272353887557983,0.3030482828617096,0.6904462575912476,0.3380724787712097,0.6283508539199829,0.34326863288879395,0.656508207321167,0.3388650417327881,0.6829020380973816,0.32863667607307434,0.7067058086395264,0.35835981369018555,0.6512330174446106,0.35975182056427,0.677452564239502,0.353924959897995,0.6989511251449585,0.35262343287467957,0.7277358770370483,0.3728815019130707,0.6594486832618713,0.3840232491493225,0.6277225613594055,0.3904721140861511,0.5980898141860962,rockandroll,05047,C:/Users/Javier/PIDS_HandPose/work/HAR_mediapipe/data/gestos_pids/train//rockandroll/rockandroll_05047.jpg
0.49069029092788696,0.9010325074195862,0.527056872844696,0.8598775863647461,0.5474610328674316,0.7965338230133057,0.5498535633087158,0.7315705418586731,0.5598915815353394,0.6909374594688416,0.5229573249816895,0.75212562084198,0.5177890062332153,0.6658861637115479,0.5127227306365967,0.6185925006866455,0.5076199173927307,0.58525151014328,0.495545357465744,0.7526818513870239,0.4862768352031708,0.6881214380264282,0.4881253242492676,0.7110708355903625,0.49208319187164307,0.735590398311615,0.4709164798259735,0.764957070350647,0.4651475250720978,0.7036412954330444,0.46723437309265137,0.7225186228752136,0.4701476991176605,0.7437182664871216,0.4475361108779907,0.78264981508255,0.43942561745643616,0.707257866859436,0.43799740076065063,0.6752564907073975,0.43859806656837463,0.6491325497627258,rockandroll,05048,C:/Users/Javier/PIDS_HandPose/work/HAR_mediapipe/data/gestos_pids/train//rockandroll/rockandroll_05048.jpg
0.5051445960998535,0.8824260830879211,0.541836678981781,0.8371814489364624,0.5619441270828247,0.7798448801040649,0.566170871257782,0.7142753005027771,0.5761966705322266,0.6769501566886902,0.5378772616386414,0.7324357032775879,0.533831000328064,0.6445572972297668,0.5302858352661133,0.6003013849258423,0.5282016396522522,0.5679420232772827,0.5091987252235413,0.7326191663742065,0.5025822520256042,0.6403228044509888,0.501774251461029,0.5913054347038269,0.5015456080436707,0.5586814284324646,0.48590752482414246,0.7429776191711426,0.48249536752700806,0.6699708104133606,0.4863336384296417,0.6532171964645386,0.48942285776138306,0.6476421356201172,0.46529972553253174,0.7588080167770386,0.4601767063140869,0.6896634697914124,0.4584786295890808,0.6558889150619507,0.45784899592399597,0.628521203994751,rockandroll,05049,C:/Users/Javier/PIDS_HandPose/work/HAR_mediapipe/data/gestos_pids/train//rockandroll/rockandroll_05049.jpg
0.3047601282596588,0.8451557159423828,0.2699704170227051,0.789781391620636,0.2545930743217468,0.7209717631340027,0.259431928396225,0.6554994583129883,0.25815287232398987,0.6093034744262695,0.2747485935688019,0.665575385093689,0.29051685333251953,0.5898585915565491,0.29981857538223267,0.5505273342132568,0.3062850832939148,0.5214489102363586,0.29962825775146484,0.6657072901725769,0.3186652660369873,0.6157516241073608,0.3202984035015106,0.6396475434303284,0.31714171171188354,0.6638173460960388,0.3244902193546295,0.6802787780761719,0.33873751759529114,0.631622850894928,0.33873361349105835,0.6541635990142822,0.33519697189331055,0.6742109060287476,0.3479728102684021,0.7010672092437744,0.3606148958206177,0.6238660216331482,0.3670860826969147,0.5887754559516907,0.37061628699302673,0.5624641180038452,rockandroll,05050,C:/Users/Javier/PIDS_HandPose/work/HAR_mediapipe/data/gestos_pids/train//rockandroll/rockandroll_05050.jpg
0.3157729208469391,0.9523963332176208,0.28430479764938354,0.8859542012214661,0.26729756593704224,0.8120762705802917,0.26976504921913147,0.7476866245269775,0.2742688059806824,0.6997942328453064,0.29171881079673767,0.7794703841209412,0.31086474657058716,0.6940941214561462,0.3212835490703583,0.652143120765686,0.329314649105072,0.6187113523483276,0.31756699085235596,0.7885560989379883,0.33526065945625305,0.7168893814086914,0.33431196212768555,0.7346069812774658,0.3291729688644409,0.7583670020103455,0.34191012382507324,0.8052883744239807,0.35429835319519043,0.7345728278160095,0.35249757766723633,0.7517715096473694,0.3487773537635803,0.7733725905418396,0.36515897512435913,0.824791431427002,0.3794362545013428,0.7429161667823792,0.3863428235054016,0.7023282051086426,0.3908040523529053,0.6714440584182739,rockandroll,05051,C:/Users/Javier/PIDS_HandPose/work/HAR_mediapipe/data/gestos_pids/train//rockandroll/rockandroll_05051.jpg
0.5321089029312134,0.8892590999603271,0.5684192180633545,0.8376317620277405,0.5897311568260193,0.7667810320854187,0.59599769115448,0.6967625617980957,0.6123652458190918,0.6580032110214233,0.5644803643226624,0.721007764339447,0.5572854280471802,0.6327657699584961,0.552588939666748,0.587324857711792,0.5474966764450073,0.5529775619506836,0.5335825681686401,0.7225375175476074,0.5253926515579224,0.6487971544265747,0.5285939574241638,0.6698966026306152,0.5314427614212036,0.6974212527275085,0.506427526473999,0.734084963798523,0.5031814575195312,0.6589409708976746,0.5079919099807739,0.6783562898635864,0.5111133456230164,0.7036306262016296,0.4826316237449646,0.7472890019416809,0.471658855676651,0.6694841384887695,0.4681034982204437,0.6290194392204285,0.4656219482421875,0.5935172438621521,rockandroll,05052,C:/Users/Javier/PIDS_HandPose/work/HAR_mediapipe/data/gestos_pids/train//rockandroll/rockandroll_05052.jpg
0.6024365425109863,0.8096945285797119,0.6422094106674194,0.7547040581703186,0.6695737838745117,0.6753870248794556,0.6836824417114258,0.5974230170249939,0.7084251642227173,0.5569539666175842,0.6457814574241638,0.6284575462341309,0.6386110186576843,0.5101028680801392,0.6279799342155457,0.4563842713832855,0.6154491305351257,0.42614227533340454,0.6121417880058289,0.6296007633209229,0.5943374633789062,0.520104169845581,0.593218207359314,0.550943911075592,0.5984089374542236,0.582868218421936,0.5818017721176147,0.6427707076072693,0.5678958296775818,0.5340209007263184,0.5677709579467773,0.5561360716819763,0.5717619061470032,0.5882558822631836,0.5527989864349365,0.6611071825027466,0.5422857403755188,0.568822979927063,0.5402140617370605,0.5199583172798157,0.5394822955131531,0.48066020011901855,rockandroll,05053,C:/Users/Javier/PIDS_HandPose/work/HAR_mediapipe/data/gestos_pids/train//rockandroll/rockandroll_05053.jpg
0.8386922478675842,0.46325916051864624,0.8680640459060669,0.417469322681427,0.8840735554695129,0.34597018361091614,0.893191397190094,0.2907995581626892,0.9039219617843628,0.2523854374885559,0.8530768156051636,0.2976565361022949,0.8429819941520691,0.24403995275497437,0.8341774344444275,0.2106495201587677,0.8259290456771851,0.18027228116989136,0.8297538161277771,0.30245131254196167,0.824802577495575,0.28815561532974243,0.8307510018348694,0.32548967003822327,0.8363116383552551,0.35334154963493347,0.809872031211853,0.31705087423324585,0.7978029251098633,0.2835027873516083,0.7930492758750916,0.2865467071533203,0.7884748578071594,0.2904829978942871,0.7938625812530518,0.3388475179672241,0.7774960398674011,0.29297128319740295,0.7653637528419495,0.26671621203422546,0.7543824911117554,0.23737938702106476,rockandroll,05054,C:/Users/Javier/PIDS_HandPose/work/HAR_mediapipe/data/gestos_pids/train//rockandroll/rockandroll_05054.jpg
0.5843424797058105,1.008858323097229,0.6134913563728333,0.9570952653884888,0.6309177875518799,0.8829177618026733,0.63849937915802,0.8183945417404175,0.6547029614448547,0.7806203961372375,0.6077836155891418,0.8436158895492554,0.593259871006012,0.7475206851959229,0.5835599303245544,0.6947145462036133,0.5741163492202759,0.654564619064331,0.5798594355583191,0.8541826009750366,0.5554640293121338,0.7834049463272095,0.5578344464302063,0.8134878277778625,0.5662581324577332,0.8377792835235596,0.5540541410446167,0.8736825585365295,0.5357712507247925,0.7964404821395874,0.5372090935707092,0.8199836015701294,0.5430236458778381,0.8469547033309937,0.5299659967422485,0.8945557475090027,0.5163723230361938,0.8122236728668213,0.508291482925415,0.773375391960144,0.5018044114112854,0.7426087260246277,rockandroll,05055,C:/Users/Javier/PIDS_HandPose/work/HAR_mediapipe/data/gestos_pids/train//rockandroll/rockandroll_05055.jpg
0.5914839506149292,0.9973760843276978,0.6194115281105042,0.9464967250823975,0.6355621218681335,0.8709843754768372,0.6375975608825684,0.8040135502815247,0.6530392169952393,0.7716575264930725,0.6165961623191833,0.83722323179245,0.5984645485877991,0.7479261159896851,0.5874267816543579,0.695711076259613,0.577569842338562,0.6553667187690735,0.5893878936767578,0.8465204238891602,0.562421977519989,0.7811418771743774,0.5634568929672241,0.8124902248382568,0.57234787940979,0.8364291787147522,0.5631794929504395,0.86505126953125,0.541024386882782,0.7995277643203735,0.5423564314842224,0.8244947791099548,0.5499088168144226,0.8496912121772766,0.5371416807174683,0.8871563076972961,0.5206154584884644,0.8131815791130066,0.5114671587944031,0.7786381244659424,0.5061475038528442,0.7471833825111389,rockandroll,05056,C:/Users/Javier/PIDS_HandPose/work/HAR_mediapipe/data/gestos_pids/train//rockandroll/rockandroll_05056.jpg
0.27048593759536743,0.6983218193054199,0.32599300146102905,0.6784857511520386,0.36601024866104126,0.614150881767273,0.38530927896499634,0.5479981303215027,0.3955187499523163,0.4972067177295685,0.3510458171367645,0.5299965739250183,0.3621630370616913,0.45140042901039124,0.371939092874527,0.4025765657424927,0.38003942370414734,0.35924413800239563,0.32308903336524963,0.5182573795318604,0.3334994316101074,0.4610881805419922,0.3330276608467102,0.5195809602737427,0.33014360070228577,0.5706558227539062,0.2949684262275696,0.5122706294059753,0.3014222979545593,0.45497626066207886,0.30689728260040283,0.5141687393188477,0.30926457047462463,0.5647746324539185,0.2656826376914978,0.5118082761764526,0.26442962884902954,0.4302723705768585,0.26654040813446045,0.38866618275642395,0.27019721269607544,0.34507161378860474,rockandroll,05057,C:/Users/Javier/PIDS_HandPose/work/HAR_mediapipe/data/gestos_pids/train//rockandroll/rockandroll_05057.jpg
0.6148896813392639,0.7283604145050049,0.5703029632568359,0.6972796320915222,0.5386793613433838,0.6273988485336304,0.5240468382835388,0.5684343576431274,0.5086594223976135,0.5298956036567688,0.5615618824958801,0.5524531006813049,0.5494748950004578,0.4723757207393646,0.5426886081695557,0.4277499318122864,0.5395247340202332,0.38619861006736755,0.5847765207290649,0.5474880337715149,0.5785925388336182,0.4975126087665558,0.5770698189735413,0.555115818977356,0.5768755078315735,0.6014350056648254,0.6092981100082397,0.5482017993927002,0.6042414903640747,0.4953676164150238,0.5986006259918213,0.554035484790802,0.595881998538971,0.6008551120758057,0.633633553981781,0.5541498064994812,0.634537398815155,0.48665958642959595,0.6329067945480347,0.44790899753570557,0.6314857006072998,0.4098891615867615,rockandroll,05058,C:/Users/Javier/PIDS_HandPose/work/HAR_mediapipe/data/gestos_pids/train//rockandroll/rockandroll_05058.jpg
0.7050099968910217,0.8646565675735474,0.6604552268981934,0.8225973844528198,0.631018877029419,0.7259075045585632,0.6165151000022888,0.6436904668807983,0.5931017994880676,0.5910241007804871,0.6547895669937134,0.6378034949302673,0.6498973369598389,0.5374641418457031,0.6474528312683105,0.48129376769065857,0.6495543718338013,0.42967045307159424,0.6882596015930176,0.6389444470405579,0.7002933025360107,0.6010904908180237,0.6963672637939453,0.6839898228645325,0.6900413632392883,0.7401875853538513,0.7201759219169617,0.6505231261253357,0.734684407711029,0.6117624044418335,0.7268605828285217,0.6905131340026855,0.7168190479278564,0.7423006296157837,0.749701738357544,0.6677649021148682,0.7606320977210999,0.5885114669799805,0.7697425484657288,0.5424279570579529,0.7773563265800476,0.4937465488910675,rockandroll,05059,C:/Users/Javier/PIDS_HandPose/work/HAR_mediapipe/data/gestos_pids/train//rockandroll/rockandroll_05059.jpg
0.623490035533905,0.7733163237571716,0.57610684633255,0.7417457699775696,0.5404480695724487,0.6641921401023865,0.5187491178512573,0.6031373739242554,0.49549269676208496,0.5676455497741699,0.562308132648468,0.5858065485954285,0.5429519414901733,0.5030395984649658,0.5309550166130066,0.4589994549751282,0.5230211019515991,0.4191494882106781,0.5848404169082642,0.5801382064819336,0.5718697905540466,0.5362203121185303,0.5716350078582764,0.5980371236801147,0.5737150311470032,0.6449112296104431,0.6092298030853271,0.5786752104759216,0.5977882742881775,0.5287971496582031,0.5903438329696655,0.5963283181190491,0.5874423980712891,0.6461717486381531,0.6335644125938416,0.5818884968757629,0.6293889880180359,0.5113295912742615,0.6250176429748535,0.4716344177722931,0.621921956539154,0.4296901226043701,rockandroll,05060,C:/Users/Javier/PIDS_HandPose/work/HAR_mediapipe/data/gestos_pids/train//rockandroll/rockandroll_05060.jpg
0.24783772230148315,0.7221601009368896,0.3017423152923584,0.6790026426315308,0.3326684832572937,0.6050428748130798,0.34596022963523865,0.5408551692962646,0.34979248046875,0.4861680269241333,0.31339073181152344,0.5229148864746094,0.3254297971725464,0.447000652551651,0.3351114094257355,0.40872037410736084,0.3455280363559723,0.3784225285053253,0.2906799614429474,0.5216619372367859,0.30905312299728394,0.46856197714805603,0.31571757793426514,0.5211301445960999,0.3169604539871216,0.5735376477241516,0.2664051651954651,0.5207761526107788,0.2843424081802368,0.4697221517562866,0.29977867007255554,0.5248557329177856,0.30897629261016846,0.5748143196105957,0.24056226015090942,0.5218043923377991,0.24254611134529114,0.44672027230262756,0.25444239377975464,0.4117364287376404,0.26820066571235657,0.37762922048568726,rockandroll,05061,C:/Users/Javier/PIDS_HandPose/work/HAR_mediapipe/data/gestos_pids/train//rockandroll/rockandroll_05061.jpg
0.6236681938171387,0.7379747033119202,0.5788044929504395,0.7084872722625732,0.5443708896636963,0.6326906085014343,0.5307325720787048,0.5705856084823608,0.5132046341896057,0.5258436799049377,0.5669912099838257,0.5505638122558594,0.5534502863883972,0.46838077902793884,0.5455804467201233,0.42324596643447876,0.5392961502075195,0.381061851978302,0.5925930738449097,0.5481508374214172,0.5811879634857178,0.5083400011062622,0.5798373222351074,0.5664830803871155,0.580346941947937,0.61155104637146,0.6192644834518433,0.553220272064209,0.6098235249519348,0.5054592490196228,0.6022826433181763,0.5701136589050293,0.5981565117835999,0.6206633448600769,0.6466434597969055,0.5627143979072571,0.6448233723640442,0.4929056763648987,0.6434308290481567,0.451688289642334,0.6434164047241211,0.4112907648086548,rockandroll,05062,C:/Users/Javier/PIDS_HandPose/work/HAR_mediapipe/data/gestos_pids/train//rockandroll/rockandroll_05062.jpg
0.6210042238235474,0.9168555736541748,0.5751515030860901,0.8861989974975586,0.5371353626251221,0.8131550550460815,0.5209648609161377,0.7551584839820862,0.5034822821617126,0.7088378071784973,0.563723087310791,0.7046337723731995,0.5481493473052979,0.6290995478630066,0.5376896262168884,0.5803460478782654,0.5295261144638062,0.5337069034576416,0.5955873131752014,0.6973777413368225,0.5812177062034607,0.6912516951560974,0.5795685648918152,0.7710660696029663,0.5790315270423889,0.8251249194145203,0.6257495284080505,0.7124926447868347,0.6164279580116272,0.6987962126731873,0.608907163143158,0.7748798727989197,0.6034106016159058,0.8267918229103088,0.6543803215026855,0.7372387051582336,0.6570321917533875,0.6680923104286194,0.6593812704086304,0.6252862215042114,0.6609815359115601,0.582763671875,rockandroll,05063,C:/Users/Javier/PIDS_HandPose/work/HAR_mediapipe/data/gestos_pids/train//rockandroll/rockandroll_05063.jpg
0.23144617676734924,0.8442379236221313,0.29080355167388916,0.832693338394165,0.3400638997554779,0.7803671956062317,0.3690210282802582,0.7273968458175659,0.380512535572052,0.6707834005355835,0.32827243208885193,0.6739485263824463,0.3522132933139801,0.6064236164093018,0.3715740740299225,0.5649701952934265,0.39028945565223694,0.5343312621116638,0.3004032075405121,0.6625791192054749,0.3226967453956604,0.6267855167388916,0.33096036314964294,0.6865825653076172,0.3343268930912018,0.743718683719635,0.26977452635765076,0.6595095992088318,0.2877028286457062,0.626233696937561,0.302722692489624,0.6914829611778259,0.31344661116600037,0.749402642250061,0.23840047419071198,0.6643581390380859,0.24677832424640656,0.5927208662033081,0.25811639428138733,0.5533264875411987,0.27029722929000854,0.5146868824958801,rockandroll,05064,C:/Users/Javier/PIDS_HandPose/work/HAR_mediapipe/data/gestos_pids/train//rockandroll/rockandroll_05064.jpg
0.22120822966098785,0.7338075637817383,0.27608516812324524,0.7337710857391357,0.3222429156303406,0.6880285739898682,0.3441965878009796,0.6196178793907166,0.3516170382499695,0.5637859106063843,0.3168608844280243,0.5900453925132751,0.3347123861312866,0.513205885887146,0.3482705354690552,0.46670740842819214,0.36003658175468445,0.42785459756851196,0.2871495485305786,0.5683717727661133,0.3016475737094879,0.5109400153160095,0.2982543408870697,0.5609109401702881,0.29358914494514465,0.6082319617271423,0.2579056918621063,0.5546144247055054,0.2672973871231079,0.5009035468101501,0.2692643404006958,0.552201509475708,0.2684788405895233,0.5983750224113464,0.22782966494560242,0.5443853139877319,0.23869366943836212,0.46608901023864746,0.2483193278312683,0.4267188608646393,0.2583032548427582,0.3879126310348511,rockandroll,05065,C:/Users/Javier/PIDS_HandPose/work/HAR_mediapipe/data/gestos_pids/train//rockandroll/rockandroll_05065.jpg
0.14479079842567444,0.705945611000061,0.1841336190700531,0.7223787307739258,0.2336081713438034,0.6980388760566711,0.26206308603286743,0.6456185579299927,0.2710997462272644,0.5910589694976807,0.24112127721309662,0.6019921898841858,0.2620016932487488,0.5404171347618103,0.272713303565979,0.498508483171463,0.2813548743724823,0.46156036853790283,0.21455563604831696,0.56968092918396,0.2254837602376938,0.5246564745903015,0.20934900641441345,0.5673602819442749,0.19929343461990356,0.6049795150756836,0.18560510873794556,0.549304723739624,0.1936880648136139,0.5038651823997498,0.18146497011184692,0.5495070815086365,0.17356550693511963,0.588581383228302,0.15539038181304932,0.5367809534072876,0.16935044527053833,0.4739192724227905,0.17607343196868896,0.43752026557922363,0.18492160737514496,0.40023118257522583,rockandroll,05066,C:/Users/Javier/PIDS_HandPose/work/HAR_mediapipe/data/gestos_pids/train//rockandroll/rockandroll_05066.jpg
0.21814848482608795,0.763848602771759,0.27372273802757263,0.7472661137580872,0.3193419277667999,0.6855141520500183,0.3399946987628937,0.6204841136932373,0.34333500266075134,0.5633056163787842,0.30263179540634155,0.5933173894882202,0.31807756423950195,0.5164311528205872,0.33071309328079224,0.46977245807647705,0.34134751558303833,0.4288005232810974,0.274239182472229,0.5824039578437805,0.2883223593235016,0.5399149656295776,0.28857919573783875,0.602104663848877,0.2862614691257477,0.6507715582847595,0.24462832510471344,0.5758318901062012,0.2566278874874115,0.5329725742340088,0.2606164515018463,0.6028344035148621,0.2610383629798889,0.6559522151947021,0.2142152041196823,0.5735471248626709,0.21770763397216797,0.4927530884742737,0.2235947549343109,0.45077288150787354,0.23040230572223663,0.4041330814361572,rockandroll,05067,C:/Users/Javier/PIDS_HandPose/work/HAR_mediapipe/data/gestos_pids/train//rockandroll/rockandroll_05067.jpg
0.22402381896972656,0.752611517906189,0.2837221920490265,0.7418208718299866,0.3298168182373047,0.692293107509613,0.3508960008621216,0.6260901689529419,0.3606407344341278,0.5707836151123047,0.3197757601737976,0.5972623229026794,0.3393581509590149,0.5236873030662537,0.35427528619766235,0.4825931787490845,0.36667346954345703,0.4479292631149292,0.29292088747024536,0.5826719403266907,0.30856022238731384,0.5430576205253601,0.3042260706424713,0.6087028980255127,0.29662367701530457,0.6604109406471252,0.2648080587387085,0.5727418065071106,0.28076881170272827,0.5355942845344543,0.27991145849227905,0.6094548106193542,0.27522143721580505,0.6639492511749268,0.23558971285820007,0.566893458366394,0.24583260715007782,0.4938431680202484,0.2543017566204071,0.4604572057723999,0.26339787244796753,0.42028769850730896,rockandroll,05068,C:/Users/Javier/PIDS_HandPose/work/HAR_mediapipe/data/gestos_pids/train//rockandroll/rockandroll_05068.jpg
0.22940397262573242,0.706080436706543,0.27510857582092285,0.7013627886772156,0.31283295154571533,0.6608001589775085,0.3344740867614746,0.6166980862617493,0.344413697719574,0.5759291648864746,0.30668312311172485,0.5845826864242554,0.33013176918029785,0.5315321087837219,0.343400239944458,0.5011448264122009,0.35470250248908997,0.4745306372642517,0.28798994421958923,0.568855881690979,0.3058904707431793,0.5320007801055908,0.30304062366485596,0.5734760761260986,0.2970094680786133,0.6126044988632202,0.26796820759773254,0.5546643733978271,0.2846708595752716,0.5184110403060913,0.28590425848960876,0.5636166930198669,0.28304341435432434,0.6039702296257019,0.24682065844535828,0.5422134399414062,0.2588047683238983,0.48370832204818726,0.27115052938461304,0.4554615020751953,0.2830169200897217,0.42917272448539734,rockandroll,05069,C:/Users/Javier/PIDS_HandPose/work/HAR_mediapipe/data/gestos_pids/train//rockandroll/rockandroll_05069.jpg
0.6371590495109558,0.6000640988349915,0.5982931852340698,0.5976093411445618,0.5618197917938232,0.5570964813232422,0.5456035137176514,0.5072802901268005,0.5392475128173828,0.4588097035884857,0.5668141841888428,0.4740172028541565,0.5461969971656799,0.40489447116851807,0.5366219878196716,0.36585092544555664,0.5298012495040894,0.32882726192474365,0.5883193016052246,0.45839548110961914,0.5807862877845764,0.4161169230937958,0.591393232345581,0.4602561593055725,0.5984345078468323,0.4990401268005371,0.6112020015716553,0.44873642921447754,0.6044690608978271,0.4001542329788208,0.6114498376846313,0.44743043184280396,0.6165128946304321,0.48801326751708984,0.6349782943725586,0.44447124004364014,0.6271204948425293,0.38455766439437866,0.6217755079269409,0.3472749888896942,0.6168191432952881,0.31283026933670044,rockandroll,05070,C:/Users/Javier/PIDS_HandPose/work/HAR_mediapipe/data/gestos_pids/train//rockandroll/rockandroll_05070.jpg
