x0,y0,x1,y1,x2,y2,x3,y3,x4,y4,x5,y5,x6,y6,x7,y7,x8,y8,x9,y9,x10,y10,x11,y11,x12,y12,x13,y13,x14,y14,x15,y15,x16,y16,x17,y17,x18,y18,x19,y19,x20,y20,label,frame,path
0.6737725138664246,0.8120883703231812,0.6482587456703186,0.6811361312866211,0.5976517796516418,0.5905802845954895,0.5550980567932129,0.5201392769813538,0.5488803386688232,0.4492616057395935,0.531639575958252,0.632420539855957,0.4911528527736664,0.6416999101638794,0.5106114149093628,0.6564207673072815,0.5343932509422302,0.6663371920585632,0.5231670141220093,0.7119038701057434,0.49220988154411316,0.7163404822349548,0.5119307637214661,0.719757080078125,0.5350238084793091,0.7231680750846863,0.5269832015037537,0.7896794080734253,0.49909329414367676,0.7716543674468994,0.5163830518722534,0.7685084939002991,0.5398539304733276,0.7753763198852539,0.5383985042572021,0.8535245656967163,0.5198484659194946,0.8301352262496948,0.5388449430465698,0.8231657147407532,0.5593950748443604,0.8264102935791016,thumbsup,01001,C:/Users/Javier/PIDS_HandPose/work/HAR_mediapipe/data/gestos_pids/train//thumbsup/thumbsup_01001.jpg
0.7605448961257935,0.74180668592453,0.7325893044471741,0.6376062631607056,0.6921695470809937,0.5583857893943787,0.6621004939079285,0.48697784543037415,0.6540276408195496,0.42708444595336914,0.638033926486969,0.5910748243331909,0.5912841558456421,0.6019516587257385,0.6088683009147644,0.618984043598175,0.6294560432434082,0.6216622591018677,0.6318016648292542,0.6615216732025146,0.5906445980072021,0.6668123006820679,0.6099919080734253,0.6773601770401001,0.6305326223373413,0.6788753867149353,0.6347545385360718,0.7320905923843384,0.6008179187774658,0.7299113273620605,0.6180732846260071,0.7315573692321777,0.6387054324150085,0.7339780926704407,0.6433508396148682,0.7947524189949036,0.6141469478607178,0.7826894521713257,0.6298485398292542,0.7796622514724731,0.6476994156837463,0.7808375358581543,thumbsup,01002,C:/Users/Javier/PIDS_HandPose/work/HAR_mediapipe/data/gestos_pids/train//thumbsup/thumbsup_01002.jpg
0.6958441734313965,0.7682518362998962,0.6698752641677856,0.6607502698898315,0.6297065019607544,0.5780558586120605,0.5998655557632446,0.508209764957428,0.591509997844696,0.45185068249702454,0.5714820623397827,0.610664963722229,0.529441773891449,0.6238101124763489,0.5469586253166199,0.6444929838180542,0.5692660808563232,0.6490874290466309,0.562917172908783,0.6826063990592957,0.5265276432037354,0.6920982599258423,0.5448088049888611,0.7052353620529175,0.5667248964309692,0.7058479189872742,0.5643051862716675,0.7518764734268188,0.5336285829544067,0.7499959468841553,0.550097644329071,0.7549148797988892,0.5722898244857788,0.7581568360328674,0.5708346962928772,0.8123960494995117,0.5471867918968201,0.7993543148040771,0.5633326172828674,0.7997781038284302,0.5828003287315369,0.8015505075454712,thumbsup,01003,C:/Users/Javier/PIDS_HandPose/work/HAR_mediapipe/data/gestos_pids/train//thumbsup/thumbsup_01003.jpg
0.456836462020874,0.8463982343673706,0.42321276664733887,0.7259673476219177,0.37398648262023926,0.6577219367027283,0.326052188873291,0.6092718243598938,0.30242618918418884,0.5610979795455933,0.305928498506546,0.7028409242630005,0.28129205107688904,0.6960326433181763,0.30795395374298096,0.7037850022315979,0.32918426394462585,0.7112265825271606,0.29949167370796204,0.7800348401069641,0.285211980342865,0.76301509141922,0.3083522915840149,0.7621611952781677,0.329612672328949,0.769020676612854,0.30679380893707275,0.8520548343658447,0.2945348620414734,0.8299468159675598,0.31319668889045715,0.823527991771698,0.3345555365085602,0.8320311307907104,0.317519873380661,0.9133459329605103,0.306461900472641,0.8871415853500366,0.3241896629333496,0.8791228532791138,0.342498779296875,0.8841676115989685,thumbsup,01004,C:/Users/Javier/PIDS_HandPose/work/HAR_mediapipe/data/gestos_pids/train//thumbsup/thumbsup_01004.jpg
0.5921595692634583,0.7454036474227905,0.5831969976425171,0.6613689064979553,0.5554463267326355,0.6010662913322449,0.5327920913696289,0.5519313216209412,0.530272364616394,0.508334219455719,0.51608806848526,0.6244495511054993,0.491146057844162,0.6269629597663879,0.5044974684715271,0.6404356360435486,0.5187737941741943,0.6476041674613953,0.5072861909866333,0.672774076461792,0.48963555693626404,0.6759600639343262,0.503180742263794,0.6807859539985657,0.5170860290527344,0.6853731870651245,0.5068662762641907,0.720196008682251,0.49392834305763245,0.7148935794830322,0.5064013004302979,0.7142984867095947,0.5197638273239136,0.7181857824325562,0.5104845762252808,0.7589762210845947,0.5036879181861877,0.7478567957878113,0.51639324426651,0.7474246621131897,0.5280050039291382,0.751522421836853,thumbsup,01005,C:/Users/Javier/PIDS_HandPose/work/HAR_mediapipe/data/gestos_pids/train//thumbsup/thumbsup_01005.jpg
0.6875388026237488,0.7540285587310791,0.6819837093353271,0.6872422695159912,0.6591676473617554,0.6319446563720703,0.6394016146659851,0.59156733751297,0.6359066367149353,0.5520724654197693,0.6237038969993591,0.6465520262718201,0.597622811794281,0.6528838872909546,0.606414258480072,0.6686356663703918,0.6185150146484375,0.6732253432273865,0.614931046962738,0.683161735534668,0.5936800241470337,0.688778817653656,0.603707492351532,0.69940584897995,0.616709291934967,0.703000009059906,0.6132223010063171,0.7237741947174072,0.5982070565223694,0.7255898714065552,0.6091295480728149,0.7307138442993164,0.622439444065094,0.7324422597885132,0.6161810159683228,0.7595202922821045,0.6048842072486877,0.7564848065376282,0.6158904433250427,0.7605856657028198,0.6268929243087769,0.76275235414505,thumbsup,01006,C:/Users/Javier/PIDS_HandPose/work/HAR_mediapipe/data/gestos_pids/train//thumbsup/thumbsup_01006.jpg
0.7987920045852661,0.8084707856178284,0.8260056972503662,0.7320107221603394,0.8641244769096375,0.6879853010177612,0.8966318964958191,0.6491724252700806,0.9070619344711304,0.6033817529678345,0.9164171814918518,0.6935941576957703,0.9525996446609497,0.7381477952003479,0.938843846321106,0.7600585222244263,0.9243524670600891,0.7613139152526855,0.9228931665420532,0.7489989995956421,0.9476875066757202,0.7863491773605347,0.9331960678100586,0.7995397448539734,0.9192391037940979,0.7963864207267761,0.9220830202102661,0.808260440826416,0.9448572397232056,0.8343056440353394,0.9340519905090332,0.8454663753509521,0.919226348400116,0.8400608897209167,0.9180170297622681,0.8629180788993835,0.9332970976829529,0.8750534653663635,0.9239230155944824,0.8837262988090515,0.9133870601654053,0.8815907835960388,thumbsup,01007,C:/Users/Javier/PIDS_HandPose/work/HAR_mediapipe/data/gestos_pids/train//thumbsup/thumbsup_01007.jpg
0.7792051434516907,0.7799173593521118,0.8023027777671814,0.6925692558288574,0.8340963125228882,0.6400656700134277,0.8612000942230225,0.5892337560653687,0.8658169507980347,0.5351079106330872,0.8845404386520386,0.6684704422950745,0.8990163803100586,0.6781095266342163,0.8806316256523132,0.6841077208518982,0.8660883903503418,0.6836982369422913,0.8912286758422852,0.7244486808776855,0.894505500793457,0.722182035446167,0.8777338266372681,0.7225844264030457,0.8653600811958313,0.7265610694885254,0.8859198689460754,0.7762316465377808,0.8858855366706848,0.7622105479240417,0.8715550303459167,0.7641116976737976,0.8568419218063354,0.7666947841644287,0.8783760070800781,0.8187874555587769,0.8798735737800598,0.8037905693054199,0.8662497401237488,0.8019447922706604,0.8530495762825012,0.8029102087020874,thumbsup,01008,C:/Users/Javier/PIDS_HandPose/work/HAR_mediapipe/data/gestos_pids/train//thumbsup/thumbsup_01008.jpg
0.7595143914222717,0.7106341123580933,0.7781549692153931,0.6189005970954895,0.8090547323226929,0.5705994367599487,0.8399820923805237,0.5306053161621094,0.8504694700241089,0.48241835832595825,0.8626214265823364,0.5974952578544617,0.884834349155426,0.6136301755905151,0.8691568970680237,0.6184331774711609,0.8546102046966553,0.6180139183998108,0.8684079051017761,0.6567062139511108,0.8753066658973694,0.6572459936141968,0.8598228096961975,0.6569427251815796,0.8459511399269104,0.6584327220916748,0.8622406721115112,0.7074910402297974,0.863465428352356,0.6914863586425781,0.8503018617630005,0.6915671825408936,0.8358297348022461,0.6925153136253357,0.854188084602356,0.7473770380020142,0.8534976840019226,0.7263491153717041,0.8411130905151367,0.7222469449043274,0.8278692960739136,0.7200968265533447,thumbsup,01009,C:/Users/Javier/PIDS_HandPose/work/HAR_mediapipe/data/gestos_pids/train//thumbsup/thumbsup_01009.jpg
0.7517086863517761,0.595696747303009,0.7784000635147095,0.5162020325660706,0.8111841678619385,0.47300058603286743,0.8371710777282715,0.43274950981140137,0.8449087738990784,0.38654351234436035,0.8557353019714355,0.4941348731517792,0.8800865411758423,0.5258655548095703,0.8660241961479187,0.5414572358131409,0.8536178469657898,0.5414273738861084,0.8578196167945862,0.5515702962875366,0.8788237571716309,0.568326473236084,0.8656939268112183,0.5747647285461426,0.8507551550865173,0.5724727511405945,0.8521406054496765,0.6043308973312378,0.8633483052253723,0.603409469127655,0.8510208129882812,0.608388364315033,0.8355568647384644,0.6054344177246094,0.8439530730247498,0.6496571898460388,0.8496055006980896,0.6366243958473206,0.8377754092216492,0.6350621581077576,0.8245280981063843,0.6309688687324524,thumbsup,01010,C:/Users/Javier/PIDS_HandPose/work/HAR_mediapipe/data/gestos_pids/train//thumbsup/thumbsup_01010.jpg
0.41606560349464417,0.6508342027664185,0.4390554130077362,0.5746452212333679,0.4782447814941406,0.5199736952781677,0.5020334124565125,0.4708695411682129,0.5045323371887207,0.41952019929885864,0.4971740245819092,0.5426324605941772,0.5547193288803101,0.563735842704773,0.5362554788589478,0.5692921876907349,0.5156810283660889,0.5639861822128296,0.49571192264556885,0.6015915274620056,0.5521556735038757,0.6175246834754944,0.5332493185997009,0.616317093372345,0.5123028755187988,0.6093822717666626,0.4917989671230316,0.6560295820236206,0.5432234406471252,0.6620020270347595,0.5268625617027283,0.6590478420257568,0.5069253444671631,0.6545896530151367,0.48692944645881653,0.7032652497291565,0.5261980295181274,0.698930025100708,0.5145376324653625,0.6931014060974121,0.4976363182067871,0.6899073719978333,thumbsup,01011,C:/Users/Javier/PIDS_HandPose/work/HAR_mediapipe/data/gestos_pids/train//thumbsup/thumbsup_01011.jpg
0.2978838384151459,0.6838557720184326,0.3198643624782562,0.6221648454666138,0.36571478843688965,0.5731625556945801,0.40094873309135437,0.5469415187835693,0.4256390631198883,0.5321547985076904,0.3651183545589447,0.5830813050270081,0.4278193712234497,0.6267292499542236,0.41525715589523315,0.6265537142753601,0.39450401067733765,0.6145483255386353,0.3562183082103729,0.6409024000167847,0.4247087836265564,0.6789183020591736,0.4096551239490509,0.6713473796844482,0.38696902990341187,0.6588309407234192,0.35015299916267395,0.695898711681366,0.4130328297615051,0.7235383987426758,0.3975110948085785,0.7126647233963013,0.3752482533454895,0.7009646892547607,0.34519898891448975,0.7439990639686584,0.3962234854698181,0.7610557675361633,0.3856133818626404,0.7501069903373718,0.3665339946746826,0.7403997778892517,thumbsup,01012,C:/Users/Javier/PIDS_HandPose/work/HAR_mediapipe/data/gestos_pids/train//thumbsup/thumbsup_01012.jpg
0.5532541275024414,0.773516833782196,0.5822330117225647,0.6994016170501709,0.6276560425758362,0.6372098922729492,0.6546984314918518,0.5805350542068481,0.6647840738296509,0.520365297794342,0.6330155730247498,0.6549822092056274,0.7059208750724792,0.6939210295677185,0.6883560419082642,0.6989918947219849,0.6627444624900818,0.6912974119186401,0.6259900331497192,0.721790075302124,0.7025938034057617,0.7550306916236877,0.6858317852020264,0.7512117028236389,0.6589445471763611,0.7394106388092041,0.6219006776809692,0.7839565277099609,0.693356990814209,0.8032523393630981,0.6782191395759583,0.7971650958061218,0.6531201601028442,0.7877401113510132,0.620854914188385,0.838398277759552,0.6751009821891785,0.8425880074501038,0.6645920276641846,0.8333637714385986,0.643584132194519,0.8259918689727783,thumbsup,01013,C:/Users/Javier/PIDS_HandPose/work/HAR_mediapipe/data/gestos_pids/train//thumbsup/thumbsup_01013.jpg
0.5896357297897339,0.7413420677185059,0.630016028881073,0.6748096942901611,0.6700097322463989,0.6301888227462769,0.6997782588005066,0.5815967321395874,0.7079998254776001,0.5225949287414551,0.7176024317741394,0.6850089430809021,0.7364521026611328,0.7339902520179749,0.7170782685279846,0.7359764575958252,0.7023327350616455,0.7199521064758301,0.7103904485702515,0.7440087795257568,0.7227355241775513,0.7737046480178833,0.7058051824569702,0.7684672474861145,0.6915997862815857,0.7565646171569824,0.696133017539978,0.796116828918457,0.7042272090911865,0.8048856258392334,0.689697265625,0.8012375831604004,0.6751464605331421,0.7890580892562866,0.6806622743606567,0.8401991724967957,0.6877575516700745,0.8399248123168945,0.6742367744445801,0.8318766355514526,0.6619722247123718,0.8210232257843018,thumbsup,01014,C:/Users/Javier/PIDS_HandPose/work/HAR_mediapipe/data/gestos_pids/train//thumbsup/thumbsup_01014.jpg
0.6189610958099365,0.7150381207466125,0.6509809494018555,0.6399247646331787,0.6863827109336853,0.5880749225616455,0.7151866555213928,0.5352145433425903,0.7212995290756226,0.47769981622695923,0.7393949031829834,0.6231204867362976,0.7688882350921631,0.6582515239715576,0.7495597004890442,0.6708287000656128,0.7322883009910583,0.6636326313018799,0.740066409111023,0.6836622953414917,0.7635737061500549,0.7095304727554321,0.7447826266288757,0.7143298387527466,0.7277073860168457,0.7075010538101196,0.7331840991973877,0.7418698668479919,0.7492431402206421,0.7499074339866638,0.7334011197090149,0.7543171644210815,0.7159165143966675,0.7476158738136292,0.7224884629249573,0.7927367091178894,0.7308275103569031,0.7886983156204224,0.7169604301452637,0.7877453565597534,0.7030379176139832,0.7835103273391724,thumbsup,01015,C:/Users/Javier/PIDS_HandPose/work/HAR_mediapipe/data/gestos_pids/train//thumbsup/thumbsup_01015.jpg
0.4419841170310974,0.6197305917739868,0.4702780842781067,0.5514101386070251,0.5083800554275513,0.5026232004165649,0.5319532752037048,0.45340484380722046,0.5343982577323914,0.401091992855072,0.5325967073440552,0.5236116647720337,0.5781717300415039,0.5634961724281311,0.558564305305481,0.573390781879425,0.5405517816543579,0.5635213255882263,0.528376579284668,0.5758891701698303,0.570811927318573,0.6117250323295593,0.551449179649353,0.6156911849975586,0.5327914357185364,0.6017272472381592,0.5212655663490295,0.6268924474716187,0.557154655456543,0.6496829390525818,0.5396475791931152,0.6523524522781372,0.521682858467102,0.6417948007583618,0.5129135847091675,0.6725888848304749,0.5413426160812378,0.6816612482070923,0.5277360081672668,0.6803766489028931,0.512961745262146,0.673469066619873,thumbsup,01016,C:/Users/Javier/PIDS_HandPose/work/HAR_mediapipe/data/gestos_pids/train//thumbsup/thumbsup_01016.jpg
0.3005068302154541,0.641067385673523,0.3138456642627716,0.5861502289772034,0.3425704836845398,0.5338816046714783,0.35780277848243713,0.49015700817108154,0.35854372382164,0.4487193524837494,0.34795573353767395,0.5383848547935486,0.39248135685920715,0.5685406923294067,0.37991461157798767,0.5758287906646729,0.3638678789138794,0.5679669976234436,0.3450237512588501,0.5817829370498657,0.39143887162208557,0.6077924966812134,0.37741371989250183,0.6099461913108826,0.3601653277873993,0.6004965901374817,0.3436426818370819,0.6243520975112915,0.3855556547641754,0.6385712027549744,0.3722960650920868,0.6393454670906067,0.3550739288330078,0.6325556039810181,0.34360718727111816,0.6629167795181274,0.37558677792549133,0.6674432754516602,0.3667718470096588,0.6649473309516907,0.3527853488922119,0.6591619849205017,thumbsup,01017,C:/Users/Javier/PIDS_HandPose/work/HAR_mediapipe/data/gestos_pids/train//thumbsup/thumbsup_01017.jpg
0.31523600220680237,0.6460471749305725,0.32954922318458557,0.5928205847740173,0.3590497076511383,0.5340774655342102,0.3749719262123108,0.4887475371360779,0.37547197937965393,0.44713106751441956,0.3665049076080322,0.542512059211731,0.4147689938545227,0.5766695737838745,0.4174874424934387,0.5923181772232056,0.4070405960083008,0.5962351560592651,0.3629501163959503,0.586287796497345,0.4131923317909241,0.6158179044723511,0.4024699628353119,0.61960369348526,0.3845997452735901,0.6128603219985962,0.36100950837135315,0.6316375732421875,0.4053879976272583,0.6510952711105347,0.3935471177101135,0.6509357690811157,0.37636756896972656,0.6445464491844177,0.3604826331138611,0.6722753047943115,0.3953053951263428,0.6800312995910645,0.38500458002090454,0.6779654026031494,0.37076056003570557,0.6731783151626587,thumbsup,01018,C:/Users/Javier/PIDS_HandPose/work/HAR_mediapipe/data/gestos_pids/train//thumbsup/thumbsup_01018.jpg
0.758122980594635,0.7523335814476013,0.7446345686912537,0.6810279488563538,0.709979772567749,0.6012352108955383,0.6881223917007446,0.5390821695327759,0.696316659450531,0.48141032457351685,0.6796002388000488,0.6101576089859009,0.6273622512817383,0.6224722862243652,0.6314056515693665,0.6509022116661072,0.64601069688797,0.6591379642486572,0.6730849742889404,0.6591242551803589,0.6209891438484192,0.6781197190284729,0.6284379959106445,0.7005562782287598,0.6450620889663696,0.7044612169265747,0.6709588170051575,0.7146068215370178,0.627210259437561,0.7260916829109192,0.6348031759262085,0.7427908182144165,0.6518514156341553,0.7465429306030273,0.6731851696968079,0.7655948996543884,0.6376169919967651,0.772344172000885,0.6456573605537415,0.7835986018180847,0.6605034470558167,0.7883895039558411,thumbsup,01019,C:/Users/Javier/PIDS_HandPose/work/HAR_mediapipe/data/gestos_pids/train//thumbsup/thumbsup_01019.jpg
0.8694059252738953,0.6357337832450867,0.8391103744506836,0.5581943988800049,0.7908238768577576,0.49365174770355225,0.7595034241676331,0.43943557143211365,0.7514743804931641,0.38304412364959717,0.772943377494812,0.5051685571670532,0.7048653960227966,0.5575259923934937,0.7157770991325378,0.5749700665473938,0.7366004586219788,0.5668643116950989,0.7819763422012329,0.55397629737854,0.711916983127594,0.613158643245697,0.7299154996871948,0.6184837818145752,0.7493902444839478,0.6099414825439453,0.7931531071662903,0.6104261875152588,0.729800820350647,0.6578432321548462,0.7482299208641052,0.6570427417755127,0.7668601274490356,0.6470531225204468,0.8061102628707886,0.6647621393203735,0.754593014717102,0.6905126571655273,0.7680102586746216,0.6873530745506287,0.7863562703132629,0.6798059940338135,thumbsup,01020,C:/Users/Javier/PIDS_HandPose/work/HAR_mediapipe/data/gestos_pids/train//thumbsup/thumbsup_01020.jpg
0.8453666567802429,0.5802704095840454,0.7969911694526672,0.5589056015014648,0.7380648255348206,0.5766160488128662,0.6944814324378967,0.5844051837921143,0.6641792058944702,0.5551794767379761,0.737419605255127,0.6130716800689697,0.7153745293617249,0.7309427261352539,0.7344052195549011,0.720337450504303,0.7456513047218323,0.6807775497436523,0.7671242356300354,0.6446288824081421,0.7438258528709412,0.7684968709945679,0.7633090019226074,0.7444217205047607,0.7743044495582581,0.7034703493118286,0.8003964424133301,0.672357439994812,0.7775980830192566,0.7787355184555054,0.7928486466407776,0.7503374218940735,0.8007192611694336,0.7108883261680603,0.8330950736999512,0.6928414106369019,0.8113016486167908,0.7726569771766663,0.820580244064331,0.7482901215553284,0.8293542861938477,0.7141738533973694,thumbsup,01021,C:/Users/Javier/PIDS_HandPose/work/HAR_mediapipe/data/gestos_pids/train//thumbsup/thumbsup_01021.jpg
0.9535244703292847,0.6082696318626404,0.904475212097168,0.5246421694755554,0.8514545559883118,0.45319467782974243,0.8176600933074951,0.3941633999347687,0.8054985404014587,0.32970261573791504,0.8696339130401611,0.4673130512237549,0.7911203503608704,0.5533525943756104,0.8041250705718994,0.5588149428367615,0.8240693807601929,0.5269894599914551,0.8943137526512146,0.5149968266487122,0.8089468479156494,0.6126984357833862,0.8293312191963196,0.5987859964370728,0.8489853739738464,0.5649734139442444,0.9139907956123352,0.5715052485466003,0.8365759253501892,0.6629495620727539,0.8574926257133484,0.6423099040985107,0.8814415335655212,0.6111466288566589,0.9326010942459106,0.6290321350097656,0.8710923194885254,0.69659024477005,0.8857825398445129,0.6766064763069153,0.9094886183738708,0.6493367552757263,thumbsup,01022,C:/Users/Javier/PIDS_HandPose/work/HAR_mediapipe/data/gestos_pids/train//thumbsup/thumbsup_01022.jpg
0.9587358832359314,0.6698606610298157,0.9057604074478149,0.5978099703788757,0.864499568939209,0.5086727142333984,0.8424254059791565,0.4317674934864044,0.8358294367790222,0.36071914434432983,0.8898475170135498,0.5149423480033875,0.8045035600662231,0.5901669263839722,0.8130936622619629,0.6061016917228699,0.8347405791282654,0.578260600566864,0.920085072517395,0.563727080821991,0.8249027132987976,0.6485060453414917,0.8433144092559814,0.6450644135475159,0.8642550110816956,0.6201342344284058,0.9457552433013916,0.6184804439544678,0.8541646003723145,0.6990233659744263,0.8715873956680298,0.6969419717788696,0.8954017758369446,0.6754828095436096,0.9684566855430603,0.6781243085861206,0.8913238644599915,0.735518753528595,0.9004343748092651,0.7306168675422668,0.921148955821991,0.7144903540611267,thumbsup,01023,C:/Users/Javier/PIDS_HandPose/work/HAR_mediapipe/data/gestos_pids/train//thumbsup/thumbsup_01023.jpg
0.6784985661506653,0.6960847973823547,0.7007901668548584,0.6193612217903137,0.7324989438056946,0.5757701396942139,0.7629395723342896,0.5554579496383667,0.7801681160926819,0.5518189668655396,0.7762314081192017,0.6046972274780273,0.8100317120552063,0.618606686592102,0.799475371837616,0.6278936266899109,0.7830847501754761,0.6289403438568115,0.7818332314491272,0.6577450037002563,0.8001934289932251,0.6603536605834961,0.7840767502784729,0.6619059443473816,0.7677616477012634,0.661221444606781,0.778552234172821,0.7094407677650452,0.7867935299873352,0.7003576159477234,0.7736232876777649,0.7013800740242004,0.7575262188911438,0.7001410126686096,0.77183997631073,0.7530480623245239,0.774485170841217,0.7410999536514282,0.7625756859779358,0.7379879355430603,0.7493159174919128,0.7354985475540161,thumbsup,01025,C:/Users/Javier/PIDS_HandPose/work/HAR_mediapipe/data/gestos_pids/train//thumbsup/thumbsup_01025.jpg
0.6206038594245911,0.7285049557685852,0.6530956625938416,0.6469413042068481,0.6913371086120605,0.594107985496521,0.7255451083183289,0.5463168025016785,0.7393212914466858,0.4906698763370514,0.7374295592308044,0.6293749809265137,0.7838131785392761,0.6491804718971252,0.768860399723053,0.656039834022522,0.7497453093528748,0.6507912874221802,0.7391560673713684,0.6896770000457764,0.7775953412055969,0.7026930451393127,0.7621432542800903,0.7015231847763062,0.7441474199295044,0.6966978311538696,0.7339403629302979,0.7469593286514282,0.7650602459907532,0.7461410164833069,0.7512701153755188,0.7432935833930969,0.7328495383262634,0.7371642589569092,0.7262259721755981,0.7973352670669556,0.7487875819206238,0.7866278886795044,0.737928032875061,0.7810153961181641,0.7241965532302856,0.7770131230354309,thumbsup,01026,C:/Users/Javier/PIDS_HandPose/work/HAR_mediapipe/data/gestos_pids/train//thumbsup/thumbsup_01026.jpg
0.47900792956352234,0.7514296770095825,0.511283814907074,0.6750355362892151,0.5523630976676941,0.6285296678543091,0.5822174549102783,0.5775931477546692,0.5869549512863159,0.518761932849884,0.5813769102096558,0.6524006128311157,0.6234859824180603,0.6807798147201538,0.6039504408836365,0.6880737543106079,0.5861247777938843,0.6806310415267944,0.581512451171875,0.7138461470603943,0.6181107759475708,0.7290006279945374,0.5988748073577881,0.7279750108718872,0.5798378586769104,0.719046413898468,0.5763522982597351,0.7705074548721313,0.6016898155212402,0.765131950378418,0.585810661315918,0.7658114433288574,0.5675492882728577,0.7617791295051575,0.569729208946228,0.8193626999855042,0.585503339767456,0.7996397614479065,0.5720180869102478,0.7971617579460144,0.5579326152801514,0.7970042824745178,thumbsup,01027,C:/Users/Javier/PIDS_HandPose/work/HAR_mediapipe/data/gestos_pids/train//thumbsup/thumbsup_01027.jpg
0.45658251643180847,0.7975133061408997,0.4899623990058899,0.7135379910469055,0.5330379009246826,0.665124773979187,0.5674076676368713,0.6160212755203247,0.5761260390281677,0.555681586265564,0.5662549138069153,0.6931490302085876,0.6137749552726746,0.7138352394104004,0.5959456562995911,0.7177046537399292,0.575565755367279,0.7133864760398865,0.5665605068206787,0.754770040512085,0.6101906895637512,0.7679480314254761,0.5929918885231018,0.7652280330657959,0.5735759735107422,0.7616174817085266,0.5620446801185608,0.8132070899009705,0.6014678478240967,0.8129116296768188,0.5861914753913879,0.8100971579551697,0.5671519041061401,0.8075240850448608,0.5551702380180359,0.8639757633209229,0.5867881774902344,0.8540931940078735,0.5738283395767212,0.8496378064155579,0.5581287145614624,0.8493366241455078,thumbsup,01028,C:/Users/Javier/PIDS_HandPose/work/HAR_mediapipe/data/gestos_pids/train//thumbsup/thumbsup_01028.jpg
0.8279170989990234,0.7674534320831299,0.8148472905158997,0.6823359727859497,0.7828595638275146,0.6053767204284668,0.7611989974975586,0.5453164577484131,0.7614402174949646,0.49261707067489624,0.7366288900375366,0.6199930310249329,0.6921047568321228,0.62837153673172,0.7070781588554382,0.6475376486778259,0.726692795753479,0.6497843861579895,0.7276819944381714,0.6686235666275024,0.6874290704727173,0.677998960018158,0.7044856548309326,0.6913589239120483,0.7245335578918457,0.6912875771522522,0.7260396480560303,0.7230634093284607,0.6932294368743896,0.724043071269989,0.7098384499549866,0.7327265739440918,0.7289451360702515,0.732637345790863,0.7315840125083923,0.7732180953025818,0.7052558660507202,0.7630723714828491,0.721559464931488,0.7702738046646118,0.7384086847305298,0.7732164859771729,thumbsup,01029,C:/Users/Javier/PIDS_HandPose/work/HAR_mediapipe/data/gestos_pids/train//thumbsup/thumbsup_01029.jpg
0.38163572549819946,0.7790284156799316,0.4078715145587921,0.6976362466812134,0.4460602402687073,0.6400620341300964,0.4694440960884094,0.5869856476783752,0.4717090427875519,0.5350126028060913,0.47209733724594116,0.668210506439209,0.5197457671165466,0.6897481679916382,0.5014980435371399,0.6934703588485718,0.4824087619781494,0.689278781414032,0.47363734245300293,0.7295393943786621,0.5149219036102295,0.7374892830848694,0.4979545474052429,0.7350530028343201,0.47858649492263794,0.7312657833099365,0.47181031107902527,0.783728837966919,0.5036740303039551,0.7773008346557617,0.4903166890144348,0.7760232090950012,0.47299525141716003,0.7750081419944763,0.4690795838832855,0.8288309574127197,0.4917592704296112,0.8131438493728638,0.4804937243461609,0.8119089603424072,0.46701037883758545,0.814807653427124,thumbsup,01030,C:/Users/Javier/PIDS_HandPose/work/HAR_mediapipe/data/gestos_pids/train//thumbsup/thumbsup_01030.jpg
0.4608268141746521,0.5387693047523499,0.4901442229747772,0.4655730128288269,0.530484139919281,0.4151555299758911,0.5579773187637329,0.3641897439956665,0.5639178156852722,0.30846160650253296,0.5602455139160156,0.4315626919269562,0.6048468947410583,0.47977083921432495,0.5827513337135315,0.4929809868335724,0.5633183717727661,0.4842525124549866,0.5553262829780579,0.48880380392074585,0.5968442559242249,0.5331676602363586,0.5746957063674927,0.5389218330383301,0.554908812046051,0.5252401828765869,0.547184944152832,0.545590877532959,0.5822596549987793,0.5755916237831116,0.562063992023468,0.579547107219696,0.5432640314102173,0.5684483647346497,0.5376335382461548,0.5960268974304199,0.5643863677978516,0.6108006238937378,0.5481554865837097,0.610470175743103,0.532858669757843,0.603610098361969,thumbsup,01031,C:/Users/Javier/PIDS_HandPose/work/HAR_mediapipe/data/gestos_pids/train//thumbsup/thumbsup_01031.jpg
0.3773845434188843,0.6053344011306763,0.39710140228271484,0.5314091444015503,0.4345935583114624,0.4661937355995178,0.4548594653606415,0.40744003653526306,0.45602747797966003,0.35328036546707153,0.45216459035873413,0.4782314896583557,0.5033203959465027,0.5035482048988342,0.4868454039096832,0.5184611082077026,0.46822991967201233,0.5141715407371521,0.45134904980659485,0.5324519872665405,0.5037355422973633,0.5575486421585083,0.48570024967193604,0.5672157406806946,0.46475648880004883,0.5595208406448364,0.4488251507282257,0.5878164768218994,0.49707284569740295,0.6050783395767212,0.4794601798057556,0.6103032827377319,0.45812851190567017,0.6037489771842957,0.44540655612945557,0.639360249042511,0.48320916295051575,0.6451972723007202,0.46851328015327454,0.6457184553146362,0.45018470287323,0.6408167481422424,thumbsup,01032,C:/Users/Javier/PIDS_HandPose/work/HAR_mediapipe/data/gestos_pids/train//thumbsup/thumbsup_01032.jpg
0.19940310716629028,0.6696344614028931,0.2166537344455719,0.5857094526290894,0.2276075929403305,0.5045604109764099,0.22802159190177917,0.44457852840423584,0.22026051580905914,0.3936433792114258,0.203439399600029,0.5234605669975281,0.2604527175426483,0.5469570755958557,0.24964749813079834,0.5566602945327759,0.2301548719406128,0.546297013759613,0.1938832402229309,0.5750548243522644,0.2565965950489044,0.5952185988426208,0.24191097915172577,0.594044029712677,0.2241334468126297,0.583007276058197,0.1896497756242752,0.6257839202880859,0.24789917469024658,0.6400032043457031,0.23617275059223175,0.6358907222747803,0.2220972329378128,0.622357964515686,0.1910046637058258,0.6695342063903809,0.23636245727539062,0.675092339515686,0.2313929796218872,0.6652072668075562,0.21856532990932465,0.6563447117805481,thumbsup,01033,C:/Users/Javier/PIDS_HandPose/work/HAR_mediapipe/data/gestos_pids/train//thumbsup/thumbsup_01033.jpg
0.21389752626419067,0.6711560487747192,0.23120932281017303,0.5824090838432312,0.24160243570804596,0.501196563243866,0.2416250854730606,0.4423637092113495,0.2358427792787552,0.3913177251815796,0.21820543706417084,0.5169727802276611,0.27485424280166626,0.5460416078567505,0.26415425539016724,0.554951548576355,0.24565522372722626,0.5429630875587463,0.2065681666135788,0.566936731338501,0.26865217089653015,0.5939161777496338,0.2553189694881439,0.5918907523155212,0.23904702067375183,0.5789051651954651,0.20045775175094604,0.6168968081474304,0.25848183035850525,0.6366231441497803,0.24936173856258392,0.6316782236099243,0.2372058928012848,0.6166312098503113,0.200005903840065,0.6610512733459473,0.2470203936100006,0.6702187061309814,0.24586130678653717,0.6589645743370056,0.23612768948078156,0.6477721929550171,thumbsup,01034,C:/Users/Javier/PIDS_HandPose/work/HAR_mediapipe/data/gestos_pids/train//thumbsup/thumbsup_01034.jpg
0.29691535234451294,0.48193031549453735,0.31088781356811523,0.4191579818725586,0.3478323519229889,0.35773319005966187,0.3677152991294861,0.30684369802474976,0.3722853660583496,0.25890272855758667,0.35427385568618774,0.35120952129364014,0.40411174297332764,0.3932182490825653,0.39005231857299805,0.40385696291923523,0.3744158148765564,0.3948807418346405,0.350085586309433,0.3931547999382019,0.401483952999115,0.4353325068950653,0.38453036546707153,0.4427700936794281,0.3656832277774811,0.4307222068309784,0.3462170660495758,0.4408710300922394,0.3907979130744934,0.47349295020103455,0.374021053314209,0.4779781103134155,0.35563668608665466,0.46809476613998413,0.3425932228565216,0.48734015226364136,0.3773256540298462,0.5054377913475037,0.36375242471694946,0.5063463449478149,0.34726855158805847,0.498158723115921,thumbsup,01035,C:/Users/Javier/PIDS_HandPose/work/HAR_mediapipe/data/gestos_pids/train//thumbsup/thumbsup_01035.jpg
0.2184794545173645,0.418216735124588,0.23765668272972107,0.3490533232688904,0.2503744661808014,0.2798007130622864,0.2533559799194336,0.22875994443893433,0.2514592111110687,0.18459026515483856,0.2263348400592804,0.2668817639350891,0.2716030478477478,0.29343181848526,0.2638857364654541,0.3150852918624878,0.2503243386745453,0.31009697914123535,0.21579302847385406,0.3055839538574219,0.26939308643341064,0.3338831663131714,0.2556754946708679,0.3450228273868561,0.24127303063869476,0.3373042047023773,0.2108738273382187,0.34736791253089905,0.26080748438835144,0.3732156753540039,0.2486465871334076,0.3811875581741333,0.23705846071243286,0.37154698371887207,0.2093423753976822,0.38601863384246826,0.25009894371032715,0.40251702070236206,0.24183541536331177,0.40381771326065063,0.2276449203491211,0.3945302367210388,thumbsup,01036,C:/Users/Javier/PIDS_HandPose/work/HAR_mediapipe/data/gestos_pids/train//thumbsup/thumbsup_01036.jpg
0.37865927815437317,0.43951982259750366,0.3895410895347595,0.38384419679641724,0.41885825991630554,0.3244641125202179,0.4339686334133148,0.27679479122161865,0.4381718635559082,0.2327970415353775,0.42538386583328247,0.31390830874443054,0.4700051546096802,0.34468868374824524,0.46111494302749634,0.35366731882095337,0.44486021995544434,0.3458809554576874,0.4224010109901428,0.34935498237609863,0.4713837504386902,0.38125893473625183,0.4600386917591095,0.3909485638141632,0.44185274839401245,0.3840332329273224,0.42091238498687744,0.39207324385643005,0.4656538963317871,0.42038196325302124,0.45444902777671814,0.42714831233024597,0.43773624300956726,0.42000439763069153,0.42029932141304016,0.4354745149612427,0.45433706045150757,0.4513186812400818,0.4451371729373932,0.453997403383255,0.42999765276908875,0.4462012052536011,thumbsup,01037,C:/Users/Javier/PIDS_HandPose/work/HAR_mediapipe/data/gestos_pids/train//thumbsup/thumbsup_01037.jpg
0.7472414374351501,0.4826618731021881,0.7652603387832642,0.40106502175331116,0.7913373708724976,0.3501340448856354,0.8113926649093628,0.30200666189193726,0.8120368719100952,0.25258538126945496,0.8364099264144897,0.35820508003234863,0.8573412299156189,0.4050317108631134,0.8425750732421875,0.42129120230674744,0.8293541669845581,0.4163036644458771,0.8444809317588806,0.409482479095459,0.8527611494064331,0.44251132011413574,0.8377764821052551,0.45116472244262695,0.8244326114654541,0.4470575153827667,0.8432056307792664,0.46243754029273987,0.8467100858688354,0.4728770852088928,0.8330165147781372,0.4801638424396515,0.8192754983901978,0.47793152928352356,0.8390761017799377,0.5100597143173218,0.8401405811309814,0.5062339901924133,0.8278608918190002,0.5099618434906006,0.8161755800247192,0.5086901783943176,thumbsup,01038,C:/Users/Javier/PIDS_HandPose/work/HAR_mediapipe/data/gestos_pids/train//thumbsup/thumbsup_01038.jpg
0.8375412225723267,0.4310678541660309,0.8550445437431335,0.3592877686023712,0.8810242414474487,0.3122798800468445,0.9039661884307861,0.2722542881965637,0.9076377749443054,0.22711485624313354,0.9293966889381409,0.32109856605529785,0.9354126453399658,0.35988888144493103,0.9207214713096619,0.37609192728996277,0.9084267616271973,0.37419864535331726,0.9388311505317688,0.36691898107528687,0.9352255463600159,0.40018659830093384,0.9184364080429077,0.407318651676178,0.9062758088111877,0.4021577537059784,0.936939537525177,0.41647815704345703,0.9303264617919922,0.43445563316345215,0.9148644804954529,0.44041046500205994,0.9018181562423706,0.4360470771789551,0.9298365116119385,0.4620440900325775,0.9237716197967529,0.46991458535194397,0.90958172082901,0.47089871764183044,0.8978344202041626,0.4666100740432739,thumbsup,01039,C:/Users/Javier/PIDS_HandPose/work/HAR_mediapipe/data/gestos_pids/train//thumbsup/thumbsup_01039.jpg
0.8440966010093689,0.5449382066726685,0.8602320551872253,0.4568520188331604,0.8880116939544678,0.401896208524704,0.9130287170410156,0.3657919764518738,0.9193246364593506,0.3220668137073517,0.937531590461731,0.4319693148136139,0.9353645443916321,0.45914334058761597,0.9195839762687683,0.47246676683425903,0.906913697719574,0.473168283700943,0.9450278878211975,0.48526814579963684,0.933994472026825,0.5000485777854919,0.9185925126075745,0.504449188709259,0.9068956971168518,0.5041717886924744,0.9412563443183899,0.536005437374115,0.9295262098312378,0.535312294960022,0.9153534770011902,0.5404364466667175,0.9033114314079285,0.5399970412254333,0.9340330958366394,0.5792809724807739,0.9251331686973572,0.5737519264221191,0.9126962423324585,0.5710993409156799,0.9023462533950806,0.5660752058029175,thumbsup,01040,C:/Users/Javier/PIDS_HandPose/work/HAR_mediapipe/data/gestos_pids/train//thumbsup/thumbsup_01040.jpg
0.7789125442504883,0.7065655589103699,0.7948936820030212,0.6177122592926025,0.8219959735870361,0.560951292514801,0.850987434387207,0.5124145150184631,0.8607434034347534,0.4652571678161621,0.8679423332214355,0.5752379298210144,0.8954961895942688,0.5920359492301941,0.8804417848587036,0.602144181728363,0.8658526539802551,0.6015069484710693,0.8767608404159546,0.6319448351860046,0.8935607075691223,0.6356770396232605,0.8781299591064453,0.6396411657333374,0.8636009693145752,0.6410431861877441,0.8761816620826721,0.6852768063545227,0.8845738172531128,0.6743790507316589,0.8713072538375854,0.6794426441192627,0.8563328981399536,0.6823176741600037,0.8736643195152283,0.7301539182662964,0.8803656101226807,0.7139832377433777,0.8679476380348206,0.7149986028671265,0.8546444177627563,0.7163960933685303,thumbsup,01041,C:/Users/Javier/PIDS_HandPose/work/HAR_mediapipe/data/gestos_pids/train//thumbsup/thumbsup_01041.jpg
0.4496876299381256,0.7339186072349548,0.45565780997276306,0.6698800921440125,0.480690598487854,0.6016543507575989,0.4966762065887451,0.5537126660346985,0.4982151985168457,0.5099726915359497,0.48740655183792114,0.5902550220489502,0.5399376153945923,0.5904125571250916,0.5329809784889221,0.6093934774398804,0.5171793103218079,0.6148717999458313,0.4919620156288147,0.6317378878593445,0.5464850068092346,0.6338652968406677,0.5358055830001831,0.6507657766342163,0.5183702111244202,0.6524791717529297,0.49741002917289734,0.6769751906394958,0.5471095442771912,0.6767757534980774,0.5350505113601685,0.6899965405464172,0.5180105566978455,0.6916121244430542,0.502293050289154,0.7199289798736572,0.5400967597961426,0.7125123739242554,0.5288403630256653,0.7223066091537476,0.5141939520835876,0.7239089012145996,thumbsup,01042,C:/Users/Javier/PIDS_HandPose/work/HAR_mediapipe/data/gestos_pids/train//thumbsup/thumbsup_01042.jpg
0.3008924722671509,0.7847736477851868,0.3084190785884857,0.7285910844802856,0.31706708669662476,0.6585684418678284,0.3205529451370239,0.6074320673942566,0.3140096664428711,0.5625671148300171,0.30058395862579346,0.6493611335754395,0.35167521238327026,0.6432129144668579,0.34701257944107056,0.668481171131134,0.3309095501899719,0.6712459921836853,0.302641361951828,0.6872406005859375,0.35828232765197754,0.6813640594482422,0.34778064489364624,0.7020066380500793,0.3323802351951599,0.7036003470420837,0.30873408913612366,0.7268868088722229,0.35942721366882324,0.7183468341827393,0.3475099503993988,0.7357426881790161,0.3332914412021637,0.7378748655319214,0.3158387541770935,0.7631036639213562,0.35522791743278503,0.7525918483734131,0.3453509211540222,0.7613104581832886,0.33058661222457886,0.76409912109375,thumbsup,01043,C:/Users/Javier/PIDS_HandPose/work/HAR_mediapipe/data/gestos_pids/train//thumbsup/thumbsup_01043.jpg
0.29847630858421326,0.8046138882637024,0.3015972077846527,0.7495583295822144,0.3248283267021179,0.6828352808952332,0.33829599618911743,0.6349474787712097,0.3347378075122833,0.589353084564209,0.32121503353118896,0.6752364039421082,0.3726678192615509,0.6784181594848633,0.3631313443183899,0.6977301239967346,0.3473559021949768,0.7012295126914978,0.3217000365257263,0.7175836563110352,0.37753617763519287,0.7197641730308533,0.36392202973365784,0.7330910563468933,0.3457021415233612,0.7343041896820068,0.3246883749961853,0.7607064843177795,0.37443721294403076,0.7587065100669861,0.36041128635406494,0.7677813172340393,0.3429284393787384,0.7695427536964417,0.32870447635650635,0.8009180426597595,0.3674795925617218,0.7917520403862,0.3565340042114258,0.796563982963562,0.34117844700813293,0.7985448241233826,thumbsup,01044,C:/Users/Javier/PIDS_HandPose/work/HAR_mediapipe/data/gestos_pids/train//thumbsup/thumbsup_01044.jpg
0.7581195831298828,0.8884772658348083,0.7467808723449707,0.799983024597168,0.7150320410728455,0.7282189726829529,0.6910808682441711,0.666987419128418,0.6953946948051453,0.6161686778068542,0.6699087619781494,0.7470040917396545,0.6355742812156677,0.7494176626205444,0.6491774916648865,0.7674051523208618,0.6661757230758667,0.7748008370399475,0.6606746315956116,0.801044225692749,0.6324077844619751,0.802312970161438,0.6485828757286072,0.8137880563735962,0.6663220524787903,0.8189047574996948,0.6598242521286011,0.8557155132293701,0.637980580329895,0.8508298993110657,0.6532920002937317,0.8545699715614319,0.6701419353485107,0.859703779220581,0.6639047861099243,0.9037162065505981,0.6483539342880249,0.8938593864440918,0.663832426071167,0.8956851959228516,0.6789643168449402,0.8988332152366638,thumbsup,01045,C:/Users/Javier/PIDS_HandPose/work/HAR_mediapipe/data/gestos_pids/train//thumbsup/thumbsup_01045.jpg
0.7458793520927429,0.8150424361228943,0.73084956407547,0.741733193397522,0.6996281147003174,0.6667296290397644,0.6819412708282471,0.6069539189338684,0.6857937574386597,0.5564174652099609,0.6682102680206299,0.6762915849685669,0.6207335591316223,0.6898148059844971,0.635682225227356,0.7106651663780212,0.6549705862998962,0.7121220231056213,0.6622253060340881,0.7280392050743103,0.61783367395401,0.7379473447799683,0.6352993249893188,0.7529041171073914,0.654432475566864,0.7531440854072571,0.6610721945762634,0.7840391993522644,0.6227424144744873,0.7850542664527893,0.6399030685424805,0.7952520847320557,0.6586346626281738,0.7958386540412903,0.6638534069061279,0.8355602025985718,0.6353479027748108,0.8286353349685669,0.6512072682380676,0.8341748714447021,0.6675357222557068,0.8355115652084351,thumbsup,01046,C:/Users/Javier/PIDS_HandPose/work/HAR_mediapipe/data/gestos_pids/train//thumbsup/thumbsup_01046.jpg
0.7290248870849609,0.7942099571228027,0.7138143181800842,0.7189169526100159,0.6833758354187012,0.6544625759124756,0.6611177325248718,0.5966712832450867,0.6615750193595886,0.5478624701499939,0.6511419415473938,0.6735482215881348,0.6008437871932983,0.6664867997169495,0.581225574016571,0.6848083734512329,0.5769845247268677,0.7051396369934082,0.6462129950523376,0.7198776602745056,0.5901496410369873,0.7168276906013489,0.5782147645950317,0.7297757863998413,0.5823125839233398,0.740559995174408,0.645971953868866,0.7691330909729004,0.5944969654083252,0.7637014389038086,0.5857383608818054,0.7650257349014282,0.5913121700286865,0.7694939970970154,0.6496779322624207,0.8160611391067505,0.6072497367858887,0.8033270239830017,0.5996708273887634,0.796909749507904,0.6021431684494019,0.7920697331428528,thumbsup,01047,C:/Users/Javier/PIDS_HandPose/work/HAR_mediapipe/data/gestos_pids/train//thumbsup/thumbsup_01047.jpg
0.7202074527740479,0.7468758821487427,0.705224335193634,0.6720749735832214,0.6771013736724854,0.6074318289756775,0.655632734298706,0.5555024147033691,0.6536074876785278,0.5088390111923218,0.6463668942451477,0.6179729104042053,0.5987735390663147,0.6239884495735168,0.6068986654281616,0.6416717171669006,0.6235936880111694,0.6463046669960022,0.6384998559951782,0.6605173945426941,0.5882920026779175,0.6629010438919067,0.5990017056465149,0.6776151061058044,0.616395115852356,0.6795940399169922,0.6354072093963623,0.7086272835731506,0.5890001058578491,0.7046380639076233,0.6004397869110107,0.7128533124923706,0.6175383925437927,0.7142872214317322,0.6374580264091492,0.7557200193405151,0.5990675091743469,0.7413218021392822,0.6088517904281616,0.7440974116325378,0.623733639717102,0.7467683553695679,thumbsup,01048,C:/Users/Javier/PIDS_HandPose/work/HAR_mediapipe/data/gestos_pids/train//thumbsup/thumbsup_01048.jpg
0.9355366230010986,0.6093423366546631,0.9139946103096008,0.530415415763855,0.8827640414237976,0.46404868364334106,0.8636997938156128,0.40666550397872925,0.8596526980400085,0.3576772212982178,0.8758014440536499,0.46219176054000854,0.8190760016441345,0.4689795672893524,0.7935628890991211,0.48631778359413147,0.779606282711029,0.499758243560791,0.8786269426345825,0.5049142837524414,0.8174608945846558,0.5091118812561035,0.7908933758735657,0.5200795531272888,0.7752177119255066,0.5330509543418884,0.8784045577049255,0.5537005066871643,0.8207703828811646,0.5519250631332397,0.795884907245636,0.5576077699661255,0.7813897728919983,0.5626176595687866,0.8763019442558289,0.6053846478462219,0.8308060169219971,0.5987940430641174,0.8078904747962952,0.5966358184814453,0.7920054793357849,0.593547523021698,thumbsup,01049,C:/Users/Javier/PIDS_HandPose/work/HAR_mediapipe/data/gestos_pids/train//thumbsup/thumbsup_01049.jpg
0.6594526767730713,0.5694573521614075,0.64485764503479,0.5014692544937134,0.6154069304466248,0.43614187836647034,0.5933377742767334,0.38685041666030884,0.5850411653518677,0.34291791915893555,0.5824718475341797,0.44814303517341614,0.5326037406921387,0.46484512090682983,0.5265286564826965,0.48037901520729065,0.5311793684959412,0.4861573874950409,0.5794345736503601,0.49153944849967957,0.5285581350326538,0.5067352056503296,0.5182874798774719,0.5181552171707153,0.5199179649353027,0.5261085033416748,0.5812073349952698,0.5383014678955078,0.5345790982246399,0.5458228588104248,0.5214393138885498,0.5508543252944946,0.5198666453361511,0.5526562333106995,0.5867902636528015,0.5820217132568359,0.5493493676185608,0.5788139700889587,0.5363097190856934,0.5832160711288452,0.5298790335655212,0.5851024985313416,thumbsup,01050,C:/Users/Javier/PIDS_HandPose/work/HAR_mediapipe/data/gestos_pids/train//thumbsup/thumbsup_01050.jpg
0.41998475790023804,0.6001249551773071,0.39321038126945496,0.5339022278785706,0.3645145297050476,0.4909419119358063,0.3396762013435364,0.45059487223625183,0.33245691657066345,0.4126160740852356,0.325359046459198,0.5189119577407837,0.29869669675827026,0.5430142283439636,0.3088546693325043,0.5571824908256531,0.32070839405059814,0.5563257932662964,0.32276448607444763,0.5632554888725281,0.29776328802108765,0.5841166377067566,0.31006646156311035,0.5945006608963013,0.3232385218143463,0.5914866328239441,0.3268953263759613,0.6089571118354797,0.30013301968574524,0.6228500008583069,0.31158655881881714,0.6281901597976685,0.32609671354293823,0.6255906820297241,0.3351265788078308,0.651070773601532,0.30794158577919006,0.6564896106719971,0.3168545067310333,0.656310498714447,0.3293692469596863,0.6531407833099365,thumbsup,01051,C:/Users/Javier/PIDS_HandPose/work/HAR_mediapipe/data/gestos_pids/train//thumbsup/thumbsup_01051.jpg
0.4392416775226593,0.7160369157791138,0.4151606857776642,0.6497622728347778,0.38470569252967834,0.6092627048492432,0.35912007093429565,0.5731136798858643,0.3500760495662689,0.535980224609375,0.3431621491909027,0.6379759311676025,0.3328756093978882,0.6493769288063049,0.3489094376564026,0.6607239246368408,0.3621389865875244,0.6641433238983154,0.3370082378387451,0.685575008392334,0.33172139525413513,0.692746639251709,0.3455755412578583,0.697769045829773,0.3592541813850403,0.6992649435997009,0.33911725878715515,0.7313199043273926,0.33351778984069824,0.735417366027832,0.3453129231929779,0.7372511625289917,0.35964643955230713,0.7387725710868835,0.34419235587120056,0.7726631760597229,0.3355123996734619,0.7739830613136292,0.34659695625305176,0.7716225385665894,0.3586258888244629,0.7696956396102905,thumbsup,01052,C:/Users/Javier/PIDS_HandPose/work/HAR_mediapipe/data/gestos_pids/train//thumbsup/thumbsup_01052.jpg
0.4555860757827759,0.747018575668335,0.4321570098400116,0.6847954988479614,0.4032374620437622,0.6462659239768982,0.37818363308906555,0.6078984141349792,0.3708324730396271,0.5698398947715759,0.36479225754737854,0.6728076934814453,0.34211453795433044,0.6909499764442444,0.3557673990726471,0.6988178491592407,0.36869582533836365,0.6956124901771545,0.3619065284729004,0.718212902545929,0.3437129557132721,0.7358635067939758,0.35785940289497375,0.7397221326828003,0.37160569429397583,0.7359552979469299,0.36558017134666443,0.7629882097244263,0.3481939435005188,0.7757319211959839,0.360301673412323,0.7762945294380188,0.37452831864356995,0.773597240447998,0.37204018235206604,0.8028219938278198,0.35454678535461426,0.807313084602356,0.3655598759651184,0.8051615357398987,0.37794679403305054,0.802020251750946,thumbsup,01053,C:/Users/Javier/PIDS_HandPose/work/HAR_mediapipe/data/gestos_pids/train//thumbsup/thumbsup_01053.jpg
0.49152880907058716,0.5287780165672302,0.472453773021698,0.46322983503341675,0.4484003186225891,0.41291558742523193,0.42946580052375793,0.36892223358154297,0.4267234802246094,0.3283771574497223,0.40706998109817505,0.4315239191055298,0.3855302929878235,0.46176403760910034,0.3975536823272705,0.4789791703224182,0.410660982131958,0.48001378774642944,0.40161043405532837,0.4712385833263397,0.38481417298316956,0.504233717918396,0.39798223972320557,0.5147527456283569,0.4122680127620697,0.5105001926422119,0.4021338224411011,0.5155220031738281,0.38502517342567444,0.5380148887634277,0.3972429931163788,0.5461171269416809,0.4116564393043518,0.5426000356674194,0.4049334228038788,0.5578649044036865,0.38787293434143066,0.5694003105163574,0.40030333399772644,0.5740300416946411,0.41364026069641113,0.5703110694885254,thumbsup,01054,C:/Users/Javier/PIDS_HandPose/work/HAR_mediapipe/data/gestos_pids/train//thumbsup/thumbsup_01054.jpg
0.4900347590446472,0.6129839420318604,0.4705868661403656,0.5425528883934021,0.44160041213035583,0.48978564143180847,0.42107194662094116,0.4463704824447632,0.4161270260810852,0.4047695994377136,0.40460681915283203,0.5113950371742249,0.3802841007709503,0.5390705466270447,0.3912554383277893,0.5550891757011414,0.40544891357421875,0.555985689163208,0.397970974445343,0.5569283962249756,0.3753702640533447,0.5827651619911194,0.3875076174736023,0.5941986441612244,0.4031599462032318,0.5921676158905029,0.3983590602874756,0.6046655774116516,0.3745388686656952,0.6210509538650513,0.38629505038261414,0.6287566423416138,0.40230825543403625,0.6268206238746643,0.40247082710266113,0.649997353553772,0.3791012167930603,0.6565335988998413,0.3898482918739319,0.661579430103302,0.40382248163223267,0.6611449122428894,thumbsup,01055,C:/Users/Javier/PIDS_HandPose/work/HAR_mediapipe/data/gestos_pids/train//thumbsup/thumbsup_01055.jpg
0.6066747307777405,0.7683396339416504,0.5833514332771301,0.6946867108345032,0.5463249087333679,0.644292414188385,0.5176699161529541,0.6031349897384644,0.5104296207427979,0.5604680776596069,0.5070558786392212,0.6745123863220215,0.4810599982738495,0.6975817680358887,0.49463024735450745,0.7106853723526001,0.5093621015548706,0.7102020978927612,0.5034084320068359,0.7220499515533447,0.48161259293556213,0.7444888949394226,0.4960744380950928,0.7529760599136353,0.5109445452690125,0.7495901584625244,0.5075757503509521,0.7713057994842529,0.4846571981906891,0.7842551469802856,0.49744656682014465,0.7886391282081604,0.5131432414054871,0.7872474789619446,0.5158619284629822,0.8165464401245117,0.49055999517440796,0.8222697973251343,0.5003771781921387,0.8230262994766235,0.5137600898742676,0.8210025429725647,thumbsup,01056,C:/Users/Javier/PIDS_HandPose/work/HAR_mediapipe/data/gestos_pids/train//thumbsup/thumbsup_01056.jpg
0.8205061554908752,0.6554014086723328,0.7877631783485413,0.604748010635376,0.7414368987083435,0.5761289000511169,0.7089493274688721,0.5500467419624329,0.6973876357078552,0.5098361968994141,0.7143330574035645,0.6068809628486633,0.6829124689102173,0.6642652153968811,0.6998177170753479,0.6703407764434814,0.7139003872871399,0.6536643505096436,0.7222122550010681,0.6498357653617859,0.6907017827033997,0.7056841850280762,0.7074658870697021,0.7057386636734009,0.7213537096977234,0.687233030796051,0.7355156540870667,0.691840648651123,0.7026478052139282,0.7368879318237305,0.718314528465271,0.7352703213691711,0.7322297096252441,0.7186779975891113,0.7522640228271484,0.7301661372184753,0.7207329273223877,0.7593553066253662,0.7347797155380249,0.7559670805931091,0.7488008141517639,0.7422016263008118,thumbsup,01057,C:/Users/Javier/PIDS_HandPose/work/HAR_mediapipe/data/gestos_pids/train//thumbsup/thumbsup_01057.jpg
0.8434215784072876,0.5922074317932129,0.806300938129425,0.5508652329444885,0.7605335116386414,0.516427755355835,0.7296028137207031,0.4863632321357727,0.7135381102561951,0.4479596018791199,0.7380053400993347,0.5280709862709045,0.6967673301696777,0.590522050857544,0.7059242129325867,0.6112750172615051,0.7177698612213135,0.608049213886261,0.7478976845741272,0.5600362420082092,0.705450177192688,0.6305374503135681,0.7201941609382629,0.6404316425323486,0.734276294708252,0.6294077634811401,0.7617656588554382,0.5987611413002014,0.7183946967124939,0.6570512056350708,0.7325858473777771,0.6659966707229614,0.7467867136001587,0.6583340167999268,0.7781973481178284,0.6382639408111572,0.7408967018127441,0.6796700954437256,0.7451837062835693,0.6883122324943542,0.7527168393135071,0.6880619525909424,thumbsup,01058,C:/Users/Javier/PIDS_HandPose/work/HAR_mediapipe/data/gestos_pids/train//thumbsup/thumbsup_01058.jpg
0.7661882638931274,0.3797346353530884,0.7341293096542358,0.32195591926574707,0.6934046745300293,0.2885216772556305,0.6636906266212463,0.2612617015838623,0.6558442711830139,0.22331540286540985,0.6682104468345642,0.3142714202404022,0.6354919075965881,0.37769052386283875,0.6443607807159424,0.3859846889972687,0.6550570726394653,0.37335750460624695,0.674153745174408,0.3402356505393982,0.6419357061386108,0.4136230945587158,0.6524232625961304,0.4124126136302948,0.663694441318512,0.40117642283439636,0.6830461621284485,0.3747406005859375,0.6519021987915039,0.4368124008178711,0.6631929874420166,0.4361506700515747,0.6746557950973511,0.4259621798992157,0.6955687999725342,0.4095946252346039,0.6695795059204102,0.45250022411346436,0.6784205436706543,0.45260465145111084,0.6871355772018433,0.44404274225234985,thumbsup,01059,C:/Users/Javier/PIDS_HandPose/work/HAR_mediapipe/data/gestos_pids/train//thumbsup/thumbsup_01059.jpg
0.5379728078842163,0.6886096000671387,0.5494722127914429,0.6181128025054932,0.5748155117034912,0.5541887879371643,0.5897687673568726,0.502186119556427,0.5865454077720642,0.45887988805770874,0.5886632800102234,0.5499337911605835,0.6341645121574402,0.5437262058258057,0.6225718259811401,0.5638812780380249,0.6071690320968628,0.571044385433197,0.5972588658332825,0.5944306254386902,0.6394171118736267,0.5903564095497131,0.6267382502555847,0.6075513362884521,0.6097941398620605,0.6109279990196228,0.604866087436676,0.6404702663421631,0.6398807168006897,0.6320671439170837,0.6282527446746826,0.6473013162612915,0.6121954917907715,0.6523038148880005,0.6113170981407166,0.6825271844863892,0.6381853222846985,0.672437310218811,0.6280530691146851,0.6843138933181763,0.6150664687156677,0.691142201423645,thumbsup,01060,C:/Users/Javier/PIDS_HandPose/work/HAR_mediapipe/data/gestos_pids/train//thumbsup/thumbsup_01060.jpg
0.5332030057907104,0.5665465593338013,0.5453110933303833,0.49579599499702454,0.5722333788871765,0.43908414244651794,0.5904008746147156,0.38853543996810913,0.5905039310455322,0.3407802879810333,0.6026241779327393,0.43805286288261414,0.6364427804946899,0.47495242953300476,0.6210933923721313,0.4911539852619171,0.6055940985679626,0.4833868145942688,0.6088100671768188,0.48333844542503357,0.6349750757217407,0.5161406993865967,0.6181148886680603,0.5285546183586121,0.6028909683227539,0.5212202072143555,0.6104494333267212,0.532268226146698,0.6272163987159729,0.5563201904296875,0.6120449900627136,0.565620481967926,0.5968029499053955,0.5602778792381287,0.609393835067749,0.5784896016120911,0.616422176361084,0.5922166109085083,0.6032572984695435,0.5983421206474304,0.5916342735290527,0.5965232849121094,thumbsup,01061,C:/Users/Javier/PIDS_HandPose/work/HAR_mediapipe/data/gestos_pids/train//thumbsup/thumbsup_01061.jpg
0.6143404245376587,0.5933513045310974,0.6299403309822083,0.5245103240013123,0.6541030406951904,0.4747052788734436,0.6740408539772034,0.4276750087738037,0.6754642724990845,0.38119423389434814,0.691421389579773,0.4764477014541626,0.7167819142341614,0.5089997053146362,0.7026504874229431,0.5256814956665039,0.6887882351875305,0.5207716822624207,0.6991571187973022,0.5225436687469482,0.7139344215393066,0.5481505393981934,0.7000672817230225,0.5597296357154846,0.6871106624603271,0.5558937191963196,0.7000622749328613,0.5712308287620544,0.7073650360107422,0.5854633450508118,0.6943561434745789,0.5924240350723267,0.6803795695304871,0.5879743695259094,0.6977895498275757,0.6173555850982666,0.6993474960327148,0.6218822598457336,0.6869633197784424,0.6235575675964355,0.6752671003341675,0.6200958490371704,thumbsup,01062,C:/Users/Javier/PIDS_HandPose/work/HAR_mediapipe/data/gestos_pids/train//thumbsup/thumbsup_01062.jpg
0.7679871916770935,0.5543171763420105,0.7737689018249512,0.47685638070106506,0.7947744131088257,0.4246988892555237,0.816200315952301,0.38386231660842896,0.818700909614563,0.34472763538360596,0.8430864214897156,0.43124067783355713,0.8483805060386658,0.46520736813545227,0.8324469923973083,0.48535987734794617,0.8197818994522095,0.48648765683174133,0.8575920462608337,0.47296229004859924,0.8520404696464539,0.4993317127227783,0.8346008658409119,0.5113270282745361,0.8215199708938599,0.5109336376190186,0.8609883189201355,0.5186858177185059,0.8532099723815918,0.5322999954223633,0.8374243974685669,0.5434333682060242,0.8239205479621887,0.5426026582717896,0.8583791255950928,0.561691403388977,0.8495117425918579,0.5731862187385559,0.8356983661651611,0.5787044167518616,0.8243056535720825,0.5756950974464417,thumbsup,01063,C:/Users/Javier/PIDS_HandPose/work/HAR_mediapipe/data/gestos_pids/train//thumbsup/thumbsup_01063.jpg
0.7534509301185608,0.5598599910736084,0.7628470063209534,0.48360249400138855,0.7834253311157227,0.43591850996017456,0.80324786901474,0.39775559306144714,0.8086241483688354,0.3597480058670044,0.8345325589179993,0.45656442642211914,0.8415351510047913,0.49199339747428894,0.8269596099853516,0.511432945728302,0.8144972324371338,0.514460027217865,0.8455036878585815,0.5037354230880737,0.8501664400100708,0.5289226770401001,0.8357721567153931,0.5393267273902893,0.8223319053649902,0.5393644571304321,0.8443130254745483,0.5506084561347961,0.8456209897994995,0.5605721473693848,0.831855297088623,0.5699043273925781,0.8182165026664734,0.5686079263687134,0.8370361924171448,0.5923886299133301,0.8331814408302307,0.5986056923866272,0.8204174041748047,0.5997738242149353,0.8084794878959656,0.593755304813385,thumbsup,01064,C:/Users/Javier/PIDS_HandPose/work/HAR_mediapipe/data/gestos_pids/train//thumbsup/thumbsup_01064.jpg
0.509489119052887,0.7012531161308289,0.5215120911598206,0.6405215859413147,0.5412121415138245,0.5966088175773621,0.556121826171875,0.5562525391578674,0.5570455193519592,0.5194494128227234,0.5744280219078064,0.6031213402748108,0.6006667017936707,0.6194729208946228,0.588956356048584,0.6352197527885437,0.5763064622879028,0.6348611116409302,0.5796732902526855,0.6405863761901855,0.6004196405410767,0.6561174988746643,0.5872098803520203,0.6661602854728699,0.5740795731544495,0.6637470126152039,0.5799555778503418,0.6800066232681274,0.5931543707847595,0.6883324980735779,0.5820339322090149,0.6958566308021545,0.5694805383682251,0.6941958069801331,0.5772576332092285,0.7172298431396484,0.5847799181938171,0.7182883620262146,0.5749480724334717,0.722049355506897,0.5648153424263,0.7216615676879883,thumbsup,01065,C:/Users/Javier/PIDS_HandPose/work/HAR_mediapipe/data/gestos_pids/train//thumbsup/thumbsup_01065.jpg
0.35057494044303894,0.7416107654571533,0.3576047122478485,0.6936938762664795,0.38175520300865173,0.644924521446228,0.39390113949775696,0.6044557094573975,0.39187806844711304,0.5679009556770325,0.3866833746433258,0.6494762301445007,0.4289066195487976,0.6612437963485718,0.41769999265670776,0.6729596257209778,0.4030553996562958,0.6709201335906982,0.3873802721500397,0.6857201457023621,0.4292295277118683,0.6988639235496521,0.4155661463737488,0.706385612487793,0.3994201123714447,0.7020451426506042,0.38828107714653015,0.7229967713356018,0.42474067211151123,0.7304231524467468,0.4123290181159973,0.7340543866157532,0.3969944417476654,0.7309128642082214,0.38931459188461304,0.7568901777267456,0.4175121784210205,0.7595384120941162,0.4079894423484802,0.7602306008338928,0.3948725759983063,0.7566262483596802,thumbsup,01066,C:/Users/Javier/PIDS_HandPose/work/HAR_mediapipe/data/gestos_pids/train//thumbsup/thumbsup_01066.jpg
0.3582664728164673,0.7644162178039551,0.3656826913356781,0.7122374176979065,0.3909885287284851,0.6597967147827148,0.4043695032596588,0.6165353059768677,0.4019671380519867,0.579563319683075,0.39585745334625244,0.6613975763320923,0.4391750693321228,0.6651366949081421,0.4281042218208313,0.6824638843536377,0.4134056866168976,0.6843135356903076,0.3982504904270172,0.6968520879745483,0.44092828035354614,0.7049963474273682,0.4276792109012604,0.7178232073783875,0.411825031042099,0.7146409153938293,0.4002757668495178,0.7340866327285767,0.43718937039375305,0.738337516784668,0.4243431091308594,0.7476524710655212,0.4089597165584564,0.7464439868927002,0.4018855392932892,0.7681287527084351,0.43016985058784485,0.7683899402618408,0.4198794364929199,0.7733659744262695,0.407062828540802,0.7718299627304077,thumbsup,01067,C:/Users/Javier/PIDS_HandPose/work/HAR_mediapipe/data/gestos_pids/train//thumbsup/thumbsup_01067.jpg
0.45479732751846313,0.4764220714569092,0.46606194972991943,0.4322770833969116,0.4894792139530182,0.3940979242324829,0.5045623183250427,0.36136412620544434,0.5063665509223938,0.32909509539604187,0.5010867714881897,0.38240745663642883,0.5335046648979187,0.4093959927558899,0.5248019695281982,0.42295846343040466,0.5135423541069031,0.4169372618198395,0.5019357800483704,0.40739455819129944,0.5319885611534119,0.43870508670806885,0.5214255452156067,0.44978293776512146,0.510876476764679,0.4411221742630005,0.5018967390060425,0.43812546133995056,0.5262481570243835,0.46842294931411743,0.5159648656845093,0.4754480719566345,0.506218671798706,0.46655023097991943,0.5010574460029602,0.4695747196674347,0.5181272029876709,0.4915545582771301,0.5089079737663269,0.49519777297973633,0.5003125667572021,0.48738524317741394,thumbsup,01068,C:/Users/Javier/PIDS_HandPose/work/HAR_mediapipe/data/gestos_pids/train//thumbsup/thumbsup_01068.jpg
0.246334046125412,0.5011900663375854,0.26067912578582764,0.44076868891716003,0.2690972685813904,0.38442280888557434,0.26769909262657166,0.3428247570991516,0.26355665922164917,0.3109934329986572,0.25086289644241333,0.3931712508201599,0.2827998995780945,0.407778263092041,0.277608722448349,0.41410210728645325,0.2673533260822296,0.40608519315719604,0.24336740374565125,0.42528149485588074,0.27936744689941406,0.4375596046447754,0.2732458710670471,0.43723446130752563,0.2625356614589691,0.4303969144821167,0.2404397428035736,0.4561767280101776,0.27456483244895935,0.4653749167919159,0.26969555020332336,0.46456179022789,0.25991085171699524,0.4594181478023529,0.24036641418933868,0.4830508232116699,0.26610150933265686,0.48934856057167053,0.2640751004219055,0.4876726269721985,0.2551240622997284,0.4810532033443451,thumbsup,01069,C:/Users/Javier/PIDS_HandPose/work/HAR_mediapipe/data/gestos_pids/train//thumbsup/thumbsup_01069.jpg
0.2639752924442291,0.5060185790061951,0.26136618852615356,0.4542698264122009,0.2434980869293213,0.4063946604728699,0.22937461733818054,0.3707641661167145,0.225721076130867,0.3399989902973175,0.23380212485790253,0.4169212579727173,0.22171550989151,0.3913531005382538,0.2249947190284729,0.38673219084739685,0.22777113318443298,0.3787733018398285,0.23178118467330933,0.4357196092605591,0.222190722823143,0.4140370488166809,0.2301589399576187,0.4124637842178345,0.23506152629852295,0.4080231189727783,0.23118644952774048,0.45576778054237366,0.2252291589975357,0.4352647662162781,0.23349134624004364,0.43607813119888306,0.23849627375602722,0.4334656000137329,0.23154830932617188,0.4734969139099121,0.22617284953594208,0.4528529942035675,0.23170730471611023,0.4504293203353882,0.23566800355911255,0.4484414756298065,thumbsup,01070,C:/Users/Javier/PIDS_HandPose/work/HAR_mediapipe/data/gestos_pids/train//thumbsup/thumbsup_01070.jpg
0.19004711508750916,0.6987363696098328,0.23300066590309143,0.53251051902771,0.28216123580932617,0.40360352396965027,0.31582388281822205,0.28276389837265015,0.3065909147262573,0.17468106746673584,0.3754340410232544,0.45353275537490845,0.4528979957103729,0.4707063138484955,0.42659035325050354,0.5005063414573669,0.3915892541408539,0.5053771734237671,0.3873928189277649,0.5633488893508911,0.4617815315723419,0.5578688383102417,0.4356231093406677,0.5727640390396118,0.40237224102020264,0.5740572810173035,0.3883027732372284,0.6680751442909241,0.45739930868148804,0.6383204460144043,0.433363139629364,0.6485267281532288,0.3997517228126526,0.6500899195671082,0.38229265809059143,0.7641861438751221,0.4370384216308594,0.7287030816078186,0.41929391026496887,0.7243924736976624,0.39474090933799744,0.7220478653907776,thumbsup,02001,C:/Users/Javier/PIDS_HandPose/work/HAR_mediapipe/data/gestos_pids/train//thumbsup/thumbsup_02001.jpg
0.46826601028442383,0.7676438093185425,0.5065414309501648,0.6100425124168396,0.5474550724029541,0.4948488175868988,0.5767282247543335,0.38358625769615173,0.5731751322746277,0.2850031852722168,0.6428330540657043,0.5535445213317871,0.6954490542411804,0.5691159963607788,0.6642940044403076,0.586111843585968,0.6351326107978821,0.5881187319755554,0.6587381362915039,0.6516793370246887,0.696200966835022,0.6435526609420776,0.668048083782196,0.6481496095657349,0.6419286727905273,0.654763400554657,0.6578303575515747,0.7451730966567993,0.6843651533126831,0.7162613868713379,0.6579402089118958,0.7244251370429993,0.6295678019523621,0.7290449738502502,0.6505129933357239,0.8286244869232178,0.673531174659729,0.7966364026069641,0.6486032009124756,0.7938110828399658,0.622948408126831,0.7950800061225891,thumbsup,02002,C:/Users/Javier/PIDS_HandPose/work/HAR_mediapipe/data/gestos_pids/train//thumbsup/thumbsup_02002.jpg
0.6022611856460571,0.7651866674423218,0.6243531107902527,0.6138389110565186,0.6543903350830078,0.5015019178390503,0.6806710958480835,0.39541828632354736,0.685649037361145,0.30582675337791443,0.7671648263931274,0.5540658235549927,0.76357102394104,0.5723903775215149,0.7326163053512573,0.5946449041366577,0.7106142640113831,0.600420355796814,0.7850288152694702,0.6478390693664551,0.7689126133918762,0.6474625468254089,0.7392886281013489,0.6580340266227722,0.7186994552612305,0.6678027510643005,0.7796497344970703,0.7368443012237549,0.7608635425567627,0.7147790193557739,0.7322065830230713,0.7274302244186401,0.7080940008163452,0.7332507371902466,0.7676244378089905,0.8117396235466003,0.7592213749885559,0.7911601662635803,0.735945463180542,0.7889571189880371,0.716025173664093,0.787521481513977,thumbsup,02003,C:/Users/Javier/PIDS_HandPose/work/HAR_mediapipe/data/gestos_pids/train//thumbsup/thumbsup_02003.jpg
0.6473765969276428,0.7202416062355042,0.6681241393089294,0.5669217109680176,0.7042049169540405,0.4551013112068176,0.7370421290397644,0.35843515396118164,0.7414756417274475,0.2712887227535248,0.816236138343811,0.5276805758476257,0.816736102104187,0.5381841659545898,0.7856910228729248,0.5518394112586975,0.7630733251571655,0.5543571710586548,0.8316928744316101,0.6197441816329956,0.811387836933136,0.6097669005393982,0.7809237241744995,0.614055871963501,0.7593228220939636,0.6232386231422424,0.8236537575721741,0.7029090523719788,0.8019542694091797,0.675657331943512,0.7748606204986572,0.6814978122711182,0.7503979206085205,0.6863023042678833,0.8084086179733276,0.7717204093933105,0.798295259475708,0.7514382600784302,0.7747890949249268,0.7455959320068359,0.7531059384346008,0.7424495816230774,thumbsup,02004,C:/Users/Javier/PIDS_HandPose/work/HAR_mediapipe/data/gestos_pids/train//thumbsup/thumbsup_02004.jpg
0.7174228429794312,0.7589244246482849,0.7395111918449402,0.6030109524726868,0.7766540050506592,0.48819082975387573,0.8105146884918213,0.3888091742992401,0.8162482380867004,0.2965288460254669,0.8936603665351868,0.5684074759483337,0.8938516974449158,0.5936743021011353,0.8612270355224609,0.6151101589202881,0.8359615802764893,0.6179264783859253,0.9082179069519043,0.6613801121711731,0.8929708003997803,0.6713886260986328,0.8605126142501831,0.6803549528121948,0.8365442156791687,0.68495112657547,0.9002859592437744,0.7473385334014893,0.881217896938324,0.7378590703010559,0.8521907925605774,0.7488449215888977,0.8260973691940308,0.7501888275146484,0.8854464888572693,0.8229226469993591,0.8719345927238464,0.8128434419631958,0.8471542000770569,0.8100709319114685,0.8251945376396179,0.8042578101158142,thumbsup,02005,C:/Users/Javier/PIDS_HandPose/work/HAR_mediapipe/data/gestos_pids/train//thumbsup/thumbsup_02005.jpg
0.6981043815612793,0.7487546801567078,0.7213104367256165,0.5856919884681702,0.7626325488090515,0.4660399854183197,0.795944333076477,0.3675825893878937,0.7960559129714966,0.2760499119758606,0.8795642852783203,0.5587581992149353,0.8675742149353027,0.576902449131012,0.8339472413063049,0.5953620672225952,0.8095647692680359,0.5987368822097778,0.8946778178215027,0.6560764908790588,0.8658166527748108,0.664943516254425,0.833347499370575,0.6724129915237427,0.8104267120361328,0.6787262558937073,0.8866196274757385,0.7452084422111511,0.858154833316803,0.7383534908294678,0.8281407952308655,0.7459343075752258,0.8026490807533264,0.7459961175918579,0.8703683614730835,0.8220129013061523,0.8486931324005127,0.8187639713287354,0.8223530054092407,0.8148356676101685,0.8008106350898743,0.8077471852302551,thumbsup,02006,C:/Users/Javier/PIDS_HandPose/work/HAR_mediapipe/data/gestos_pids/train//thumbsup/thumbsup_02006.jpg
0.644415020942688,0.589108407497406,0.6672806143760681,0.44561585783958435,0.7027029395103455,0.33919909596443176,0.7351310849189758,0.24410110712051392,0.7328823208808899,0.1530109941959381,0.8051558136940002,0.3902760148048401,0.8167638182640076,0.4282827079296112,0.7860105633735657,0.45448359847068787,0.7610074877738953,0.45764482021331787,0.8222528696060181,0.4751950204372406,0.8137606978416443,0.5017048120498657,0.784593939781189,0.5127201676368713,0.761876106262207,0.513859748840332,0.8190621733665466,0.5594545006752014,0.8028028011322021,0.5641565322875977,0.7763638496398926,0.5740261077880859,0.7516924142837524,0.5723038911819458,0.8082302212715149,0.6365344524383545,0.7943178415298462,0.6372992396354675,0.7706692814826965,0.634594738483429,0.7496052980422974,0.6274234056472778,thumbsup,02007,C:/Users/Javier/PIDS_HandPose/work/HAR_mediapipe/data/gestos_pids/train//thumbsup/thumbsup_02007.jpg
0.574284553527832,0.5873874425888062,0.5937944650650024,0.4326178729534149,0.6284993886947632,0.31776657700538635,0.6594316363334656,0.21477508544921875,0.6520023345947266,0.12168684601783752,0.7357606291770935,0.3654904365539551,0.749840259552002,0.39645659923553467,0.7185811996459961,0.42623597383499146,0.6915650367736816,0.43232959508895874,0.7564921379089355,0.4537796676158905,0.746626615524292,0.47217896580696106,0.7163825631141663,0.4874323010444641,0.6928476095199585,0.493600457906723,0.7551767230033875,0.5417390465736389,0.7405903339385986,0.5412777662277222,0.7142818570137024,0.5543859601020813,0.6881877183914185,0.5565294027328491,0.7461663484573364,0.6215026378631592,0.7395361661911011,0.618524432182312,0.7164151668548584,0.6177261471748352,0.6939393281936646,0.6128678917884827,thumbsup,02008,C:/Users/Javier/PIDS_HandPose/work/HAR_mediapipe/data/gestos_pids/train//thumbsup/thumbsup_02008.jpg
0.6740247011184692,0.5231444239616394,0.6918138861656189,0.38404232263565063,0.7223957777023315,0.28176748752593994,0.753601610660553,0.19074705243110657,0.754055917263031,0.10518741607666016,0.826736569404602,0.3266671597957611,0.8299537897109985,0.34630608558654785,0.8002329468727112,0.37060338258743286,0.7776439189910889,0.3774920403957367,0.8457705974578857,0.40780335664749146,0.8300741910934448,0.42463603615760803,0.7996394038200378,0.43549251556396484,0.7779516577720642,0.43987491726875305,0.8436563014984131,0.4885662794113159,0.822365939617157,0.48889127373695374,0.795257568359375,0.49874037504196167,0.771537721157074,0.49869051575660706,0.8336760997772217,0.5601173639297485,0.818033754825592,0.5609599351882935,0.7948093414306641,0.5585830807685852,0.7751157879829407,0.5516932606697083,thumbsup,02009,C:/Users/Javier/PIDS_HandPose/work/HAR_mediapipe/data/gestos_pids/train//thumbsup/thumbsup_02009.jpg
0.7698506712913513,0.5647459030151367,0.7868587970733643,0.4250122904777527,0.818342387676239,0.31909093260765076,0.8481581211090088,0.22828224301338196,0.8488565683364868,0.1444266438484192,0.920843780040741,0.3725554347038269,0.9289382696151733,0.3918660879135132,0.9011516571044922,0.4145549535751343,0.8788267970085144,0.42055267095565796,0.9384649395942688,0.45486074686050415,0.930347740650177,0.4628005623817444,0.9041085243225098,0.47214576601982117,0.8830731511116028,0.4780209958553314,0.9357638955116272,0.5343334674835205,0.9217179417610168,0.5245161056518555,0.8985117673873901,0.5336052179336548,0.8752050995826721,0.5366710424423218,0.9251470565795898,0.6059826016426086,0.9143887758255005,0.5967282056808472,0.8935533761978149,0.5929073691368103,0.8732797503471375,0.5877415537834167,thumbsup,02010,C:/Users/Javier/PIDS_HandPose/work/HAR_mediapipe/data/gestos_pids/train//thumbsup/thumbsup_02010.jpg
0.6600404381752014,0.5837035179138184,0.6785256266593933,0.42357146739959717,0.7133429050445557,0.30978649854660034,0.7452694177627563,0.20777887105941772,0.7418903112411499,0.11294645071029663,0.8271664381027222,0.372183620929718,0.8257174491882324,0.3924088478088379,0.7921489477157593,0.4169943034648895,0.7662469148635864,0.4205476939678192,0.8442619442939758,0.46170181035995483,0.8235194683074951,0.4692448377609253,0.7922875881195068,0.4775857627391815,0.7695364356040955,0.48246949911117554,0.8384615778923035,0.5485454201698303,0.8135456442832947,0.5370355844497681,0.7864970564842224,0.5449977517127991,0.7612576484680176,0.5460608601570129,0.825188398361206,0.6236845254898071,0.8069036602973938,0.618317723274231,0.7825977802276611,0.6136348843574524,0.7610795497894287,0.6064413785934448,thumbsup,02011,C:/Users/Javier/PIDS_HandPose/work/HAR_mediapipe/data/gestos_pids/train//thumbsup/thumbsup_02011.jpg
0.5398367643356323,0.6151815056800842,0.5780737400054932,0.456547349691391,0.6192991733551025,0.3344424366950989,0.6542423963546753,0.2183850109577179,0.649254560470581,0.11437952518463135,0.7244958281517029,0.38614484667778015,0.7687704563140869,0.4401240050792694,0.7355201244354248,0.46963322162628174,0.7050736546516418,0.4652300179004669,0.742421567440033,0.4856640100479126,0.7567163705825806,0.5189641118049622,0.72437584400177,0.5341914296150208,0.6965718865394592,0.5320171117782593,0.7409660816192627,0.5823262929916382,0.7419884204864502,0.589087188243866,0.7116986513137817,0.6020815372467041,0.6817511320114136,0.5992386341094971,0.7342827320098877,0.6736900806427002,0.7349089980125427,0.6676986217498779,0.708100438117981,0.6659510135650635,0.6824699640274048,0.6586925983428955,thumbsup,02012,C:/Users/Javier/PIDS_HandPose/work/HAR_mediapipe/data/gestos_pids/train//thumbsup/thumbsup_02012.jpg
0.5883535146713257,0.8020342588424683,0.6362610459327698,0.5889471769332886,0.696612536907196,0.4329720139503479,0.7429845929145813,0.282051682472229,0.7357996702194214,0.14002388715744019,0.8533186316490173,0.5511526465415955,0.8675923943519592,0.5646148920059204,0.8179833889007568,0.5886210799217224,0.7799741625785828,0.5908498167991638,0.8701680898666382,0.6970708966255188,0.8605142831802368,0.6772226691246033,0.8163018822669983,0.6798734664916992,0.7813937664031982,0.6876232624053955,0.855759859085083,0.8273745775222778,0.8419237732887268,0.7809332609176636,0.8030427694320679,0.7828677892684937,0.7632495164871216,0.7848806977272034,0.8333199620246887,0.937761127948761,0.8277165293693542,0.8973348140716553,0.7922265529632568,0.8811339139938354,0.7586753368377686,0.8729355335235596,thumbsup,02013,C:/Users/Javier/PIDS_HandPose/work/HAR_mediapipe/data/gestos_pids/train//thumbsup/thumbsup_02013.jpg
0.5903059840202332,0.7907679080963135,0.6399327516555786,0.5672603845596313,0.700852632522583,0.40674886107444763,0.748652458190918,0.25521406531333923,0.7417647242546082,0.11171215772628784,0.8636028170585632,0.5313227772712708,0.8737503290176392,0.5556970238685608,0.8240077495574951,0.5819309949874878,0.785411536693573,0.5822092890739441,0.8803542256355286,0.6800875663757324,0.8636658787727356,0.6670687198638916,0.8174141645431519,0.6711487770080566,0.7816245555877686,0.6796727776527405,0.8629933595657349,0.8126019239425659,0.8445869088172913,0.7727864384651184,0.8043744564056396,0.7760283350944519,0.7636933326721191,0.7768847942352295,0.8371521234512329,0.9252104163169861,0.8302791714668274,0.8948832154273987,0.7947911024093628,0.8804948329925537,0.760382354259491,0.8715605735778809,thumbsup,02014,C:/Users/Javier/PIDS_HandPose/work/HAR_mediapipe/data/gestos_pids/train//thumbsup/thumbsup_02014.jpg
0.6056360602378845,0.7706331014633179,0.6582385301589966,0.5409184098243713,0.7237145900726318,0.3687414526939392,0.7761217951774597,0.20849230885505676,0.7729824781417847,0.05082172155380249,0.8942157030105591,0.47005578875541687,0.923038125038147,0.5282646417617798,0.8700774908065796,0.5615172982215881,0.8259202241897583,0.5564796924591064,0.9139047861099243,0.6257843971252441,0.9156440496444702,0.652948260307312,0.8669093251228333,0.6623765826225281,0.8266428709030151,0.663040816783905,0.9011130332946777,0.7739353775978088,0.8955650329589844,0.7698029279708862,0.8512312173843384,0.7791000604629517,0.8059543967247009,0.7750063538551331,0.8769651651382446,0.9072673320770264,0.8722763061523438,0.8987185955047607,0.8319680094718933,0.8882563710212708,0.7949079871177673,0.8756000995635986,thumbsup,02015,C:/Users/Javier/PIDS_HandPose/work/HAR_mediapipe/data/gestos_pids/train//thumbsup/thumbsup_02015.jpg
0.6126006841659546,0.7841060161590576,0.6670990586280823,0.5386770963668823,0.7356768846511841,0.3602312207221985,0.7901954054832458,0.19397956132888794,0.7826182842254639,0.032959818840026855,0.9181678295135498,0.4769628643989563,0.919518232345581,0.5236030220985413,0.865935742855072,0.560702919960022,0.823854386806488,0.558523416519165,0.9377228617668152,0.6394332647323608,0.9108442068099976,0.6565102338790894,0.8629661798477173,0.6703329682350159,0.8230846524238586,0.6742429137229919,0.9218698143959045,0.7918183207511902,0.8904072046279907,0.7844430208206177,0.8467621803283691,0.7924938797950745,0.8028305768966675,0.787368655204773,0.8933669924736023,0.9273346662521362,0.8712821006774902,0.9229727983474731,0.8316514492034912,0.9087517261505127,0.7973263263702393,0.8904643058776855,thumbsup,02016,C:/Users/Javier/PIDS_HandPose/work/HAR_mediapipe/data/gestos_pids/train//thumbsup/thumbsup_02016.jpg
0.5979713201522827,0.799318790435791,0.6548659801483154,0.5521604418754578,0.7311123609542847,0.3676490783691406,0.7903198599815369,0.20140981674194336,0.7845229506492615,0.03483396768569946,0.9322013258934021,0.4965262711048126,0.9197193384170532,0.5234454870223999,0.865912139415741,0.5593485832214355,0.8248276710510254,0.5630700588226318,0.9492759704589844,0.6659436225891113,0.9124858379364014,0.6619763374328613,0.8636919856071472,0.6727372407913208,0.8230478167533875,0.6807699799537659,0.9295793175697327,0.8189405202865601,0.8935535550117493,0.790385365486145,0.85121750831604,0.7966020107269287,0.806367039680481,0.7948092222213745,0.8980504274368286,0.9505274295806885,0.8765454888343811,0.9281762838363647,0.8381114602088928,0.9130957126617432,0.8030121326446533,0.8965063095092773,thumbsup,02017,C:/Users/Javier/PIDS_HandPose/work/HAR_mediapipe/data/gestos_pids/train//thumbsup/thumbsup_02017.jpg
0.5995804071426392,0.6299929618835449,0.6199309825897217,0.4877958595752716,0.6526259779930115,0.38551464676856995,0.6836258172988892,0.29312315583229065,0.6801390051841736,0.2048015296459198,0.7485215067863464,0.44680356979370117,0.7567980289459229,0.47287869453430176,0.7277998328208923,0.4923058748245239,0.7043628096580505,0.49312281608581543,0.7637237906455994,0.5320024490356445,0.7524378895759583,0.5418087244033813,0.7256689071655273,0.5482401251792908,0.7049246430397034,0.5508965253829956,0.759103536605835,0.6116326451301575,0.745339035987854,0.6049413084983826,0.7217239737510681,0.609647810459137,0.6984519958496094,0.6086164116859436,0.7482173442840576,0.6817387938499451,0.7387482523918152,0.6756191849708557,0.7173009514808655,0.6692479848861694,0.6976786851882935,0.6616997122764587,thumbsup,02018,C:/Users/Javier/PIDS_HandPose/work/HAR_mediapipe/data/gestos_pids/train//thumbsup/thumbsup_02018.jpg
0.5271961092948914,0.5845928192138672,0.5437362194061279,0.4963947832584381,0.5637717247009277,0.43054699897766113,0.5808433890342712,0.37327706813812256,0.5786353945732117,0.3200381398200989,0.624725878238678,0.46793806552886963,0.6333296298980713,0.5005368590354919,0.6158000826835632,0.5137444734573364,0.6020567417144775,0.5092915892601013,0.6332470178604126,0.5220712423324585,0.6294633150100708,0.5437711477279663,0.6115391254425049,0.5495255589485168,0.5984727144241333,0.5466488599777222,0.6294729113578796,0.5736639499664307,0.6225045919418335,0.5805380344390869,0.6062809824943542,0.5852397084236145,0.5920798778533936,0.5808526277542114,0.6214438080787659,0.61899334192276,0.6174433827400208,0.6224789023399353,0.6034790277481079,0.6216941475868225,0.591151773929596,0.6160948872566223,thumbsup,02019,C:/Users/Javier/PIDS_HandPose/work/HAR_mediapipe/data/gestos_pids/train//thumbsup/thumbsup_02019.jpg
0.5404750108718872,0.5908704400062561,0.5508896112442017,0.5221965312957764,0.5658459067344666,0.47284412384033203,0.57759028673172,0.42764726281166077,0.5782762765884399,0.3882179260253906,0.6131737232208252,0.49866431951522827,0.6233275532722473,0.5098739862442017,0.6118735074996948,0.5202680230140686,0.6009573936462402,0.5217442512512207,0.6201804876327515,0.5396134853363037,0.6230523586273193,0.5416116714477539,0.6109784245491028,0.5461446046829224,0.6009880304336548,0.5501996874809265,0.6182133555412292,0.5788800120353699,0.6204742789268494,0.5712476372718811,0.6091804504394531,0.5762227177619934,0.5979529619216919,0.5791434645652771,0.6135610342025757,0.613460123538971,0.6170220971107483,0.6034739017486572,0.606049656867981,0.6033543944358826,0.5954074859619141,0.6041345596313477,thumbsup,02020,C:/Users/Javier/PIDS_HandPose/work/HAR_mediapipe/data/gestos_pids/train//thumbsup/thumbsup_02020.jpg
0.5604778528213501,0.5638291835784912,0.5640303492546082,0.5083534717559814,0.5765160322189331,0.46781808137893677,0.5878381133079529,0.43267157673835754,0.591115415096283,0.4035794734954834,0.6161026358604431,0.494354248046875,0.6118068695068359,0.4939417243003845,0.6021677255630493,0.4999813139438629,0.5952219367027283,0.5041664838790894,0.6209443211555481,0.5276116132736206,0.6118909120559692,0.5224258899688721,0.6024794578552246,0.5253477692604065,0.595605731010437,0.5308762192726135,0.618035078048706,0.5576755404472351,0.6092663407325745,0.5473741888999939,0.6007659435272217,0.5499714016914368,0.5929617881774902,0.553799569606781,0.612297534942627,0.5823654532432556,0.606391191482544,0.5751059055328369,0.598971962928772,0.5745076537132263,0.5919895768165588,0.5753048062324524,thumbsup,02021,C:/Users/Javier/PIDS_HandPose/work/HAR_mediapipe/data/gestos_pids/train//thumbsup/thumbsup_02021.jpg
0.553488552570343,0.5581691861152649,0.5573002099990845,0.5107423663139343,0.5698397159576416,0.47785598039627075,0.5805800557136536,0.4533260464668274,0.5860065221786499,0.43103525042533875,0.5977856516838074,0.5134729146957397,0.5905498266220093,0.5122633576393127,0.5829764604568481,0.5158827900886536,0.5778338313102722,0.5198637843132019,0.6004472374916077,0.5423059463500977,0.593336284160614,0.5361921787261963,0.5868872404098511,0.536529541015625,0.5819289684295654,0.5402934551239014,0.597421407699585,0.5664478540420532,0.5915473103523254,0.5556913018226624,0.5856193900108337,0.5554449558258057,0.5803340077400208,0.557829737663269,0.5921756029129028,0.5847415328025818,0.5879281163215637,0.5760136842727661,0.5825214385986328,0.5739198923110962,0.5774984955787659,0.5741499066352844,thumbsup,02022,C:/Users/Javier/PIDS_HandPose/work/HAR_mediapipe/data/gestos_pids/train//thumbsup/thumbsup_02022.jpg
0.5251328349113464,0.5309998989105225,0.5253841280937195,0.48990100622177124,0.5354742407798767,0.4585939645767212,0.545702338218689,0.43402963876724243,0.5513984560966492,0.4107893407344818,0.5640653371810913,0.4907316267490387,0.5567304491996765,0.48732680082321167,0.5490291714668274,0.49165603518486023,0.5436753630638123,0.4960383176803589,0.5662832260131836,0.5183002948760986,0.5575265288352966,0.5109473466873169,0.5501066446304321,0.5121757388114929,0.5451371669769287,0.5167115926742554,0.5630223155021667,0.5413752198219299,0.5548625588417053,0.5321056246757507,0.5487587451934814,0.5322175621986389,0.5440567135810852,0.5353596210479736,0.5576345324516296,0.5593628883361816,0.5508827567100525,0.5535087585449219,0.5455523729324341,0.5521537661552429,0.5416073203086853,0.5532032251358032,thumbsup,02023,C:/Users/Javier/PIDS_HandPose/work/HAR_mediapipe/data/gestos_pids/train//thumbsup/thumbsup_02023.jpg
0.5200346112251282,0.544066309928894,0.5250054001808167,0.5014303922653198,0.5369874835014343,0.4715676009654999,0.5478608012199402,0.44853776693344116,0.5544708371162415,0.42799344658851624,0.5653989911079407,0.509612500667572,0.5578907132148743,0.5113144516944885,0.5500819683074951,0.5135220289230347,0.5443174839019775,0.5141952633857727,0.5667555332183838,0.5374594926834106,0.5592018961906433,0.5348056554794312,0.5518848299980164,0.5334641337394714,0.5461069345474243,0.5342509150505066,0.5624416470527649,0.560302197933197,0.5563312768936157,0.5527340173721313,0.549810528755188,0.551120936870575,0.5440965890884399,0.5506395101547241,0.5557700991630554,0.5774652361869812,0.5503364205360413,0.5728227496147156,0.5449772477149963,0.5703247785568237,0.540522575378418,0.5685632228851318,thumbsup,02024,C:/Users/Javier/PIDS_HandPose/work/HAR_mediapipe/data/gestos_pids/train//thumbsup/thumbsup_02024.jpg
0.5104756951332092,0.5477293729782104,0.5175966024398804,0.5071982741355896,0.5287911295890808,0.4795353412628174,0.5383694767951965,0.4559609591960907,0.5432144403457642,0.4336720108985901,0.55552738904953,0.5164157152175903,0.5492135286331177,0.5227504968643188,0.5415177941322327,0.5250718593597412,0.5360877513885498,0.5240394473075867,0.5553649067878723,0.5460488796234131,0.5485833883285522,0.5460985898971558,0.5414541363716125,0.5447810292243958,0.5356912612915039,0.5442964434623718,0.5502386689186096,0.569193422794342,0.5434448719024658,0.563584566116333,0.5367924571037292,0.561900794506073,0.5312899947166443,0.5594698786735535,0.5433884263038635,0.5863033533096313,0.5361818075180054,0.580870509147644,0.5304370522499084,0.5775574445724487,0.5261454582214355,0.5739058256149292,thumbsup,02025,C:/Users/Javier/PIDS_HandPose/work/HAR_mediapipe/data/gestos_pids/train//thumbsup/thumbsup_02025.jpg
0.5420450568199158,0.5561084747314453,0.5648283958435059,0.5242981314659119,0.5878292918205261,0.5048901438713074,0.6063495874404907,0.4866906702518463,0.6157440543174744,0.4631510376930237,0.6141833662986755,0.554561197757721,0.6167061924934387,0.5940628051757812,0.6054084897041321,0.5899924039840698,0.5982945561408997,0.5790008306503296,0.6068101525306702,0.5842452645301819,0.609253466129303,0.6145594716072083,0.5986197590827942,0.6066871881484985,0.5900220274925232,0.5940446853637695,0.5958620309829712,0.6097449064254761,0.598308265209198,0.6262683272361755,0.5883128643035889,0.6190184354782104,0.5802274942398071,0.6070531010627747,0.5838596224784851,0.632256269454956,0.5870893597602844,0.6415388584136963,0.5788043141365051,0.6324512958526611,0.572410523891449,0.621307373046875,thumbsup,02026,C:/Users/Javier/PIDS_HandPose/work/HAR_mediapipe/data/gestos_pids/train//thumbsup/thumbsup_02026.jpg
0.5199038982391357,0.45827561616897583,0.5473533272743225,0.42722782492637634,0.5730516314506531,0.41144484281539917,0.594266951084137,0.39139288663864136,0.6060466170310974,0.3642497956752777,0.597956120967865,0.4574226140975952,0.6058329939842224,0.5114902257919312,0.5929719805717468,0.5095677375793457,0.5853740572929382,0.4962673783302307,0.5895336866378784,0.48525357246398926,0.5926100611686707,0.5333144664764404,0.58025062084198,0.5253353118896484,0.5729045271873474,0.5081160068511963,0.5770007371902466,0.5111751556396484,0.5797869563102722,0.547836422920227,0.5684739947319031,0.5398757457733154,0.5618132948875427,0.52346271276474,0.5630699992179871,0.5343571901321411,0.5695899724960327,0.5626625418663025,0.5603102445602417,0.5524730086326599,0.5541972517967224,0.5362057685852051,thumbsup,02027,C:/Users/Javier/PIDS_HandPose/work/HAR_mediapipe/data/gestos_pids/train//thumbsup/thumbsup_02027.jpg
0.5164172053337097,0.4637894332408905,0.5443710088729858,0.43774741888046265,0.570550799369812,0.4260883927345276,0.5919198989868164,0.4079727530479431,0.6046176552772522,0.38182640075683594,0.595187246799469,0.4704653322696686,0.6005561947822571,0.5294959545135498,0.5873991250991821,0.5249661207199097,0.5811119675636292,0.509212076663971,0.5853080749511719,0.4970845878124237,0.5900787115097046,0.5517382621765137,0.577094316482544,0.5414658188819885,0.5701264142990112,0.5208619832992554,0.5719032883644104,0.5220197439193726,0.5766985416412354,0.5633099675178528,0.5644203424453735,0.5547757148742676,0.5579162240028381,0.5369652509689331,0.5572518706321716,0.5439285039901733,0.5645886659622192,0.5749728083610535,0.5548316240310669,0.5643529891967773,0.5491231083869934,0.5471932888031006,thumbsup,02028,C:/Users/Javier/PIDS_HandPose/work/HAR_mediapipe/data/gestos_pids/train//thumbsup/thumbsup_02028.jpg
0.5482507348060608,0.5962743759155273,0.5421761274337769,0.5195128321647644,0.5448075532913208,0.4564426839351654,0.54493248462677,0.4045758843421936,0.5357946753501892,0.3661503195762634,0.6041080951690674,0.4611363410949707,0.6078429222106934,0.4711829423904419,0.596377432346344,0.4889100193977356,0.5855286121368408,0.497500479221344,0.6186830401420593,0.5004066824913025,0.6156208515167236,0.5026700496673584,0.6043030023574829,0.5155887007713318,0.594454824924469,0.5264989137649536,0.6235585808753967,0.5404791831970215,0.6184088587760925,0.5356062650680542,0.6079898476600647,0.5482673048973083,0.5973789691925049,0.5584813952445984,0.6247578859329224,0.5773782134056091,0.6225906610488892,0.5702338218688965,0.6126440167427063,0.5758811831474304,0.6028502583503723,0.5817354321479797,thumbsup,02029,C:/Users/Javier/PIDS_HandPose/work/HAR_mediapipe/data/gestos_pids/train//thumbsup/thumbsup_02029.jpg
0.4007776379585266,0.6088152527809143,0.4031211733818054,0.5300073027610779,0.40874218940734863,0.46263593435287476,0.4080217480659485,0.39957135915756226,0.39666858315467834,0.3529704213142395,0.4550398886203766,0.4449387490749359,0.4946058690547943,0.457748681306839,0.4854750335216522,0.48445165157318115,0.47024834156036377,0.48834162950515747,0.46835580468177795,0.4848446249961853,0.5003336668014526,0.49906036257743835,0.4883393347263336,0.5235207676887512,0.47188475728034973,0.5283100605010986,0.4786819815635681,0.530857264995575,0.5031772255897522,0.5392829775810242,0.4896683096885681,0.5599940419197083,0.4733099937438965,0.5647470951080322,0.4863608181476593,0.5767230987548828,0.5054942965507507,0.5764564871788025,0.49071866273880005,0.5898465514183044,0.47565415501594543,0.5941778421401978,thumbsup,02030,C:/Users/Javier/PIDS_HandPose/work/HAR_mediapipe/data/gestos_pids/train//thumbsup/thumbsup_02030.jpg
0.2249128818511963,0.6106228828430176,0.23914769291877747,0.5228674411773682,0.2617162764072418,0.4436424672603607,0.2682163417339325,0.3697528839111328,0.2565923035144806,0.3072921931743622,0.2647663950920105,0.42417070269584656,0.3379459083080292,0.43748730421066284,0.3246898949146271,0.46428942680358887,0.30114972591400146,0.4643128514289856,0.26557180285453796,0.48105132579803467,0.34149089455604553,0.4876079857349396,0.32171905040740967,0.5139851570129395,0.29741623997688293,0.5130173563957214,0.2713053226470947,0.5399327874183655,0.3391989469528198,0.5395053029060364,0.3209143877029419,0.5630202889442444,0.29357802867889404,0.5647811889648438,0.2805039584636688,0.5957988500595093,0.3334597945213318,0.5871124863624573,0.3233577311038971,0.598188042640686,0.30075603723526,0.598578929901123,thumbsup,02031,C:/Users/Javier/PIDS_HandPose/work/HAR_mediapipe/data/gestos_pids/train//thumbsup/thumbsup_02031.jpg
0.15929603576660156,0.6938802599906921,0.18498757481575012,0.5930621027946472,0.21460865437984467,0.4690309464931488,0.21811799705028534,0.373220831155777,0.19554981589317322,0.2928723692893982,0.17394402623176575,0.45528340339660645,0.2599678337574005,0.4673515260219574,0.2467309832572937,0.503490149974823,0.2205905169248581,0.5023806691169739,0.16496941447257996,0.526600182056427,0.26367807388305664,0.5360634922981262,0.24297434091567993,0.5646606087684631,0.21256089210510254,0.563986599445343,0.16825944185256958,0.5986385941505432,0.2619907855987549,0.6028247475624084,0.2407456487417221,0.6232534646987915,0.2127545028924942,0.6226893067359924,0.17741355299949646,0.6650897264480591,0.2539607584476471,0.6545073390007019,0.2385815978050232,0.6692252159118652,0.2124384045600891,0.6711170077323914,thumbsup,02032,C:/Users/Javier/PIDS_HandPose/work/HAR_mediapipe/data/gestos_pids/train//thumbsup/thumbsup_02032.jpg
0.34596264362335205,0.6580861210823059,0.35616981983184814,0.5549758076667786,0.3757479786872864,0.47536563873291016,0.3878660500049591,0.399663507938385,0.3820079565048218,0.3372344374656677,0.4286928176879883,0.49128618836402893,0.4857780635356903,0.48126494884490967,0.46688327193260193,0.5018658638000488,0.4455115497112274,0.5098821520805359,0.4415345788002014,0.5567739009857178,0.48980677127838135,0.5364424586296082,0.47033873200416565,0.547624945640564,0.45034292340278625,0.5546604990959167,0.4482988715171814,0.6197299957275391,0.48829078674316406,0.5896313786506653,0.4712514877319336,0.5996381044387817,0.45176681876182556,0.6087606549263,0.4521399736404419,0.6763289570808411,0.48655417561531067,0.6413697600364685,0.47227174043655396,0.6441798210144043,0.4556504786014557,0.6523706316947937,thumbsup,02033,C:/Users/Javier/PIDS_HandPose/work/HAR_mediapipe/data/gestos_pids/train//thumbsup/thumbsup_02033.jpg
0.3067520260810852,0.5918442010879517,0.3455847501754761,0.5142713785171509,0.38511043787002563,0.46324849128723145,0.4175125062465668,0.4103093147277832,0.43129149079322815,0.3524988293647766,0.42297372221946716,0.5101263523101807,0.4771896302700043,0.5555828809738159,0.4628785252571106,0.5701438188552856,0.44508445262908936,0.5686869025230408,0.41725239157676697,0.5749703645706177,0.4682866930961609,0.6135875582695007,0.45165297389030457,0.6152225732803345,0.4326211214065552,0.6042096614837646,0.407446026802063,0.6359317898750305,0.45697641372680664,0.6573299169540405,0.43983733654022217,0.6552269458770752,0.4204990863800049,0.6441279053688049,0.39540818333625793,0.688929557800293,0.4381799101829529,0.6976795196533203,0.424867182970047,0.6902613043785095,0.40848061442375183,0.6793612837791443,thumbsup,02034,C:/Users/Javier/PIDS_HandPose/work/HAR_mediapipe/data/gestos_pids/train//thumbsup/thumbsup_02034.jpg
0.18806248903274536,0.7103334665298462,0.19115713238716125,0.6061411499977112,0.20333339273929596,0.5136852264404297,0.205873042345047,0.4374698996543884,0.19066770374774933,0.37719544768333435,0.22397708892822266,0.5041761994361877,0.30603134632110596,0.48210054636001587,0.29115334153175354,0.5122645497322083,0.263255774974823,0.5248734951019287,0.23767703771591187,0.5736391544342041,0.3235936462879181,0.5400670170783997,0.3021213710308075,0.5659914612770081,0.27174681425094604,0.5765188336372375,0.2553233504295349,0.6372705698013306,0.3310992121696472,0.5959553718566895,0.31130728125572205,0.6174105405807495,0.28209972381591797,0.6278787851333618,0.2722528874874115,0.6922866106033325,0.32805824279785156,0.6444953083992004,0.3165093958377838,0.6547470092773438,0.2932148873806,0.6660060882568359,thumbsup,02035,C:/Users/Javier/PIDS_HandPose/work/HAR_mediapipe/data/gestos_pids/train//thumbsup/thumbsup_02035.jpg
0.16051360964775085,0.7443865537643433,0.1702629029750824,0.6509859561920166,0.18746963143348694,0.5367352366447449,0.17591972649097443,0.4501277208328247,0.14668908715248108,0.37999528646469116,0.1632835865020752,0.5635571479797363,0.25702106952667236,0.5271292924880981,0.24330469965934753,0.5615168809890747,0.21594130992889404,0.5723342299461365,0.16989538073539734,0.6369549632072449,0.26950499415397644,0.5896919965744019,0.25210270285606384,0.6213701963424683,0.22065116465091705,0.6371077299118042,0.18680697679519653,0.7024099230766296,0.27413102984428406,0.6496044993400574,0.25639644265174866,0.6767525672912598,0.22494381666183472,0.6954451203346252,0.20951205492019653,0.7575968503952026,0.2751149535179138,0.7037904262542725,0.2637255787849426,0.7144426107406616,0.23767374455928802,0.7303948998451233,thumbsup,02036,C:/Users/Javier/PIDS_HandPose/work/HAR_mediapipe/data/gestos_pids/train//thumbsup/thumbsup_02036.jpg
0.2409079670906067,0.7825075387954712,0.2675352096557617,0.6639201641082764,0.2613857090473175,0.5395928621292114,0.24609005451202393,0.4445009231567383,0.22843821346759796,0.34754040837287903,0.16341282427310944,0.6097727417945862,0.2433485984802246,0.6455236673355103,0.25593987107276917,0.6373373866081238,0.23742583394050598,0.622039258480072,0.14277076721191406,0.706663966178894,0.25390058755874634,0.7407273054122925,0.2572175860404968,0.7121250033378601,0.22971874475479126,0.6875182390213013,0.14689595997333527,0.7919102907180786,0.25114205479621887,0.8110343217849731,0.25271016359329224,0.7841730117797852,0.22592763602733612,0.7598769068717957,0.1607724279165268,0.8626694083213806,0.24054542183876038,0.8737273216247559,0.24502475559711456,0.84345543384552,0.22455960512161255,0.8206380605697632,thumbsup,02037,C:/Users/Javier/PIDS_HandPose/work/HAR_mediapipe/data/gestos_pids/train//thumbsup/thumbsup_02037.jpg
0.2036232352256775,0.7516968846321106,0.2659066617488861,0.6110711097717285,0.2746640741825104,0.46265244483947754,0.2649399936199188,0.365263968706131,0.24832479655742645,0.2589707374572754,0.17612339556217194,0.5314292311668396,0.23904867470264435,0.5506967306137085,0.27472183108329773,0.5859867334365845,0.27648046612739563,0.5939642190933228,0.14340686798095703,0.6326538920402527,0.23940177261829376,0.6841937303543091,0.2642804980278015,0.6769902110099792,0.24836838245391846,0.6566230058670044,0.13623952865600586,0.7307422757148743,0.23429930210113525,0.7738524675369263,0.25729498267173767,0.7546256184577942,0.24379202723503113,0.7234864830970764,0.14063459634780884,0.8049810528755188,0.21941936016082764,0.8397320508956909,0.24002133309841156,0.8258970975875854,0.23336435854434967,0.8074274063110352,thumbsup,02038,C:/Users/Javier/PIDS_HandPose/work/HAR_mediapipe/data/gestos_pids/train//thumbsup/thumbsup_02038.jpg
0.42569294571876526,0.7693859338760376,0.46492668986320496,0.6331595182418823,0.48344698548316956,0.4729475677013397,0.48736804723739624,0.3422272801399231,0.48091909289360046,0.2111598551273346,0.4155777394771576,0.5490689277648926,0.5418499708175659,0.5975557565689087,0.5313224196434021,0.6111098527908325,0.49142852425575256,0.6030358076095581,0.3831978142261505,0.6692852973937988,0.5353909730911255,0.7289450764656067,0.5158599019050598,0.7167853116989136,0.47519105672836304,0.6962546110153198,0.37711796164512634,0.7829079627990723,0.5199369788169861,0.8243368864059448,0.5038059949874878,0.8130003213882446,0.4677031636238098,0.7942594289779663,0.3827454447746277,0.8804260492324829,0.49853357672691345,0.9006698131561279,0.491457462310791,0.8809770345687866,0.46032726764678955,0.8720248937606812,thumbsup,02040,C:/Users/Javier/PIDS_HandPose/work/HAR_mediapipe/data/gestos_pids/train//thumbsup/thumbsup_02040.jpg
0.4720664918422699,0.8232114315032959,0.5202985405921936,0.6456285119056702,0.5482494235038757,0.4356793761253357,0.5565577149391174,0.2788342237472534,0.5494295358657837,0.11939150094985962,0.4790825843811035,0.49177253246307373,0.6402388215065002,0.5776033401489258,0.6237313747406006,0.6332237124443054,0.5661774277687073,0.6236852407455444,0.43581506609916687,0.6292209625244141,0.6157705783843994,0.7277209162712097,0.5910183191299438,0.7428100109100342,0.5440142154693604,0.7273753881454468,0.4238089323043823,0.7719664573669434,0.5912474393844604,0.8466032147407532,0.5738486051559448,0.8530697822570801,0.53188556432724,0.8326253890991211,0.4300757646560669,0.8951921463012695,0.5634791254997253,0.9322130084037781,0.5524798631668091,0.9264301657676697,0.5106821656227112,0.9203765392303467,thumbsup,02041,C:/Users/Javier/PIDS_HandPose/work/HAR_mediapipe/data/gestos_pids/train//thumbsup/thumbsup_02041.jpg
0.47409871220588684,0.7330069541931152,0.5101736187934875,0.5771471261978149,0.521537721157074,0.3982294797897339,0.5211905837059021,0.2551841139793396,0.512939453125,0.11081075668334961,0.45842185616493225,0.4619239866733551,0.5964204668998718,0.5407143235206604,0.5836394429206848,0.5529619455337524,0.5415968298912048,0.540353536605835,0.4188797175884247,0.6082401275634766,0.5900250673294067,0.6787985563278198,0.5655608773231506,0.6660395264625549,0.5160425901412964,0.6488407850265503,0.409530907869339,0.746846616268158,0.5667721033096313,0.7959522008895874,0.5498062372207642,0.783301055431366,0.5070163011550903,0.7603298425674438,0.41365599632263184,0.8685325980186462,0.53992760181427,0.8906674385070801,0.5331222414970398,0.8640272617340088,0.4987398087978363,0.8493742942810059,thumbsup,02042,C:/Users/Javier/PIDS_HandPose/work/HAR_mediapipe/data/gestos_pids/train//thumbsup/thumbsup_02042.jpg
0.6137914657592773,0.7186644673347473,0.6474649906158447,0.5957484841346741,0.6836065649986267,0.5019195079803467,0.7102661728858948,0.4071812331676483,0.7119751572608948,0.32387039065361023,0.7548297643661499,0.5561463832855225,0.8248811960220337,0.5765291452407837,0.7955057621002197,0.5903599262237549,0.7668003439903259,0.5846831798553467,0.7605338096618652,0.6441664099693298,0.8213371634483337,0.645927906036377,0.7932138442993164,0.647464394569397,0.7667101621627808,0.644601583480835,0.75807124376297,0.7253782153129578,0.8065508008003235,0.7079297304153442,0.7823465466499329,0.7125948071479797,0.7564250230789185,0.7138127088546753,0.752389669418335,0.7960327863693237,0.7943137288093567,0.7692584991455078,0.7728738188743591,0.7663793563842773,0.7502241134643555,0.7676915526390076,thumbsup,02043,C:/Users/Javier/PIDS_HandPose/work/HAR_mediapipe/data/gestos_pids/train//thumbsup/thumbsup_02043.jpg
0.5416483283042908,0.7015125751495361,0.5800372362136841,0.5633962750434875,0.5956422090530396,0.43251344561576843,0.5945781469345093,0.3251394033432007,0.5880671739578247,0.2043566107749939,0.5304546356201172,0.5044519305229187,0.6477028131484985,0.5309234261512756,0.6341071128845215,0.5392313003540039,0.5922797322273254,0.5373368263244629,0.5125150680541992,0.6201437711715698,0.6522004008293152,0.6388188004493713,0.6228829622268677,0.6250517964363098,0.5757046937942505,0.6202768087387085,0.5128850936889648,0.7223787307739258,0.6387368440628052,0.729899525642395,0.615424394607544,0.7114602327346802,0.5761423707008362,0.699570894241333,0.520696222782135,0.8056334257125854,0.6145239472389221,0.8106811046600342,0.5955767631530762,0.788673996925354,0.5584352016448975,0.7818901538848877,thumbsup,02044,C:/Users/Javier/PIDS_HandPose/work/HAR_mediapipe/data/gestos_pids/train//thumbsup/thumbsup_02044.jpg
0.35586947202682495,0.8495867252349854,0.3408776819705963,0.7273131608963013,0.297330379486084,0.610719621181488,0.2545521557331085,0.5185636878013611,0.22419041395187378,0.44328978657722473,0.18778985738754272,0.6902123093605042,0.17583802342414856,0.7141485214233398,0.23146989941596985,0.7184585928916931,0.24733883142471313,0.7041791081428528,0.1854856163263321,0.7747275233268738,0.18290835618972778,0.808405876159668,0.24676327407360077,0.7948832511901855,0.24679571390151978,0.7613139152526855,0.19668616354465485,0.854901134967804,0.19333502650260925,0.8847935199737549,0.24624258279800415,0.8643937706947327,0.24598431587219238,0.8330099582672119,0.21215012669563293,0.9281670451164246,0.2055429220199585,0.9554443955421448,0.2377863973379135,0.9326674342155457,0.24113565683364868,0.9106606245040894,thumbsup,02046,C:/Users/Javier/PIDS_HandPose/work/HAR_mediapipe/data/gestos_pids/train//thumbsup/thumbsup_02046.jpg
0.2788529396057129,0.8065630197525024,0.24641844630241394,0.6429134607315063,0.1863682121038437,0.5064448714256287,0.1298898607492447,0.405642569065094,0.08073899149894714,0.34305572509765625,0.07225526869297028,0.6168482899665833,0.015907876193523407,0.6495511531829834,0.09057579934597015,0.6501977443695068,0.12553860247135162,0.6329271197319031,0.07431574165821075,0.7085652351379395,0.02873539924621582,0.7545088529586792,0.11049732565879822,0.7344629168510437,0.12336796522140503,0.6968308687210083,0.08739864826202393,0.797614574432373,0.04338102042675018,0.8419762253761292,0.1151040568947792,0.8131908774375916,0.13156446814537048,0.7772226333618164,0.10215099155902863,0.8876118659973145,0.06529256701469421,0.9287381768226624,0.10757820308208466,0.897600531578064,0.12436308711767197,0.8709322214126587,thumbsup,02047,C:/Users/Javier/PIDS_HandPose/work/HAR_mediapipe/data/gestos_pids/train//thumbsup/thumbsup_02047.jpg
0.5779924392700195,0.7926698923110962,0.5505766868591309,0.659920334815979,0.5031347870826721,0.5380856990814209,0.4571203589439392,0.4457332491874695,0.42573386430740356,0.3761795461177826,0.41566890478134155,0.6396365165710449,0.38295671343803406,0.6567850112915039,0.44076818227767944,0.6550473570823669,0.460342675447464,0.6389366388320923,0.4209800660610199,0.7211517095565796,0.3940974175930023,0.744914174079895,0.4622054696083069,0.733468234539032,0.4616861343383789,0.697929859161377,0.4354504644870758,0.79428631067276,0.4081266224384308,0.8180131316184998,0.4640617072582245,0.7978554368019104,0.4678635895252228,0.7644590735435486,0.4494383633136749,0.8650249242782593,0.4233086407184601,0.8944120407104492,0.45734789967536926,0.8681814670562744,0.46718981862068176,0.8457696437835693,thumbsup,02048,C:/Users/Javier/PIDS_HandPose/work/HAR_mediapipe/data/gestos_pids/train//thumbsup/thumbsup_02048.jpg
0.43332773447036743,0.6894294619560242,0.41554224491119385,0.5688599944114685,0.36809784173965454,0.44760531187057495,0.3232019245624542,0.35629647970199585,0.299219012260437,0.28398633003234863,0.27520400285720825,0.5447245240211487,0.23372864723205566,0.5563585758209229,0.2937166094779968,0.5569501519203186,0.31673720479011536,0.5468627214431763,0.2753739058971405,0.619145929813385,0.23907187581062317,0.6373978853225708,0.30744221806526184,0.6291679739952087,0.31228965520858765,0.6049954891204834,0.28497952222824097,0.6888171434402466,0.25277256965637207,0.708701491355896,0.31014499068260193,0.6915934085845947,0.31708091497421265,0.6691735982894897,0.2961065471172333,0.7599431872367859,0.2683241665363312,0.7803374528884888,0.30125871300697327,0.7576577663421631,0.30993905663490295,0.742077648639679,thumbsup,02049,C:/Users/Javier/PIDS_HandPose/work/HAR_mediapipe/data/gestos_pids/train//thumbsup/thumbsup_02049.jpg
0.3557952642440796,0.6929823756217957,0.3341223895549774,0.5683832764625549,0.28436338901519775,0.44530215859413147,0.23992767930030823,0.34709951281547546,0.21528573334217072,0.26955825090408325,0.18481463193893433,0.5436526536941528,0.13539530336856842,0.560496985912323,0.20132309198379517,0.5533515810966492,0.23062318563461304,0.5385080575942993,0.18457497656345367,0.6248916387557983,0.13814355432987213,0.6465583443641663,0.2140859067440033,0.6295263767242432,0.22529307007789612,0.6032160520553589,0.19383397698402405,0.6999186873435974,0.15346626937389374,0.7210758924484253,0.21719878911972046,0.6985995173454285,0.22899353504180908,0.6788894534111023,0.20713303983211517,0.7752131223678589,0.17047595977783203,0.7937954664230347,0.2064305990934372,0.7677792310714722,0.21881382167339325,0.7555233836174011,thumbsup,02050,C:/Users/Javier/PIDS_HandPose/work/HAR_mediapipe/data/gestos_pids/train//thumbsup/thumbsup_02050.jpg
0.5719020366668701,0.7595454454421997,0.5507729053497314,0.6406331062316895,0.5082964301109314,0.5266338586807251,0.46757522225379944,0.4344901442527771,0.438376784324646,0.3674664795398712,0.42308443784713745,0.6119368076324463,0.3937045633792877,0.6189705729484558,0.4446967542171478,0.6268979907035828,0.4615526795387268,0.6204413175582886,0.42509210109710693,0.6872203350067139,0.40210872888565063,0.7055699825286865,0.46280086040496826,0.7030806541442871,0.46292442083358765,0.6789407134056091,0.43663397431373596,0.7586137056350708,0.415560781955719,0.7763498425483704,0.4661271572113037,0.7641512155532837,0.46716681122779846,0.7420797348022461,0.44971656799316406,0.8280695676803589,0.4276772737503052,0.8495007753372192,0.4592675268650055,0.8272528648376465,0.4669654071331024,0.8098287582397461,thumbsup,02051,C:/Users/Javier/PIDS_HandPose/work/HAR_mediapipe/data/gestos_pids/train//thumbsup/thumbsup_02051.jpg
0.7054173946380615,0.7304216623306274,0.7089036703109741,0.6141869425773621,0.6746565699577332,0.49544647336006165,0.6428309679031372,0.4180939197540283,0.6233106851577759,0.3432807922363281,0.5807152390480042,0.5552352070808411,0.6128008365631104,0.5733584761619568,0.6478440165519714,0.5905831456184387,0.6440005898475647,0.5841326117515564,0.5676791071891785,0.6327069401741028,0.6157271265983582,0.6551663279533386,0.6536318063735962,0.6566200852394104,0.6422076225280762,0.6366571187973022,0.573140561580658,0.7034503817558289,0.6154227256774902,0.7220429182052612,0.6504181027412415,0.7162306904792786,0.6421374082565308,0.6927424073219299,0.5848096013069153,0.7619996666908264,0.6160948872566223,0.7828708291053772,0.6424433588981628,0.7745882272720337,0.6408361196517944,0.7563487887382507,thumbsup,02052,C:/Users/Javier/PIDS_HandPose/work/HAR_mediapipe/data/gestos_pids/train//thumbsup/thumbsup_02052.jpg
0.7876126766204834,0.7654505372047424,0.7477096915245056,0.6302909851074219,0.6915851831436157,0.5374593138694763,0.6438531875610352,0.4542396068572998,0.6311494708061218,0.37367546558380127,0.6288518309593201,0.5998262763023376,0.5682042837142944,0.6305570006370544,0.5950523614883423,0.6469784379005432,0.6227535605430603,0.6428035497665405,0.6266010999679565,0.6931310892105103,0.5782872438430786,0.7087084650993347,0.6069213151931763,0.7165781855583191,0.6338499784469604,0.7139930129051208,0.6349125504493713,0.7826036214828491,0.5942152738571167,0.7812743186950684,0.6182764172554016,0.7817440032958984,0.6449291706085205,0.782149076461792,0.6480138301849365,0.8600324988365173,0.6048309206962585,0.8484020233154297,0.6267939209938049,0.8438222408294678,0.6518663763999939,0.8440029621124268,thumbsup,02053,C:/Users/Javier/PIDS_HandPose/work/HAR_mediapipe/data/gestos_pids/train//thumbsup/thumbsup_02053.jpg
0.7157943248748779,0.8392376899719238,0.6793931126594543,0.6907844543457031,0.6319299936294556,0.5865406394004822,0.5921775698661804,0.4879652261734009,0.5772944688796997,0.4071749150753021,0.546298086643219,0.6713460683822632,0.49725857377052307,0.6981019973754883,0.5254911184310913,0.7112707495689392,0.5530732274055481,0.7107464075088501,0.5421347618103027,0.7719189524650574,0.5092640519142151,0.7727949619293213,0.5355437994003296,0.7760241031646729,0.5627250671386719,0.7753838300704956,0.5516185760498047,0.8620294332504272,0.5290929675102234,0.8480037450790405,0.5508551597595215,0.8471211791038513,0.5777254104614258,0.8510203957557678,0.5650888681411743,0.9370858669281006,0.5427932143211365,0.9140557050704956,0.5634780526161194,0.9108724594116211,0.5867944359779358,0.913040816783905,thumbsup,02054,C:/Users/Javier/PIDS_HandPose/work/HAR_mediapipe/data/gestos_pids/train//thumbsup/thumbsup_02054.jpg
0.5966396927833557,0.6497604250907898,0.5684415102005005,0.5103923082351685,0.5234599113464355,0.40971195697784424,0.4764206111431122,0.3274086117744446,0.45818063616752625,0.2503255605697632,0.4448069632053375,0.4792267978191376,0.39812877774238586,0.5090159177780151,0.4235576391220093,0.527409553527832,0.44950777292251587,0.5276385545730591,0.43898844718933105,0.5728841423988342,0.4067397713661194,0.5904785394668579,0.43156614899635315,0.5963332056999207,0.45683521032333374,0.5949320793151855,0.44787582755088806,0.6605504751205444,0.4253912568092346,0.6635538935661316,0.44613292813301086,0.6615012884140015,0.47096943855285645,0.6621167659759521,0.46028274297714233,0.7341780662536621,0.44176816940307617,0.7281184792518616,0.4607575535774231,0.7219927310943604,0.4815201461315155,0.7211490869522095,thumbsup,02055,C:/Users/Javier/PIDS_HandPose/work/HAR_mediapipe/data/gestos_pids/train//thumbsup/thumbsup_02055.jpg
0.5799294710159302,0.7288126945495605,0.5450825691223145,0.6000180840492249,0.5022535920143127,0.5014614462852478,0.46394163370132446,0.41344720125198364,0.4478515386581421,0.3415164351463318,0.42939600348472595,0.572273850440979,0.3738059401512146,0.5948189496994019,0.39861372113227844,0.607803225517273,0.4249616265296936,0.606359601020813,0.4259997606277466,0.6621726751327515,0.38306427001953125,0.6675515174865723,0.4072248041629791,0.6711671948432922,0.4336862564086914,0.6703588962554932,0.43394210934638977,0.7445854544639587,0.40344083309173584,0.7408620119094849,0.4238305985927582,0.7379536628723145,0.4493429660797119,0.7387024760246277,0.44542405009269714,0.8149405121803284,0.41814908385276794,0.8049081563949585,0.4371494650840759,0.7983794808387756,0.4591328501701355,0.7981301546096802,thumbsup,02056,C:/Users/Javier/PIDS_HandPose/work/HAR_mediapipe/data/gestos_pids/train//thumbsup/thumbsup_02056.jpg
0.5896112322807312,0.7079896926879883,0.5303809642791748,0.6106793284416199,0.4683955907821655,0.5434262156486511,0.4192461669445038,0.46684592962265015,0.4020736515522003,0.3861003816127777,0.4040796458721161,0.6509962677955627,0.3640359342098236,0.7272738218307495,0.39285603165626526,0.72627854347229,0.41631871461868286,0.7036435008049011,0.42059892416000366,0.7396973371505737,0.38754597306251526,0.7958096861839294,0.4118271470069885,0.7838917374610901,0.4353320002555847,0.7596940994262695,0.44611847400665283,0.8159676790237427,0.42132413387298584,0.8556571006774902,0.440081387758255,0.839306116104126,0.4635081887245178,0.815719485282898,0.47045114636421204,0.877173900604248,0.450874000787735,0.8985303640365601,0.46837061643600464,0.8799334764480591,0.48838329315185547,0.8571559190750122,thumbsup,02057,C:/Users/Javier/PIDS_HandPose/work/HAR_mediapipe/data/gestos_pids/train//thumbsup/thumbsup_02057.jpg
0.5528756380081177,0.5859176516532898,0.49076607823371887,0.4973182678222656,0.42559686303138733,0.44532760977745056,0.37306925654411316,0.3910425305366516,0.3527887761592865,0.3212672472000122,0.36963951587677,0.5529009699821472,0.3372734487056732,0.6473919749259949,0.3653848469257355,0.6462251543998718,0.3867800831794739,0.6223860383033752,0.3894595503807068,0.6283017992973328,0.3667556345462799,0.7030104398727417,0.39005541801452637,0.6886708736419678,0.4089212119579315,0.65877765417099,0.418374240398407,0.6938421726226807,0.40029141306877136,0.7430838346481323,0.41834181547164917,0.728242039680481,0.4366469979286194,0.7017838954925537,0.44494539499282837,0.7479832768440247,0.42862027883529663,0.7745917439460754,0.44554972648620605,0.7578893899917603,0.4619436264038086,0.7347619533538818,thumbsup,02058,C:/Users/Javier/PIDS_HandPose/work/HAR_mediapipe/data/gestos_pids/train//thumbsup/thumbsup_02058.jpg
0.5273885130882263,0.6115713119506836,0.4652307331562042,0.5301125049591064,0.3997693955898285,0.48376762866973877,0.3489292860031128,0.43813151121139526,0.326422780752182,0.37396132946014404,0.34097301959991455,0.5891083478927612,0.3209753930568695,0.6865453124046326,0.3477873206138611,0.681907057762146,0.36688363552093506,0.6569448709487915,0.3599969148635864,0.657577395439148,0.34956997632980347,0.7430879473686218,0.372213751077652,0.7240944504737854,0.38914740085601807,0.6906442046165466,0.3899856209754944,0.7168667316436768,0.38089263439178467,0.781599760055542,0.39974039793014526,0.7639272212982178,0.41643205285072327,0.7336231470108032,0.41873881220817566,0.7697007060050964,0.410366415977478,0.8118543028831482,0.4265623390674591,0.7921623587608337,0.4407724142074585,0.7636969685554504,thumbsup,02059,C:/Users/Javier/PIDS_HandPose/work/HAR_mediapipe/data/gestos_pids/train//thumbsup/thumbsup_02059.jpg
0.46154898405075073,0.7359285354614258,0.4825345277786255,0.6049637794494629,0.4836761951446533,0.4960554540157318,0.4892810583114624,0.3888804018497467,0.5141547322273254,0.32013607025146484,0.3852342963218689,0.47971034049987793,0.3569311499595642,0.43769216537475586,0.380069762468338,0.4686392843723297,0.4002487063407898,0.499146431684494,0.35241255164146423,0.5440719127655029,0.3431262671947479,0.513469934463501,0.3647686243057251,0.5349538326263428,0.38180142641067505,0.5598823428153992,0.3348110020160675,0.6151607036590576,0.33531641960144043,0.5869673490524292,0.35378018021583557,0.6014122366905212,0.36971545219421387,0.6270388960838318,0.32592982053756714,0.6776876449584961,0.3285796344280243,0.654876172542572,0.34722113609313965,0.6665688753128052,0.36253854632377625,0.6855673789978027,thumbsup,02060,C:/Users/Javier/PIDS_HandPose/work/HAR_mediapipe/data/gestos_pids/train//thumbsup/thumbsup_02060.jpg
0.6450900435447693,0.8669683933258057,0.6803837418556213,0.7162634134292603,0.6905434131622314,0.5873568058013916,0.7133186459541321,0.4659409523010254,0.7513427734375,0.3926047384738922,0.5760028958320618,0.5577262043952942,0.5441904067993164,0.4914010465145111,0.5728827118873596,0.5282945036888123,0.5965824723243713,0.5669988989830017,0.5373059511184692,0.6249711513519287,0.5224303603172302,0.5617110133171082,0.5496872663497925,0.5882622003555298,0.567295253276825,0.6201078295707703,0.5131103992462158,0.6982767581939697,0.5122216939926147,0.6477024555206299,0.5345948338508606,0.6644365787506104,0.5515183806419373,0.69875168800354,0.501480221748352,0.7614235281944275,0.5044412016868591,0.7226275205612183,0.5250018835067749,0.7382949590682983,0.5390661358833313,0.768787145614624,thumbsup,02061,C:/Users/Javier/PIDS_HandPose/work/HAR_mediapipe/data/gestos_pids/train//thumbsup/thumbsup_02061.jpg
0.7004083395004272,0.8123781681060791,0.7343289256095886,0.6642872095108032,0.742167592048645,0.5247344374656677,0.7603687644004822,0.3965330123901367,0.7991690635681152,0.3161526918411255,0.633811891078949,0.48666441440582275,0.5875180959701538,0.42301419377326965,0.6124420166015625,0.46693435311317444,0.6391904354095459,0.5045202374458313,0.5935602188110352,0.5553827881813049,0.5684981346130371,0.5052197575569153,0.5948517322540283,0.5355131030082703,0.6167468428611755,0.5672475099563599,0.5667471885681152,0.6333786249160767,0.5602070689201355,0.5986277461051941,0.5824090838432312,0.6185137629508972,0.6033949851989746,0.6486191749572754,0.5520901679992676,0.7010793089866638,0.5511513948440552,0.6721140742301941,0.5713823437690735,0.6901636123657227,0.5881909132003784,0.7171638607978821,thumbsup,02062,C:/Users/Javier/PIDS_HandPose/work/HAR_mediapipe/data/gestos_pids/train//thumbsup/thumbsup_02062.jpg
0.682955265045166,0.82623291015625,0.7234850525856018,0.6877471804618835,0.7367849946022034,0.5581455230712891,0.7593456506729126,0.43863391876220703,0.7987799644470215,0.37067553400993347,0.6242636442184448,0.5038563013076782,0.5884881615638733,0.4274294972419739,0.6152488589286804,0.4689897894859314,0.6389176845550537,0.5127058029174805,0.5801253318786621,0.5650656223297119,0.5664759874343872,0.5115512609481812,0.5920805335044861,0.543795645236969,0.6102263927459717,0.5801235437393188,0.5528154969215393,0.6380751132965088,0.5545709133148193,0.6000463366508484,0.5760161876678467,0.6214977502822876,0.5931168794631958,0.6566548943519592,0.5369786024093628,0.7028658390045166,0.5426210761070251,0.6722765564918518,0.5625416040420532,0.6927101612091064,0.5781292915344238,0.7224786281585693,thumbsup,02063,C:/Users/Javier/PIDS_HandPose/work/HAR_mediapipe/data/gestos_pids/train//thumbsup/thumbsup_02063.jpg
0.66709965467453,0.8379349708557129,0.6888311505317688,0.6902490854263306,0.6838831901550293,0.551245391368866,0.6906894445419312,0.43342870473861694,0.715137243270874,0.35410016775131226,0.5753916501998901,0.5559189915657043,0.5313263535499573,0.514979898929596,0.5599216818809509,0.547061562538147,0.5880359411239624,0.5742467045783997,0.5420637130737305,0.6332793235778809,0.5181100964546204,0.5917518138885498,0.5445519685745239,0.6103585958480835,0.5695204138755798,0.635409951210022,0.5257160067558289,0.7188355326652527,0.5195596218109131,0.6921749114990234,0.5418639779090881,0.7025570869445801,0.56470787525177,0.7248474359512329,0.5192294716835022,0.794457197189331,0.5144219994544983,0.7708883285522461,0.5369458198547363,0.7820926308631897,0.5576832890510559,0.8002798557281494,thumbsup,02064,C:/Users/Javier/PIDS_HandPose/work/HAR_mediapipe/data/gestos_pids/train//thumbsup/thumbsup_02064.jpg
0.6267970204353333,0.7253937125205994,0.6067878007888794,0.5938918590545654,0.5713886022567749,0.4916927218437195,0.5376484394073486,0.39850321412086487,0.5390512347221375,0.3137161135673523,0.47607171535491943,0.5375506281852722,0.4568621516227722,0.5761507749557495,0.48316237330436707,0.5982351899147034,0.5047599077224731,0.6020355820655823,0.4692513048648834,0.6245798468589783,0.46403759717941284,0.6502017378807068,0.4898644983768463,0.6566620469093323,0.5116699934005737,0.6560894846916199,0.4788135588169098,0.7106987237930298,0.4780149459838867,0.7227242588996887,0.5001991987228394,0.7201341390609741,0.5212923884391785,0.7187638878822327,0.49068665504455566,0.7814748287200928,0.4894545376300812,0.7849249243736267,0.5095372796058655,0.7789996862411499,0.5269489884376526,0.7747988700866699,thumbsup,02065,C:/Users/Javier/PIDS_HandPose/work/HAR_mediapipe/data/gestos_pids/train//thumbsup/thumbsup_02065.jpg
0.7530423998832703,0.8459065556526184,0.7030320763587952,0.704245924949646,0.6246588826179504,0.571327805519104,0.5813791155815125,0.45655983686447144,0.5741826891899109,0.346987247467041,0.6154678463935852,0.6533148884773254,0.4841330349445343,0.6787731051445007,0.518467366695404,0.681682288646698,0.5592360496520996,0.6705785989761353,0.6198778748512268,0.7678733468055725,0.4893668591976166,0.782325029373169,0.5245722532272339,0.7711679339408875,0.5642024874687195,0.7722117900848389,0.6224415302276611,0.8740679621696472,0.5034761428833008,0.8695874214172363,0.533316969871521,0.8564152121543884,0.5722492933273315,0.8576611280441284,0.6211551427841187,0.9623234272003174,0.5208969712257385,0.9469460248947144,0.5427278280258179,0.932742178440094,0.5765066742897034,0.9358668923377991,thumbsup,02066,C:/Users/Javier/PIDS_HandPose/work/HAR_mediapipe/data/gestos_pids/train//thumbsup/thumbsup_02066.jpg
0.6810720562934875,0.7523316740989685,0.6491014957427979,0.6325039267539978,0.6591327786445618,0.4714193344116211,0.6597571969032288,0.345284104347229,0.6660077571868896,0.2300247848033905,0.7791808843612671,0.5216132998466492,0.6841520667076111,0.5819159746170044,0.654765784740448,0.5937553644180298,0.6756340265274048,0.5791383385658264,0.8125858902931213,0.6372326612472534,0.6838185787200928,0.6959479451179504,0.6644390821456909,0.6738567352294922,0.6934032440185547,0.640048623085022,0.8135311007499695,0.7538657188415527,0.6902623176574707,0.7866531610488892,0.6676466464996338,0.7573702931404114,0.6898999810218811,0.7245507836341858,0.7985237240791321,0.8477856516838074,0.7001985907554626,0.865905225276947,0.6790593266487122,0.8366910219192505,0.6931566596031189,0.804328203201294,thumbsup,02067,C:/Users/Javier/PIDS_HandPose/work/HAR_mediapipe/data/gestos_pids/train//thumbsup/thumbsup_02067.jpg
0.7116149663925171,0.7381152510643005,0.6848816275596619,0.6125515103340149,0.6915720701217651,0.4646731913089752,0.6946359872817993,0.3503131866455078,0.6996140480041504,0.2425205111503601,0.8266441822052002,0.513221263885498,0.7337630391120911,0.5548645853996277,0.7001374363899231,0.5828484296798706,0.7161298990249634,0.5849767327308655,0.8538427352905273,0.6277040839195251,0.7349343299865723,0.6696077585220337,0.710511326789856,0.656315803527832,0.734336256980896,0.6308512687683105,0.8525969982147217,0.7401448488235474,0.7363159656524658,0.7551228404045105,0.7132075428962708,0.7366861701011658,0.7329303026199341,0.7174261808395386,0.836972713470459,0.8280584216117859,0.7459274530410767,0.8324759602546692,0.7278051972389221,0.8113834261894226,0.7433832883834839,0.7893800139427185,thumbsup,02068,C:/Users/Javier/PIDS_HandPose/work/HAR_mediapipe/data/gestos_pids/train//thumbsup/thumbsup_02068.jpg
0.7161052823066711,0.7365776896476746,0.6830574870109558,0.618109405040741,0.6895174980163574,0.4684982895851135,0.69398432970047,0.35860368609428406,0.6968196630477905,0.2449629306793213,0.818987250328064,0.5138418674468994,0.7287151217460632,0.5574730634689331,0.6982636451721191,0.5975250005722046,0.7160675525665283,0.6021940112113953,0.84944748878479,0.6260618567466736,0.7295411229133606,0.6786848306655884,0.7112617492675781,0.6633123159408569,0.7374523878097534,0.6269451379776001,0.8498454689979553,0.7408904433250427,0.733237624168396,0.7672367691993713,0.7165122628211975,0.7433027029037476,0.7394242882728577,0.7175090312957764,0.8355434536933899,0.8334982395172119,0.7463492751121521,0.8457967638969421,0.7327255606651306,0.8215088844299316,0.7488936185836792,0.7991567850112915,thumbsup,02069,C:/Users/Javier/PIDS_HandPose/work/HAR_mediapipe/data/gestos_pids/train//thumbsup/thumbsup_02069.jpg
0.6994534134864807,0.7546380758285522,0.6665449142456055,0.6367028951644897,0.6736338138580322,0.48119571805000305,0.6796486377716064,0.3673870861530304,0.686160683631897,0.25425755977630615,0.8021494746208191,0.5259605646133423,0.7133971452713013,0.5839065909385681,0.6820458173751831,0.6168777346611023,0.6999068856239319,0.6121604442596436,0.8334932327270508,0.6422486305236816,0.7172581553459167,0.701557993888855,0.6969444155693054,0.6806154251098633,0.7204201221466064,0.6400742530822754,0.8352153301239014,0.7582794427871704,0.7219380736351013,0.7922525405883789,0.703163743019104,0.7604750394821167,0.725069522857666,0.7256671190261841,0.8219773173332214,0.8512235283851624,0.7347682118415833,0.8720628023147583,0.7200821042060852,0.8453235030174255,0.7357316613197327,0.8162949085235596,thumbsup,02070,C:/Users/Javier/PIDS_HandPose/work/HAR_mediapipe/data/gestos_pids/train//thumbsup/thumbsup_02070.jpg
0.2343645691871643,0.7475680112838745,0.25584712624549866,0.6660767197608948,0.29741376638412476,0.5856798887252808,0.3204711973667145,0.5200302004814148,0.3261329233646393,0.4511311650276184,0.2991671562194824,0.5901980996131897,0.3684227168560028,0.6316556334495544,0.35156193375587463,0.6468717455863953,0.3266769051551819,0.6366204619407654,0.2911500036716461,0.651206374168396,0.3679226338863373,0.6834095120429993,0.3462066054344177,0.6938628554344177,0.3181385397911072,0.6855463981628418,0.285452276468277,0.7159973382949829,0.3579954504966736,0.7387580871582031,0.33691340684890747,0.7466228008270264,0.3083682954311371,0.7418519854545593,0.2810690104961395,0.778533935546875,0.3374544680118561,0.7939373254776001,0.3244045674800873,0.792519211769104,0.30095332860946655,0.7842313051223755,thumbsup,03001,C:/Users/Javier/PIDS_HandPose/work/HAR_mediapipe/data/gestos_pids/train//thumbsup/thumbsup_03001.jpg
0.3420417308807373,0.8213273882865906,0.3749322295188904,0.7208342552185059,0.40948933362960815,0.6494401693344116,0.4386080205440521,0.5807669758796692,0.44694215059280396,0.5152750015258789,0.4720454514026642,0.6767948269844055,0.5077499747276306,0.7203761339187622,0.4843101501464844,0.7413097620010376,0.4642539620399475,0.7370861768722534,0.4764232337474823,0.7466109991073608,0.5069392919540405,0.7808325290679932,0.4850907623767853,0.7902971506118774,0.4643818438053131,0.7819205522537231,0.47033658623695374,0.8130964040756226,0.4993287920951843,0.831706166267395,0.4795759618282318,0.8402817249298096,0.45774513483047485,0.8314051032066345,0.45998477935791016,0.8718078136444092,0.480709433555603,0.8721635341644287,0.46332234144210815,0.8708787560462952,0.4453217685222626,0.8625016212463379,thumbsup,03002,C:/Users/Javier/PIDS_HandPose/work/HAR_mediapipe/data/gestos_pids/train//thumbsup/thumbsup_03002.jpg
0.27033743262290955,0.7810239791870117,0.31667476892471313,0.7053709626197815,0.3553403913974762,0.6186202168464661,0.3673093020915985,0.5422128438949585,0.364125519990921,0.46649855375289917,0.3146073818206787,0.6292459964752197,0.38037583231925964,0.6842508912086487,0.3620253801345825,0.693585216999054,0.33888933062553406,0.6720312833786011,0.29163819551467896,0.6923009753227234,0.3736835718154907,0.7486857771873474,0.35104432702064514,0.747717022895813,0.32593512535095215,0.7338854074478149,0.28141850233078003,0.759509801864624,0.3606676459312439,0.8109198212623596,0.338988333940506,0.8023272752761841,0.314909428358078,0.7881511449813843,0.27724140882492065,0.8216841816902161,0.34240880608558655,0.8568003177642822,0.32986006140708923,0.8463770151138306,0.30969667434692383,0.8310722708702087,thumbsup,03003,C:/Users/Javier/PIDS_HandPose/work/HAR_mediapipe/data/gestos_pids/train//thumbsup/thumbsup_03003.jpg
0.43591994047164917,0.8340498805046082,0.4150756299495697,0.6965643167495728,0.37483835220336914,0.5529783964157104,0.3402327299118042,0.4478493630886078,0.3108619153499603,0.3766326606273651,0.2751545310020447,0.6038435101509094,0.2544579803943634,0.5910646319389343,0.3095353841781616,0.6355603337287903,0.3252542018890381,0.6418871283531189,0.25896012783050537,0.6792795658111572,0.242660254240036,0.683838427066803,0.31039509177207947,0.7167069911956787,0.3140004575252533,0.6971503496170044,0.25618165731430054,0.7599110007286072,0.2317046821117401,0.7692060470581055,0.29147130250930786,0.7871151566505432,0.2975647449493408,0.7676467895507812,0.25691986083984375,0.8415806293487549,0.22976729273796082,0.865435779094696,0.2683129906654358,0.8611717224121094,0.28000885248184204,0.8461652994155884,thumbsup,03005,C:/Users/Javier/PIDS_HandPose/work/HAR_mediapipe/data/gestos_pids/train//thumbsup/thumbsup_03005.jpg
0.42951518297195435,0.8075337409973145,0.42727112770080566,0.6737926602363586,0.39403587579727173,0.5102532505989075,0.3628246486186981,0.39838194847106934,0.3439593017101288,0.3172124922275543,0.2976604998111725,0.554029643535614,0.26991674304008484,0.526759922504425,0.3245023190975189,0.585204005241394,0.33414193987846375,0.6001100540161133,0.27706170082092285,0.6350148320198059,0.2520965337753296,0.6276623010635376,0.3225999176502228,0.6741120219230652,0.32308799028396606,0.654949426651001,0.2690421938896179,0.7190693616867065,0.2404724359512329,0.7131706476211548,0.30093881487846375,0.7421280145645142,0.30479294061660767,0.7258079648017883,0.2634499967098236,0.8004308938980103,0.23428675532341003,0.8077069520950317,0.2738243043422699,0.8098066449165344,0.28452613949775696,0.7989904880523682,thumbsup,03006,C:/Users/Javier/PIDS_HandPose/work/HAR_mediapipe/data/gestos_pids/train//thumbsup/thumbsup_03006.jpg
0.43759652972221375,0.7594208121299744,0.43506211042404175,0.6279150247573853,0.4097549319267273,0.47351276874542236,0.38895750045776367,0.35981112718582153,0.38144123554229736,0.26919031143188477,0.29655227065086365,0.5209141373634338,0.3002890348434448,0.51543790102005,0.34925755858421326,0.5597926378250122,0.3511335849761963,0.5707435011863708,0.2778512239456177,0.6095688343048096,0.28214800357818604,0.6143801808357239,0.3489930033683777,0.6489498615264893,0.34495648741722107,0.6330713629722595,0.27735278010368347,0.7003089785575867,0.26650577783584595,0.7038264870643616,0.3242556154727936,0.7213495969772339,0.32398539781570435,0.7042345404624939,0.2797074317932129,0.7848141193389893,0.2563270926475525,0.8031008243560791,0.2900824248790741,0.7967303991317749,0.29529350996017456,0.7812259197235107,thumbsup,03007,C:/Users/Javier/PIDS_HandPose/work/HAR_mediapipe/data/gestos_pids/train//thumbsup/thumbsup_03007.jpg
0.45970892906188965,0.761843204498291,0.4622478485107422,0.6260147094726562,0.439889132976532,0.4669327437877655,0.4217471480369568,0.3520086109638214,0.41356155276298523,0.26280736923217773,0.33268117904663086,0.4995528757572174,0.3322146534919739,0.49225500226020813,0.3811030387878418,0.549325704574585,0.38445454835891724,0.5613462328910828,0.30988362431526184,0.584123432636261,0.31395280361175537,0.5870968103408813,0.3763467073440552,0.6315887570381165,0.37317153811454773,0.6217734813690186,0.3059021234512329,0.6763640642166138,0.29647329449653625,0.6756426095962524,0.35065996646881104,0.7027855515480042,0.35006847977638245,0.6925337314605713,0.30450892448425293,0.7618663311004639,0.2829356789588928,0.7757629156112671,0.31558507680892944,0.7713788747787476,0.3211149275302887,0.7570023536682129,thumbsup,03008,C:/Users/Javier/PIDS_HandPose/work/HAR_mediapipe/data/gestos_pids/train//thumbsup/thumbsup_03008.jpg
0.45127344131469727,0.763557493686676,0.4611132740974426,0.6235308051109314,0.44050392508506775,0.45614093542099,0.42210760712623596,0.3372197449207306,0.41122469305992126,0.2444429248571396,0.3386806845664978,0.4733082950115204,0.33524948358535767,0.4609634280204773,0.3789162337779999,0.5275150537490845,0.37778037786483765,0.5378509759902954,0.31441760063171387,0.5517314672470093,0.3148903548717499,0.5536836385726929,0.375363290309906,0.6105953454971313,0.3717624247074127,0.5917438864707947,0.30722576379776,0.644716739654541,0.2977542281150818,0.6439264416694641,0.35380807518959045,0.6791802644729614,0.3530232012271881,0.6630755662918091,0.30227312445640564,0.7286790609359741,0.28999435901641846,0.7432339787483215,0.3220006823539734,0.7462554574012756,0.32082676887512207,0.7307940125465393,thumbsup,03009,C:/Users/Javier/PIDS_HandPose/work/HAR_mediapipe/data/gestos_pids/train//thumbsup/thumbsup_03009.jpg
0.4678804278373718,0.7664068937301636,0.47845011949539185,0.6083608865737915,0.4576960802078247,0.4341100752353668,0.4385586977005005,0.3176345229148865,0.4257389307022095,0.22761821746826172,0.3633742034435272,0.45051074028015137,0.35056400299072266,0.43122732639312744,0.396515816450119,0.5058338046073914,0.401033878326416,0.5188043117523193,0.34254953265190125,0.5286347270011902,0.33049434423446655,0.5273218750953674,0.39221593737602234,0.5883002281188965,0.39510226249694824,0.5764105319976807,0.3342994451522827,0.6223136782646179,0.3143780827522278,0.6175546646118164,0.3709227442741394,0.6603728532791138,0.3754079043865204,0.6511549353599548,0.3267243504524231,0.710588812828064,0.30686384439468384,0.7184803485870361,0.33962175250053406,0.7233223915100098,0.3412109613418579,0.7131591439247131,thumbsup,03010,C:/Users/Javier/PIDS_HandPose/work/HAR_mediapipe/data/gestos_pids/train//thumbsup/thumbsup_03010.jpg
0.44465696811676025,0.8218547105789185,0.48268523812294006,0.6873241662979126,0.4681609570980072,0.5309979915618896,0.4426809251308441,0.4230315685272217,0.4232347309589386,0.3257657587528229,0.3764153718948364,0.5266309380531311,0.3871043026447296,0.4949703812599182,0.4303307831287384,0.5370001196861267,0.4531353712081909,0.5732669830322266,0.3556290566921234,0.6083678007125854,0.37194353342056274,0.5924476385116577,0.4247795343399048,0.6236319541931152,0.44707441329956055,0.6495591998100281,0.348345547914505,0.7062373161315918,0.36018824577331543,0.6884413957595825,0.4081845283508301,0.6990262866020203,0.4266071319580078,0.7069582343101501,0.34835249185562134,0.801429033279419,0.35974177718162537,0.8001304864883423,0.38868799805641174,0.7943251729011536,0.39987969398498535,0.791155219078064,thumbsup,03011,C:/Users/Javier/PIDS_HandPose/work/HAR_mediapipe/data/gestos_pids/train//thumbsup/thumbsup_03011.jpg
0.8065612316131592,0.7835346460342407,0.7581077218055725,0.705088198184967,0.6880993247032166,0.6419523358345032,0.6402415037155151,0.596213698387146,0.6127694845199585,0.5370516777038574,0.6699814796447754,0.6564120054244995,0.6024250984191895,0.7488272786140442,0.6282616257667542,0.7693964242935181,0.6541064977645874,0.7464679479598999,0.6851033568382263,0.7220963835716248,0.6177234053611755,0.8167437314987183,0.6475668549537659,0.8233326077461243,0.6724269986152649,0.8018918037414551,0.7041651010513306,0.7941209673881531,0.6406208872795105,0.8728247284889221,0.6681814193725586,0.8747736215591431,0.6920337080955505,0.85518479347229,0.7241516709327698,0.8619260787963867,0.6730788350105286,0.9169543385505676,0.692874550819397,0.9140650629997253,0.7139625549316406,0.8987643122673035,thumbsup,03012,C:/Users/Javier/PIDS_HandPose/work/HAR_mediapipe/data/gestos_pids/train//thumbsup/thumbsup_03012.jpg
0.799124002456665,0.6133900284767151,0.7590219974517822,0.5094286203384399,0.6937647461891174,0.42208293080329895,0.6496356725692749,0.35705551505088806,0.6334225535392761,0.2835118770599365,0.6492446660995483,0.4757934808731079,0.5871899127960205,0.543836772441864,0.6142910718917847,0.5564889311790466,0.6405693888664246,0.5397136211395264,0.6559469103813171,0.5595827102661133,0.5953380465507507,0.6197264194488525,0.624422013759613,0.6199091076850891,0.6519832611083984,0.6018164157867432,0.6715511679649353,0.6413010358810425,0.612246036529541,0.6832538843154907,0.6386629343032837,0.677405595779419,0.6654331684112549,0.6624981164932251,0.690869152545929,0.7122503519058228,0.6424132585525513,0.7300683856010437,0.6644741892814636,0.7216888666152954,0.6884093284606934,0.7084510326385498,thumbsup,03013,C:/Users/Javier/PIDS_HandPose/work/HAR_mediapipe/data/gestos_pids/train//thumbsup/thumbsup_03013.jpg
0.8558133244514465,0.6927516460418701,0.8114649057388306,0.570820689201355,0.741174578666687,0.48874330520629883,0.6907726526260376,0.4143119156360626,0.6758251786231995,0.3376091718673706,0.6914557814598083,0.5532035827636719,0.6330068111419678,0.5977184176445007,0.6597582101821899,0.603972315788269,0.6882964372634888,0.591541051864624,0.6957293748855591,0.6414262056350708,0.6436354517936707,0.6805775165557861,0.6690635681152344,0.6777242422103882,0.6946194171905518,0.6639223694801331,0.7081780433654785,0.7232728004455566,0.661447286605835,0.7398951053619385,0.6807453632354736,0.7325337529182434,0.7057945728302002,0.722608208656311,0.725915789604187,0.7872486710548401,0.6839773654937744,0.7845961451530457,0.700556218624115,0.7757164239883423,0.7230093479156494,0.7689130902290344,thumbsup,03014,C:/Users/Javier/PIDS_HandPose/work/HAR_mediapipe/data/gestos_pids/train//thumbsup/thumbsup_03014.jpg
0.8530287742614746,0.7259286046028137,0.8114614486694336,0.5985363125801086,0.7379538416862488,0.5056957602500916,0.6844053864479065,0.4340202212333679,0.6670301556587219,0.351098895072937,0.7047492265701294,0.5473589897155762,0.6308686137199402,0.6127498149871826,0.6561272144317627,0.6310612559318542,0.6844251155853271,0.6126449704170227,0.7119141817092896,0.633363664150238,0.6399518251419067,0.6961580514907837,0.6673182249069214,0.7023912072181702,0.6948210000991821,0.6894899010658264,0.7244765758514404,0.7187051773071289,0.6597941517829895,0.7606949806213379,0.6846825480461121,0.7608665823936462,0.7111698985099792,0.7467330694198608,0.7403508424758911,0.7891634702682495,0.683789074420929,0.8052830100059509,0.704696536064148,0.8021563291549683,0.7302326560020447,0.793701171875,thumbsup,03015,C:/Users/Javier/PIDS_HandPose/work/HAR_mediapipe/data/gestos_pids/train//thumbsup/thumbsup_03015.jpg
0.8753551840782166,0.6978509426116943,0.8387129902839661,0.5800314545631409,0.7720158696174622,0.493332177400589,0.7227333784103394,0.4324135482311249,0.7024174928665161,0.3587128818035126,0.7296527624130249,0.5447321534156799,0.6622910499572754,0.6092119812965393,0.6831418871879578,0.624707818031311,0.7093666791915894,0.6100347638130188,0.7370341420173645,0.6248281002044678,0.6742749810218811,0.6828950643539429,0.699492335319519,0.6886427402496338,0.7262157201766968,0.6745455861091614,0.7525842785835266,0.7035952210426331,0.6944716572761536,0.7399544715881348,0.7164707779884338,0.740296483039856,0.7420952320098877,0.7264049053192139,0.7723841667175293,0.7703240513801575,0.7209852933883667,0.7842613458633423,0.7378203272819519,0.781390905380249,0.7606711387634277,0.7722205519676208,thumbsup,03016,C:/Users/Javier/PIDS_HandPose/work/HAR_mediapipe/data/gestos_pids/train//thumbsup/thumbsup_03016.jpg
0.18486061692237854,0.7729312777519226,0.21117272973060608,0.6673204898834229,0.25922760367393494,0.5877702236175537,0.29232868552207947,0.515458881855011,0.3035576343536377,0.4476275146007538,0.2964382767677307,0.5962042808532715,0.3608662784099579,0.6463482975959778,0.3391195833683014,0.6714348793029785,0.315860390663147,0.6645710468292236,0.2965341806411743,0.6671589016914368,0.3634715676307678,0.7084958553314209,0.33792737126350403,0.7281368374824524,0.31059592962265015,0.7192538976669312,0.2921578288078308,0.7423218488693237,0.35473719239234924,0.7718666195869446,0.33032217621803284,0.7854200601577759,0.30372726917266846,0.7760818004608154,0.2849675714969635,0.8136551380157471,0.3405027985572815,0.8298936486244202,0.32201462984085083,0.8328716158866882,0.2986808717250824,0.8209424018859863,thumbsup,03017,C:/Users/Javier/PIDS_HandPose/work/HAR_mediapipe/data/gestos_pids/train//thumbsup/thumbsup_03017.jpg
0.26357489824295044,0.7189643979072571,0.2931184470653534,0.626612663269043,0.3326399326324463,0.5605672001838684,0.36290639638900757,0.5023248195648193,0.37325596809387207,0.4455464482307434,0.38078129291534424,0.5723193883895874,0.42213335633277893,0.6280849575996399,0.404904842376709,0.6526451706886292,0.3869599401950836,0.6491539478302002,0.38348087668418884,0.6296442747116089,0.42468568682670593,0.6810556650161743,0.40530991554260254,0.7010682821273804,0.3848503530025482,0.6928167939186096,0.3791489899158478,0.6914010643959045,0.4206925928592682,0.730488657951355,0.40139350295066833,0.7453611493110657,0.3798850476741791,0.7352609634399414,0.37087947130203247,0.7518458366394043,0.4092802405357361,0.776762843132019,0.39344117045402527,0.7819847464561462,0.3752169609069824,0.7719857692718506,thumbsup,03018,C:/Users/Javier/PIDS_HandPose/work/HAR_mediapipe/data/gestos_pids/train//thumbsup/thumbsup_03018.jpg
0.14517921209335327,0.7778920531272888,0.20206218957901,0.656227171421051,0.26153364777565,0.5670669078826904,0.30563852190971375,0.484285831451416,0.3195061981678009,0.40510329604148865,0.3124016225337982,0.6247039437294006,0.3825751543045044,0.672433614730835,0.3557891547679901,0.6916539072990417,0.32246989011764526,0.6852578520774841,0.3089962899684906,0.7170535922050476,0.38118794560432434,0.7524582743644714,0.355286568403244,0.7586508393287659,0.3231923580169678,0.7493110299110413,0.29847389459609985,0.806150496006012,0.37203773856163025,0.8273347616195679,0.3486427664756775,0.8274564743041992,0.31762561202049255,0.8170533776283264,0.2830992043018341,0.8853687644004822,0.3519514501094818,0.8978015780448914,0.3384244740009308,0.8861612677574158,0.31382766366004944,0.8722752332687378,thumbsup,03019,C:/Users/Javier/PIDS_HandPose/work/HAR_mediapipe/data/gestos_pids/train//thumbsup/thumbsup_03019.jpg
0.8587483167648315,0.7152644991874695,0.8261266946792603,0.613430917263031,0.7720843553543091,0.5361065864562988,0.7318918704986572,0.4757809042930603,0.7178835868835449,0.4120263457298279,0.7172801494598389,0.5694037079811096,0.669452428817749,0.620847225189209,0.6930743455886841,0.6382342576980591,0.7169098854064941,0.629545271396637,0.7195214629173279,0.6477639079093933,0.6782292723655701,0.6941286325454712,0.7023530602455139,0.7000515460968018,0.72721928358078,0.6876013278961182,0.7307829856872559,0.7241735458374023,0.6917619109153748,0.7495037913322449,0.7116062641143799,0.7513769865036011,0.7349865436553955,0.7452222108840942,0.7451605796813965,0.7907783389091492,0.7120344042778015,0.795311450958252,0.7302035093307495,0.7947292327880859,0.7510146498680115,0.7898561358451843,thumbsup,03020,C:/Users/Javier/PIDS_HandPose/work/HAR_mediapipe/data/gestos_pids/train//thumbsup/thumbsup_03020.jpg
0.2929534316062927,0.659126877784729,0.32303106784820557,0.5721262693405151,0.36217981576919556,0.507580041885376,0.3936721682548523,0.4535819888114929,0.40374574065208435,0.3971517086029053,0.42152225971221924,0.5304399132728577,0.44902780652046204,0.6052446365356445,0.42984363436698914,0.6301060318946838,0.41267356276512146,0.6249549984931946,0.4245690703392029,0.5867106318473816,0.4466961920261383,0.6590765118598938,0.42173418402671814,0.6755142211914062,0.40293920040130615,0.6628528833389282,0.41931256651878357,0.6481199264526367,0.4455190598964691,0.7097059488296509,0.4231977164745331,0.7217950820922852,0.40347471833229065,0.7062385082244873,0.4080493152141571,0.709428608417511,0.43156325817108154,0.7544317245483398,0.416210800409317,0.7629457116127014,0.4023643732070923,0.751360297203064,thumbsup,03021,C:/Users/Javier/PIDS_HandPose/work/HAR_mediapipe/data/gestos_pids/train//thumbsup/thumbsup_03021.jpg
0.32251450419425964,0.6599206328392029,0.3656751811504364,0.5489777326583862,0.42079561948776245,0.4658746123313904,0.4622712731361389,0.38476380705833435,0.47412461042404175,0.3001865744590759,0.4853668510913849,0.4944837689399719,0.5311371088027954,0.573123037815094,0.5011747479438782,0.59744793176651,0.4766925275325775,0.5846830010414124,0.4842279553413391,0.5834190845489502,0.5304009318351746,0.6448377966880798,0.4999052584171295,0.6607204079627991,0.47276371717453003,0.6458411812782288,0.4751986265182495,0.6734521985054016,0.523617684841156,0.7144517302513123,0.49464982748031616,0.7266685962677002,0.4665864109992981,0.7121894955635071,0.4607992172241211,0.7565949559211731,0.5064129829406738,0.7804133892059326,0.48388129472732544,0.7823549509048462,0.46090883016586304,0.7699037790298462,thumbsup,03022,C:/Users/Javier/PIDS_HandPose/work/HAR_mediapipe/data/gestos_pids/train//thumbsup/thumbsup_03022.jpg
0.3217906653881073,0.6671903133392334,0.36436033248901367,0.5502539277076721,0.4212767779827118,0.4617689847946167,0.4611813426017761,0.3765695095062256,0.4722540080547333,0.2906825840473175,0.47976741194725037,0.49256235361099243,0.5307909250259399,0.5631897449493408,0.5017228126525879,0.5854348540306091,0.475787490606308,0.5758222341537476,0.47789812088012695,0.5817286968231201,0.5312076210975647,0.637554407119751,0.5012691020965576,0.649753987789154,0.47318774461746216,0.637596070766449,0.4691208004951477,0.6717722415924072,0.5251057147979736,0.708966076374054,0.4967046082019806,0.7176758646965027,0.4678178131580353,0.706141471862793,0.45573920011520386,0.7549113631248474,0.5073180794715881,0.772257924079895,0.48536360263824463,0.771271288394928,0.461831659078598,0.7619880437850952,thumbsup,03023,C:/Users/Javier/PIDS_HandPose/work/HAR_mediapipe/data/gestos_pids/train//thumbsup/thumbsup_03023.jpg
0.4032500386238098,0.6484460234642029,0.42666661739349365,0.5466025471687317,0.4605445861816406,0.47123533487319946,0.487705260515213,0.4044455289840698,0.4918897747993469,0.3406050205230713,0.534317672252655,0.48986634612083435,0.551139235496521,0.5504944324493408,0.5307830572128296,0.5769219398498535,0.510744571685791,0.5735108256340027,0.5452488660812378,0.5580989718437195,0.5547321438789368,0.6096189022064209,0.5322901010513306,0.6288938522338867,0.5122390389442444,0.6245718002319336,0.5439215898513794,0.6286970973014832,0.5581669211387634,0.6650159358978271,0.5376687049865723,0.680095911026001,0.5158214569091797,0.6732214093208313,0.5354507565498352,0.6944097280502319,0.5543490052223206,0.721440851688385,0.5385068655014038,0.7336066365242004,0.5199805498123169,0.7316888570785522,thumbsup,03024,C:/Users/Javier/PIDS_HandPose/work/HAR_mediapipe/data/gestos_pids/train//thumbsup/thumbsup_03024.jpg
0.29519525170326233,0.7046868801116943,0.3318808078765869,0.6015425324440002,0.3810703754425049,0.4801648259162903,0.39963799715042114,0.3817099928855896,0.39139559864997864,0.2886531949043274,0.34317728877067566,0.479739785194397,0.434773713350296,0.5202920436859131,0.4171248972415924,0.5442298054695129,0.3875965178012848,0.535081148147583,0.3273400664329529,0.561062216758728,0.4321880638599396,0.6022422909736633,0.40833112597465515,0.6169916391372681,0.37402769923210144,0.6078962087631226,0.3244304656982422,0.6480636596679688,0.42450055480003357,0.6819272637367249,0.40087923407554626,0.6881449818611145,0.36956071853637695,0.6786503791809082,0.32809630036354065,0.7287202477455139,0.4106930196285248,0.7482945322990417,0.39451444149017334,0.7474771738052368,0.366288423538208,0.73741614818573,thumbsup,03025,C:/Users/Javier/PIDS_HandPose/work/HAR_mediapipe/data/gestos_pids/train//thumbsup/thumbsup_03025.jpg
0.2751167118549347,0.7441840767860413,0.2791377007961273,0.6089571714401245,0.2453279048204422,0.4443261921405792,0.21034586429595947,0.34009289741516113,0.19474327564239502,0.24931979179382324,0.119153693318367,0.48566094040870667,0.14621491730213165,0.4889380931854248,0.19658035039901733,0.5360509753227234,0.20052076876163483,0.5477669835090637,0.09321186691522598,0.5724519491195679,0.13020488619804382,0.5902502536773682,0.19156457483768463,0.6269479393959045,0.1845855861902237,0.6115107536315918,0.09163913875818253,0.6692054271697998,0.11881063878536224,0.6842909455299377,0.1720854490995407,0.7031623125076294,0.16407939791679382,0.684464693069458,0.0993739515542984,0.7590484619140625,0.10985802114009857,0.7780073881149292,0.14404499530792236,0.7763524055480957,0.140843465924263,0.7605732679367065,thumbsup,03026,C:/Users/Javier/PIDS_HandPose/work/HAR_mediapipe/data/gestos_pids/train//thumbsup/thumbsup_03026.jpg
0.35097306966781616,0.8024299144744873,0.3731677532196045,0.6431410312652588,0.3401244878768921,0.4783886671066284,0.302626371383667,0.3660725951194763,0.2789463996887207,0.27534258365631104,0.2417062222957611,0.49396175146102905,0.23882746696472168,0.4902298152446747,0.289171040058136,0.5533333420753479,0.3035023510456085,0.5646039247512817,0.21810153126716614,0.572580873966217,0.21899403631687164,0.5827799439430237,0.2805894911289215,0.6326685547828674,0.2876272201538086,0.6229817271232605,0.20960630476474762,0.6656879186630249,0.20341020822525024,0.6719964146614075,0.26081591844558716,0.7053030133247375,0.26967257261276245,0.6950854659080505,0.2066977322101593,0.7527287602424622,0.1977224051952362,0.7647833824157715,0.23231241106987,0.7692937850952148,0.2369174212217331,0.7579805850982666,thumbsup,03027,C:/Users/Javier/PIDS_HandPose/work/HAR_mediapipe/data/gestos_pids/train//thumbsup/thumbsup_03027.jpg
0.36678892374038696,0.8020795583724976,0.3803390860557556,0.6492340564727783,0.347452312707901,0.48382604122161865,0.31282463669776917,0.3814752697944641,0.2894904613494873,0.29425543546676636,0.23855963349342346,0.5154778957366943,0.26642894744873047,0.5206415057182312,0.31337225437164307,0.5777356624603271,0.31454217433929443,0.591267466545105,0.21352818608283997,0.595102071762085,0.24846884608268738,0.6176589131355286,0.3049197494983673,0.6623978018760681,0.2994791865348816,0.6502218842506409,0.20998167991638184,0.6897979378700256,0.2334175556898117,0.7113125324249268,0.28580722212791443,0.7347793579101562,0.28268685936927795,0.7154889106750488,0.21461425721645355,0.7781606912612915,0.22289031744003296,0.8030750751495361,0.2562805116176605,0.8057315349578857,0.2549569010734558,0.7910034656524658,thumbsup,03028,C:/Users/Javier/PIDS_HandPose/work/HAR_mediapipe/data/gestos_pids/train//thumbsup/thumbsup_03028.jpg
0.8282277584075928,0.8154500126838684,0.8448672890663147,0.8308355212211609,0.8551050424575806,0.8538369536399841,0.8592683672904968,0.8742653131484985,0.8609694242477417,0.888922929763794,0.8584401607513428,0.8706799149513245,0.8641670346260071,0.9059653282165527,0.8667598366737366,0.9272035956382751,0.8690180778503418,0.9425832033157349,0.8506835699081421,0.8771027326583862,0.856691300868988,0.9173593521118164,0.8601070642471313,0.942961573600769,0.8629795908927917,0.9622302055358887,0.8399465084075928,0.8798767924308777,0.8450351357460022,0.9197765588760376,0.847453236579895,0.9446927309036255,0.84947270154953,0.9626880288124084,0.8275011777877808,0.8799137473106384,0.8285444378852844,0.9105952382087708,0.8293359279632568,0.9299407601356506,0.830057680606842,0.9456047415733337,thumbsup,03029,C:/Users/Javier/PIDS_HandPose/work/HAR_mediapipe/data/gestos_pids/train//thumbsup/thumbsup_03029.jpg
0.2726083993911743,0.9014236927032471,0.2904171943664551,0.8033919930458069,0.33209824562072754,0.6827584505081177,0.36387282609939575,0.5908308029174805,0.3719448149204254,0.5102255940437317,0.3045964241027832,0.6653630137443542,0.39408206939697266,0.6389750838279724,0.3980366587638855,0.6942073106765747,0.38046205043792725,0.7246437668800354,0.30131423473358154,0.7244898080825806,0.4036141633987427,0.6947291493415833,0.396506667137146,0.7460296750068665,0.36998704075813293,0.7715957164764404,0.30686742067337036,0.7928764224052429,0.40175458788871765,0.774344265460968,0.38776928186416626,0.810482382774353,0.3609975278377533,0.8223075270652771,0.3180604577064514,0.8614251613616943,0.39378663897514343,0.8460221290588379,0.38035905361175537,0.8622843623161316,0.35436931252479553,0.8636040687561035,thumbsup,03030,C:/Users/Javier/PIDS_HandPose/work/HAR_mediapipe/data/gestos_pids/train//thumbsup/thumbsup_03030.jpg
0.7376260757446289,0.538141667842865,0.6807082295417786,0.4366132616996765,0.6000795960426331,0.36690598726272583,0.5458307266235352,0.301119327545166,0.5244131684303284,0.22521032392978668,0.5534732937812805,0.4307183027267456,0.49068892002105713,0.5215521454811096,0.5179417133331299,0.5418846607208252,0.5419403314590454,0.5265070199966431,0.5676873326301575,0.519919216632843,0.5066088438034058,0.6076816916465759,0.5339774489402771,0.6122428774833679,0.5614141225814819,0.5892413258552551,0.592396080493927,0.6031320095062256,0.533286452293396,0.6683017015457153,0.5590064525604248,0.6635894179344177,0.5859947204589844,0.6407819986343384,0.6207862496376038,0.6730345487594604,0.5718980431556702,0.7088495492935181,0.5945360660552979,0.7011398077011108,0.6187658905982971,0.6815086007118225,thumbsup,03031,C:/Users/Javier/PIDS_HandPose/work/HAR_mediapipe/data/gestos_pids/train//thumbsup/thumbsup_03031.jpg
0.7436291575431824,0.5595124959945679,0.6938604712486267,0.46574175357818604,0.617855966091156,0.38673704862594604,0.5650007724761963,0.315861314535141,0.5464391708374023,0.22991913557052612,0.6006481647491455,0.39529094099998474,0.5154150724411011,0.5001481771469116,0.5372798442840576,0.5287479162216187,0.5640720725059509,0.5068874359130859,0.6185948252677917,0.4760550856590271,0.527807354927063,0.5800809860229492,0.554983377456665,0.5968714952468872,0.584035336971283,0.5792254209518433,0.6371093988418579,0.5607798099517822,0.5590525269508362,0.6502708196640015,0.5853079557418823,0.652201235294342,0.6127711534500122,0.6278992891311646,0.655513346195221,0.6358535289764404,0.596470057964325,0.69194495677948,0.6173885464668274,0.6872013807296753,0.6426243782043457,0.6666849255561829,thumbsup,03032,C:/Users/Javier/PIDS_HandPose/work/HAR_mediapipe/data/gestos_pids/train//thumbsup/thumbsup_03032.jpg
0.775065541267395,0.6521773338317871,0.7166702151298523,0.553918182849884,0.6595152616500854,0.4638739228248596,0.6211044788360596,0.37596893310546875,0.6141268610954285,0.286531925201416,0.6873682737350464,0.4557887017726898,0.5889971852302551,0.5349255800247192,0.6029411554336548,0.5742259621620178,0.6312968730926514,0.5535344481468201,0.7118140459060669,0.5401075482368469,0.6059834361076355,0.6234700083732605,0.6286537051200867,0.6408039331436157,0.6570045351982117,0.6217529773712158,0.7266327142715454,0.6247493028640747,0.63121497631073,0.704862654209137,0.6515527367591858,0.7119060754776001,0.679236114025116,0.68767911195755,0.7382170557975769,0.7046317458152771,0.6566870212554932,0.7601833343505859,0.6714092493057251,0.7586525678634644,0.6986847519874573,0.7402335405349731,thumbsup,03033,C:/Users/Javier/PIDS_HandPose/work/HAR_mediapipe/data/gestos_pids/train//thumbsup/thumbsup_03033.jpg
0.7753241062164307,0.6747567653656006,0.7327604293823242,0.5760401487350464,0.662693202495575,0.4942573010921478,0.6136439442634583,0.43036937713623047,0.5979740619659424,0.34936171770095825,0.6453675031661987,0.5248287320137024,0.5637707710266113,0.6099752187728882,0.5896362662315369,0.6261575818061829,0.6176939606666565,0.6005710363388062,0.6579736471176147,0.6058492064476013,0.5757080316543579,0.6884243488311768,0.6042773127555847,0.6905233263969421,0.6313371658325195,0.6724296808242798,0.6728493571281433,0.6889362335205078,0.5992440581321716,0.7524272799491882,0.6261516809463501,0.7458192110061646,0.6530410051345825,0.7276992797851562,0.6896103024482727,0.7600095868110657,0.6321493983268738,0.791459321975708,0.6518537998199463,0.7855117917060852,0.6760624647140503,0.7756519317626953,thumbsup,03034,C:/Users/Javier/PIDS_HandPose/work/HAR_mediapipe/data/gestos_pids/train//thumbsup/thumbsup_03034.jpg
0.7713541388511658,0.7001186013221741,0.7283759117126465,0.6006740927696228,0.6577604413032532,0.5189515352249146,0.6086902022361755,0.4556366205215454,0.5904753804206848,0.3825562000274658,0.6078612208366394,0.5746156573295593,0.5568030476570129,0.6336994767189026,0.5855134129524231,0.640627384185791,0.6125476360321045,0.6225652098655701,0.6124565601348877,0.6652856469154358,0.5642017126083374,0.7113857865333557,0.5932691693305969,0.7099238634109497,0.6202701330184937,0.6927424669265747,0.6262495517730713,0.7504633665084839,0.5829643607139587,0.7792080640792847,0.6091001033782959,0.7713087797164917,0.6345593333244324,0.7562822103500366,0.6446470022201538,0.8214866518974304,0.6120907664299011,0.8261691927909851,0.6367255449295044,0.8172831535339355,0.6591707468032837,0.8045331239700317,thumbsup,03035,C:/Users/Javier/PIDS_HandPose/work/HAR_mediapipe/data/gestos_pids/train//thumbsup/thumbsup_03035.jpg
0.7872610092163086,0.6734755039215088,0.740597665309906,0.5715444087982178,0.6708922982215881,0.49473753571510315,0.6213318705558777,0.4344271123409271,0.6008055806159973,0.3666704297065735,0.6183257699012756,0.5454639792442322,0.5652097463607788,0.6124703288078308,0.5904688835144043,0.6267621517181396,0.6144237518310547,0.613665759563446,0.6262873411178589,0.6290401220321655,0.5761122107505798,0.6878846287727356,0.6016800403594971,0.6922584772109985,0.6263546347618103,0.6775444746017456,0.6433071494102478,0.7099387049674988,0.5986462235450745,0.7506287693977356,0.6208730340003967,0.7477911114692688,0.6441062092781067,0.7350404858589172,0.6638103723526001,0.7794650793075562,0.6278710961341858,0.7942788600921631,0.6485217809677124,0.7896546721458435,0.6689381003379822,0.7785531282424927,thumbsup,03036,C:/Users/Javier/PIDS_HandPose/work/HAR_mediapipe/data/gestos_pids/train//thumbsup/thumbsup_03036.jpg
0.8177507519721985,0.747272253036499,0.7697089314460754,0.6372163891792297,0.7020856738090515,0.5427277088165283,0.6551629304885864,0.46348023414611816,0.642935037612915,0.37667402625083923,0.6916548609733582,0.5668335556983948,0.6012731194496155,0.6504101753234863,0.6239199638366699,0.6734713315963745,0.652681291103363,0.6509615778923035,0.7059313654899597,0.6501322388648987,0.6095829606056213,0.7318915128707886,0.6367515325546265,0.7402262687683105,0.6653111577033997,0.7235654592514038,0.7204550504684448,0.7349307537078857,0.6336553692817688,0.8038079738616943,0.6609867215156555,0.8000162839889526,0.6894159317016602,0.778207540512085,0.7358309626579285,0.8101155757904053,0.6672422289848328,0.8472541570663452,0.6877154111862183,0.8399853706359863,0.7145680785179138,0.824407160282135,thumbsup,03037,C:/Users/Javier/PIDS_HandPose/work/HAR_mediapipe/data/gestos_pids/train//thumbsup/thumbsup_03037.jpg
0.7932453751564026,0.7002189755439758,0.743646502494812,0.6063442230224609,0.7041928172111511,0.5175068974494934,0.6796460747718811,0.43377432227134705,0.6766893267631531,0.344294935464859,0.7481293678283691,0.5384408235549927,0.6598644256591797,0.5882450342178345,0.6563634872436523,0.6185994148254395,0.6773338913917542,0.6050710082054138,0.7692023515701294,0.6244436502456665,0.6654836535453796,0.6948446035385132,0.6740833520889282,0.7038908004760742,0.6987906098365784,0.6890385746955872,0.7797343730926514,0.7038730382919312,0.6858675479888916,0.7796550393104553,0.6988980174064636,0.7790033221244812,0.7264276146888733,0.7593066096305847,0.7854022979736328,0.7740311026573181,0.7119369506835938,0.8309425115585327,0.7207749485969543,0.8243352174758911,0.7454146146774292,0.8052223324775696,thumbsup,03038,C:/Users/Javier/PIDS_HandPose/work/HAR_mediapipe/data/gestos_pids/train//thumbsup/thumbsup_03038.jpg
0.24810412526130676,0.8266777992248535,0.2668025493621826,0.7192652821540833,0.31149202585220337,0.6235862374305725,0.33719372749328613,0.5495392084121704,0.3430332541465759,0.4824870824813843,0.33873116970062256,0.6290218830108643,0.402301549911499,0.6715066432952881,0.38271424174308777,0.6921077966690063,0.3592730462551117,0.6846374869346619,0.3415021598339081,0.7011136412620544,0.40628600120544434,0.7327352166175842,0.38352343440055847,0.7496278285980225,0.35709547996520996,0.7423284649848938,0.34181034564971924,0.7769259810447693,0.4012940526008606,0.7949974536895752,0.3787192106246948,0.8084844946861267,0.35123923420906067,0.8030106425285339,0.34062516689300537,0.8480732440948486,0.38561713695526123,0.8527019023895264,0.3660354018211365,0.8578543663024902,0.34336671233177185,0.8514446020126343,thumbsup,03039,C:/Users/Javier/PIDS_HandPose/work/HAR_mediapipe/data/gestos_pids/train//thumbsup/thumbsup_03039.jpg
0.2739642858505249,0.8150159120559692,0.29852184653282166,0.6934770345687866,0.3352346420288086,0.5980838537216187,0.3634742498397827,0.516298770904541,0.3683169186115265,0.4452742338180542,0.3908187448978424,0.6054631471633911,0.4398498237133026,0.6468831300735474,0.41816553473472595,0.675216019153595,0.3940398693084717,0.673103928565979,0.4011225700378418,0.6809350848197937,0.44369134306907654,0.7115352153778076,0.4206426441669464,0.7324111461639404,0.39651283621788025,0.7307555079460144,0.4029322564601898,0.7608145475387573,0.4428664445877075,0.7765528559684753,0.42083433270454407,0.7930480241775513,0.3952920436859131,0.7917990684509277,0.39884325861930847,0.8360841274261475,0.42602527141571045,0.8380786180496216,0.4056483209133148,0.8442878723144531,0.3847275376319885,0.8431392312049866,thumbsup,03040,C:/Users/Javier/PIDS_HandPose/work/HAR_mediapipe/data/gestos_pids/train//thumbsup/thumbsup_03040.jpg
0.29756659269332886,0.7265447378158569,0.31610119342803955,0.6312063336372375,0.358132004737854,0.5427692532539368,0.38511207699775696,0.4686078429222107,0.3880724310874939,0.3983333110809326,0.3901677131652832,0.5433529615402222,0.44959625601768494,0.5900077819824219,0.4289102256298065,0.6150857210159302,0.40563538670539856,0.6072362065315247,0.3929610848426819,0.6110627055168152,0.4531715512275696,0.6537399888038635,0.4297635853290558,0.674742579460144,0.40446773171424866,0.663375198841095,0.3934549391269684,0.6843388676643372,0.4501268267631531,0.7165611982345581,0.4267404079437256,0.7324100136756897,0.40012454986572266,0.7230203151702881,0.39243051409721375,0.7557089924812317,0.4350675344467163,0.768788754940033,0.4146772623062134,0.7769116163253784,0.39291444420814514,0.7697775959968567,thumbsup,03041,C:/Users/Javier/PIDS_HandPose/work/HAR_mediapipe/data/gestos_pids/train//thumbsup/thumbsup_03041.jpg
0.33027979731559753,0.7074249982833862,0.34695374965667725,0.6096674203872681,0.38266631960868835,0.5228201150894165,0.40799838304519653,0.4482966959476471,0.4083254933357239,0.3774517774581909,0.4173721373081207,0.5226194262504578,0.4758770763874054,0.5568813681602478,0.45647212862968445,0.5863359570503235,0.4347408711910248,0.584705650806427,0.4223223328590393,0.5885812044143677,0.4812934398651123,0.6199030876159668,0.4590330421924591,0.6438906788825989,0.43465086817741394,0.6368400454521179,0.4246768355369568,0.65965735912323,0.4794579744338989,0.6840943098068237,0.45683538913726807,0.7016900777816772,0.43105348944664,0.6944820284843445,0.4247850179672241,0.7273640632629395,0.4677754044532776,0.7404819130897522,0.44864460825920105,0.747409999370575,0.4269276559352875,0.7383127808570862,thumbsup,03042,C:/Users/Javier/PIDS_HandPose/work/HAR_mediapipe/data/gestos_pids/train//thumbsup/thumbsup_03042.jpg
0.3449726104736328,0.7271674871444702,0.3654041588306427,0.6355010867118835,0.4050350487232208,0.5410592555999756,0.42237529158592224,0.4636341333389282,0.417193740606308,0.39087051153182983,0.40308597683906555,0.5255042910575867,0.47879183292388916,0.5538904666900635,0.46433883905410767,0.5836353898048401,0.4403313994407654,0.5828579068183899,0.4013572931289673,0.5875438451766968,0.4852730333805084,0.6144967675209045,0.46459370851516724,0.6410660743713379,0.43619304895401,0.6375012397766113,0.4038389325141907,0.658732533454895,0.48193275928497314,0.6784342527389526,0.46141207218170166,0.698110818862915,0.43379536271095276,0.6963931322097778,0.4082338213920593,0.729089081287384,0.4691844582557678,0.7387019395828247,0.45459502935409546,0.7455180883407593,0.4315603971481323,0.7390459775924683,thumbsup,03043,C:/Users/Javier/PIDS_HandPose/work/HAR_mediapipe/data/gestos_pids/train//thumbsup/thumbsup_03043.jpg
0.3400372862815857,0.7162852883338928,0.35536324977874756,0.6175375580787659,0.39213812351226807,0.523484468460083,0.41083717346191406,0.4481261968612671,0.40888088941574097,0.38037824630737305,0.4080001711845398,0.5199275612831116,0.4751555323600769,0.5468653440475464,0.4581945538520813,0.5747063755989075,0.43490785360336304,0.5739415287971497,0.41226819157600403,0.5846936702728271,0.4824987053871155,0.6086701154708862,0.4621039032936096,0.6329928636550903,0.43603745102882385,0.6292502284049988,0.41693711280822754,0.6544132828712463,0.4842515289783478,0.6707733869552612,0.46334972977638245,0.6899094581604004,0.4359205663204193,0.6883640885353088,0.42128103971481323,0.7209977507591248,0.4732208549976349,0.7266075015068054,0.45564305782318115,0.7349005937576294,0.4319205582141876,0.7296404838562012,thumbsup,03044,C:/Users/Javier/PIDS_HandPose/work/HAR_mediapipe/data/gestos_pids/train//thumbsup/thumbsup_03044.jpg
0.34149858355522156,0.7053399085998535,0.3570510745048523,0.6058394908905029,0.39534804224967957,0.513904869556427,0.4181269109249115,0.44026660919189453,0.41959869861602783,0.37292784452438354,0.4171038568019867,0.5110429525375366,0.4801190495491028,0.5435081124305725,0.4615057408809662,0.5718239545822144,0.438803106546402,0.5688725113868713,0.4234456717967987,0.575739860534668,0.4868544936180115,0.6029536724090576,0.46560409665107727,0.6281651258468628,0.4405657649040222,0.6230534911155701,0.4287278354167938,0.6460472345352173,0.48807328939437866,0.6644282341003418,0.46598178148269653,0.6847794055938721,0.43954265117645264,0.6818803548812866,0.43264177441596985,0.7135210037231445,0.4768294394016266,0.7186591625213623,0.45763424038887024,0.7298102378845215,0.4357956349849701,0.7264299988746643,thumbsup,03045,C:/Users/Javier/PIDS_HandPose/work/HAR_mediapipe/data/gestos_pids/train//thumbsup/thumbsup_03045.jpg
0.338382750749588,0.662351667881012,0.35380011796951294,0.5692110061645508,0.39395374059677124,0.48145249485969543,0.41714006662368774,0.41358500719070435,0.419655978679657,0.35078859329223633,0.41039708256721497,0.4764888286590576,0.474252313375473,0.5154855847358704,0.45566949248313904,0.5362345576286316,0.43330711126327515,0.5281642079353333,0.4143392741680145,0.5395203828811646,0.4798964560031891,0.5717973113059998,0.4567999541759491,0.5893800854682922,0.4318576157093048,0.5818309187889099,0.4178878664970398,0.6076479554176331,0.47846001386642456,0.6314007043838501,0.45681896805763245,0.6441776156425476,0.4315730035305023,0.637974202632904,0.42029762268066406,0.6725982427597046,0.4656403958797455,0.6825808882713318,0.44693127274513245,0.6890411376953125,0.42537617683410645,0.6815898418426514,thumbsup,03046,C:/Users/Javier/PIDS_HandPose/work/HAR_mediapipe/data/gestos_pids/train//thumbsup/thumbsup_03046.jpg
0.3498607873916626,0.6938612461090088,0.3654099404811859,0.5966677069664001,0.4047814607620239,0.5035762786865234,0.42820650339126587,0.431243896484375,0.4314061403274536,0.3660881519317627,0.4284975230693817,0.5007768273353577,0.4910217523574829,0.5367643237113953,0.4721801280975342,0.5625994801521301,0.44913411140441895,0.5569713711738586,0.43346288800239563,0.5699917078018188,0.49711453914642334,0.5981889963150024,0.4749545156955719,0.6200276017189026,0.4492952525615692,0.6125752925872803,0.43782225251197815,0.64326411485672,0.49731117486953735,0.6596938967704773,0.4750264883041382,0.6761888861656189,0.4478003978729248,0.6714780926704407,0.4413445293903351,0.7115346193313599,0.48630350828170776,0.7136788368225098,0.46580731868743896,0.7228115797042847,0.4424576163291931,0.7183571457862854,thumbsup,03047,C:/Users/Javier/PIDS_HandPose/work/HAR_mediapipe/data/gestos_pids/train//thumbsup/thumbsup_03047.jpg
0.327373206615448,0.6869916915893555,0.3441613018512726,0.597046434879303,0.3826851546764374,0.49585962295532227,0.4013972878456116,0.42035233974456787,0.3997448682785034,0.3517064154148102,0.3802682161331177,0.48676374554634094,0.45421934127807617,0.5054446458816528,0.44097405672073364,0.5311056971549988,0.41824936866760254,0.5330742597579956,0.38033726811408997,0.5478667616844177,0.4627678096294403,0.5651806592941284,0.44401225447654724,0.5854445099830627,0.4166054129600525,0.583666980266571,0.3843366801738739,0.6158491969108582,0.46048176288604736,0.6278371810913086,0.44133734703063965,0.6432900428771973,0.4155975878238678,0.6422002911567688,0.3899654150009155,0.6826607584953308,0.4500056505203247,0.684691309928894,0.43397456407546997,0.6930401921272278,0.4112812280654907,0.6892549991607666,thumbsup,03048,C:/Users/Javier/PIDS_HandPose/work/HAR_mediapipe/data/gestos_pids/train//thumbsup/thumbsup_03048.jpg
0.33769065141677856,0.6669256687164307,0.35382071137428284,0.5759031772613525,0.39235204458236694,0.48511916399002075,0.41448426246643066,0.4166701138019562,0.4149737060070038,0.35275667905807495,0.40085145831108093,0.4748119115829468,0.4685714542865753,0.5083290338516235,0.45305967330932617,0.5313507914543152,0.43093451857566833,0.5272772908210754,0.4038636386394501,0.5341434478759766,0.4753584563732147,0.5630795955657959,0.4547654092311859,0.5839815139770508,0.4295988082885742,0.5792496204376221,0.4080790579319,0.6002649068832397,0.47415438294410706,0.6228882670402527,0.45350319147109985,0.6388347148895264,0.42848896980285645,0.6346245408058167,0.41177287697792053,0.6646265983581543,0.46021345257759094,0.6767930388450623,0.4425268769264221,0.6852976083755493,0.42131417989730835,0.6785972118377686,thumbsup,03049,C:/Users/Javier/PIDS_HandPose/work/HAR_mediapipe/data/gestos_pids/train//thumbsup/thumbsup_03049.jpg
0.33601754903793335,0.667317271232605,0.35119763016700745,0.5762047171592712,0.39043331146240234,0.4861055314540863,0.4134654104709625,0.4188694953918457,0.41524577140808105,0.3565901517868042,0.40215909481048584,0.47436124086380005,0.4693290591239929,0.5132452249526978,0.4516483545303345,0.5352300405502319,0.4289093017578125,0.5283589959144592,0.4042181968688965,0.5332692265510559,0.4735262989997864,0.5678439140319824,0.4525001049041748,0.5879754424095154,0.42827746272087097,0.580819845199585,0.4077169895172119,0.5987939834594727,0.4716297388076782,0.6264180541038513,0.45056766271591187,0.6416341066360474,0.4258826673030853,0.6357301473617554,0.4112360179424286,0.6627238392829895,0.45907655358314514,0.6781393885612488,0.44025492668151855,0.6865201592445374,0.4185773432254791,0.6785634756088257,thumbsup,03050,C:/Users/Javier/PIDS_HandPose/work/HAR_mediapipe/data/gestos_pids/train//thumbsup/thumbsup_03050.jpg
0.31028616428375244,0.6838907599449158,0.3274362087249756,0.5927982330322266,0.3662867546081543,0.5016481280326843,0.38785383105278015,0.43456804752349854,0.3901784121990204,0.3726160526275635,0.3745240569114685,0.49158143997192383,0.4409977197647095,0.5243494510650635,0.42619165778160095,0.5496109127998352,0.4046249985694885,0.5479975342750549,0.37681564688682556,0.552509605884552,0.44513383507728577,0.5812328457832336,0.4259260594844818,0.6031293869018555,0.4014867842197418,0.5985415577888489,0.3803008794784546,0.618816614151001,0.44419389963150024,0.6398444771766663,0.42428284883499146,0.6562442779541016,0.39921316504478455,0.652860701084137,0.38376182317733765,0.6818085312843323,0.43136411905288696,0.6914577484130859,0.41384831070899963,0.7010097503662109,0.3927730321884155,0.6965235471725464,thumbsup,03051,C:/Users/Javier/PIDS_HandPose/work/HAR_mediapipe/data/gestos_pids/train//thumbsup/thumbsup_03051.jpg
0.3075270354747772,0.711635410785675,0.328809529542923,0.6245298385620117,0.3709075152873993,0.53643399477005,0.39425674080848694,0.4701573848724365,0.39513516426086426,0.40595072507858276,0.37563544511795044,0.5281757712364197,0.44352805614471436,0.5636284947395325,0.42854276299476624,0.5876350998878479,0.406271368265152,0.5850821733474731,0.37494271993637085,0.5883422493934631,0.4474189877510071,0.6216760277748108,0.4279250204563141,0.641950249671936,0.4022737443447113,0.6361996531486511,0.37640637159347534,0.6546180248260498,0.4433356821537018,0.6814035177230835,0.42306214570999146,0.6966436505317688,0.39801540970802307,0.6924935579299927,0.37850624322891235,0.719199538230896,0.4286220669746399,0.7329623699188232,0.4105159640312195,0.7416768074035645,0.3895176351070404,0.7372554540634155,thumbsup,03052,C:/Users/Javier/PIDS_HandPose/work/HAR_mediapipe/data/gestos_pids/train//thumbsup/thumbsup_03052.jpg
0.3989536166191101,0.8063918352127075,0.43863704800605774,0.6937965750694275,0.48526376485824585,0.6097073554992676,0.5191425085067749,0.5317666530609131,0.5292837619781494,0.45872965455055237,0.5437604784965515,0.6326239109039307,0.5898319482803345,0.6967315673828125,0.565605640411377,0.7262212038040161,0.5433266758918762,0.7198060750961304,0.5467591285705566,0.7157759666442871,0.5882775187492371,0.769541323184967,0.5624796152114868,0.7861568331718445,0.5375236868858337,0.7755400538444519,0.5404927134513855,0.7998393177986145,0.5785143971443176,0.8392221331596375,0.5520896315574646,0.8491018414497375,0.5250747799873352,0.8347964286804199,0.5275043249130249,0.8770546913146973,0.5509704947471619,0.8972377777099609,0.5272019505500793,0.8955011367797852,0.5053657293319702,0.8815556168556213,thumbsup,03053,C:/Users/Javier/PIDS_HandPose/work/HAR_mediapipe/data/gestos_pids/train//thumbsup/thumbsup_03053.jpg
0.4147781729698181,0.7652157545089722,0.4530072808265686,0.6480787396430969,0.5032074451446533,0.5627266764640808,0.5388501882553101,0.4859081506729126,0.5497294664382935,0.41081270575523376,0.5675626397132874,0.5899530649185181,0.6108865141868591,0.6703535318374634,0.586978554725647,0.6978382468223572,0.5652311444282532,0.6880931258201599,0.5694224834442139,0.6723849773406982,0.6093228459358215,0.7396794557571411,0.5831449627876282,0.7539405822753906,0.5567163825035095,0.7403134107589722,0.5611847043037415,0.756679356098175,0.5990480780601501,0.8018621206283569,0.5738887786865234,0.8116254210472107,0.546898603439331,0.7974621057510376,0.5476122498512268,0.8354686498641968,0.5768954157829285,0.859505295753479,0.5527733564376831,0.8590089082717896,0.5292533040046692,0.8452404141426086,thumbsup,03054,C:/Users/Javier/PIDS_HandPose/work/HAR_mediapipe/data/gestos_pids/train//thumbsup/thumbsup_03054.jpg
0.8782632350921631,0.8587238192558289,0.8424923419952393,0.7748501300811768,0.7712896466255188,0.6996132135391235,0.7175938487052917,0.6353133916854858,0.6918359994888306,0.5585359334945679,0.7549139857292175,0.7047982215881348,0.6610724925994873,0.7806679606437683,0.6804878115653992,0.8041887283325195,0.7102377414703369,0.7870386242866516,0.7680610418319702,0.7790791988372803,0.6738341450691223,0.8530727624893188,0.697876513004303,0.8638753294944763,0.7235541343688965,0.8479697108268738,0.7816484570503235,0.8577778339385986,0.698138952255249,0.9118562936782837,0.718256950378418,0.917841911315918,0.7419252395629883,0.9056529402732849,0.79689621925354,0.9271478652954102,0.7267112135887146,0.9582018852233887,0.739689826965332,0.9620823860168457,0.7622096538543701,0.9557759165763855,thumbsup,03056,C:/Users/Javier/PIDS_HandPose/work/HAR_mediapipe/data/gestos_pids/train//thumbsup/thumbsup_03056.jpg
0.850387692451477,0.851902425289154,0.8076851963996887,0.7539159059524536,0.7306815385818481,0.6779093146324158,0.6743249297142029,0.6211180686950684,0.6512447595596313,0.5440688729286194,0.7131731510162354,0.6962934136390686,0.6276327967643738,0.7730327844619751,0.6515265703201294,0.7883292436599731,0.6806365847587585,0.7664883136749268,0.7251924872398376,0.7809236645698547,0.637151300907135,0.8550049662590027,0.6632996201515198,0.8561153411865234,0.6923223733901978,0.8386954069137573,0.7410205006599426,0.8664201498031616,0.6607357859611511,0.9223651885986328,0.6841356158256531,0.9165112376213074,0.7114264369010925,0.8987689018249512,0.7584649324417114,0.9409303665161133,0.6923778653144836,0.9679330587387085,0.7091881036758423,0.9616104364395142,0.7341964244842529,0.9505685567855835,thumbsup,03057,C:/Users/Javier/PIDS_HandPose/work/HAR_mediapipe/data/gestos_pids/train//thumbsup/thumbsup_03057.jpg
0.878265380859375,0.8655243515968323,0.8351882100105286,0.7795141935348511,0.7561335563659668,0.7121264934539795,0.6965798139572144,0.6566624045372009,0.6644064784049988,0.58389812707901,0.740246057510376,0.7045390009880066,0.6544292569160461,0.7684878706932068,0.6731283068656921,0.7985131144523621,0.7029402852058411,0.7853484749794006,0.7494446635246277,0.7735192775726318,0.6567105650901794,0.8321319222450256,0.6818447113037109,0.8522833585739136,0.7107928991317749,0.8412231206893921,0.7617852091789246,0.852595329284668,0.6723392605781555,0.8999426364898682,0.6981201171875,0.9123638868331909,0.7265677452087402,0.8971874713897705,0.7766096591949463,0.9302101135253906,0.7027965188026428,0.9587724804878235,0.7185202240943909,0.9640071988105774,0.7430727481842041,0.9558284282684326,thumbsup,03058,C:/Users/Javier/PIDS_HandPose/work/HAR_mediapipe/data/gestos_pids/train//thumbsup/thumbsup_03058.jpg
0.8551393151283264,0.8829437494277954,0.8171170949935913,0.7708237767219543,0.743363082408905,0.6832053065299988,0.6856189370155334,0.6155800819396973,0.6591595411300659,0.5368967652320862,0.7277950644493103,0.7143399715423584,0.6379863619804382,0.7731252312660217,0.6612184643745422,0.7871675491333008,0.69049471616745,0.7684383988380432,0.7342469096183777,0.7972337007522583,0.6468448638916016,0.851744532585144,0.6711900234222412,0.8512972593307495,0.6975264549255371,0.8374747037887573,0.7432166934013367,0.8780919313430786,0.6658728122711182,0.9127758741378784,0.6874498128890991,0.9091935753822327,0.7118624448776245,0.8965202569961548,0.7542373538017273,0.9460534453392029,0.6887227892875671,0.95688796043396,0.7061095237731934,0.9589579105377197,0.7302380800247192,0.9580913186073303,thumbsup,03059,C:/Users/Javier/PIDS_HandPose/work/HAR_mediapipe/data/gestos_pids/train//thumbsup/thumbsup_03059.jpg
0.8667137622833252,0.7946493029594421,0.841468334197998,0.6690112352371216,0.7812580466270447,0.5580354332923889,0.7379070520401001,0.4800272583961487,0.7253047823905945,0.39635950326919556,0.7421495318412781,0.6023427844047546,0.6573159694671631,0.6309523582458496,0.6828770041465759,0.6432727575302124,0.714965283870697,0.6354691386222839,0.7420080900192261,0.6961871981620789,0.6581385135650635,0.7118487358093262,0.6863090991973877,0.7174040675163269,0.7185455560684204,0.7167975306510925,0.7475709319114685,0.7875654697418213,0.6715952157974243,0.7870524525642395,0.6969538927078247,0.7873151302337646,0.7265763878822327,0.7840754389762878,0.7567660212516785,0.8648937344551086,0.6929193735122681,0.8469237089157104,0.7130748629570007,0.8441148996353149,0.7383623123168945,0.8445628881454468,thumbsup,03060,C:/Users/Javier/PIDS_HandPose/work/HAR_mediapipe/data/gestos_pids/train//thumbsup/thumbsup_03060.jpg
0.8823509812355042,0.8494024872779846,0.8577880263328552,0.7136326432228088,0.7920618653297424,0.6019765138626099,0.7444550395011902,0.5215370059013367,0.7291620373725891,0.4357414245605469,0.7597604990005493,0.6426078081130981,0.6679821014404297,0.6680590510368347,0.6887422800064087,0.6844666600227356,0.7200942039489746,0.6855340003967285,0.7569608092308044,0.7392762303352356,0.6651016473770142,0.7510318756103516,0.6894304752349854,0.7600399255752563,0.720833420753479,0.7646028399467468,0.7608288526535034,0.8319869041442871,0.6774187088012695,0.8224855661392212,0.699876070022583,0.8225709199905396,0.7298949360847473,0.8244456052780151,0.7682332992553711,0.9101945161819458,0.6991154551506042,0.8843424320220947,0.7161169052124023,0.8773645758628845,0.7410791516304016,0.8784120082855225,thumbsup,03061,C:/Users/Javier/PIDS_HandPose/work/HAR_mediapipe/data/gestos_pids/train//thumbsup/thumbsup_03061.jpg
0.8799092769622803,0.8468846082687378,0.8508139848709106,0.7129403948783875,0.7853437066078186,0.602302610874176,0.7380996942520142,0.5206731557846069,0.7211589217185974,0.4362187385559082,0.7480607032775879,0.6489505767822266,0.6603041887283325,0.6751310229301453,0.6836744546890259,0.6870505809783936,0.7158011794090271,0.6830611228942871,0.7464169263839722,0.7446281313896179,0.6592419147491455,0.7576584815979004,0.6857256889343262,0.7626577019691467,0.7173029780387878,0.7618392109870911,0.751352846622467,0.8381695747375488,0.6723402142524719,0.8337756395339966,0.6980431079864502,0.8323608636856079,0.7293392419815063,0.8306789398193359,0.7602017521858215,0.9200592041015625,0.6937101483345032,0.8971825838088989,0.7146666646003723,0.8918193578720093,0.7420365810394287,0.8937156796455383,thumbsup,03062,C:/Users/Javier/PIDS_HandPose/work/HAR_mediapipe/data/gestos_pids/train//thumbsup/thumbsup_03062.jpg
0.8449224829673767,0.7390847206115723,0.8165031671524048,0.6125794649124146,0.7501983642578125,0.5074533224105835,0.6994689702987671,0.43284690380096436,0.683274507522583,0.3511120676994324,0.7108026146888733,0.5533967614173889,0.6284660696983337,0.5972164273262024,0.6559690833091736,0.6132327318191528,0.6894352436065674,0.6017058491706848,0.7120772004127502,0.647018313407898,0.6303851008415222,0.6822474002838135,0.659881055355072,0.6869186758995056,0.6912822127342224,0.6779225468635559,0.7208824753761292,0.7379396557807922,0.6452726721763611,0.752208948135376,0.6702969670295715,0.749884843826294,0.6988058686256409,0.7397955060005188,0.7351980209350586,0.8144229650497437,0.672481894493103,0.8092411756515503,0.6922335624694824,0.8061962127685547,0.7174693942070007,0.8007657527923584,thumbsup,03063,C:/Users/Javier/PIDS_HandPose/work/HAR_mediapipe/data/gestos_pids/train//thumbsup/thumbsup_03063.jpg
0.8876924514770508,0.7823277115821838,0.8563119173049927,0.6506395936012268,0.7824655175209045,0.5462173819541931,0.7289713025093079,0.47127771377563477,0.7121238708496094,0.3826953172683716,0.7465709447860718,0.5914551019668579,0.6572026610374451,0.6389232873916626,0.6827017068862915,0.6522678136825562,0.7152193188667297,0.6396399140357971,0.7505457997322083,0.6870517134666443,0.6644852757453918,0.7241798639297485,0.6928635239601135,0.7284109592437744,0.7245341539382935,0.7211660146713257,0.7609477639198303,0.7799502611160278,0.6821780800819397,0.7954960465431213,0.7089781761169434,0.7946355938911438,0.7389839291572571,0.7864552140235901,0.7747772336006165,0.8592404127120972,0.7080890536308289,0.8525831699371338,0.7302128076553345,0.8490859270095825,0.7571713328361511,0.8456780910491943,thumbsup,03064,C:/Users/Javier/PIDS_HandPose/work/HAR_mediapipe/data/gestos_pids/train//thumbsup/thumbsup_03064.jpg
0.8904002904891968,0.7847487330436707,0.8581257462501526,0.6561234593391418,0.7871288061141968,0.549428403377533,0.7355453372001648,0.47477149963378906,0.7189077138900757,0.3870299160480499,0.7505819797515869,0.5982582569122314,0.6645147204399109,0.643233597278595,0.6902987957000732,0.6536648869514465,0.7226453423500061,0.6412408947944641,0.7542692422866821,0.6951448917388916,0.6678944826126099,0.7297123074531555,0.695805549621582,0.7317812442779541,0.7281571626663208,0.7257578372955322,0.764626145362854,0.7896128296852112,0.6850466728210449,0.8033648133277893,0.711739718914032,0.8007059693336487,0.7426136136054993,0.7930942177772522,0.7785925269126892,0.8699849247932434,0.7117087244987488,0.8616372346878052,0.7337819933891296,0.8563575744628906,0.7612414956092834,0.8539279103279114,thumbsup,03065,C:/Users/Javier/PIDS_HandPose/work/HAR_mediapipe/data/gestos_pids/train//thumbsup/thumbsup_03065.jpg
0.8965546488761902,0.793596088886261,0.8635208010673523,0.6672047972679138,0.7905974984169006,0.5619996786117554,0.7394810318946838,0.4861178994178772,0.723828136920929,0.3981848955154419,0.7547522783279419,0.6142002940177917,0.6688884496688843,0.6530473232269287,0.6968090534210205,0.6593866348266602,0.7306442260742188,0.6456648111343384,0.7591186165809631,0.7137497067451477,0.6733117699623108,0.7384005784988403,0.7040132880210876,0.7376790642738342,0.7369989156723022,0.7306969165802002,0.7700881361961365,0.8097853064537048,0.68980872631073,0.8153073191642761,0.7189488410949707,0.8107168674468994,0.7508669495582581,0.8026746511459351,0.7848666310310364,0.891546368598938,0.7171460390090942,0.8790082931518555,0.740792453289032,0.8717407584190369,0.7689232230186462,0.8689078688621521,thumbsup,03066,C:/Users/Javier/PIDS_HandPose/work/HAR_mediapipe/data/gestos_pids/train//thumbsup/thumbsup_03066.jpg
0.8498224020004272,0.7705144286155701,0.8246598243713379,0.6371784210205078,0.7592877149581909,0.5267336368560791,0.7105671763420105,0.44659820199012756,0.6939963698387146,0.36160266399383545,0.7113032341003418,0.5730187892913818,0.6311103105545044,0.6046909093856812,0.6548559069633484,0.6207631826400757,0.6861408352851868,0.6173774600028992,0.7087773084640503,0.665855348110199,0.6311191320419312,0.684869647026062,0.6592355966567993,0.6922798156738281,0.6914786696434021,0.6909877061843872,0.7141240835189819,0.7566548585891724,0.64458167552948,0.7576912045478821,0.6708248257637024,0.7577189207077026,0.7003702521324158,0.7564058303833008,0.7247692346572876,0.8351888656616211,0.6670969128608704,0.817203164100647,0.6894072890281677,0.8153930902481079,0.71492999792099,0.8161311149597168,thumbsup,03067,C:/Users/Javier/PIDS_HandPose/work/HAR_mediapipe/data/gestos_pids/train//thumbsup/thumbsup_03067.jpg
0.857467770576477,0.8119205236434937,0.8345115184783936,0.6747643947601318,0.7631053924560547,0.5630292892456055,0.7101476192474365,0.4808415472507477,0.690903902053833,0.3933529257774353,0.7150041460990906,0.6157984137535095,0.6374878287315369,0.6406632661819458,0.6647168397903442,0.6504154205322266,0.6989545822143555,0.6444050669670105,0.7108084559440613,0.7112180590629578,0.6357678174972534,0.7274513840675354,0.6648394465446472,0.730424165725708,0.6975162625312805,0.7241359353065491,0.7149532437324524,0.8022982478141785,0.6517049670219421,0.7960827350616455,0.6766802072525024,0.7930852174758911,0.7058881521224976,0.7870745658874512,0.7259056568145752,0.8754699230194092,0.6762620806694031,0.8460919260978699,0.6995491981506348,0.843652069568634,0.7260584831237793,0.8423749208450317,thumbsup,03068,C:/Users/Javier/PIDS_HandPose/work/HAR_mediapipe/data/gestos_pids/train//thumbsup/thumbsup_03068.jpg
0.8406956195831299,0.7777186632156372,0.8162845969200134,0.6319831609725952,0.7482710480690002,0.5232175588607788,0.6981625556945801,0.44076216220855713,0.6833376884460449,0.3560004234313965,0.6990293264389038,0.5680687427520752,0.6200716495513916,0.602681577205658,0.6455214023590088,0.6151783466339111,0.6755744218826294,0.6071043014526367,0.6967399716377258,0.6610791087150574,0.6228472590446472,0.6810502409934998,0.6512308120727539,0.6855977773666382,0.6820855736732483,0.6817836761474609,0.7025209665298462,0.7508425712585449,0.6394022703170776,0.748775839805603,0.6633346676826477,0.7492815852165222,0.691700279712677,0.747237503528595,0.7147136330604553,0.8265841007232666,0.6628748178482056,0.8019933700561523,0.6849567890167236,0.801842212677002,0.7112030386924744,0.804070234298706,thumbsup,03069,C:/Users/Javier/PIDS_HandPose/work/HAR_mediapipe/data/gestos_pids/train//thumbsup/thumbsup_03069.jpg
0.3001818060874939,0.8027703762054443,0.3309516906738281,0.7088914513587952,0.380002498626709,0.6440286636352539,0.4169318675994873,0.5884119272232056,0.43310385942459106,0.5302206873893738,0.4112496078014374,0.6618549823760986,0.4767826199531555,0.6923261880874634,0.45894521474838257,0.713819682598114,0.4364248514175415,0.7126983404159546,0.41121357679367065,0.726185142993927,0.4808240234851837,0.7578610181808472,0.4593541622161865,0.771281898021698,0.43320852518081665,0.7635647058486938,0.4064277112483978,0.7946861386299133,0.4735778570175171,0.8199218511581421,0.4527119994163513,0.825509786605835,0.4262497127056122,0.8155152797698975,0.3982604742050171,0.8589740991592407,0.45148321986198425,0.8737803101539612,0.44000691175460815,0.8707380890846252,0.4202929735183716,0.8584110140800476,thumbsup,03070,C:/Users/Javier/PIDS_HandPose/work/HAR_mediapipe/data/gestos_pids/train//thumbsup/thumbsup_03070.jpg
0.34997254610061646,0.7129277586936951,0.3631232976913452,0.6416304707527161,0.39328375458717346,0.578182578086853,0.4100315272808075,0.5209124088287354,0.4133438766002655,0.46864473819732666,0.4223037362098694,0.5759139060974121,0.4747220575809479,0.5965588092803955,0.4623700678348541,0.6172324419021606,0.44463589787483215,0.6143539547920227,0.42378953099250793,0.6168199181556702,0.47889721393585205,0.6349741220474243,0.46189409494400024,0.6559919118881226,0.44133779406547546,0.6522923707962036,0.42323967814445496,0.66734778881073,0.47371840476989746,0.6820086240768433,0.4539712965488434,0.6999063491821289,0.4328915774822235,0.6979544162750244,0.4199930727481842,0.721408486366272,0.4584152102470398,0.7313600778579712,0.4419111907482147,0.7397797107696533,0.4232456684112549,0.7370111346244812,thumbsup,04001,C:/Users/Javier/PIDS_HandPose/work/HAR_mediapipe/data/gestos_pids/train//thumbsup/thumbsup_04001.jpg
0.7417030930519104,0.8565689325332642,0.7224839329719543,0.7644777894020081,0.6888986229896545,0.6859158277511597,0.6727186441421509,0.6179073452949524,0.6773282289505005,0.5626121163368225,0.6520469188690186,0.7012554407119751,0.6004336476325989,0.6867318153381348,0.6178645491600037,0.698700487613678,0.639479398727417,0.7072858214378357,0.6443002820014954,0.7581523060798645,0.5960718989372253,0.734366238117218,0.6138464212417603,0.7430570721626282,0.6337716579437256,0.7538188695907593,0.6422604322433472,0.8175146579742432,0.6041140556335449,0.7924073338508606,0.6209362745285034,0.7947379946708679,0.6390944123268127,0.803636908531189,0.6445569396018982,0.8734144568443298,0.6124320030212402,0.8421069383621216,0.6276315450668335,0.8418391346931458,0.6432597637176514,0.8504807353019714,thumbsup,04002,C:/Users/Javier/PIDS_HandPose/work/HAR_mediapipe/data/gestos_pids/train//thumbsup/thumbsup_04002.jpg
0.26349449157714844,0.8765915632247925,0.2896701693534851,0.7824440002441406,0.321336030960083,0.7217910289764404,0.34501340985298157,0.661228358745575,0.34830883145332336,0.6007181406021118,0.3678368031978607,0.7677214741706848,0.41261300444602966,0.7472736835479736,0.3915499150753021,0.7471278309822083,0.37027862668037415,0.7563363909721375,0.3718133270740509,0.8259868621826172,0.41645926237106323,0.797675371170044,0.39754518866539,0.7903438210487366,0.37782174348831177,0.798700749874115,0.3684750199317932,0.8793920874595642,0.41038188338279724,0.8457037210464478,0.39289331436157227,0.8390748500823975,0.3735928535461426,0.8458012938499451,0.36058059334754944,0.924314022064209,0.3913835287094116,0.8980182409286499,0.3780032992362976,0.8869340419769287,0.3604874908924103,0.8894439339637756,thumbsup,04003,C:/Users/Javier/PIDS_HandPose/work/HAR_mediapipe/data/gestos_pids/train//thumbsup/thumbsup_04003.jpg
0.27703726291656494,0.8797025084495544,0.30418747663497925,0.7877079844474792,0.33569106459617615,0.7265529036521912,0.35815492272377014,0.6642029285430908,0.36056792736053467,0.6032945513725281,0.38230517506599426,0.7663305401802063,0.429993599653244,0.7531173229217529,0.4105345904827118,0.7523783445358276,0.38905373215675354,0.7580832839012146,0.385955810546875,0.8258786201477051,0.43364277482032776,0.8034806251525879,0.41429203748703003,0.7973825335502625,0.39344459772109985,0.8022254705429077,0.3825214207172394,0.88148033618927,0.42669740319252014,0.8509580492973328,0.4081668555736542,0.8467361927032471,0.388352632522583,0.8518280386924744,0.37469375133514404,0.9299103021621704,0.40738895535469055,0.9024544954299927,0.39302489161491394,0.8944123387336731,0.3751290738582611,0.8976680636405945,thumbsup,04004,C:/Users/Javier/PIDS_HandPose/work/HAR_mediapipe/data/gestos_pids/train//thumbsup/thumbsup_04004.jpg
0.3055388331413269,0.6684945821762085,0.32204365730285645,0.5811539888381958,0.35181868076324463,0.508758544921875,0.3704063594341278,0.4473750591278076,0.37694117426872253,0.39294832944869995,0.3924614489078522,0.5210242867469788,0.44849908351898193,0.5370132327079773,0.4310605823993683,0.5534621477127075,0.4092792868614197,0.5542441010475159,0.3956134021282196,0.5780461430549622,0.4542100727558136,0.5854097604751587,0.4337393343448639,0.6000010967254639,0.40936997532844543,0.600181519985199,0.39611726999282837,0.6394055485725403,0.4471755623817444,0.637019693851471,0.4265437722206116,0.6525894999504089,0.4043462574481964,0.6547186374664307,0.3940412998199463,0.699836254119873,0.4319678843021393,0.6976114511489868,0.4170335829257965,0.7071628570556641,0.40070703625679016,0.7102785110473633,thumbsup,04005,C:/Users/Javier/PIDS_HandPose/work/HAR_mediapipe/data/gestos_pids/train//thumbsup/thumbsup_04005.jpg
0.33322668075561523,0.7626354098320007,0.34288468956947327,0.6659625172615051,0.36130160093307495,0.5847474932670593,0.3719555139541626,0.5114656686782837,0.3689870834350586,0.4520299434661865,0.41910237073898315,0.5990179181098938,0.45197948813438416,0.5933378338813782,0.4353838860988617,0.6121577024459839,0.4157105088233948,0.6253055930137634,0.43258509039878845,0.6540765762329102,0.46383535861968994,0.637973427772522,0.44777944684028625,0.6488029956817627,0.4290611743927002,0.6617277264595032,0.43837031722068787,0.712623655796051,0.46497970819473267,0.68479984998703,0.44915279746055603,0.6970698833465576,0.42979809641838074,0.7099332809448242,0.4385665953159332,0.7689130306243896,0.4583882689476013,0.7411285042762756,0.44305187463760376,0.7464398741722107,0.42580530047416687,0.7570183277130127,thumbsup,04006,C:/Users/Javier/PIDS_HandPose/work/HAR_mediapipe/data/gestos_pids/train//thumbsup/thumbsup_04006.jpg
0.6679936051368713,1.00777268409729,0.6588493585586548,0.930214524269104,0.6347452402114868,0.8677923679351807,0.6223657727241516,0.807320237159729,0.6204240918159485,0.7559367418289185,0.589270293712616,0.9067795872688293,0.5542008876800537,0.8564115166664124,0.5724351406097412,0.8511581420898438,0.5898986458778381,0.8634468913078308,0.5786944627761841,0.9508348107337952,0.5523548126220703,0.8979715704917908,0.5704009532928467,0.8882691860198975,0.5848858952522278,0.899603009223938,0.5763649344444275,0.9910151362419128,0.5554697513580322,0.9430115818977356,0.5697967410087585,0.9319968819618225,0.5830528140068054,0.9413660764694214,0.5788471102714539,1.0201926231384277,0.560375988483429,0.9812183380126953,0.5716818571090698,0.9714683890342712,0.5833216309547424,0.9803626537322998,thumbsup,04007,C:/Users/Javier/PIDS_HandPose/work/HAR_mediapipe/data/gestos_pids/train//thumbsup/thumbsup_04007.jpg
0.5612534284591675,0.8214412927627563,0.5594841241836548,0.7298691272735596,0.5434772372245789,0.652072012424469,0.5392681360244751,0.5841422080993652,0.5478814244270325,0.5356724262237549,0.49595507979393005,0.6493197679519653,0.4644929766654968,0.6053407788276672,0.4811824560165405,0.6233668923377991,0.49790799617767334,0.6418994665145874,0.47857367992401123,0.6945090293884277,0.4578457772731781,0.6538801789283752,0.4742855429649353,0.6663368940353394,0.4883173704147339,0.6814853549003601,0.4685511887073517,0.7443525195121765,0.4571424126625061,0.7119927406311035,0.4717026352882385,0.7178038954734802,0.4853646159172058,0.7316837906837463,0.4638895094394684,0.7906670570373535,0.455723375082016,0.7599443197250366,0.4692971408367157,0.7639217972755432,0.4810076057910919,0.775877058506012,thumbsup,04008,C:/Users/Javier/PIDS_HandPose/work/HAR_mediapipe/data/gestos_pids/train//thumbsup/thumbsup_04008.jpg
0.5535409450531006,0.8603330850601196,0.5202955007553101,0.774290919303894,0.48416417837142944,0.7247039079666138,0.45959019660949707,0.6714028716087341,0.45203325152397156,0.6197351813316345,0.43132901191711426,0.7663788795471191,0.4131217896938324,0.7456843256950378,0.4341217279434204,0.7498349547386169,0.45151811838150024,0.7581935524940491,0.42969685792922974,0.8258342742919922,0.42275547981262207,0.801884114742279,0.44070470333099365,0.800136148929596,0.4570781886577606,0.8055819869041443,0.4387821853160858,0.8791276216506958,0.43575918674468994,0.8552721738815308,0.4499799907207489,0.8514170050621033,0.4662989675998688,0.8570508360862732,0.45022135972976685,0.9237664937973022,0.4476718008518219,0.8995906114578247,0.46089693903923035,0.8943212032318115,0.47394663095474243,0.8961978554725647,thumbsup,04009,C:/Users/Javier/PIDS_HandPose/work/HAR_mediapipe/data/gestos_pids/train//thumbsup/thumbsup_04009.jpg
0.5263572931289673,0.8805036544799805,0.4936680495738983,0.7956005930900574,0.45557647943496704,0.7418122291564941,0.43016311526298523,0.6851980686187744,0.4237907826900482,0.6296263933181763,0.41088104248046875,0.7909438610076904,0.38959306478500366,0.7761822938919067,0.4094334840774536,0.7820966243743896,0.42697519063949585,0.7878125905990601,0.4097016155719757,0.8507541418075562,0.39869529008865356,0.8284304141998291,0.4150586724281311,0.8275216221809387,0.4319241940975189,0.8314637541770935,0.41696587204933167,0.9031988382339478,0.41247087717056274,0.8792567253112793,0.4260726571083069,0.8755977749824524,0.4423397183418274,0.8802551031112671,0.42712149024009705,0.9464067220687866,0.42511922121047974,0.9235849976539612,0.4382169544696808,0.9177000522613525,0.45114806294441223,0.9197292923927307,thumbsup,04010,C:/Users/Javier/PIDS_HandPose/work/HAR_mediapipe/data/gestos_pids/train//thumbsup/thumbsup_04010.jpg
0.5262733101844788,0.8654744029045105,0.4912586212158203,0.7914910912513733,0.45237618684768677,0.7376278042793274,0.4270752966403961,0.6796479821205139,0.42198145389556885,0.6206734776496887,0.4036310315132141,0.7731360793113708,0.3847479522228241,0.794182300567627,0.4031907320022583,0.8099076151847839,0.42014873027801514,0.8098713755607605,0.40368935465812683,0.8340443968772888,0.3977956473827362,0.8482869863510132,0.4155537188053131,0.8530734181404114,0.43369370698928833,0.8478614091873169,0.41255688667297363,0.8913787007331848,0.4122304320335388,0.8963721990585327,0.42695266008377075,0.8958540558815002,0.4445232152938843,0.8926923274993896,0.42299917340278625,0.9411633014678955,0.4241151213645935,0.9388211369514465,0.43816396594047546,0.9349116683006287,0.4514250159263611,0.9315508604049683,thumbsup,04011,C:/Users/Javier/PIDS_HandPose/work/HAR_mediapipe/data/gestos_pids/train//thumbsup/thumbsup_04011.jpg
0.5360453128814697,0.8720058798789978,0.5017598867416382,0.7936133742332458,0.4644341468811035,0.7400578856468201,0.4431470036506653,0.6825717091560364,0.4410269856452942,0.6278984546661377,0.41224709153175354,0.7705801129341125,0.3904787600040436,0.7867570519447327,0.407493531703949,0.804955005645752,0.42478278279304504,0.8065552711486816,0.4095495045185089,0.830550491809845,0.40351301431655884,0.842279314994812,0.4215175211429596,0.8493197560310364,0.439155638217926,0.8453450798988342,0.41730326414108276,0.8879574537277222,0.41748231649398804,0.890766978263855,0.43256843090057373,0.8921737670898438,0.44964835047721863,0.8907306790351868,0.42741167545318604,0.937579870223999,0.4294142425060272,0.9339057207107544,0.44357359409332275,0.93182373046875,0.4566001296043396,0.9297508001327515,thumbsup,04012,C:/Users/Javier/PIDS_HandPose/work/HAR_mediapipe/data/gestos_pids/train//thumbsup/thumbsup_04012.jpg
0.526237428188324,0.8748217225074768,0.5022321939468384,0.7891921401023865,0.47249940037727356,0.7242980003356934,0.4592844843864441,0.6632214784622192,0.4615279734134674,0.6132631301879883,0.4159010648727417,0.7373417019844055,0.3974364101886749,0.739008367061615,0.41396215558052063,0.7566704750061035,0.4296535849571228,0.7653465867042542,0.40789008140563965,0.7940354347229004,0.4031672179698944,0.7984825968742371,0.42019373178482056,0.8082034587860107,0.4353456497192383,0.8129013180732727,0.40988004207611084,0.8513728380203247,0.4096252918243408,0.8483176827430725,0.42414334416389465,0.8518943190574646,0.4386448562145233,0.8571754097938538,0.4151168763637543,0.9024694561958313,0.4162442684173584,0.8926337957382202,0.4306904375553131,0.8941618204116821,0.44245460629463196,0.8970931172370911,thumbsup,04013,C:/Users/Javier/PIDS_HandPose/work/HAR_mediapipe/data/gestos_pids/train//thumbsup/thumbsup_04013.jpg
0.5175395011901855,0.8845579624176025,0.49088606238365173,0.7984685301780701,0.45889386534690857,0.7357274889945984,0.4427986741065979,0.6746966242790222,0.4436158835887909,0.6212262511253357,0.40872612595558167,0.7526178359985352,0.38782835006713867,0.7592610716819763,0.4036450982093811,0.7776782512664795,0.42035606503486633,0.7845728397369385,0.4007863700389862,0.8103805184364319,0.3929971158504486,0.8177974820137024,0.4095475375652313,0.8273782730102539,0.42634317278862,0.8302445411682129,0.4023054242134094,0.8683512806892395,0.4003830552101135,0.8683518171310425,0.4145413935184479,0.872199296951294,0.43037110567092896,0.8757963180541992,0.40717408061027527,0.919661819934845,0.4079676568508148,0.9125692844390869,0.4224953353404999,0.9143372178077698,0.43529030680656433,0.9175695180892944,thumbsup,04014,C:/Users/Javier/PIDS_HandPose/work/HAR_mediapipe/data/gestos_pids/train//thumbsup/thumbsup_04014.jpg
0.5263695120811462,0.8469581007957458,0.5026954412460327,0.7635073065757751,0.4720870852470398,0.7011045813560486,0.4548020362854004,0.6465485692024231,0.45388728380203247,0.5974315404891968,0.41904371976852417,0.7116592526435852,0.3976125717163086,0.7224584221839905,0.4140987694263458,0.7400977611541748,0.43118423223495483,0.7462214231491089,0.4100911319255829,0.7651447057723999,0.4054733216762543,0.7788551449775696,0.42296287417411804,0.788909912109375,0.4387209415435791,0.7914193868637085,0.41098088026046753,0.8217365145683289,0.4127562642097473,0.8277857899665833,0.42846500873565674,0.832022488117218,0.4435963034629822,0.8337650895118713,0.4152998626232147,0.8740056753158569,0.4185639023780823,0.8698214292526245,0.4337439239025116,0.8718118667602539,0.44571831822395325,0.8729763031005859,thumbsup,04015,C:/Users/Javier/PIDS_HandPose/work/HAR_mediapipe/data/gestos_pids/train//thumbsup/thumbsup_04015.jpg
0.3234681487083435,0.7204071879386902,0.3403817117214203,0.638725757598877,0.3779950737953186,0.5683897137641907,0.3984132707118988,0.5039109587669373,0.40331482887268066,0.44391199946403503,0.4020848572254181,0.5819042921066284,0.4659818708896637,0.599606454372406,0.4498935639858246,0.6137299537658691,0.4292379319667816,0.6104379892349243,0.4023934602737427,0.6385676264762878,0.4682653546333313,0.6487621068954468,0.44785580039024353,0.6594138741493225,0.42311644554138184,0.6576681733131409,0.3999934494495392,0.6999702453613281,0.45936664938926697,0.7058202624320984,0.4371701180934906,0.7117183208465576,0.4124531149864197,0.710011899471283,0.39536476135253906,0.7602425813674927,0.44087591767311096,0.7596251368522644,0.4240790605545044,0.7575662732124329,0.40327194333076477,0.7548258304595947,thumbsup,04016,C:/Users/Javier/PIDS_HandPose/work/HAR_mediapipe/data/gestos_pids/train//thumbsup/thumbsup_04016.jpg
0.3673948049545288,0.8018446564674377,0.3870517611503601,0.7049656510353088,0.41183724999427795,0.6262036561965942,0.42914485931396484,0.5564692616462708,0.43245160579681396,0.49752792716026306,0.4703271687030792,0.651741087436676,0.514954149723053,0.6495833396911621,0.495238721370697,0.6583029627799988,0.47360020875930786,0.6622087359428406,0.4787801504135132,0.7146502733230591,0.5192185044288635,0.7022217512130737,0.5003424286842346,0.7056907415390015,0.4802302122116089,0.7119976878166199,0.48071491718292236,0.7767624855041504,0.5140780806541443,0.7533130645751953,0.49671700596809387,0.7574120163917542,0.47744953632354736,0.7634211778640747,0.4783930480480194,0.8335637450218201,0.5073703527450562,0.8064548969268799,0.4918692409992218,0.805988073348999,0.47462812066078186,0.8123902082443237,thumbsup,04017,C:/Users/Javier/PIDS_HandPose/work/HAR_mediapipe/data/gestos_pids/train//thumbsup/thumbsup_04017.jpg
0.36286139488220215,0.8405338525772095,0.4023181200027466,0.7537671327590942,0.43875646591186523,0.6894018650054932,0.4607793688774109,0.6260888576507568,0.46352463960647583,0.5568000078201294,0.48265978693962097,0.7642006278038025,0.5303362607955933,0.7489435076713562,0.5084241032600403,0.7386527061462402,0.4845738410949707,0.7413936853408813,0.48102349042892456,0.8329927921295166,0.5293943881988525,0.8060761094093323,0.5101436972618103,0.7897464036941528,0.4883568584918976,0.7933164834976196,0.4723605215549469,0.8895618915557861,0.51784747838974,0.8561065196990967,0.5000883936882019,0.8418934941291809,0.4789853096008301,0.8431995511054993,0.4606086015701294,0.9363831281661987,0.49975281953811646,0.9072798490524292,0.4881109595298767,0.8899156451225281,0.47076812386512756,0.888143002986908,thumbsup,04018,C:/Users/Javier/PIDS_HandPose/work/HAR_mediapipe/data/gestos_pids/train//thumbsup/thumbsup_04018.jpg
0.33914104104042053,0.8207849264144897,0.37793880701065063,0.7393108606338501,0.41269251704216003,0.6737936735153198,0.4325443506240845,0.6072229146957397,0.4343429207801819,0.5392251014709473,0.4477204382419586,0.7407391667366028,0.500952959060669,0.7292950749397278,0.4791277348995209,0.7184353470802307,0.45573726296424866,0.7201746106147766,0.4459988474845886,0.8072537183761597,0.4986891448497772,0.7845793962478638,0.47988995909690857,0.7699295878410339,0.45818984508514404,0.7740297913551331,0.4387538731098175,0.8636948466300964,0.48827633261680603,0.8349311947822571,0.4706094264984131,0.8227399587631226,0.44908806681632996,0.8251312971115112,0.4296609163284302,0.9106038212776184,0.4731079041957855,0.8869611620903015,0.4603444039821625,0.8716771006584167,0.44090941548347473,0.8706216812133789,thumbsup,04019,C:/Users/Javier/PIDS_HandPose/work/HAR_mediapipe/data/gestos_pids/train//thumbsup/thumbsup_04019.jpg
0.31983935832977295,0.8174991011619568,0.35855239629745483,0.7296929359436035,0.3965354561805725,0.6666267514228821,0.4207408130168915,0.6008649468421936,0.42262616753578186,0.533306360244751,0.42768242955207825,0.7240445017814636,0.48325127363204956,0.7187982797622681,0.4603445827960968,0.7169077396392822,0.4350994825363159,0.7176334857940674,0.42636778950691223,0.789361834526062,0.4829763174057007,0.7738308310508728,0.4630447328090668,0.7669060826301575,0.4406866729259491,0.7685772180557251,0.42105892300605774,0.8472582697868347,0.47438597679138184,0.8228854537010193,0.45466846227645874,0.8184394836425781,0.43296363949775696,0.8210521340370178,0.41376572847366333,0.8950589895248413,0.45851051807403564,0.8703211545944214,0.44338181614875793,0.8612160682678223,0.4235483407974243,0.8619645833969116,thumbsup,04020,C:/Users/Javier/PIDS_HandPose/work/HAR_mediapipe/data/gestos_pids/train//thumbsup/thumbsup_04020.jpg
0.35190874338150024,0.810084342956543,0.3868273198604584,0.7300640940666199,0.41797080636024475,0.671764612197876,0.437640517950058,0.6101927161216736,0.43977880477905273,0.5464226007461548,0.4475760757923126,0.7283927798271179,0.5034421682357788,0.718116044998169,0.4823879301548004,0.7151084542274475,0.45912954211235046,0.7187185287475586,0.4466915428638458,0.7946800589561462,0.5031177997589111,0.7716155052185059,0.4831749200820923,0.763173520565033,0.46195003390312195,0.7664220929145813,0.44207286834716797,0.8507100343704224,0.4940260350704193,0.818647563457489,0.4743792712688446,0.8132508993148804,0.45396140217781067,0.8178562521934509,0.4363318979740143,0.8949043154716492,0.4795752167701721,0.8625229001045227,0.46574947237968445,0.8531196117401123,0.44768914580345154,0.8552671074867249,thumbsup,04021,C:/Users/Javier/PIDS_HandPose/work/HAR_mediapipe/data/gestos_pids/train//thumbsup/thumbsup_04021.jpg
0.35186976194381714,0.7965993285179138,0.38253137469291687,0.7172423601150513,0.41335970163345337,0.6527338027954102,0.4340108036994934,0.5876196026802063,0.4397067427635193,0.5262925624847412,0.4450428783893585,0.7043197751045227,0.5002347826957703,0.7038637399673462,0.4854584336280823,0.7018131017684937,0.4689997434616089,0.706465482711792,0.4443034827709198,0.7683543562889099,0.500583291053772,0.7547469735145569,0.4822031259536743,0.7465057373046875,0.4605505168437958,0.7491222620010376,0.4405687153339386,0.8258054256439209,0.49149540066719055,0.8016759157180786,0.4727909564971924,0.7956964373588562,0.45291247963905334,0.7992633581161499,0.43502339720726013,0.8744485974311829,0.4780854284763336,0.8475445508956909,0.4626080393791199,0.8369910717010498,0.4436797499656677,0.8387934565544128,thumbsup,04022,C:/Users/Javier/PIDS_HandPose/work/HAR_mediapipe/data/gestos_pids/train//thumbsup/thumbsup_04022.jpg
0.35018569231033325,0.8032099604606628,0.3850456476211548,0.7233098745346069,0.4161697030067444,0.6623696088790894,0.4367659389972687,0.5990815162658691,0.4408407211303711,0.5370647311210632,0.4492548406124115,0.7130039930343628,0.5033165812492371,0.7143832445144653,0.48553770780563354,0.7128627300262451,0.46340012550354004,0.7139909267425537,0.44722214341163635,0.7784115672111511,0.5022345185279846,0.7661487460136414,0.4843381643295288,0.7585916519165039,0.46309202909469604,0.7599214315414429,0.44164803624153137,0.836820662021637,0.49268561601638794,0.8121569752693176,0.4738359749317169,0.8067193031311035,0.45317596197128296,0.8091905117034912,0.43425849080085754,0.885647714138031,0.4772894084453583,0.8580231666564941,0.46313393115997314,0.8483383655548096,0.4444917142391205,0.8489841818809509,thumbsup,04023,C:/Users/Javier/PIDS_HandPose/work/HAR_mediapipe/data/gestos_pids/train//thumbsup/thumbsup_04023.jpg
0.348160982131958,0.8077290654182434,0.38314205408096313,0.7284809947013855,0.4163861870765686,0.6675897240638733,0.4386899471282959,0.6055485010147095,0.4440145790576935,0.5437166690826416,0.4474237859249115,0.7194016575813293,0.5023053884506226,0.7183082103729248,0.4827401638031006,0.7146437168121338,0.4599463641643524,0.7149085998535156,0.44474178552627563,0.7845156788825989,0.5006394386291504,0.7725983262062073,0.4818360209465027,0.7642472982406616,0.46011054515838623,0.7651852965354919,0.4384433329105377,0.8420278429985046,0.4897655248641968,0.8201671242713928,0.470755010843277,0.8147221803665161,0.45004206895828247,0.8174088001251221,0.4305589497089386,0.8900879621505737,0.4741055369377136,0.865861177444458,0.46006298065185547,0.855656623840332,0.441398948431015,0.8562509417533875,thumbsup,04024,C:/Users/Javier/PIDS_HandPose/work/HAR_mediapipe/data/gestos_pids/train//thumbsup/thumbsup_04024.jpg
0.5561610460281372,0.912868857383728,0.5396003723144531,0.8144558072090149,0.5111469030380249,0.7455410361289978,0.4935204088687897,0.6840296387672424,0.49236762523651123,0.6311874985694885,0.4564881920814514,0.7669707536697388,0.4349728226661682,0.7419192790985107,0.45306670665740967,0.7526206374168396,0.46992021799087524,0.7643117904663086,0.44572731852531433,0.8238949775695801,0.4366888999938965,0.8019132614135742,0.45422810316085815,0.8070725202560425,0.47010669112205505,0.8171167373657227,0.44544172286987305,0.8794640898704529,0.44194310903549194,0.8549590706825256,0.4557335376739502,0.856223464012146,0.46986210346221924,0.8672762513160706,0.4493974447250366,0.9264992475509644,0.4484638571739197,0.9034661054611206,0.4619239270687103,0.9035394191741943,0.474310964345932,0.9106173515319824,thumbsup,04025,C:/Users/Javier/PIDS_HandPose/work/HAR_mediapipe/data/gestos_pids/train//thumbsup/thumbsup_04025.jpg
0.4012916684150696,0.8091966509819031,0.4031542241573334,0.7214797735214233,0.3850701153278351,0.6428807377815247,0.3785008192062378,0.5793700814247131,0.38333773612976074,0.52845698595047,0.32785341143608093,0.6394665837287903,0.32345348596572876,0.6330521702766418,0.33947524428367615,0.6563828587532043,0.3516649007797241,0.6737170815467834,0.3091614842414856,0.6891584396362305,0.31337201595306396,0.6911405920982361,0.329159140586853,0.7094171643257141,0.3403930068016052,0.7245327234268188,0.30108457803726196,0.745389997959137,0.30806460976600647,0.7458639740943909,0.3228168785572052,0.7555802464485168,0.3345642387866974,0.7676804065704346,0.29816731810569763,0.7962125539779663,0.3067735731601715,0.7949315309524536,0.3216429054737091,0.802047848701477,0.33192911744117737,0.810051679611206,thumbsup,04026,C:/Users/Javier/PIDS_HandPose/work/HAR_mediapipe/data/gestos_pids/train//thumbsup/thumbsup_04026.jpg
0.3471744656562805,0.8237199187278748,0.34613674879074097,0.7329980134963989,0.32725730538368225,0.6581608057022095,0.3165236711502075,0.5955789685249329,0.3187173008918762,0.5472399592399597,0.26581957936286926,0.6625917553901672,0.26716741919517517,0.6559638381004333,0.2839921712875366,0.6759623289108276,0.29510509967803955,0.6914047598838806,0.24898864328861237,0.7167478799819946,0.25502172112464905,0.7131249308586121,0.2719903290271759,0.7283482551574707,0.28390178084373474,0.7418689131736755,0.24419517815113068,0.7733260989189148,0.24973806738853455,0.7665467262268066,0.2651165723800659,0.7722914814949036,0.2776651084423065,0.7839087247848511,0.24453458189964294,0.8227589726448059,0.25091004371643066,0.8136301040649414,0.26503944396972656,0.8160310983657837,0.2754501700401306,0.8223456144332886,thumbsup,04027,C:/Users/Javier/PIDS_HandPose/work/HAR_mediapipe/data/gestos_pids/train//thumbsup/thumbsup_04027.jpg
0.5453475713729858,0.8209413290023804,0.5400223135948181,0.7314077019691467,0.5189283490180969,0.6531882882118225,0.5101080536842346,0.5882428288459778,0.5156053900718689,0.5388984680175781,0.4686560034751892,0.6579618453979492,0.4504164755344391,0.6435554027557373,0.46248653531074524,0.6658260822296143,0.475982666015625,0.6812090277671814,0.4538176357746124,0.7059206962585449,0.4435141086578369,0.7023988366127014,0.45679593086242676,0.7156051993370056,0.4708414375782013,0.7252897024154663,0.44722503423690796,0.7576286792755127,0.44493624567985535,0.7525683641433716,0.4566718637943268,0.7606275081634521,0.4696718454360962,0.7702368497848511,0.4446079730987549,0.8040130138397217,0.4465651512145996,0.7947858572006226,0.4583848714828491,0.8015881776809692,0.46891382336616516,0.8088182806968689,thumbsup,04028,C:/Users/Javier/PIDS_HandPose/work/HAR_mediapipe/data/gestos_pids/train//thumbsup/thumbsup_04028.jpg
0.3407920002937317,0.673161506652832,0.354218989610672,0.594154953956604,0.3876565098762512,0.5259508490562439,0.407437264919281,0.4627314805984497,0.40843138098716736,0.4032195210456848,0.4192044734954834,0.527600109577179,0.47954386472702026,0.5386055111885071,0.46337947249412537,0.5606012344360352,0.44193026423454285,0.5619125366210938,0.42141208052635193,0.5767230987548828,0.48287245631217957,0.5832357406616211,0.46278250217437744,0.6018233895301819,0.4386981129646301,0.6006990075111389,0.4209333062171936,0.6327763199806213,0.4746052026748657,0.6333303451538086,0.45295119285583496,0.6479824781417847,0.4301421046257019,0.6480086445808411,0.4177146255970001,0.6902155876159668,0.4562414288520813,0.686443567276001,0.43770498037338257,0.6920793652534485,0.4180390238761902,0.691145658493042,thumbsup,04029,C:/Users/Javier/PIDS_HandPose/work/HAR_mediapipe/data/gestos_pids/train//thumbsup/thumbsup_04029.jpg
0.3153470456600189,0.7333737015724182,0.3425183594226837,0.65377277135849,0.37419676780700684,0.5883429050445557,0.3902329206466675,0.5259623527526855,0.38674062490463257,0.46461763978004456,0.4027899503707886,0.607874870300293,0.46379387378692627,0.6211233139038086,0.44490841031074524,0.6270678043365479,0.42272230982780457,0.625092089176178,0.40207740664482117,0.6679617166519165,0.46534690260887146,0.6715969443321228,0.4463687837123871,0.6752822995185852,0.42375844717025757,0.6732441782951355,0.39998751878738403,0.7268610596656799,0.4580105245113373,0.7184087634086609,0.4389135241508484,0.7219640612602234,0.41818755865097046,0.7226828932762146,0.39615365862846375,0.7797029614448547,0.43826723098754883,0.7654681205749512,0.42270225286483765,0.7630553245544434,0.4044438302516937,0.7642425894737244,thumbsup,04030,C:/Users/Javier/PIDS_HandPose/work/HAR_mediapipe/data/gestos_pids/train//thumbsup/thumbsup_04030.jpg
0.3098265528678894,0.742307186126709,0.3348367214202881,0.6587135791778564,0.3655693829059601,0.5901222229003906,0.3810734748840332,0.5207812786102295,0.376859188079834,0.45661965012550354,0.3921794891357422,0.6143538951873779,0.45605745911598206,0.6228763461112976,0.4484468102455139,0.6366719007492065,0.43144094944000244,0.6455063223838806,0.39304667711257935,0.6719106435775757,0.456823468208313,0.6726846098899841,0.4406544268131256,0.675998330116272,0.4165200889110565,0.677019476890564,0.3921143710613251,0.7291736006736755,0.44928669929504395,0.7191570401191711,0.4309741258621216,0.722142219543457,0.40841662883758545,0.7237406373023987,0.38900047540664673,0.7825111150741577,0.42967140674591064,0.7695350646972656,0.41508710384368896,0.7662988901138306,0.3974902629852295,0.7667672634124756,thumbsup,04031,C:/Users/Javier/PIDS_HandPose/work/HAR_mediapipe/data/gestos_pids/train//thumbsup/thumbsup_04031.jpg
0.29261666536331177,0.7466611266136169,0.31526145339012146,0.6642316579818726,0.3457322120666504,0.5960931777954102,0.36186251044273376,0.5292683839797974,0.36037516593933105,0.4667093753814697,0.37044429779052734,0.6114561557769775,0.4339408576488495,0.6211132407188416,0.4144591689109802,0.6328108906745911,0.39219141006469727,0.6320827603340149,0.37068936228752136,0.6685768365859985,0.43741849064826965,0.6714634895324707,0.41708242893218994,0.6799787282943726,0.3925696015357971,0.6774232983589172,0.37016353011131287,0.7261437177658081,0.42920544743537903,0.7211247086524963,0.40792757272720337,0.7289382815361023,0.38512417674064636,0.7288010716438293,0.36823129653930664,0.7793088555335999,0.4112287759780884,0.7683106064796448,0.3955036401748657,0.7691510915756226,0.376488596200943,0.7694441080093384,thumbsup,04032,C:/Users/Javier/PIDS_HandPose/work/HAR_mediapipe/data/gestos_pids/train//thumbsup/thumbsup_04032.jpg
0.7241262793540955,0.8790106773376465,0.6984527707099915,0.796379804611206,0.6636486649513245,0.7353900671005249,0.645930826663971,0.6762088537216187,0.6459416151046753,0.6255345940589905,0.625300943851471,0.7640196681022644,0.5784163475036621,0.7499021291732788,0.5942404270172119,0.755642831325531,0.6140406131744385,0.7598891258239746,0.6202627420425415,0.8187718391418457,0.5790666341781616,0.8016154766082764,0.5971499085426331,0.803367018699646,0.615497350692749,0.8073431849479675,0.6222079396247864,0.8729106783866882,0.5891134738922119,0.8531408309936523,0.6048020720481873,0.8494145274162292,0.6216307282447815,0.8538857698440552,0.6286901831626892,0.922453761100769,0.5998090505599976,0.8999670147895813,0.6125242710113525,0.8943636417388916,0.6264954209327698,0.8990730047225952,thumbsup,04033,C:/Users/Javier/PIDS_HandPose/work/HAR_mediapipe/data/gestos_pids/train//thumbsup/thumbsup_04033.jpg
0.34482163190841675,0.7186766266822815,0.36679932475090027,0.640924870967865,0.3938480615615845,0.5826067924499512,0.41449886560440063,0.5267695188522339,0.42022961378097534,0.4722413718700409,0.4344978332519531,0.6007186770439148,0.4868813753128052,0.6119752526283264,0.4699430763721466,0.619682252407074,0.4501268267631531,0.6188255548477173,0.4379234313964844,0.6570829749107361,0.4899626672267914,0.6588314175605774,0.47086992859840393,0.663794755935669,0.4506908059120178,0.6628551483154297,0.4369654953479767,0.7137136459350586,0.4823375344276428,0.7036830186843872,0.46349743008613586,0.7079229354858398,0.4443494975566864,0.7074437141418457,0.4325193464756012,0.7654863595962524,0.4645184874534607,0.7514254450798035,0.4492325186729431,0.7499487400054932,0.4323466122150421,0.7495855689048767,thumbsup,04034,C:/Users/Javier/PIDS_HandPose/work/HAR_mediapipe/data/gestos_pids/train//thumbsup/thumbsup_04034.jpg
0.3449119031429291,0.7188021540641785,0.36934539675712585,0.6409634947776794,0.3978663980960846,0.5786722898483276,0.41698816418647766,0.5207492709159851,0.42065727710723877,0.4655528962612152,0.4335670471191406,0.6010183691978455,0.485668420791626,0.6137439012527466,0.4690279960632324,0.6220564842224121,0.44821596145629883,0.6213051080703735,0.4364701807498932,0.6566134691238403,0.48867011070251465,0.6616458892822266,0.4716278314590454,0.667902410030365,0.4506452977657318,0.6667275428771973,0.4357089698314667,0.7129386067390442,0.48081257939338684,0.7072166204452515,0.4634675979614258,0.711953341960907,0.44396764039993286,0.7111297845840454,0.4315124750137329,0.765038013458252,0.46359288692474365,0.7543733716011047,0.4495025873184204,0.7529129981994629,0.432483047246933,0.7524663209915161,thumbsup,04035,C:/Users/Javier/PIDS_HandPose/work/HAR_mediapipe/data/gestos_pids/train//thumbsup/thumbsup_04035.jpg
0.34884780645370483,0.7795770168304443,0.3698710799217224,0.6956104636192322,0.3966134488582611,0.6291638612747192,0.41385942697525024,0.5701525211334229,0.4180091917514801,0.5149410963058472,0.4359871447086334,0.6592463850975037,0.4857167601585388,0.6570789217948914,0.4661249816417694,0.6630904078483582,0.444659024477005,0.6646599769592285,0.4403916597366333,0.7162697911262512,0.4885428249835968,0.7056798338890076,0.4702518880367279,0.7080261707305908,0.449652761220932,0.7114921808242798,0.4405296742916107,0.7717722058296204,0.4821150600910187,0.7533011436462402,0.46373236179351807,0.7558479309082031,0.4437273442745209,0.7596620321273804,0.43698930740356445,0.8223693370819092,0.4680839776992798,0.8050456047058105,0.4522707462310791,0.8012798428535461,0.4344598054885864,0.803518533706665,thumbsup,04036,C:/Users/Javier/PIDS_HandPose/work/HAR_mediapipe/data/gestos_pids/train//thumbsup/thumbsup_04036.jpg
0.347667396068573,0.7711557149887085,0.37028855085372925,0.686735987663269,0.3970668315887451,0.6204053163528442,0.4147447347640991,0.5603147745132446,0.41810059547424316,0.503158450126648,0.43581023812294006,0.6488822102546692,0.48649269342422485,0.6515566110610962,0.46715399622917175,0.6596139073371887,0.4461246728897095,0.6605620384216309,0.439515084028244,0.7074995040893555,0.48853030800819397,0.7009581327438354,0.47007444500923157,0.7057081460952759,0.44917556643486023,0.7070236206054688,0.439118891954422,0.7641818523406982,0.4817420244216919,0.7478113174438477,0.4627065360546112,0.7523002624511719,0.44258615374565125,0.7548061609268188,0.4352010190486908,0.8150596022605896,0.4657956659793854,0.7969790697097778,0.4499066472053528,0.7954397201538086,0.43264040350914,0.798095166683197,thumbsup,04037,C:/Users/Javier/PIDS_HandPose/work/HAR_mediapipe/data/gestos_pids/train//thumbsup/thumbsup_04037.jpg
0.7577210068702698,0.8589703440666199,0.7396917939186096,0.7750000357627869,0.7088398933410645,0.7021523714065552,0.6954076886177063,0.6401627063751221,0.7040340900421143,0.5912736654281616,0.6788747310638428,0.7087951302528381,0.6205989718437195,0.6977625489234924,0.6347078680992126,0.7176157832145691,0.6558426022529602,0.7264320254325867,0.6720638275146484,0.7595865726470947,0.6194226741790771,0.7484029531478882,0.6376512050628662,0.7631571292877197,0.6576132774353027,0.7698743939399719,0.6694587469100952,0.8157302141189575,0.6253608465194702,0.8016912341117859,0.643588125705719,0.8111172914505005,0.6623853445053101,0.8168977499008179,0.67086261510849,0.8724766969680786,0.6343781352043152,0.8497838377952576,0.6505971550941467,0.8519251346588135,0.6674845814704895,0.8574932813644409,thumbsup,04038,C:/Users/Javier/PIDS_HandPose/work/HAR_mediapipe/data/gestos_pids/train//thumbsup/thumbsup_04038.jpg
0.7512701749801636,0.8885025382041931,0.7344359755516052,0.8028168082237244,0.7072538733482361,0.7262310981750488,0.6981021761894226,0.6626697182655334,0.7065619230270386,0.6135497689247131,0.6745315194129944,0.7371355891227722,0.6207768321037292,0.7129956483840942,0.6370049715042114,0.7255244851112366,0.6585363745689392,0.7348949909210205,0.6650898456573486,0.7904866337776184,0.6169770956039429,0.7608962059020996,0.6353261470794678,0.771656334400177,0.6551600098609924,0.7836012244224548,0.6600855588912964,0.8469057679176331,0.6209039688110352,0.8156497478485107,0.6385626196861267,0.8212283849716187,0.6565750241279602,0.8318688273429871,0.6589553356170654,0.9018635749816895,0.6269769072532654,0.8655850291252136,0.6421538591384888,0.8679885268211365,0.656767725944519,0.8785305023193359,thumbsup,04039,C:/Users/Javier/PIDS_HandPose/work/HAR_mediapipe/data/gestos_pids/train//thumbsup/thumbsup_04039.jpg
0.33515605330467224,0.7005420923233032,0.3550666868686676,0.6242093443870544,0.38526013493537903,0.567534327507019,0.40638649463653564,0.5128399729728699,0.40976521372795105,0.45811158418655396,0.4173467755317688,0.5748330354690552,0.4737364649772644,0.5901728272438049,0.4593958556652069,0.6023986339569092,0.44048428535461426,0.5998476147651672,0.4194125235080719,0.6292678713798523,0.47452443838119507,0.6383030414581299,0.4552971124649048,0.6485957503318787,0.43454790115356445,0.6455923318862915,0.41859638690948486,0.6857059001922607,0.46762213110923767,0.6847330331802368,0.4478894770145416,0.6929070949554443,0.4277447760105133,0.6907328963279724,0.4158681333065033,0.7376677989959717,0.4521155059337616,0.7297671437263489,0.4368005394935608,0.7323979139328003,0.42020612955093384,0.7312178015708923,thumbsup,04040,C:/Users/Javier/PIDS_HandPose/work/HAR_mediapipe/data/gestos_pids/train//thumbsup/thumbsup_04040.jpg
0.33418384194374084,0.7074220180511475,0.35579097270965576,0.6302427053451538,0.38827890157699585,0.5719616413116455,0.4098302721977234,0.5168670415878296,0.4126271605491638,0.462108850479126,0.4226219356060028,0.5821316242218018,0.476313978433609,0.6005025506019592,0.46091946959495544,0.6114094257354736,0.44225308299064636,0.6086763143539429,0.4246666431427002,0.6356891989707947,0.4774662256240845,0.647440493106842,0.4579135775566101,0.6565342545509338,0.43752291798591614,0.6531939506530762,0.4233299493789673,0.6920723915100098,0.4698093831539154,0.6929640173912048,0.4502733051776886,0.699993371963501,0.43038210272789,0.6973828077316284,0.4195539951324463,0.7450670003890991,0.45299065113067627,0.7390068173408508,0.4372057318687439,0.7391181588172913,0.4201841354370117,0.7369195818901062,thumbsup,04041,C:/Users/Javier/PIDS_HandPose/work/HAR_mediapipe/data/gestos_pids/train//thumbsup/thumbsup_04041.jpg
0.33572784066200256,0.7088580131530762,0.35684195160865784,0.6311401724815369,0.3871625065803528,0.5721105337142944,0.4069153070449829,0.5142207145690918,0.40928947925567627,0.45841002464294434,0.42246437072753906,0.5821772813796997,0.47596830129623413,0.5996274948120117,0.4592081606388092,0.6127204298973083,0.44021090865135193,0.6100486516952515,0.42531487345695496,0.6362791061401367,0.4782025218009949,0.6458617448806763,0.4577202796936035,0.6577449440956116,0.4362088143825531,0.6544945240020752,0.4246808886528015,0.692728579044342,0.47070157527923584,0.6916847825050354,0.45018693804740906,0.7023849487304688,0.4297064542770386,0.7006897330284119,0.42131346464157104,0.7454606890678406,0.4529876112937927,0.7382594347000122,0.436735600233078,0.7412616014480591,0.41981732845306396,0.7396262288093567,thumbsup,04042,C:/Users/Javier/PIDS_HandPose/work/HAR_mediapipe/data/gestos_pids/train//thumbsup/thumbsup_04042.jpg
0.33489587903022766,0.7002012133598328,0.357195109128952,0.6238139271736145,0.3867529332637787,0.5658212900161743,0.4070931375026703,0.5070537328720093,0.4093192219734192,0.4507696032524109,0.4223867356777191,0.5728166699409485,0.47470933198928833,0.590953528881073,0.45956823229789734,0.6051299571990967,0.44172170758247375,0.6048681735992432,0.4255999028682709,0.6261494159698486,0.4761037826538086,0.6376881003379822,0.45738667249679565,0.650203287601471,0.4374764561653137,0.648019552230835,0.42531970143318176,0.6821524500846863,0.46865034103393555,0.6821959018707275,0.44913342595100403,0.6927215456962585,0.4296856224536896,0.6912236213684082,0.4223128855228424,0.7346575260162354,0.45322683453559875,0.7280005812644958,0.4367331862449646,0.7313191890716553,0.41965800523757935,0.7304430603981018,thumbsup,04043,C:/Users/Javier/PIDS_HandPose/work/HAR_mediapipe/data/gestos_pids/train//thumbsup/thumbsup_04043.jpg
0.6806802749633789,0.8978572487831116,0.6651938557624817,0.8031516075134277,0.6388700008392334,0.7328685522079468,0.628518283367157,0.6674765348434448,0.6344069838523865,0.6169184446334839,0.5956982374191284,0.7410369515419006,0.5549389123916626,0.7189893126487732,0.5701013803482056,0.7360666394233704,0.5889872908592224,0.7471651434898376,0.5843524932861328,0.7927978038787842,0.5514519810676575,0.76929771900177,0.568484902381897,0.7828150391578674,0.5855835676193237,0.7920824289321899,0.5796904563903809,0.8486393094062805,0.5550381541252136,0.8241775035858154,0.5704077482223511,0.8308891654014587,0.5860092639923096,0.8408982753753662,0.580096960067749,0.9018770456314087,0.5587279200553894,0.8742927312850952,0.5724299550056458,0.8760531544685364,0.5858335494995117,0.8843060731887817,thumbsup,04044,C:/Users/Javier/PIDS_HandPose/work/HAR_mediapipe/data/gestos_pids/train//thumbsup/thumbsup_04044.jpg
0.6871880888938904,0.8955001831054688,0.6730807423591614,0.8016322255134583,0.6475235223770142,0.7303996086120605,0.636661171913147,0.6668747663497925,0.642335057258606,0.6174901723861694,0.6041647791862488,0.7372997403144836,0.5611550807952881,0.7156258821487427,0.5770553946495056,0.7328647375106812,0.5969598293304443,0.7453551888465881,0.5918683409690857,0.7876782417297363,0.5583575367927551,0.7665109038352966,0.5752154588699341,0.7800046801567078,0.5927196741104126,0.7890467643737793,0.5861217379570007,0.8425403237342834,0.5604795813560486,0.8196600079536438,0.5754981637001038,0.8261420726776123,0.591235876083374,0.8350099921226501,0.5858187675476074,0.8951190114021301,0.5654271245002747,0.8694803714752197,0.5793033242225647,0.8726620674133301,0.5927197933197021,0.8810699582099915,thumbsup,04045,C:/Users/Javier/PIDS_HandPose/work/HAR_mediapipe/data/gestos_pids/train//thumbsup/thumbsup_04045.jpg
0.6847681999206543,0.9104294776916504,0.6682363748550415,0.8158542513847351,0.6393977403640747,0.7424558401107788,0.6262628436088562,0.6769282817840576,0.6302946209907532,0.6264582872390747,0.5996853113174438,0.7502251267433167,0.5552498698234558,0.729961633682251,0.5687032341957092,0.7475091814994812,0.5866329073905945,0.75966477394104,0.5870406627655029,0.8013772964477539,0.5507686734199524,0.7817575931549072,0.5662256479263306,0.7949148416519165,0.5834240913391113,0.8035959601402283,0.5810140371322632,0.8564879298210144,0.5540139675140381,0.8347896933555603,0.5681257247924805,0.8405100703239441,0.5837012529373169,0.8495524525642395,0.5801572799682617,0.9096954464912415,0.5596104860305786,0.8856509923934937,0.5725910067558289,0.887391984462738,0.5855575799942017,0.895182728767395,thumbsup,04046,C:/Users/Javier/PIDS_HandPose/work/HAR_mediapipe/data/gestos_pids/train//thumbsup/thumbsup_04046.jpg
0.33200299739837646,0.736034631729126,0.349442720413208,0.6526830196380615,0.3759365379810333,0.5857170820236206,0.39294734597206116,0.5226773023605347,0.39247503876686096,0.46560001373291016,0.4117462635040283,0.5944154262542725,0.466647744178772,0.6054755449295044,0.44993993639945984,0.6219756603240967,0.43009305000305176,0.6234501600265503,0.4162922203540802,0.6479768753051758,0.47105327248573303,0.6501874327659607,0.4514014720916748,0.6637734174728394,0.42933493852615356,0.6643290519714355,0.4179132282733917,0.7051997184753418,0.4645315110683441,0.6975678205490112,0.4449940323829651,0.7106163501739502,0.4244208335876465,0.7125415802001953,0.41639798879623413,0.7602719068527222,0.45079052448272705,0.7497441172599792,0.4341934025287628,0.7546676993370056,0.41646409034729004,0.7560806274414062,thumbsup,04047,C:/Users/Javier/PIDS_HandPose/work/HAR_mediapipe/data/gestos_pids/train//thumbsup/thumbsup_04047.jpg
0.687268078327179,0.8044354915618896,0.6652369499206543,0.719285249710083,0.6306192278862,0.6456791758537292,0.615497350692749,0.5810229778289795,0.6212378144264221,0.529700517654419,0.5940485000610352,0.6623474955558777,0.5381629467010498,0.6551636457443237,0.5566378831863403,0.6749383807182312,0.5782795548439026,0.6813606023788452,0.5880467295646667,0.7158561944961548,0.5383726358413696,0.7074641585350037,0.5588617324829102,0.7226123809814453,0.5785422921180725,0.7263475060462952,0.587174654006958,0.7740278840065002,0.5490044355392456,0.7632735371589661,0.567446768283844,0.7719013094902039,0.5853790044784546,0.7750800251960754,0.5910118222236633,0.8307938575744629,0.5578917264938354,0.8109419941902161,0.5737204551696777,0.8130279183387756,0.5898817777633667,0.8173956871032715,thumbsup,04048,C:/Users/Javier/PIDS_HandPose/work/HAR_mediapipe/data/gestos_pids/train//thumbsup/thumbsup_04048.jpg
0.8299139738082886,0.7638686299324036,0.8125994801521301,0.6942586302757263,0.7857977747917175,0.6164973378181458,0.7735781669616699,0.5518441796302795,0.7795069813728333,0.4995492100715637,0.7735742926597595,0.6073604822158813,0.7102000117301941,0.6006932854652405,0.7151258587837219,0.6219282746315002,0.7315528988838196,0.6262544989585876,0.7733404636383057,0.6513534784317017,0.7052351236343384,0.6489975452423096,0.7163156867027283,0.6645982265472412,0.7328688502311707,0.668681263923645,0.771257758140564,0.7021709680557251,0.7106944918632507,0.6983103156089783,0.7233610153198242,0.7116365432739258,0.7399563789367676,0.7129552364349365,0.7696729898452759,0.7528221011161804,0.7219577431678772,0.74062579870224,0.7334887385368347,0.7485921382904053,0.749645471572876,0.7521668672561646,thumbsup,04049,C:/Users/Javier/PIDS_HandPose/work/HAR_mediapipe/data/gestos_pids/train//thumbsup/thumbsup_04049.jpg
0.4811397194862366,0.7873088717460632,0.4608626365661621,0.6977145075798035,0.4327978491783142,0.6222968697547913,0.42115485668182373,0.552463710308075,0.42644986510276794,0.49741262197494507,0.3863905966281891,0.6281075477600098,0.3435490131378174,0.6204677224159241,0.35728466510772705,0.6417667269706726,0.3751155436038971,0.6500418186187744,0.3728901147842407,0.6816122531890869,0.3435206413269043,0.6792682409286499,0.3583429753780365,0.6935979127883911,0.37555989623069763,0.698723316192627,0.36614343523979187,0.7386904954910278,0.3462591767311096,0.7338312864303589,0.35903844237327576,0.7425299286842346,0.3754446804523468,0.7506935596466064,0.3634651303291321,0.7926238775253296,0.35000765323638916,0.7816135883331299,0.3634350001811981,0.7875689268112183,0.37803423404693604,0.7952987551689148,thumbsup,04050,C:/Users/Javier/PIDS_HandPose/work/HAR_mediapipe/data/gestos_pids/train//thumbsup/thumbsup_04050.jpg
0.3545703887939453,0.7763214111328125,0.3511529564857483,0.6822559237480164,0.3282555043697357,0.6052836775779724,0.31498390436172485,0.5427210927009583,0.31851717829704285,0.49193620681762695,0.27037903666496277,0.6155494451522827,0.25554797053337097,0.5869663953781128,0.27363187074661255,0.6035945415496826,0.2892693281173706,0.6193758845329285,0.2538738250732422,0.6681908965110779,0.2471923828125,0.6453136801719666,0.26462239027023315,0.65704745054245,0.27933239936828613,0.6707544326782227,0.24787935614585876,0.7228622436523438,0.2438822239637375,0.702079176902771,0.2594248652458191,0.7071160674095154,0.27464559674263,0.7196619510650635,0.2478121519088745,0.7711688280105591,0.2457846701145172,0.7512466907501221,0.2598462402820587,0.7536502480506897,0.2720288336277008,0.761904239654541,thumbsup,04051,C:/Users/Javier/PIDS_HandPose/work/HAR_mediapipe/data/gestos_pids/train//thumbsup/thumbsup_04051.jpg
0.3744407892227173,0.7951275110244751,0.36894547939300537,0.6987425088882446,0.3494679927825928,0.6243679523468018,0.33715391159057617,0.5599469542503357,0.3359634578227997,0.5066131353378296,0.27970147132873535,0.6355432271957397,0.2782323658466339,0.596117377281189,0.2999560236930847,0.6107131838798523,0.3128949999809265,0.629912793636322,0.26655808091163635,0.6905226707458496,0.27499523758888245,0.6548967957496643,0.29449278116226196,0.6628372669219971,0.30605971813201904,0.6802122592926025,0.26545023918151855,0.7474991679191589,0.27397409081459045,0.7169333696365356,0.29084649682044983,0.7198729515075684,0.3037874698638916,0.7363321781158447,0.2686558663845062,0.7952728867530823,0.2749822437763214,0.7683771252632141,0.28987136483192444,0.7694699168205261,0.30104756355285645,0.7807143926620483,thumbsup,04052,C:/Users/Javier/PIDS_HandPose/work/HAR_mediapipe/data/gestos_pids/train//thumbsup/thumbsup_04052.jpg
0.4813409745693207,0.8381807208061218,0.4695888161659241,0.7405110001564026,0.44746658205986023,0.664517879486084,0.4406279921531677,0.5938513278961182,0.4479471445083618,0.5409238934516907,0.39036473631858826,0.675944447517395,0.36428970098495483,0.6377664804458618,0.38428378105163574,0.6470743417739868,0.40220412611961365,0.6602746844291687,0.3762911558151245,0.7279379963874817,0.3615996241569519,0.6902865767478943,0.3801780939102173,0.6934561133384705,0.3951835036277771,0.7053415179252625,0.37167996168136597,0.7824466824531555,0.3646058142185211,0.7473787069320679,0.3798505663871765,0.7476692795753479,0.3941683769226074,0.7610858082771301,0.37211260199546814,0.8307548761367798,0.3688149154186249,0.7971726655960083,0.3828522264957428,0.7962141036987305,0.3948894143104553,0.8065702319145203,thumbsup,04053,C:/Users/Javier/PIDS_HandPose/work/HAR_mediapipe/data/gestos_pids/train//thumbsup/thumbsup_04053.jpg
0.3836939036846161,0.6777764558792114,0.37281447649002075,0.5960157513618469,0.34807878732681274,0.5242086052894592,0.3335317373275757,0.4626365005970001,0.3311854600906372,0.41190046072006226,0.29573681950569153,0.5207229852676392,0.2735803425312042,0.5334295630455017,0.2855408191680908,0.5600005984306335,0.3016674816608429,0.5715399384498596,0.28206077218055725,0.5678491592407227,0.2731187045574188,0.5920767188072205,0.28659191727638245,0.607663094997406,0.30405697226524353,0.6103030443191528,0.2766803205013275,0.6216035485267639,0.27364659309387207,0.639189600944519,0.2862204313278198,0.6478359699249268,0.3020578920841217,0.6486009955406189,0.2748688757419586,0.6729819774627686,0.27598780393600464,0.6842767000198364,0.28982865810394287,0.6895236968994141,0.3024202585220337,0.6889740824699402,thumbsup,04054,C:/Users/Javier/PIDS_HandPose/work/HAR_mediapipe/data/gestos_pids/train//thumbsup/thumbsup_04054.jpg
0.42786094546318054,0.7372158169746399,0.4161768853664398,0.6445817351341248,0.3930231034755707,0.5741512179374695,0.3806109130382538,0.5077113509178162,0.3828670382499695,0.4553486406803131,0.3360500931739807,0.586915135383606,0.32290175557136536,0.5700854063034058,0.3408045768737793,0.5850426554679871,0.3561236262321472,0.5970574617385864,0.3224933445453644,0.6390267014503479,0.322601854801178,0.6236969828605652,0.3401503562927246,0.6319569945335388,0.3539692163467407,0.6424884796142578,0.3198183476924896,0.6933629512786865,0.3256833851337433,0.6783949136734009,0.340790718793869,0.6819944381713867,0.35466715693473816,0.6923888325691223,0.3210349678993225,0.7395626306533813,0.3257881999015808,0.7233152985572815,0.33986225724220276,0.7258274555206299,0.3522956669330597,0.7326593399047852,thumbsup,04055,C:/Users/Javier/PIDS_HandPose/work/HAR_mediapipe/data/gestos_pids/train//thumbsup/thumbsup_04055.jpg
0.6817342042922974,0.8281905055046082,0.6624782085418701,0.7514254450798035,0.631305456161499,0.6826295852661133,0.6166027784347534,0.6223182082176208,0.6227179765701294,0.5740154385566711,0.6012609004974365,0.6972368359565735,0.5437695980072021,0.6922935843467712,0.5568520426750183,0.7125933766365051,0.575615406036377,0.7196729183197021,0.5967931151390076,0.7478870153427124,0.5435921549797058,0.7397225499153137,0.5618714094161987,0.7517787218093872,0.5819953083992004,0.7558241486549377,0.5971051454544067,0.8030831813812256,0.5525166392326355,0.7923581004142761,0.571446418762207,0.800021231174469,0.5903887748718262,0.8030894994735718,0.601171612739563,0.8584160804748535,0.5652249455451965,0.8400534391403198,0.5814595818519592,0.8405036926269531,0.5979319214820862,0.8425768613815308,thumbsup,04056,C:/Users/Javier/PIDS_HandPose/work/HAR_mediapipe/data/gestos_pids/train//thumbsup/thumbsup_04056.jpg
0.6455956101417542,0.9245003461837769,0.6326147317886353,0.8338550925254822,0.6084573864936829,0.7658284902572632,0.5995187759399414,0.7014100551605225,0.6084234118461609,0.6534969210624695,0.561741828918457,0.7806212306022644,0.5256553888320923,0.7375566363334656,0.5433061122894287,0.7432068586349487,0.5612176060676575,0.7542504668235779,0.5489534139633179,0.8288173079490662,0.5208936929702759,0.7830994129180908,0.5377700328826904,0.7824031710624695,0.5533075332641602,0.7928223609924316,0.5439393520355225,0.878554105758667,0.5225561857223511,0.8369336724281311,0.5375520586967468,0.8318100571632385,0.5524654388427734,0.8428260684013367,0.5442386269569397,0.9240240454673767,0.526526927947998,0.8846052885055542,0.5391789674758911,0.8785814642906189,0.5518357753753662,0.8872387409210205,thumbsup,04057,C:/Users/Javier/PIDS_HandPose/work/HAR_mediapipe/data/gestos_pids/train//thumbsup/thumbsup_04057.jpg
0.27028757333755493,0.8502785563468933,0.27460145950317383,0.7578582167625427,0.2512550354003906,0.683048665523529,0.22917690873146057,0.6252176761627197,0.2236787974834442,0.573641836643219,0.19225479662418365,0.6922463178634644,0.18803389370441437,0.6850132942199707,0.2064226120710373,0.6989115476608276,0.21875905990600586,0.7103827595710754,0.1783033013343811,0.7509700059890747,0.1822255700826645,0.736777663230896,0.19811885058879852,0.7433094382286072,0.208883598446846,0.7570950984954834,0.17637714743614197,0.8085227012634277,0.17926666140556335,0.7880402207374573,0.1928398609161377,0.7903432846069336,0.2039976269006729,0.8029187321662903,0.17812222242355347,0.854834794998169,0.1803523451089859,0.8333169221878052,0.19232524931430817,0.8333657383918762,0.20187467336654663,0.8418284058570862,thumbsup,04058,C:/Users/Javier/PIDS_HandPose/work/HAR_mediapipe/data/gestos_pids/train//thumbsup/thumbsup_04058.jpg
0.23474405705928802,0.9124139547348022,0.23694655299186707,0.8215874433517456,0.20640890300273895,0.750476598739624,0.17740567028522491,0.6994613409042358,0.16426388919353485,0.6505770683288574,0.15177471935749054,0.7814715504646301,0.1400316059589386,0.768020510673523,0.15934737026691437,0.7692053318023682,0.17466922104358673,0.7726463675498962,0.1415923535823822,0.836949348449707,0.13965296745300293,0.8177928328514099,0.15765266120433807,0.8118937015533447,0.1708499640226364,0.8163283467292786,0.14301452040672302,0.8917262554168701,0.1403386890888214,0.8666195869445801,0.15519601106643677,0.8585320711135864,0.16752661764621735,0.8627011179924011,0.14953775703907013,0.9358015060424805,0.1492132842540741,0.9130482077598572,0.1628250926733017,0.9061981439590454,0.17383643984794617,0.911125898361206,thumbsup,04059,C:/Users/Javier/PIDS_HandPose/work/HAR_mediapipe/data/gestos_pids/train//thumbsup/thumbsup_04059.jpg
0.3045541048049927,0.8693327903747559,0.30685800313949585,0.7859824299812317,0.29323697090148926,0.7169494032859802,0.29741156101226807,0.6612598896026611,0.30997809767723083,0.6180558800697327,0.2540133595466614,0.7472389936447144,0.21621118485927582,0.6656194925308228,0.23876619338989258,0.6821365356445312,0.25434523820877075,0.708202064037323,0.23502469062805176,0.7964638471603394,0.20412525534629822,0.7091235518455505,0.22636942565441132,0.7188119888305664,0.24024569988250732,0.7444503307342529,0.22364050149917603,0.8397737741470337,0.1972389668226242,0.7561861276626587,0.21680687367916107,0.7652543187141418,0.229232057929039,0.7911572456359863,0.2182813584804535,0.8759607076644897,0.19690829515457153,0.8053319454193115,0.2119312435388565,0.8103148341178894,0.22134190797805786,0.8323042988777161,thumbsup,04060,C:/Users/Javier/PIDS_HandPose/work/HAR_mediapipe/data/gestos_pids/train//thumbsup/thumbsup_04060.jpg
0.3245960474014282,0.6639548540115356,0.31948626041412354,0.5718683004379272,0.29935479164123535,0.48926714062690735,0.2948663532733917,0.42155325412750244,0.3064861297607422,0.37412840127944946,0.2547130882740021,0.48941928148269653,0.21159282326698303,0.46108341217041016,0.2262335866689682,0.4799071252346039,0.2451428323984146,0.49552690982818604,0.238783061504364,0.5397812724113464,0.20348453521728516,0.5108683109283447,0.2187579721212387,0.5265565514564514,0.23613935708999634,0.540075421333313,0.22927765548229218,0.5922105312347412,0.20354235172271729,0.5660064816474915,0.21655897796154022,0.5746015310287476,0.2319105863571167,0.587273359298706,0.22489097714424133,0.6417317390441895,0.20526404678821564,0.6148682236671448,0.21708957850933075,0.6216346025466919,0.22983717918395996,0.6323524713516235,thumbsup,04061,C:/Users/Javier/PIDS_HandPose/work/HAR_mediapipe/data/gestos_pids/train//thumbsup/thumbsup_04061.jpg
0.3381580114364624,0.6946825385093689,0.3318991959095001,0.6049589514732361,0.3133713901042938,0.5364455580711365,0.30709782242774963,0.47388672828674316,0.31369268894195557,0.42703551054000854,0.26327961683273315,0.5429538488388062,0.23445603251457214,0.5104187726974487,0.2509070038795471,0.5227487683296204,0.2683224081993103,0.5369518399238586,0.24889013171195984,0.5899655222892761,0.23293648660182953,0.5598609447479248,0.2482920140028,0.5671734809875488,0.26251107454299927,0.5782648921012878,0.24338345229625702,0.6386700868606567,0.2345198541879654,0.6117991805076599,0.24686157703399658,0.6150054931640625,0.259806364774704,0.6265147924423218,0.2427636831998825,0.6811931133270264,0.23681233823299408,0.6559841632843018,0.2485140860080719,0.6596788167953491,0.2597072422504425,0.6698381900787354,thumbsup,04062,C:/Users/Javier/PIDS_HandPose/work/HAR_mediapipe/data/gestos_pids/train//thumbsup/thumbsup_04062.jpg
0.5723192095756531,0.7617153525352478,0.5983729958534241,0.6564174294471741,0.6298724412918091,0.5820437669754028,0.6604337692260742,0.5170918703079224,0.6736361384391785,0.45998415350914,0.7014973163604736,0.6344609260559082,0.7183943390846252,0.6366933584213257,0.6947069764137268,0.647432804107666,0.6729803085327148,0.6529459953308105,0.7091801166534424,0.7024217844009399,0.720909833908081,0.6927422285079956,0.6993098258972168,0.6910558342933655,0.6784284114837646,0.6963658332824707,0.7027178406715393,0.7649178504943848,0.7178858518600464,0.7499890923500061,0.6971694231033325,0.7476637959480286,0.6736921072006226,0.746404230594635,0.6898296475410461,0.8202088475227356,0.698809027671814,0.8086574077606201,0.6794331669807434,0.8016039133071899,0.6598616242408752,0.7988331317901611,thumbsup,04063,C:/Users/Javier/PIDS_HandPose/work/HAR_mediapipe/data/gestos_pids/train//thumbsup/thumbsup_04063.jpg
0.5534697771072388,0.6252028942108154,0.5877361297607422,0.531282365322113,0.6230226159095764,0.4587669372558594,0.6524322628974915,0.3959767520427704,0.666108250617981,0.34131866693496704,0.6913651823997498,0.5002314448356628,0.715684175491333,0.5479198098182678,0.6930027008056641,0.5686665177345276,0.6724523901939392,0.5613607168197632,0.695723295211792,0.5626505613327026,0.7145023345947266,0.5993355512619019,0.6907483339309692,0.608847439289093,0.6689849495887756,0.5993294715881348,0.6891549825668335,0.6257222890853882,0.7078686356544495,0.6486964225769043,0.6853543519973755,0.6554024815559387,0.6634191870689392,0.6451852917671204,0.6761349439620972,0.6849008798599243,0.6887283325195312,0.7010416388511658,0.669069230556488,0.6987004280090332,0.6511989235877991,0.687803328037262,thumbsup,04064,C:/Users/Javier/PIDS_HandPose/work/HAR_mediapipe/data/gestos_pids/train//thumbsup/thumbsup_04064.jpg
0.5698329210281372,0.807801365852356,0.6009337902069092,0.701579213142395,0.6373918652534485,0.631926417350769,0.669138491153717,0.5657511353492737,0.682858943939209,0.5026835203170776,0.7096840143203735,0.7052887678146362,0.7253707051277161,0.6998083591461182,0.6998392939567566,0.7033452987670898,0.6773141026496887,0.705655038356781,0.7135360836982727,0.7777111530303955,0.7241003513336182,0.7600728273391724,0.7021130323410034,0.7536414861679077,0.6811565160751343,0.7590970396995544,0.7022663950920105,0.8412572741508484,0.7135181427001953,0.8184857964515686,0.691977858543396,0.8139888048171997,0.6685658693313599,0.8145089745521545,0.6864551305770874,0.8955501914024353,0.6964791417121887,0.8765142560005188,0.6766799688339233,0.866443932056427,0.6564852595329285,0.8645269870758057,thumbsup,04065,C:/Users/Javier/PIDS_HandPose/work/HAR_mediapipe/data/gestos_pids/train//thumbsup/thumbsup_04065.jpg
0.5855518579483032,0.6840984225273132,0.6112374067306519,0.5830707550048828,0.6405491828918457,0.5082653164863586,0.6686722040176392,0.4360307455062866,0.6840341091156006,0.37756073474884033,0.7119753360748291,0.5479063391685486,0.7293439507484436,0.5863131284713745,0.7082890868186951,0.6085706353187561,0.6897546648979187,0.6053615212440491,0.7190565466880798,0.6141162514686584,0.7293987274169922,0.6371192336082458,0.7079945206642151,0.6459197998046875,0.6886304020881653,0.642049252986908,0.7139065861701965,0.6789449453353882,0.7236213684082031,0.6876896619796753,0.7022007703781128,0.6951004266738892,0.6812041401863098,0.6894727349281311,0.7033867835998535,0.7388120889663696,0.7096616625785828,0.745742917060852,0.6897533535957336,0.7455073595046997,0.6712816953659058,0.7383092641830444,thumbsup,04066,C:/Users/Javier/PIDS_HandPose/work/HAR_mediapipe/data/gestos_pids/train//thumbsup/thumbsup_04066.jpg
0.599577784538269,0.8088323473930359,0.6263933777809143,0.6993503570556641,0.6589750051498413,0.6243053674697876,0.6895430684089661,0.5566968321800232,0.7046937942504883,0.49577346444129944,0.7288990020751953,0.6913965940475464,0.7486990094184875,0.690094530582428,0.7257962822914124,0.6953278183937073,0.7047827839851379,0.6979625225067139,0.7354124784469604,0.7609643936157227,0.7518056631088257,0.749692976474762,0.731752872467041,0.7446298003196716,0.7116603851318359,0.7488921880722046,0.7283643484115601,0.8230149149894714,0.7423542737960815,0.8067324161529541,0.7228449583053589,0.8018350601196289,0.7003703117370605,0.7996304035186768,0.7158498167991638,0.8764267563819885,0.7222856879234314,0.8620238900184631,0.7041345238685608,0.852965235710144,0.6858100891113281,0.8489280939102173,thumbsup,04067,C:/Users/Javier/PIDS_HandPose/work/HAR_mediapipe/data/gestos_pids/train//thumbsup/thumbsup_04067.jpg
0.6590685844421387,0.8197847604751587,0.6910080313682556,0.7196881771087646,0.724337637424469,0.6453119516372681,0.7543818354606628,0.5780519247055054,0.7685493230819702,0.5178711414337158,0.8018643260002136,0.7213057279586792,0.8108962774276733,0.7174618244171143,0.7849037647247314,0.7214964628219604,0.7636919021606445,0.7209441661834717,0.8081021904945374,0.7905515432357788,0.8137419819831848,0.7718073725700378,0.7913275957107544,0.7676684260368347,0.7711231112480164,0.7707856297492981,0.7990021109580994,0.8496731519699097,0.804451048374176,0.8231393694877625,0.7824463248252869,0.8208478093147278,0.7602383494377136,0.8189496397972107,0.7844865918159485,0.9011846780776978,0.7882871031761169,0.877922773361206,0.7697060108184814,0.8679401278495789,0.7513750195503235,0.8621774315834045,thumbsup,04068,C:/Users/Javier/PIDS_HandPose/work/HAR_mediapipe/data/gestos_pids/train//thumbsup/thumbsup_04068.jpg
0.6921835541725159,0.8410717248916626,0.7216282486915588,0.743798553943634,0.757104754447937,0.6693196892738342,0.7898030877113342,0.6082519888877869,0.8062983751296997,0.5511105060577393,0.834891140460968,0.7524200677871704,0.8237501978874207,0.7600948214530945,0.7963537573814392,0.7681578993797302,0.7775294184684753,0.7642452120780945,0.8388423919677734,0.8269023895263672,0.8225759863853455,0.826926052570343,0.7984669208526611,0.8254594206809998,0.7793306708335876,0.8235405087471008,0.8274405002593994,0.8880879282951355,0.8115526437759399,0.878352165222168,0.7877278327941895,0.8771576285362244,0.7671086192131042,0.8708930611610413,0.8111513257026672,0.9395378232002258,0.8007550239562988,0.9297407865524292,0.7809520959854126,0.9213584661483765,0.7645370364189148,0.9122881293296814,thumbsup,04069,C:/Users/Javier/PIDS_HandPose/work/HAR_mediapipe/data/gestos_pids/train//thumbsup/thumbsup_04069.jpg
0.6788066029548645,0.8521135449409485,0.70804762840271,0.7534441351890564,0.7425130009651184,0.6842591762542725,0.7772840857505798,0.6265641450881958,0.7963917255401611,0.5680510997772217,0.821537435054779,0.7498103380203247,0.8228814005851746,0.7558984160423279,0.7969262003898621,0.7643378973007202,0.7769557237625122,0.7634786367416382,0.8265872001647949,0.8215762972831726,0.8187813758850098,0.8177350163459778,0.7950814962387085,0.8145421147346497,0.7763289213180542,0.8143541216850281,0.8156853318214417,0.8836272358894348,0.8063642382621765,0.870891809463501,0.7839482426643372,0.8695799708366394,0.7632318735122681,0.8657411932945251,0.8001322746276855,0.9359301924705505,0.7951053977012634,0.9249019622802734,0.7759195566177368,0.9172534346580505,0.7591870427131653,0.910685122013092,thumbsup,04070,C:/Users/Javier/PIDS_HandPose/work/HAR_mediapipe/data/gestos_pids/train//thumbsup/thumbsup_04070.jpg
0.25410228967666626,0.9952268600463867,0.2558891475200653,0.8999326229095459,0.27823013067245483,0.8295281529426575,0.30608317255973816,0.7712785601615906,0.31298545002937317,0.7215389013290405,0.32225167751312256,0.8245870471000671,0.36351823806762695,0.8092046976089478,0.3504768908023834,0.8284769058227539,0.3332989811897278,0.8404624462127686,0.33749768137931824,0.8771984577178955,0.371128112077713,0.8588391542434692,0.35659050941467285,0.8729286789894104,0.3412873446941376,0.8829894065856934,0.3458178639411926,0.9308974146842957,0.3741427958011627,0.9051685929298401,0.36060380935668945,0.9167513847351074,0.344738632440567,0.927304744720459,0.3502426743507385,0.9798955321311951,0.372681587934494,0.9526857733726501,0.3602224290370941,0.9595179557800293,0.34624701738357544,0.9696050882339478,thumbsup,05001,C:/Users/Javier/PIDS_HandPose/work/HAR_mediapipe/data/gestos_pids/train//thumbsup/thumbsup_05001.jpg
0.31577417254447937,0.9131883382797241,0.3190039098262787,0.8242571949958801,0.33997827768325806,0.7567887902259827,0.3639409840106964,0.7015230655670166,0.36666834354400635,0.6543707251548767,0.37996771931648254,0.749509334564209,0.41797903180122375,0.7444021701812744,0.4067719578742981,0.7641686797142029,0.39166906476020813,0.7698209881782532,0.3937489092350006,0.7984270453453064,0.4246658384799957,0.7887713313102722,0.41056889295578003,0.8038042783737183,0.3957310914993286,0.8104270696640015,0.4015638828277588,0.8500665426254272,0.4253651797771454,0.8325170874595642,0.41236379742622375,0.8444887399673462,0.39755088090896606,0.852060079574585,0.4058282971382141,0.8979848623275757,0.4247949719429016,0.8750466704368591,0.413024365901947,0.8810880780220032,0.4003695547580719,0.888600766658783,thumbsup,05002,C:/Users/Javier/PIDS_HandPose/work/HAR_mediapipe/data/gestos_pids/train//thumbsup/thumbsup_05002.jpg
0.20276868343353271,0.8832972645759583,0.22680172324180603,0.7735499143600464,0.2729819416999817,0.692628026008606,0.3066425025463104,0.6238945722579956,0.3048321008682251,0.5552800893783569,0.3102690875530243,0.697559654712677,0.3753342032432556,0.7222038507461548,0.354530930519104,0.7478200197219849,0.3307133615016937,0.743849515914917,0.31590113043785095,0.770915150642395,0.3769479990005493,0.7896212339401245,0.35138294100761414,0.8083442449569702,0.32572656869888306,0.8018184304237366,0.31656670570373535,0.84639573097229,0.3714035749435425,0.8513453006744385,0.34713536500930786,0.8643168210983276,0.3210279941558838,0.860572338104248,0.3134501576423645,0.9153453707695007,0.3557949364185333,0.9080020785331726,0.3366036117076874,0.9123576879501343,0.31537309288978577,0.9110173583030701,thumbsup,05003,C:/Users/Javier/PIDS_HandPose/work/HAR_mediapipe/data/gestos_pids/train//thumbsup/thumbsup_05003.jpg
0.5875137448310852,0.8845749497413635,0.5618560314178467,0.7795687913894653,0.5222933888435364,0.7026667594909668,0.5067851543426514,0.6344068050384521,0.5198996067047119,0.5820711851119995,0.467465341091156,0.7319799065589905,0.4236258864402771,0.7504391670227051,0.44286805391311646,0.7667996287345886,0.464819073677063,0.769291341304779,0.4581400156021118,0.797761082649231,0.4301494359970093,0.8098784685134888,0.44861096143722534,0.8185118436813354,0.4686240255832672,0.8181835412979126,0.45683711767196655,0.863295316696167,0.43739593029022217,0.8611392974853516,0.4525759518146515,0.8648214936256409,0.4716009795665741,0.8686237335205078,0.4596913158893585,0.9207363128662109,0.4449014961719513,0.9057701826095581,0.46083229780197144,0.9075843691825867,0.47787347435951233,0.9111303687095642,thumbsup,05004,C:/Users/Javier/PIDS_HandPose/work/HAR_mediapipe/data/gestos_pids/train//thumbsup/thumbsup_05004.jpg
0.15989547967910767,0.8612743020057678,0.19159364700317383,0.7702423930168152,0.2368849664926529,0.7070562839508057,0.27196359634399414,0.6577249765396118,0.28517818450927734,0.6087244749069214,0.27459922432899475,0.7127623558044434,0.33107858896255493,0.7488245964050293,0.31240591406822205,0.7696811556816101,0.2913076877593994,0.7645321488380432,0.2747931480407715,0.7744815349578857,0.327330082654953,0.8102362155914307,0.305242657661438,0.8240763545036316,0.28357651829719543,0.8126639723777771,0.27021440863609314,0.8407570123672485,0.31780311465263367,0.8629326224327087,0.29558539390563965,0.8728545308113098,0.27306315302848816,0.8632345795631409,0.26236492395401,0.9030969142913818,0.30113402009010315,0.9142042398452759,0.282962828874588,0.9165751934051514,0.2642613351345062,0.9092535972595215,thumbsup,05005,C:/Users/Javier/PIDS_HandPose/work/HAR_mediapipe/data/gestos_pids/train//thumbsup/thumbsup_05005.jpg
0.5643085241317749,0.8287875652313232,0.5509687662124634,0.7354481220245361,0.5212933421134949,0.6570683121681213,0.5041074156761169,0.5930359363555908,0.5179378986358643,0.5464504957199097,0.4664059281349182,0.6656997203826904,0.42383554577827454,0.6873083114624023,0.43978092074394226,0.7130938768386841,0.45816394686698914,0.7191793918609619,0.45589199662208557,0.7231240272521973,0.4247295558452606,0.7482003569602966,0.44282105565071106,0.7628779411315918,0.46171849966049194,0.7629603147506714,0.4532078504562378,0.7840818762779236,0.4314849376678467,0.7990363240242004,0.4476841688156128,0.8083463907241821,0.4653569161891937,0.80983567237854,0.4541267454624176,0.8400020599365234,0.4361540377140045,0.8374633193016052,0.45225390791893005,0.8450902700424194,0.4680423438549042,0.8475328087806702,thumbsup,05006,C:/Users/Javier/PIDS_HandPose/work/HAR_mediapipe/data/gestos_pids/train//thumbsup/thumbsup_05006.jpg
0.5629138946533203,0.7502185702323914,0.548050045967102,0.6619554162025452,0.5169290900230408,0.5817654132843018,0.49991559982299805,0.5215566754341125,0.5115258097648621,0.47820234298706055,0.4694388508796692,0.5898255109786987,0.4275091290473938,0.6251764297485352,0.4419369697570801,0.6512047052383423,0.4601013660430908,0.6552916169166565,0.45863184332847595,0.6387453675270081,0.42788225412368774,0.68239426612854,0.4456331431865692,0.6971414089202881,0.4643682539463043,0.6942286491394043,0.45485180616378784,0.6945024728775024,0.43193358182907104,0.7253983020782471,0.44825223088264465,0.7346968054771423,0.4657360017299652,0.7331507205963135,0.45428356528282166,0.7474673986434937,0.4401208460330963,0.7641714215278625,0.45736002922058105,0.773006796836853,0.47289201617240906,0.7726727724075317,thumbsup,05007,C:/Users/Javier/PIDS_HandPose/work/HAR_mediapipe/data/gestos_pids/train//thumbsup/thumbsup_05007.jpg
0.5793723464012146,0.838533878326416,0.557977020740509,0.7414571642875671,0.5186976194381714,0.6695553064346313,0.4967838525772095,0.6108477711677551,0.5056453347206116,0.5611894726753235,0.4679848253726959,0.6963387131690979,0.4273570477962494,0.7226940989494324,0.4449543356895447,0.7391929626464844,0.4642975926399231,0.7405391335487366,0.46104398369789124,0.7566748261451721,0.43314093351364136,0.7816734910011292,0.45104941725730896,0.7892251014709473,0.46980834007263184,0.7862730026245117,0.46176987886428833,0.8177537322044373,0.4408782422542572,0.8283752202987671,0.4558512568473816,0.8312088847160339,0.47372832894325256,0.8316004276275635,0.4663826525211334,0.8711733222007751,0.44868209958076477,0.8675163388252258,0.4643291234970093,0.8702260255813599,0.4803938865661621,0.8715258836746216,thumbsup,05008,C:/Users/Javier/PIDS_HandPose/work/HAR_mediapipe/data/gestos_pids/train//thumbsup/thumbsup_05008.jpg
0.19719742238521576,0.8611586689949036,0.22279274463653564,0.7433001399040222,0.26384836435317993,0.6717706918716431,0.299208402633667,0.619006335735321,0.3032650649547577,0.5638816356658936,0.3220987319946289,0.69181889295578,0.35748881101608276,0.6939196586608887,0.3386191725730896,0.7090939283370972,0.31796038150787354,0.7156376838684082,0.3310322165489197,0.7578661441802979,0.35743722319602966,0.7492388486862183,0.3386613130569458,0.7548901438713074,0.318132609128952,0.7617034912109375,0.32976287603378296,0.8239785432815552,0.350042462348938,0.8031033873558044,0.33293265104293823,0.8077612519264221,0.31155306100845337,0.8136747479438782,0.324415922164917,0.8849754333496094,0.337358683347702,0.8586520552635193,0.3206328749656677,0.8585672974586487,0.3019564151763916,0.8650449514389038,thumbsup,05009,C:/Users/Javier/PIDS_HandPose/work/HAR_mediapipe/data/gestos_pids/train//thumbsup/thumbsup_05009.jpg
0.1811024695634842,0.7756120562553406,0.2136530876159668,0.6796553134918213,0.25623342394828796,0.6176474094390869,0.29007089138031006,0.5676767230033875,0.2940276861190796,0.5158126354217529,0.3052610754966736,0.631988525390625,0.34325557947158813,0.6572983860969543,0.32780006527900696,0.6812899112701416,0.307466596364975,0.6806912422180176,0.31048741936683655,0.6914744973182678,0.343353271484375,0.7141534686088562,0.3256939947605133,0.7300738096237183,0.304720014333725,0.7274990677833557,0.3076184391975403,0.7551954984664917,0.3348376750946045,0.7657379508018494,0.3191082775592804,0.7760800719261169,0.2988279163837433,0.773197591304779,0.29962658882141113,0.8157727718353271,0.3228651285171509,0.8145979642868042,0.3081047832965851,0.8166135549545288,0.29060307145118713,0.8151496052742004,thumbsup,05010,C:/Users/Javier/PIDS_HandPose/work/HAR_mediapipe/data/gestos_pids/train//thumbsup/thumbsup_05010.jpg
0.18944057822227478,0.8011234998703003,0.22778870165348053,0.7047363519668579,0.27281874418258667,0.6467746496200562,0.30597442388534546,0.5968734622001648,0.30905401706695557,0.543716549873352,0.32062721252441406,0.6705324649810791,0.3568969964981079,0.69566410779953,0.3392486870288849,0.7130281329154968,0.31940439343452454,0.709930419921875,0.3227023482322693,0.7303896546363831,0.3531001806259155,0.7511312961578369,0.33501675724983215,0.761396050453186,0.3148418962955475,0.757610559463501,0.31668245792388916,0.7926003336906433,0.3431457281112671,0.7977182865142822,0.32759523391723633,0.8047136068344116,0.3081212043762207,0.8012853264808655,0.3062991201877594,0.8503555059432983,0.33040252327919006,0.8471209406852722,0.31617629528045654,0.8466574549674988,0.29876455664634705,0.8449663519859314,thumbsup,05011,C:/Users/Javier/PIDS_HandPose/work/HAR_mediapipe/data/gestos_pids/train//thumbsup/thumbsup_05011.jpg
0.5834714770317078,0.9107562899589539,0.5658678412437439,0.8042616248130798,0.5294098854064941,0.7234576940536499,0.5084448456764221,0.6600918769836426,0.5196622014045715,0.6104714274406433,0.4847134053707123,0.7404561638832092,0.4356383681297302,0.7433016300201416,0.4530317187309265,0.7622029781341553,0.47575223445892334,0.769401490688324,0.47322314977645874,0.8048943281173706,0.4359636604785919,0.8042258620262146,0.4524505138397217,0.8151600956916809,0.47323980927467346,0.8194284439086914,0.46810388565063477,0.8683223128318787,0.43849241733551025,0.855461835861206,0.45230185985565186,0.8618878126144409,0.47104373574256897,0.8700644969940186,0.46696487069129944,0.9249181151390076,0.44335874915122986,0.8972812294960022,0.4574648439884186,0.9044674038887024,0.47410568594932556,0.9148188233375549,thumbsup,05012,C:/Users/Javier/PIDS_HandPose/work/HAR_mediapipe/data/gestos_pids/train//thumbsup/thumbsup_05012.jpg
0.1970004141330719,0.689333438873291,0.23147442936897278,0.5957411527633667,0.275193989276886,0.5333440899848938,0.3079560399055481,0.4811425805091858,0.31508901715278625,0.4267708361148834,0.3171321749687195,0.5451045632362366,0.36200645565986633,0.5926800966262817,0.3459937870502472,0.621046781539917,0.3258007764816284,0.6212366223335266,0.3217419385910034,0.5962887406349182,0.35684657096862793,0.6508080959320068,0.33771154284477234,0.6680540442466736,0.3174631893634796,0.6586019396781921,0.3197624385356903,0.6552629470825195,0.347729355096817,0.7004828453063965,0.33002978563308716,0.7126476168632507,0.3106074333190918,0.7035468816757202,0.31449151039123535,0.7157254219055176,0.3356085419654846,0.7488263845443726,0.32058170437812805,0.7527738213539124,0.3045874536037445,0.7438564896583557,thumbsup,05013,C:/Users/Javier/PIDS_HandPose/work/HAR_mediapipe/data/gestos_pids/train//thumbsup/thumbsup_05013.jpg
0.19254496693611145,0.6945506930351257,0.22865119576454163,0.6097357869148254,0.2762424647808075,0.5490612983703613,0.3088436424732208,0.4982099235057831,0.31293797492980957,0.4447764754295349,0.3144935667514801,0.5588755011558533,0.3581908345222473,0.6065954566001892,0.34222280979156494,0.6345134973526001,0.32163071632385254,0.6320553421974182,0.31619665026664734,0.6065514087677002,0.3580857813358307,0.6568728685379028,0.3405515253543854,0.6767014265060425,0.3201923072338104,0.6681149005889893,0.31204140186309814,0.6630964279174805,0.34723204374313354,0.7040838599205017,0.32971224188804626,0.7169470191001892,0.31012773513793945,0.7079605460166931,0.30356109142303467,0.7226196527481079,0.3318357467651367,0.7505723834037781,0.315841943025589,0.753126859664917,0.2985392212867737,0.7451826333999634,thumbsup,05014,C:/Users/Javier/PIDS_HandPose/work/HAR_mediapipe/data/gestos_pids/train//thumbsup/thumbsup_05014.jpg
0.5312939286231995,0.7504599094390869,0.5156770348548889,0.682357668876648,0.48501938581466675,0.6000894904136658,0.4635186791419983,0.540573000907898,0.46274253726005554,0.4862637519836426,0.47597482800483704,0.5697159171104431,0.4071069359779358,0.5878880023956299,0.4146121144294739,0.6243263483047485,0.4350600838661194,0.6316594481468201,0.4727010428905487,0.6147378087043762,0.3992730379104614,0.6347595453262329,0.4149170517921448,0.6649893522262573,0.43614819645881653,0.6680617332458496,0.46758174896240234,0.6682794094085693,0.4014475643634796,0.6846777200698853,0.41969209909439087,0.709953248500824,0.44005700945854187,0.711193323135376,0.46192631125450134,0.725456178188324,0.41304677724838257,0.7345401048660278,0.4273805618286133,0.7528363466262817,0.4441259205341339,0.7557673454284668,thumbsup,05015,C:/Users/Javier/PIDS_HandPose/work/HAR_mediapipe/data/gestos_pids/train//thumbsup/thumbsup_05015.jpg
0.5336911082267761,0.8192583322525024,0.5119785070419312,0.7455707788467407,0.475297749042511,0.6851946115493774,0.44994470477104187,0.6425872445106506,0.44774338603019714,0.5997890830039978,0.44870591163635254,0.6767473220825195,0.40640562772750854,0.7177982330322266,0.4164749085903168,0.7409173846244812,0.4304417669773102,0.7395499348640442,0.44482001662254333,0.7195154428482056,0.4047825336456299,0.7656063437461853,0.41870754957199097,0.780631422996521,0.4345794916152954,0.7764964699745178,0.4442461133003235,0.7680271863937378,0.4097563326358795,0.8038586974143982,0.424490362405777,0.8148434162139893,0.43972134590148926,0.8102219700813293,0.4455062747001648,0.8167117238044739,0.4209079146385193,0.8348356485366821,0.43544381856918335,0.84349524974823,0.4487711489200592,0.8409749865531921,thumbsup,05016,C:/Users/Javier/PIDS_HandPose/work/HAR_mediapipe/data/gestos_pids/train//thumbsup/thumbsup_05016.jpg
0.23780184984207153,0.8111062049865723,0.25838643312454224,0.7428597807884216,0.28764045238494873,0.6588391661643982,0.29898524284362793,0.5916558504104614,0.29164212942123413,0.5276919007301331,0.2687971889972687,0.6305420398712158,0.3372933268547058,0.6432579755783081,0.3259349763393402,0.6762149333953857,0.3042270243167877,0.6814048886299133,0.2572513222694397,0.6837546229362488,0.3357597589492798,0.6984952092170715,0.31918659806251526,0.725260317325592,0.29588696360588074,0.7251472473144531,0.25280988216400146,0.7447124719619751,0.3285917043685913,0.7597795724868774,0.3114309310913086,0.7779537439346313,0.2890906035900116,0.7749326229095459,0.25284871459007263,0.8042395710945129,0.31536975502967834,0.8084360361099243,0.30234071612358093,0.8169228434562683,0.2799778878688812,0.813038170337677,thumbsup,05017,C:/Users/Javier/PIDS_HandPose/work/HAR_mediapipe/data/gestos_pids/train//thumbsup/thumbsup_05017.jpg
0.1979309767484665,0.8448845148086548,0.21962903439998627,0.790720522403717,0.2620026171207428,0.728785514831543,0.28769075870513916,0.6776124238967896,0.2960931956768036,0.6186206340789795,0.25818413496017456,0.6976680755615234,0.32005375623703003,0.7280853390693665,0.3039112389087677,0.7552139759063721,0.283684104681015,0.7511646151542664,0.2451183944940567,0.7407879829406738,0.314980149269104,0.7801962494850159,0.29498594999313354,0.7998098731040955,0.27227866649627686,0.7941860556602478,0.23479238152503967,0.7952250242233276,0.30100932717323303,0.8316425085067749,0.2803952693939209,0.842104434967041,0.2586406469345093,0.8358792662620544,0.22623515129089355,0.8529102802276611,0.27975571155548096,0.875245213508606,0.2652356028556824,0.8784983158111572,0.2454012930393219,0.8718156814575195,thumbsup,05018,C:/Users/Javier/PIDS_HandPose/work/HAR_mediapipe/data/gestos_pids/train//thumbsup/thumbsup_05018.jpg
0.5605216026306152,0.8238675594329834,0.5321022868156433,0.7532122731208801,0.4944891333580017,0.6867820024490356,0.4714316725730896,0.6306629776954651,0.4696161150932312,0.5781791806221008,0.48806998133659363,0.6518675088882446,0.43111804127693176,0.6892752051353455,0.4443558156490326,0.7166568040847778,0.4623679220676422,0.7128603458404541,0.4950779974460602,0.6862317323684692,0.43560105562210083,0.7350143194198608,0.4547038972377777,0.7519612908363342,0.4713102877140045,0.7443445920944214,0.5008125305175781,0.7312356233596802,0.44781285524368286,0.7757689952850342,0.46641436219215393,0.7858260869979858,0.48304465413093567,0.774389922618866,0.5070227384567261,0.7783796787261963,0.4650976061820984,0.8113223910331726,0.4786112904548645,0.817908763885498,0.49398744106292725,0.8100670576095581,thumbsup,05019,C:/Users/Javier/PIDS_HandPose/work/HAR_mediapipe/data/gestos_pids/train//thumbsup/thumbsup_05019.jpg
0.26549604535102844,0.7849951982498169,0.3027529716491699,0.7090866565704346,0.3286714553833008,0.6240456104278564,0.3405510187149048,0.5547484755516052,0.34129536151885986,0.4820924997329712,0.2928946316242218,0.5618934035301208,0.36103004217147827,0.6024783253669739,0.3524697422981262,0.6510599255561829,0.32974690198898315,0.6521590948104858,0.26952242851257324,0.611248791217804,0.34849804639816284,0.670109212398529,0.3330080509185791,0.7038304805755615,0.31033679842948914,0.6975922584533691,0.2557682394981384,0.6778854131698608,0.33110755681991577,0.7288751602172852,0.3171303868293762,0.7562032341957092,0.2972567677497864,0.7480574250221252,0.2471422553062439,0.744737446308136,0.3064727783203125,0.7784355878829956,0.29875510931015015,0.7921997308731079,0.2783553898334503,0.7825011610984802,thumbsup,05020,C:/Users/Javier/PIDS_HandPose/work/HAR_mediapipe/data/gestos_pids/train//thumbsup/thumbsup_05020.jpg
0.19253268837928772,0.9183894395828247,0.21751877665519714,0.8535760045051575,0.26102107763290405,0.7858405113220215,0.28912553191185,0.7286796569824219,0.29598110914230347,0.6639196872711182,0.2578512132167816,0.7447828054428101,0.31931474804878235,0.7822498083114624,0.30361825227737427,0.8106826543807983,0.28467026352882385,0.8058401346206665,0.24530944228172302,0.7896034717559814,0.3141210079193115,0.8338170051574707,0.29364141821861267,0.8542535305023193,0.27296313643455505,0.8438438177108765,0.23550567030906677,0.8454265594482422,0.3019377887248993,0.8870759010314941,0.28118398785591125,0.897936224937439,0.25957202911376953,0.8868708610534668,0.227587029337883,0.9024773836135864,0.2822153866291046,0.9322443008422852,0.26779210567474365,0.9346377849578857,0.2471379041671753,0.9218664169311523,thumbsup,05021,C:/Users/Javier/PIDS_HandPose/work/HAR_mediapipe/data/gestos_pids/train//thumbsup/thumbsup_05021.jpg
0.5681081414222717,0.7960870265960693,0.552848756313324,0.7241884469985962,0.5215259790420532,0.6513014435768127,0.506774365901947,0.5960613489151001,0.5142622590065002,0.5515790581703186,0.49813610315322876,0.6597194075584412,0.44656822085380554,0.6738550066947937,0.45985499024391174,0.6936804056167603,0.47844016551971436,0.6931095123291016,0.49375101923942566,0.7072669267654419,0.4445316791534424,0.7207350134849548,0.45942893624305725,0.7352210283279419,0.4780285954475403,0.7353773713111877,0.49146056175231934,0.7577202916145325,0.4490141272544861,0.7653416991233826,0.4637981951236725,0.7746726274490356,0.48141855001449585,0.7746762037277222,0.4906153082847595,0.8070476055145264,0.4576776325702667,0.8062326908111572,0.472400963306427,0.8111112117767334,0.48887985944747925,0.8126161098480225,thumbsup,05022,C:/Users/Javier/PIDS_HandPose/work/HAR_mediapipe/data/gestos_pids/train//thumbsup/thumbsup_05022.jpg
0.20302033424377441,0.6215944290161133,0.21776354312896729,0.567095935344696,0.24069957435131073,0.5314900279045105,0.2593410909175873,0.5022562742233276,0.2665148079395294,0.47347283363342285,0.2775803208351135,0.5380858778953552,0.29920804500579834,0.5671663284301758,0.29093027114868164,0.5831619501113892,0.2812099754810333,0.5836297869682312,0.28064149618148804,0.5688496232032776,0.3004559278488159,0.5983402132987976,0.288446307182312,0.6114121675491333,0.27667781710624695,0.6074174642562866,0.2793387174606323,0.6043303608894348,0.29875338077545166,0.6289329528808594,0.2858865261077881,0.6378697752952576,0.27328959107398987,0.6319187879562378,0.27455878257751465,0.6403921842575073,0.2927880585193634,0.6602692604064941,0.28165963292121887,0.6640166640281677,0.27007970213890076,0.6578823328018188,thumbsup,05023,C:/Users/Javier/PIDS_HandPose/work/HAR_mediapipe/data/gestos_pids/train//thumbsup/thumbsup_05023.jpg
0.5207351446151733,0.7413018941879272,0.504455029964447,0.6849042177200317,0.4835646450519562,0.6441389322280884,0.4683821201324463,0.610113799571991,0.47181394696235657,0.5784165859222412,0.4477170705795288,0.6564932465553284,0.42942970991134644,0.6817620992660522,0.44067060947418213,0.6954274773597717,0.4524177014827728,0.6957783699035645,0.44334718585014343,0.69330894947052,0.4314701557159424,0.7199216485023499,0.44307446479797363,0.7272366285324097,0.4551057815551758,0.7237744927406311,0.4448889195919037,0.7326092720031738,0.43513229489326477,0.7496886253356934,0.44554510712623596,0.7536624670028687,0.45716866850852966,0.7510959506034851,0.44868141412734985,0.7687646150588989,0.4419611990451813,0.773933470249176,0.4531005024909973,0.7756173610687256,0.463409960269928,0.7732855081558228,thumbsup,05024,C:/Users/Javier/PIDS_HandPose/work/HAR_mediapipe/data/gestos_pids/train//thumbsup/thumbsup_05024.jpg
0.1942235380411148,0.6610094904899597,0.20828822255134583,0.609876275062561,0.2356337457895279,0.5710231065750122,0.2564884424209595,0.5435574054718018,0.2628641128540039,0.5141744613647461,0.2648047208786011,0.5744179487228394,0.2886052131652832,0.6109762787818909,0.27856436371803284,0.623583972454071,0.2669641673564911,0.6195576190948486,0.26645419001579285,0.6030208468437195,0.28814569115638733,0.6396533250808716,0.2759579122066498,0.6494783163070679,0.2638443112373352,0.6429818272590637,0.264792263507843,0.6369647979736328,0.2852342128753662,0.6682590246200562,0.27272307872772217,0.6751067638397217,0.26094892621040344,0.6681581139564514,0.26027148962020874,0.6730586886405945,0.27888908982276917,0.6957142353057861,0.2671758532524109,0.6995197534561157,0.2564719617366791,0.6940470933914185,thumbsup,05025,C:/Users/Javier/PIDS_HandPose/work/HAR_mediapipe/data/gestos_pids/train//thumbsup/thumbsup_05025.jpg
0.20304568111896515,0.6655015349388123,0.21606263518333435,0.6096782684326172,0.2416090965270996,0.5696493983268738,0.2627463936805725,0.5413500070571899,0.2697892487049103,0.5108045935630798,0.27174264192581177,0.5750323534011841,0.29910749197006226,0.6013301014900208,0.289840430021286,0.6149526834487915,0.2773646414279938,0.6111768484115601,0.27461695671081543,0.6057245135307312,0.2994367182254791,0.6324411034584045,0.28723132610321045,0.6451833844184875,0.2744996249675751,0.6410220861434937,0.2737279534339905,0.6417436003684998,0.2963562309741974,0.6630116701126099,0.28395646810531616,0.6718264222145081,0.2713962495326996,0.6669872999191284,0.2697541415691376,0.6789198517799377,0.2901920676231384,0.6949402689933777,0.2784256935119629,0.6985369324684143,0.2668752074241638,0.6941035389900208,thumbsup,05026,C:/Users/Javier/PIDS_HandPose/work/HAR_mediapipe/data/gestos_pids/train//thumbsup/thumbsup_05026.jpg
0.49084463715553284,0.7060189247131348,0.4808390736579895,0.6506674289703369,0.46033352613449097,0.6071491241455078,0.447314977645874,0.5748867392539978,0.45141685009002686,0.5455251932144165,0.42910340428352356,0.6084463000297546,0.41324809193611145,0.6390759944915771,0.4233305752277374,0.6566638946533203,0.4350280463695526,0.6614388227462769,0.42213302850723267,0.6408966779708862,0.41295695304870605,0.6741149425506592,0.4246865510940552,0.6855403780937195,0.4370690584182739,0.6863448023796082,0.420609712600708,0.6781784892082214,0.4143431782722473,0.702457070350647,0.42534035444259644,0.7102915048599243,0.4369395077228546,0.7102165222167969,0.42087092995643616,0.7141616940498352,0.41787368059158325,0.727723240852356,0.4290713667869568,0.7338148355484009,0.4385233223438263,0.7333152890205383,thumbsup,05027,C:/Users/Javier/PIDS_HandPose/work/HAR_mediapipe/data/gestos_pids/train//thumbsup/thumbsup_05027.jpg
0.47314637899398804,0.7639051675796509,0.46880385279655457,0.7032189965248108,0.45257803797721863,0.6534169316291809,0.4405641257762909,0.6143136620521545,0.4463578164577484,0.5824470520019531,0.41927370429039,0.646245002746582,0.40115755796432495,0.6745920181274414,0.40733981132507324,0.6967882513999939,0.416991263628006,0.7057468295097351,0.40716373920440674,0.6762536764144897,0.39523962140083313,0.70815509557724,0.4037307798862457,0.7249330282211304,0.41534143686294556,0.7305667400360107,0.3998461961746216,0.7133698463439941,0.3921712040901184,0.7377068996429443,0.40172383189201355,0.7503672242164612,0.4137590527534485,0.754834771156311,0.3953365981578827,0.7508388757705688,0.3913649320602417,0.76938796043396,0.40197497606277466,0.7801811695098877,0.41198503971099854,0.7829604148864746,thumbsup,05028,C:/Users/Javier/PIDS_HandPose/work/HAR_mediapipe/data/gestos_pids/train//thumbsup/thumbsup_05028.jpg
0.5028722882270813,0.7286613583564758,0.5027089715003967,0.6712700724601746,0.48908597230911255,0.6183794140815735,0.47977304458618164,0.5815510749816895,0.48606744408607483,0.5552371740341187,0.4590701162815094,0.6014055609703064,0.4366936683654785,0.6238355040550232,0.44104838371276855,0.6468331217765808,0.4507322907447815,0.6570226550102234,0.44663721323013306,0.6241336464881897,0.42681390047073364,0.6552289724349976,0.4339163303375244,0.6732810735702515,0.44569677114486694,0.6786219477653503,0.4386816918849945,0.6570581197738647,0.4217833876609802,0.6842262744903564,0.43105459213256836,0.6991063356399536,0.44371575117111206,0.7005400061607361,0.43386751413345337,0.6929542422294617,0.4233268201351166,0.7174515724182129,0.43406328558921814,0.7315201759338379,0.4451059103012085,0.7324549555778503,thumbsup,05029,C:/Users/Javier/PIDS_HandPose/work/HAR_mediapipe/data/gestos_pids/train//thumbsup/thumbsup_05029.jpg
0.18162932991981506,0.7277320027351379,0.18921032547950745,0.6630551218986511,0.2083778828382492,0.6136578321456909,0.22845561802387238,0.5755879282951355,0.23277778923511505,0.5410610437393188,0.2445584386587143,0.6115626096725464,0.27213701605796814,0.6290463209152222,0.2632536292076111,0.6477994918823242,0.25169727206230164,0.6502962112426758,0.25270789861679077,0.6456232666969299,0.27712756395339966,0.6622546911239624,0.2667703628540039,0.6793678402900696,0.25405460596084595,0.6807210445404053,0.25635653734207153,0.6846368908882141,0.2787397503852844,0.6958978772163391,0.2679131329059601,0.7085084319114685,0.2542697787284851,0.7089303135871887,0.25690001249313354,0.7243538498878479,0.27504533529281616,0.730888843536377,0.2638278901576996,0.7363488674163818,0.2511686384677887,0.7356455326080322,thumbsup,05030,C:/Users/Javier/PIDS_HandPose/work/HAR_mediapipe/data/gestos_pids/train//thumbsup/thumbsup_05030.jpg
0.16619950532913208,0.7714789509773254,0.18354038894176483,0.7013579607009888,0.21225221455097198,0.6566937565803528,0.23875367641448975,0.624809741973877,0.24831944704055786,0.590562105178833,0.2458251267671585,0.6694685220718384,0.2837636470794678,0.6848090291023254,0.2742767035961151,0.6954619884490967,0.2594633996486664,0.6964985728263855,0.2489524781703949,0.7157413959503174,0.2868022322654724,0.7256870865821838,0.27556443214416504,0.7313751578330994,0.25978803634643555,0.7304500341415405,0.24695488810539246,0.7634146809577942,0.2793923020362854,0.7649545073509216,0.26770204305648804,0.7690865397453308,0.2525167465209961,0.7682908177375793,0.2422981858253479,0.8076561093330383,0.2694481611251831,0.805293083190918,0.2587111294269562,0.8044875264167786,0.244937464594841,0.8034486174583435,thumbsup,05031,C:/Users/Javier/PIDS_HandPose/work/HAR_mediapipe/data/gestos_pids/train//thumbsup/thumbsup_05031.jpg
0.5992360711097717,0.9726343750953674,0.587609589099884,0.8846909403800964,0.5596131086349487,0.8035448789596558,0.54440838098526,0.7390484809875488,0.5561158061027527,0.6890074014663696,0.5259933471679688,0.809511661529541,0.473251074552536,0.8158121705055237,0.4853858947753906,0.8412486910820007,0.505418062210083,0.8454626202583313,0.5165140628814697,0.8686740398406982,0.4650428593158722,0.87083500623703,0.48051995038986206,0.8896644115447998,0.5014039278030396,0.8930982947349548,0.5100833773612976,0.926140546798706,0.4660812318325043,0.9228529930114746,0.48065146803855896,0.9359793066978455,0.5000895857810974,0.9401501417160034,0.5071545243263245,0.9781776070594788,0.4730190932750702,0.967784583568573,0.4880446791648865,0.9798887372016907,0.5061352252960205,0.9866893887519836,thumbsup,05032,C:/Users/Javier/PIDS_HandPose/work/HAR_mediapipe/data/gestos_pids/train//thumbsup/thumbsup_05032.jpg
0.1437598168849945,0.7171576023101807,0.1570713073015213,0.6567836999893188,0.186604306101799,0.6084621548652649,0.20868751406669617,0.5702835321426392,0.21622778475284576,0.5318809747695923,0.20708496868610382,0.6047384142875671,0.24966759979724884,0.6227554678916931,0.23882243037223816,0.641771674156189,0.22444739937782288,0.6406431794166565,0.2099926620721817,0.6399597525596619,0.2517659664154053,0.659626841545105,0.23798899352550507,0.6787445545196533,0.22222262620925903,0.6750000715255737,0.2104918360710144,0.6827012300491333,0.2495526820421219,0.6966729760169983,0.23477652668952942,0.7124601006507874,0.218223437666893,0.7098513245582581,0.20928946137428284,0.726266622543335,0.24193641543388367,0.7341619729995728,0.22963348031044006,0.7434448003768921,0.21507731080055237,0.742362916469574,thumbsup,05033,C:/Users/Javier/PIDS_HandPose/work/HAR_mediapipe/data/gestos_pids/train//thumbsup/thumbsup_05033.jpg
0.5454583168029785,0.8437287211418152,0.5333296656608582,0.780051052570343,0.5097001791000366,0.7179803848266602,0.4967213571071625,0.672038733959198,0.5011705160140991,0.6332086324691772,0.48025959730148315,0.7172282338142395,0.4419076144695282,0.7392563819885254,0.4527912139892578,0.7604459524154663,0.4679126441478729,0.7610747218132019,0.47443071007728577,0.7559819221496582,0.4379223585128784,0.7792220711708069,0.45078590512275696,0.7944295406341553,0.46641936898231506,0.7934680581092834,0.471550315618515,0.8013519048690796,0.43833035230636597,0.8149992227554321,0.4511491358280182,0.8277352452278137,0.46634453535079956,0.8270651698112488,0.4715502858161926,0.8468590974807739,0.4459964632987976,0.8500027060508728,0.45872509479522705,0.8589573502540588,0.472136914730072,0.8593645691871643,thumbsup,05034,C:/Users/Javier/PIDS_HandPose/work/HAR_mediapipe/data/gestos_pids/train//thumbsup/thumbsup_05034.jpg
0.560344934463501,0.89268559217453,0.5523260235786438,0.8285315632820129,0.5296463966369629,0.7629407644271851,0.5153313279151917,0.715268611907959,0.522110104560852,0.676372230052948,0.5003728270530701,0.7643187642097473,0.4608538746833801,0.7771196365356445,0.4717872142791748,0.7962585687637329,0.48708775639533997,0.7966762781143188,0.49260595440864563,0.8050498366355896,0.45546668767929077,0.8159347772598267,0.46812182664871216,0.8312448859214783,0.4836725890636444,0.8343991637229919,0.4884910583496094,0.8502791523933411,0.45607107877731323,0.8532118201255798,0.4680558145046234,0.8643398880958557,0.4830029308795929,0.866694450378418,0.48799899220466614,0.8929715752601624,0.4634780287742615,0.8879005908966064,0.47551485896110535,0.8959071636199951,0.48860031366348267,0.8993109464645386,thumbsup,05035,C:/Users/Javier/PIDS_HandPose/work/HAR_mediapipe/data/gestos_pids/train//thumbsup/thumbsup_05035.jpg
0.5637246370315552,0.9360514283180237,0.55476975440979,0.8719983100891113,0.5327882766723633,0.8045978546142578,0.5186959505081177,0.7547523379325867,0.5228394865989685,0.7129594087600708,0.5048103928565979,0.8049871325492859,0.4636768400669098,0.8176093101501465,0.4748079776763916,0.8389676809310913,0.49001383781433105,0.8407792448997498,0.4973156750202179,0.8449869155883789,0.45760518312454224,0.8572452664375305,0.47088491916656494,0.8734130859375,0.486527681350708,0.8763306736946106,0.4924713671207428,0.8904266953468323,0.4580421447753906,0.8960667252540588,0.4710484445095062,0.9083365201950073,0.48583343625068665,0.9104628562927246,0.4906150698661804,0.933468759059906,0.4644983410835266,0.931240439414978,0.4774729907512665,0.9403745532035828,0.4907926321029663,0.9426917433738708,thumbsup,05036,C:/Users/Javier/PIDS_HandPose/work/HAR_mediapipe/data/gestos_pids/train//thumbsup/thumbsup_05036.jpg
0.5558116436004639,0.8392754793167114,0.546630322933197,0.777111291885376,0.5259445905685425,0.710364818572998,0.513365626335144,0.6621805429458618,0.5172052979469299,0.6238646507263184,0.49591946601867676,0.7042756676673889,0.4544002413749695,0.714676022529602,0.4617352783679962,0.7406147122383118,0.4769667088985443,0.7491611838340759,0.48842817544937134,0.7390032410621643,0.4487345218658447,0.7573118805885315,0.4601890742778778,0.7773495316505432,0.47614601254463196,0.7806636095046997,0.4829903841018677,0.7820876240730286,0.4484398066997528,0.7936720252037048,0.4604071378707886,0.8090674877166748,0.4756416082382202,0.8121916055679321,0.48003309965133667,0.8271096348762512,0.45424142479896545,0.8300478458404541,0.46622776985168457,0.8412746787071228,0.47925621271133423,0.8451431393623352,thumbsup,05037,C:/Users/Javier/PIDS_HandPose/work/HAR_mediapipe/data/gestos_pids/train//thumbsup/thumbsup_05037.jpg
0.486634224653244,0.8382545113563538,0.47520044445991516,0.7635678648948669,0.45130884647369385,0.6974251866340637,0.43235915899276733,0.6461237072944641,0.43569573760032654,0.6039593815803528,0.41021019220352173,0.7085257768630981,0.3752308785915375,0.7273151278495789,0.38772299885749817,0.7458829283714294,0.4031525254249573,0.7455931901931763,0.40109261870384216,0.7566927671432495,0.37060102820396423,0.7716260552406311,0.3845967650413513,0.7859369516372681,0.4008156657218933,0.7861541509628296,0.3978363871574402,0.8071030974388123,0.37389999628067017,0.8159092664718628,0.38732245564460754,0.8242055773735046,0.4030625820159912,0.8249642252922058,0.39855530858039856,0.8539732694625854,0.38146334886550903,0.8518640398979187,0.39579036831855774,0.8588340282440186,0.4099423289299011,0.8615761995315552,thumbsup,05038,C:/Users/Javier/PIDS_HandPose/work/HAR_mediapipe/data/gestos_pids/train//thumbsup/thumbsup_05038.jpg
0.5181857943534851,0.8912800550460815,0.505125105381012,0.8104225397109985,0.47941020131111145,0.7417945861816406,0.4629383981227875,0.6881876587867737,0.46944454312324524,0.6462618112564087,0.44096869230270386,0.7525479793548584,0.3994348645210266,0.7650582790374756,0.4109054505825043,0.7850392460823059,0.42646774649620056,0.7913710474967957,0.43239012360572815,0.8035159707069397,0.3970802426338196,0.8108971118927002,0.4109376072883606,0.8248419761657715,0.4281502664089203,0.8295811414718628,0.4294935166835785,0.8552908301353455,0.4008565843105316,0.8566325902938843,0.41391921043395996,0.863959014415741,0.4301757216453552,0.8680827021598816,0.42986994981765747,0.9045270085334778,0.4077366590499878,0.8960015773773193,0.4221782982349396,0.9009866714477539,0.43729645013809204,0.9041657447814941,thumbsup,05039,C:/Users/Javier/PIDS_HandPose/work/HAR_mediapipe/data/gestos_pids/train//thumbsup/thumbsup_05039.jpg
0.5389834642410278,0.9522209167480469,0.5282056331634521,0.8710153698921204,0.5023791790008545,0.7997786402702332,0.48752036690711975,0.7441927790641785,0.49355021119117737,0.7000168561935425,0.46999529004096985,0.8194542527198792,0.42641201615333557,0.81573486328125,0.44080689549446106,0.8291082382202148,0.4587594270706177,0.8347236514091492,0.460220605134964,0.8715377449989319,0.4212148189544678,0.8620144128799438,0.4357035160064697,0.8710461258888245,0.45268750190734863,0.8770022988319397,0.45457062125205994,0.923531711101532,0.42195239663124084,0.9101743698120117,0.4352172017097473,0.9135872721672058,0.45158517360687256,0.9195665121078491,0.45294541120529175,0.9697621464729309,0.4282219111919403,0.9514462351799011,0.4413253366947174,0.9545592069625854,0.45564520359039307,0.961305558681488,thumbsup,05040,C:/Users/Javier/PIDS_HandPose/work/HAR_mediapipe/data/gestos_pids/train//thumbsup/thumbsup_05040.jpg
0.5336129069328308,0.9635801911354065,0.5238767266273499,0.8866404294967651,0.5019461512565613,0.8186610341072083,0.48726752400398254,0.7640541791915894,0.49156156182289124,0.7210087776184082,0.46550023555755615,0.8308922052383423,0.42486411333084106,0.8262988328933716,0.43890365958213806,0.8408460021018982,0.45618581771850586,0.845798134803772,0.45526444911956787,0.8837305903434753,0.4162375330924988,0.8723465204238892,0.43139562010765076,0.8830011487007141,0.44946345686912537,0.8897130489349365,0.449929416179657,0.9342172145843506,0.4162244498729706,0.9218016266822815,0.4298607110977173,0.9265230894088745,0.44680410623550415,0.9325039386749268,0.44843268394470215,0.979213297367096,0.4211965799331665,0.9612436294555664,0.4342981278896332,0.9665322303771973,0.449625164270401,0.9738103151321411,thumbsup,05041,C:/Users/Javier/PIDS_HandPose/work/HAR_mediapipe/data/gestos_pids/train//thumbsup/thumbsup_05041.jpg
0.5463014841079712,0.9916218519210815,0.5456690192222595,0.9209536910057068,0.5226344466209412,0.8494980931282043,0.5054024457931519,0.7941130995750427,0.5139181017875671,0.749070405960083,0.4959348738193512,0.8679049015045166,0.44999727606773376,0.8579810261726379,0.4614967703819275,0.8763567805290222,0.477914959192276,0.8818177580833435,0.48442894220352173,0.9093680381774902,0.44038480520248413,0.896602988243103,0.4535909593105316,0.9094937443733215,0.46893972158432007,0.9150005578994751,0.47676023840904236,0.9515791535377502,0.4370732009410858,0.9300596117973328,0.44967764616012573,0.9394487738609314,0.46557238698005676,0.9449355602264404,0.4736897349357605,0.9886747002601624,0.4425254762172699,0.9654006958007812,0.4538857042789459,0.9738336801528931,0.46803349256515503,0.9824628233909607,thumbsup,05042,C:/Users/Javier/PIDS_HandPose/work/HAR_mediapipe/data/gestos_pids/train//thumbsup/thumbsup_05042.jpg
0.5446521639823914,0.9644386172294617,0.5363489389419556,0.8866809010505676,0.5139608383178711,0.8177909255027771,0.4999779760837555,0.7613229751586914,0.5057343244552612,0.7147063612937927,0.47983959317207336,0.8323389887809753,0.43639928102493286,0.8257708549499512,0.4511387348175049,0.8385764956474304,0.4692575931549072,0.845385730266571,0.4697747528553009,0.8846085667610168,0.42844486236572266,0.8709093332290649,0.4437940716743469,0.8803685903549194,0.4621942639350891,0.8888257145881653,0.4637799561023712,0.9354376792907715,0.42766112089157104,0.9196399450302124,0.4419335424900055,0.9236190319061279,0.4591386616230011,0.9312794804573059,0.46136271953582764,0.9813071489334106,0.4340161383152008,0.9621346592903137,0.44737234711647034,0.9659623503684998,0.46195220947265625,0.9730224013328552,thumbsup,05043,C:/Users/Javier/PIDS_HandPose/work/HAR_mediapipe/data/gestos_pids/train//thumbsup/thumbsup_05043.jpg
0.55006343126297,0.8599213361740112,0.5335279703140259,0.7831328511238098,0.5053219199180603,0.7210764288902283,0.4832879304885864,0.6741859316825867,0.48369768261909485,0.6332970857620239,0.4662707448005676,0.7325179576873779,0.4289200007915497,0.7540419697761536,0.4436780512332916,0.7719016075134277,0.45993852615356445,0.7722062468528748,0.45874881744384766,0.7841474413871765,0.42556342482566833,0.8009745478630066,0.44059109687805176,0.811804473400116,0.457414448261261,0.8102771043777466,0.4573390781879425,0.8352301120758057,0.42956456542015076,0.8449013233184814,0.44343802332878113,0.8505388498306274,0.45938363671302795,0.8503696918487549,0.45967063307762146,0.8824795484542847,0.43856340646743774,0.8794553279876709,0.45292288064956665,0.884426474571228,0.4677211046218872,0.8862301111221313,thumbsup,05044,C:/Users/Javier/PIDS_HandPose/work/HAR_mediapipe/data/gestos_pids/train//thumbsup/thumbsup_05044.jpg
0.6062902808189392,0.889628529548645,0.5837664008140564,0.7983300685882568,0.5508589744567871,0.7359191179275513,0.5141391158103943,0.7046272158622742,0.4896637201309204,0.6796925067901611,0.49606069922447205,0.76968914270401,0.46264439821243286,0.7892534732818604,0.4797797203063965,0.799095869064331,0.49716925621032715,0.7998568415641785,0.4905891418457031,0.829725980758667,0.46293991804122925,0.8394019603729248,0.47876259684562683,0.8450750112533569,0.4965428113937378,0.8453772068023682,0.49381884932518005,0.8872244954109192,0.46975067257881165,0.8889813423156738,0.4839157164096832,0.8893944621086121,0.5015868544578552,0.890745222568512,0.5017243027687073,0.9385354518890381,0.48130494356155396,0.929215669631958,0.4955308139324188,0.928205132484436,0.5107561945915222,0.9281488656997681,thumbsup,05045,C:/Users/Javier/PIDS_HandPose/work/HAR_mediapipe/data/gestos_pids/train//thumbsup/thumbsup_05045.jpg
0.6024894714355469,0.7936867475509644,0.5822860598564148,0.7154484391212463,0.5486462116241455,0.6570139527320862,0.5140942931175232,0.6260797381401062,0.49345219135284424,0.5989320874214172,0.5030326843261719,0.6837709546089172,0.47209101915359497,0.7177073955535889,0.4860359728336334,0.7329154014587402,0.5006808042526245,0.7337927222251892,0.498636394739151,0.7330941557884216,0.4747548997402191,0.7676113247871399,0.48947393894195557,0.7751835584640503,0.5051912665367126,0.7701399922370911,0.502098560333252,0.7827014327049255,0.4802231192588806,0.8058209419250488,0.4945448040962219,0.8079848289489746,0.5104245543479919,0.8031821250915527,0.5086432695388794,0.8285534381866455,0.49111321568489075,0.8368905782699585,0.5058942437171936,0.8383825421333313,0.5202634334564209,0.8337070345878601,thumbsup,05046,C:/Users/Javier/PIDS_HandPose/work/HAR_mediapipe/data/gestos_pids/train//thumbsup/thumbsup_05046.jpg
0.6141157746315002,0.8039946556091309,0.5907009840011597,0.7264094352722168,0.5571016669273376,0.6712133884429932,0.5236738324165344,0.6409645676612854,0.502888023853302,0.614203929901123,0.5133315920829773,0.6968863606452942,0.480685293674469,0.7291894555091858,0.4961479604244232,0.741712212562561,0.5122442841529846,0.7410019636154175,0.5094696283340454,0.7474548816680908,0.48334386944770813,0.7768613696098328,0.4977591037750244,0.7832814455032349,0.513897716999054,0.779065728187561,0.5131354928016663,0.7981391549110413,0.4893780052661896,0.8178525567054749,0.5031147003173828,0.8196038007736206,0.5191925764083862,0.8159740567207336,0.5201824307441711,0.8447922468185425,0.5015129446983337,0.8509753942489624,0.51619553565979,0.8515653014183044,0.5307887196540833,0.8476152420043945,thumbsup,05047,C:/Users/Javier/PIDS_HandPose/work/HAR_mediapipe/data/gestos_pids/train//thumbsup/thumbsup_05047.jpg
0.14426063001155853,0.7863460183143616,0.16093936562538147,0.7016295790672302,0.1919296830892563,0.6475100517272949,0.22533951699733734,0.6081176996231079,0.23893724381923676,0.5664768218994141,0.22607925534248352,0.6593875288963318,0.27716514468193054,0.6781542897224426,0.2667108178138733,0.6959015130996704,0.25079602003097534,0.6953078508377075,0.23093870282173157,0.7119014859199524,0.2791343927383423,0.7252753376960754,0.2648739218711853,0.7382453083992004,0.24816006422042847,0.736325740814209,0.23041029274463654,0.76662677526474,0.276741623878479,0.7710728645324707,0.26172754168510437,0.7798931002616882,0.2442415952682495,0.7770264148712158,0.22563913464546204,0.8172227740287781,0.2663271725177765,0.8167045712471008,0.255733847618103,0.8167150616645813,0.23986423015594482,0.8118963241577148,thumbsup,05048,C:/Users/Javier/PIDS_HandPose/work/HAR_mediapipe/data/gestos_pids/train//thumbsup/thumbsup_05048.jpg
0.566160261631012,0.8332077264785767,0.5373557209968567,0.7611664533615112,0.49938052892684937,0.7089078426361084,0.4661947786808014,0.6699560284614563,0.4562613368034363,0.6252011656761169,0.46401482820510864,0.7377261519432068,0.4217127561569214,0.7689671516418457,0.43604564666748047,0.7806767821311951,0.45267197489738464,0.7762723565101624,0.4642285704612732,0.7935877442359924,0.4222356081008911,0.8188480138778687,0.43821316957473755,0.8264124393463135,0.4563649892807007,0.8197930455207825,0.4692544937133789,0.8483569025993347,0.42905041575431824,0.8642396926879883,0.44471025466918945,0.8663331866264343,0.4625844359397888,0.8605191707611084,0.4780040979385376,0.8999148011207581,0.44337737560272217,0.9038844704627991,0.4579293727874756,0.901962399482727,0.4740866720676422,0.8963497877120972,thumbsup,05049,C:/Users/Javier/PIDS_HandPose/work/HAR_mediapipe/data/gestos_pids/train//thumbsup/thumbsup_05049.jpg
0.5750966668128967,0.9000032544136047,0.5437144637107849,0.8300362229347229,0.5012531876564026,0.7798267006874084,0.4665163457393646,0.7399406433105469,0.45474302768707275,0.6942328810691833,0.4688693881034851,0.8185164928436279,0.42674341797828674,0.8534452319145203,0.4428614377975464,0.8562814593315125,0.45973679423332214,0.8461668491363525,0.4709523618221283,0.8769605159759521,0.4293005168437958,0.9013068675994873,0.4453781545162201,0.9009255170822144,0.4630880653858185,0.8926379680633545,0.4781359136104584,0.9316906929016113,0.4384593367576599,0.9470862746238708,0.45302921533584595,0.9429247379302979,0.47088271379470825,0.9363353252410889,0.4885084331035614,0.9792024493217468,0.45596185326576233,0.9820414185523987,0.4691922664642334,0.9770050048828125,0.48459935188293457,0.971949577331543,thumbsup,05050,C:/Users/Javier/PIDS_HandPose/work/HAR_mediapipe/data/gestos_pids/train//thumbsup/thumbsup_05050.jpg
0.1436406970024109,0.8927108645439148,0.16966941952705383,0.7978301048278809,0.21175670623779297,0.7388035655021667,0.25362062454223633,0.7049062252044678,0.2742585241794586,0.6665252447128296,0.24774931371212006,0.7634681463241577,0.30524733662605286,0.773381233215332,0.28995591402053833,0.7814711928367615,0.2686688303947449,0.7818543910980225,0.25007912516593933,0.8269968032836914,0.3058921694755554,0.8296371698379517,0.2889924645423889,0.8308639526367188,0.26759037375450134,0.8299624919891357,0.24725602567195892,0.8890161514282227,0.30032575130462646,0.8809281587600708,0.284153550863266,0.8802621364593506,0.2629546523094177,0.8798081278800964,0.24137036502361298,0.9454624056816101,0.28875672817230225,0.9356604814529419,0.2775338590145111,0.9285648465156555,0.2591553330421448,0.9259089231491089,thumbsup,05051,C:/Users/Javier/PIDS_HandPose/work/HAR_mediapipe/data/gestos_pids/train//thumbsup/thumbsup_05051.jpg
0.5844905376434326,0.9409700036048889,0.5606228113174438,0.8515601754188538,0.524768054485321,0.7876198291778564,0.4974944591522217,0.7368807196617126,0.4920255243778229,0.6884641647338867,0.4831366539001465,0.8181546330451965,0.43884724378585815,0.833918035030365,0.45473167300224304,0.8443794250488281,0.47311943769454956,0.8434305191040039,0.4799847900867462,0.8773398399353027,0.4362078607082367,0.8862321972846985,0.4528631567955017,0.8901862502098083,0.47204944491386414,0.889205276966095,0.4816042184829712,0.933413565158844,0.4418022334575653,0.9364855289459229,0.4561275243759155,0.9349989891052246,0.47451654076576233,0.9355787038803101,0.4865316152572632,0.9831454157829285,0.4512612521648407,0.9760364294052124,0.4647563397884369,0.9741522073745728,0.48192328214645386,0.9762358069419861,thumbsup,05052,C:/Users/Javier/PIDS_HandPose/work/HAR_mediapipe/data/gestos_pids/train//thumbsup/thumbsup_05052.jpg
0.5835374593734741,0.8292521834373474,0.5645275115966797,0.7509779334068298,0.5335791110992432,0.6880518198013306,0.5101118087768555,0.6380000710487366,0.5123388767242432,0.5940834283828735,0.49326178431510925,0.7121145725250244,0.4524078965187073,0.7318664789199829,0.4665849804878235,0.7467079162597656,0.48287543654441833,0.7461438179016113,0.4868355393409729,0.7642053365707397,0.45033836364746094,0.7787505388259888,0.46592992544174194,0.7892975807189941,0.48270365595817566,0.7881303429603577,0.4864749312400818,0.8153789043426514,0.4543102979660034,0.8232043385505676,0.4689977765083313,0.8280020952224731,0.4857504665851593,0.8279448747634888,0.49020326137542725,0.8639273643493652,0.46429046988487244,0.8617821335792542,0.4790904223918915,0.8641430139541626,0.49461597204208374,0.8643755316734314,thumbsup,05053,C:/Users/Javier/PIDS_HandPose/work/HAR_mediapipe/data/gestos_pids/train//thumbsup/thumbsup_05053.jpg
0.5696080327033997,0.7789031267166138,0.5571497678756714,0.7050808072090149,0.529860258102417,0.6367008090019226,0.5120694041252136,0.583472728729248,0.5192155241966248,0.5394216775894165,0.4924964904785156,0.6469277739524841,0.4525209069252014,0.662489116191864,0.46176642179489136,0.6853012442588806,0.476204514503479,0.6898975968360901,0.48376867175102234,0.6914913654327393,0.4471721947193146,0.7089378833770752,0.45922011137008667,0.7255417704582214,0.47568175196647644,0.7258846759796143,0.479388952255249,0.7400532960891724,0.4480379819869995,0.7518015503883362,0.4598427712917328,0.7630535960197449,0.47542908787727356,0.7633093595504761,0.47817057371139526,0.7871798276901245,0.452693909406662,0.7890648245811462,0.4654671847820282,0.7969635128974915,0.4801276922225952,0.7973722219467163,thumbsup,05054,C:/Users/Javier/PIDS_HandPose/work/HAR_mediapipe/data/gestos_pids/train//thumbsup/thumbsup_05054.jpg
0.19578808546066284,0.8086696267127991,0.1958276331424713,0.7247527837753296,0.21543431282043457,0.6499079465866089,0.23426368832588196,0.5876017212867737,0.23019543290138245,0.5380204916000366,0.2451605349779129,0.6530631184577942,0.2981193959712982,0.6254392862319946,0.2833442687988281,0.6443076729774475,0.26463109254837036,0.6565458178520203,0.25852078199386597,0.7048870325088501,0.31028449535369873,0.6689502596855164,0.29442286491394043,0.6849281191825867,0.2765777111053467,0.696603000164032,0.2709234356880188,0.7556248903274536,0.31783443689346313,0.711504340171814,0.3031430244445801,0.7267118692398071,0.2858423590660095,0.7405860424041748,0.28094735741615295,0.8013567924499512,0.31944113969802856,0.7584848403930664,0.3094966411590576,0.7670170664787292,0.2953798770904541,0.7792765498161316,thumbsup,05055,C:/Users/Javier/PIDS_HandPose/work/HAR_mediapipe/data/gestos_pids/train//thumbsup/thumbsup_05055.jpg
0.5872470140457153,0.8781806230545044,0.5592077374458313,0.800515353679657,0.5209341049194336,0.7407160401344299,0.4978778660297394,0.6896138191223145,0.4994579255580902,0.6402178406715393,0.49644774198532104,0.7730397582054138,0.4443029761314392,0.7976859211921692,0.46099746227264404,0.8034653663635254,0.48069480061531067,0.7970297932624817,0.4983230531215668,0.8334681987762451,0.44618746638298035,0.847634494304657,0.4627530872821808,0.8491308689117432,0.48239776492118835,0.8447859287261963,0.5024875998497009,0.8909608721733093,0.45507651567459106,0.8945332765579224,0.4702751040458679,0.892867922782898,0.48900583386421204,0.8905047178268433,0.5081644654273987,0.9422928094863892,0.4671924412250519,0.9355940222740173,0.48070862889289856,0.9306491613388062,0.49788811802864075,0.930273175239563,thumbsup,05056,C:/Users/Javier/PIDS_HandPose/work/HAR_mediapipe/data/gestos_pids/train//thumbsup/thumbsup_05056.jpg
0.14483338594436646,0.792005717754364,0.17834854125976562,0.7196619510650635,0.21959730982780457,0.6819151639938354,0.25314396619796753,0.6531957387924194,0.26568591594696045,0.6124197840690613,0.24437575042247772,0.7139145731925964,0.29344481229782104,0.7433285117149353,0.27738913893699646,0.7410962581634521,0.2581237554550171,0.7313514351844788,0.23858186602592468,0.7718350291252136,0.28629183769226074,0.7906128168106079,0.270737886428833,0.7862811088562012,0.2527194619178772,0.7796053290367126,0.2294173389673233,0.8264449834823608,0.2763540744781494,0.835227370262146,0.2623624801635742,0.829832136631012,0.24489715695381165,0.822607696056366,0.21926577389240265,0.8742584586143494,0.26109957695007324,0.8751301765441895,0.25173452496528625,0.8678022027015686,0.23624861240386963,0.8616668581962585,thumbsup,05057,C:/Users/Javier/PIDS_HandPose/work/HAR_mediapipe/data/gestos_pids/train//thumbsup/thumbsup_05057.jpg
0.20542936027050018,0.7900570034980774,0.2345573902130127,0.722534716129303,0.26905032992362976,0.6817586421966553,0.29721084237098694,0.6486307978630066,0.3083963394165039,0.6096889972686768,0.3001527786254883,0.7019804120063782,0.3349475860595703,0.7287505269050598,0.32181599736213684,0.7430168986320496,0.3070344030857086,0.7403475046157837,0.2988521158695221,0.750207781791687,0.33107990026474,0.7735214829444885,0.3159913122653961,0.7810443043708801,0.2997688055038452,0.7741029858589172,0.29317405819892883,0.7984412908554077,0.3241845965385437,0.8091517686843872,0.31043508648872375,0.8152080178260803,0.2941388189792633,0.8098976016044617,0.28489381074905396,0.8423219919204712,0.31425586342811584,0.8471077680587769,0.3032611906528473,0.8472720980644226,0.28911927342414856,0.8426895141601562,thumbsup,05058,C:/Users/Javier/PIDS_HandPose/work/HAR_mediapipe/data/gestos_pids/train//thumbsup/thumbsup_05058.jpg
0.15394917130470276,0.4935474395751953,0.17767497897148132,0.4419681131839752,0.21831031143665314,0.4018210768699646,0.2443327158689499,0.36799192428588867,0.2525023818016052,0.3268357813358307,0.23705461621284485,0.3966507613658905,0.27911239862442017,0.4485187530517578,0.26423606276512146,0.4590736925601959,0.24914205074310303,0.4468265771865845,0.22979426383972168,0.4250792860984802,0.2722720503807068,0.4819863736629486,0.2557656764984131,0.4880293905735016,0.24064911901950836,0.47253695130348206,0.2210569977760315,0.46228232979774475,0.26134198904037476,0.51230388879776,0.2459668219089508,0.5157535076141357,0.23025164008140564,0.5020538568496704,0.21192574501037598,0.5026447772979736,0.2486313432455063,0.5385165214538574,0.23726898431777954,0.539853572845459,0.22282348573207855,0.5283406972885132,thumbsup,05059,C:/Users/Javier/PIDS_HandPose/work/HAR_mediapipe/data/gestos_pids/train//thumbsup/thumbsup_05059.jpg
0.3828156590461731,0.4907017946243286,0.40563666820526123,0.4300180673599243,0.44013741612434387,0.39118629693984985,0.4682753384113312,0.3633788824081421,0.4808775782585144,0.33126866817474365,0.4804510474205017,0.4047173857688904,0.5053696632385254,0.4512971341609955,0.4929434061050415,0.4648038148880005,0.4801875650882721,0.45782482624053955,0.4830123782157898,0.44035279750823975,0.5032764673233032,0.48659923672676086,0.4886728823184967,0.49741899967193604,0.47458615899086,0.4875083863735199,0.47960177063941956,0.4818914532661438,0.4989893138408661,0.5199430584907532,0.48509788513183594,0.5264402627944946,0.47141706943511963,0.5150884389877319,0.4725189208984375,0.5248016715049744,0.49254703521728516,0.5520969033241272,0.47871822118759155,0.5532840490341187,0.4645966589450836,0.5433295965194702,thumbsup,05060,C:/Users/Javier/PIDS_HandPose/work/HAR_mediapipe/data/gestos_pids/train//thumbsup/thumbsup_05060.jpg
0.5286197066307068,0.5683897733688354,0.5044680237770081,0.5087979435920715,0.4688882827758789,0.4553406536579132,0.44729673862457275,0.41430237889289856,0.44691768288612366,0.37214964628219604,0.4443909227848053,0.4535418450832367,0.39766019582748413,0.503852367401123,0.410575270652771,0.5246756672859192,0.4268950819969177,0.5160858035087585,0.4473283290863037,0.4874793589115143,0.4002719819545746,0.5457360148429871,0.41734883189201355,0.5586348176002502,0.4324724078178406,0.5488951802253723,0.45259106159210205,0.5296867489814758,0.41058388352394104,0.5820429921150208,0.42794719338417053,0.5897263884544373,0.4423147141933441,0.5782642364501953,0.46004006266593933,0.5736547112464905,0.4271000325679779,0.609052300453186,0.440287321805954,0.6142717003822327,0.4523628354072571,0.6074495315551758,thumbsup,05061,C:/Users/Javier/PIDS_HandPose/work/HAR_mediapipe/data/gestos_pids/train//thumbsup/thumbsup_05061.jpg
0.5222797393798828,0.8199294805526733,0.4973315894603729,0.7456808686256409,0.4602603018283844,0.6887218952178955,0.4352886378765106,0.6423664093017578,0.4348946213722229,0.5946863293647766,0.4283791184425354,0.7139439582824707,0.384202241897583,0.7481780052185059,0.3983093202114105,0.7593521475791931,0.4146747887134552,0.7558417916297913,0.4290553331375122,0.7686827182769775,0.38444361090660095,0.7924240827560425,0.3999907374382019,0.7962974309921265,0.4179266691207886,0.7924506664276123,0.43381592631340027,0.822563886642456,0.3937893211841583,0.8362402319908142,0.4102047085762024,0.8348173499107361,0.42783403396606445,0.8310686349868774,0.44124695658683777,0.8721290826797485,0.4077460765838623,0.8728687167167664,0.42287227511405945,0.869526207447052,0.4384482800960541,0.8657283782958984,thumbsup,05062,C:/Users/Javier/PIDS_HandPose/work/HAR_mediapipe/data/gestos_pids/train//thumbsup/thumbsup_05062.jpg
0.18824151158332825,0.7339288592338562,0.21083956956863403,0.6617746949195862,0.25520268082618713,0.605488657951355,0.2883034944534302,0.5585718750953674,0.29939401149749756,0.5081204771995544,0.27449938654899597,0.6087830662727356,0.33447927236557007,0.6521342396736145,0.31990739703178406,0.6753858923912048,0.3001687824726105,0.6679043173789978,0.27001577615737915,0.6565394997596741,0.3323994576931,0.7033286094665527,0.3110172152519226,0.7201129794120789,0.28854042291641235,0.7064249515533447,0.26299965381622314,0.7120764255523682,0.32203832268714905,0.751770555973053,0.3005371391773224,0.7610502243041992,0.27732422947883606,0.7487316727638245,0.2543103098869324,0.7681792974472046,0.302611380815506,0.792220950126648,0.2878478467464447,0.793199360370636,0.2683853209018707,0.7807552814483643,thumbsup,05063,C:/Users/Javier/PIDS_HandPose/work/HAR_mediapipe/data/gestos_pids/train//thumbsup/thumbsup_05063.jpg
0.24006503820419312,0.7609455585479736,0.26401662826538086,0.6695184707641602,0.2981914281845093,0.6109086871147156,0.3292315602302551,0.561705470085144,0.33691567182540894,0.5076358318328857,0.3353443145751953,0.6336268782615662,0.386310338973999,0.6503506302833557,0.3673226535320282,0.6638078689575195,0.3464638888835907,0.6627662777900696,0.3381229639053345,0.6986516118049622,0.38596799969673157,0.7041729092597961,0.3677820861339569,0.7092795968055725,0.34808239340782166,0.7068148851394653,0.3364183008670807,0.759594202041626,0.38074791431427,0.7526487112045288,0.36363399028778076,0.7567118406295776,0.34346383810043335,0.7562361359596252,0.3323119580745697,0.8127940893173218,0.3704872131347656,0.7997899055480957,0.3576592803001404,0.7998200058937073,0.3409704267978668,0.7999052405357361,thumbsup,05064,C:/Users/Javier/PIDS_HandPose/work/HAR_mediapipe/data/gestos_pids/train//thumbsup/thumbsup_05064.jpg
0.4391145408153534,0.6695626974105835,0.4113818407058716,0.5875565409660339,0.3769257068634033,0.5251377820968628,0.3516082763671875,0.47238925099372864,0.34937986731529236,0.4225667417049408,0.3345147669315338,0.5400184392929077,0.2973744869232178,0.5864445567131042,0.313222199678421,0.6055119037628174,0.33014240860939026,0.6016297936439514,0.33046409487724304,0.5916470885276794,0.29697465896606445,0.6417948603630066,0.3134540319442749,0.6531788110733032,0.3314763605594635,0.6442170739173889,0.33217406272888184,0.6476171016693115,0.3018483817577362,0.6844511032104492,0.3177129626274109,0.6913396120071411,0.3353990614414215,0.6827675700187683,0.33684679865837097,0.7018623352050781,0.3118029832839966,0.7201567888259888,0.32849109172821045,0.7249702215194702,0.3449593186378479,0.7195249795913696,thumbsup,05065,C:/Users/Javier/PIDS_HandPose/work/HAR_mediapipe/data/gestos_pids/train//thumbsup/thumbsup_05065.jpg
0.4433663487434387,0.6336565017700195,0.41835707426071167,0.557822585105896,0.3854694366455078,0.4953780770301819,0.3649273216724396,0.4435679018497467,0.3656978905200958,0.39864951372146606,0.3432539105415344,0.5100486278533936,0.3018064498901367,0.5427113771438599,0.30824869871139526,0.5719786882400513,0.3194667100906372,0.5789777040481567,0.33944571018218994,0.5591781139373779,0.30439749360084534,0.6072869300842285,0.3169841468334198,0.6240306496620178,0.33248698711395264,0.6173258423805237,0.34210070967674255,0.6123548150062561,0.31094270944595337,0.6500285863876343,0.3233565092086792,0.6594114303588867,0.33910492062568665,0.6508145332336426,0.34725654125213623,0.6635714173316956,0.3210158944129944,0.6826520562171936,0.3333074450492859,0.6886281967163086,0.3478635251522064,0.6820015907287598,thumbsup,05066,C:/Users/Javier/PIDS_HandPose/work/HAR_mediapipe/data/gestos_pids/train//thumbsup/thumbsup_05066.jpg
0.4835011959075928,0.6172397136688232,0.4584413468837738,0.5427761077880859,0.4216671288013458,0.4813026487827301,0.3983190059661865,0.4320509433746338,0.3990422189235687,0.3855675756931305,0.38334688544273376,0.4922463893890381,0.34339675307273865,0.5415378212928772,0.3583865761756897,0.5608001947402954,0.3734067678451538,0.5542160272598267,0.381681889295578,0.5422810316085815,0.3449845612049103,0.5920923948287964,0.3617359697818756,0.6019712090492249,0.37858980894088745,0.5916898846626282,0.3849928081035614,0.5956540107727051,0.3521123230457306,0.633019208908081,0.36835014820098877,0.638801097869873,0.38456034660339355,0.6289267539978027,0.39077767729759216,0.6474218964576721,0.36428675055503845,0.6665573120117188,0.38063040375709534,0.6701461672782898,0.39612114429473877,0.6629148125648499,thumbsup,05067,C:/Users/Javier/PIDS_HandPose/work/HAR_mediapipe/data/gestos_pids/train//thumbsup/thumbsup_05067.jpg
0.3560972511768341,0.6993885040283203,0.3313690423965454,0.6192183494567871,0.2876960337162018,0.552370548248291,0.2592651844024658,0.5007152557373047,0.25710606575012207,0.44826948642730713,0.23220349848270416,0.5670592784881592,0.1959373503923416,0.6080278754234314,0.20552465319633484,0.6378787159919739,0.22092317044734955,0.6464086771011353,0.2271711230278015,0.6136860847473145,0.20459750294685364,0.6695665121078491,0.22313570976257324,0.6815704703330994,0.24326129257678986,0.6722187995910645,0.2318146675825119,0.6685925722122192,0.2149515300989151,0.7117422819137573,0.23330220580101013,0.7176796793937683,0.2519969642162323,0.7082922458648682,0.23871269822120667,0.7235245108604431,0.22906050086021423,0.753407895565033,0.2482386976480484,0.7552187442779541,0.2641512155532837,0.746315598487854,thumbsup,05068,C:/Users/Javier/PIDS_HandPose/work/HAR_mediapipe/data/gestos_pids/train//thumbsup/thumbsup_05068.jpg
0.7319934368133545,0.5879554748535156,0.7152941823005676,0.5459651947021484,0.7022740244865417,0.48841193318367004,0.6984825730323792,0.44194087386131287,0.702337384223938,0.396854043006897,0.7224079370498657,0.4685366451740265,0.6732907891273499,0.49797317385673523,0.6717883944511414,0.5246395468711853,0.6842992901802063,0.5283109545707703,0.7358015179634094,0.50260329246521,0.680107057094574,0.5360824465751648,0.6843156814575195,0.5586850643157959,0.6961437463760376,0.5640823245048523,0.7443128228187561,0.5449610352516174,0.6905262470245361,0.572447657585144,0.6925792098045349,0.592342734336853,0.7019842863082886,0.597172737121582,0.7479280829429626,0.5878329277038574,0.7064826488494873,0.6035315990447998,0.7044905424118042,0.6111673712730408,0.710847795009613,0.6124699711799622,thumbsup,05069,C:/Users/Javier/PIDS_HandPose/work/HAR_mediapipe/data/gestos_pids/train//thumbsup/thumbsup_05069.jpg
0.5944849252700806,0.6295874118804932,0.5675907731056213,0.5702183246612549,0.5487033128738403,0.4993020296096802,0.5402493476867676,0.43895694613456726,0.5449197888374329,0.385510116815567,0.5708453059196472,0.4795660078525543,0.5187398791313171,0.5243507027626038,0.5265771150588989,0.5417275428771973,0.543470561504364,0.5306095480918884,0.58442223072052,0.5168910622596741,0.5234909057617188,0.5708518028259277,0.5382599234580994,0.5763589143753052,0.5568922758102417,0.5618113875389099,0.5928001999855042,0.5617024302482605,0.5359850525856018,0.6092542409896851,0.549211859703064,0.6144912242889404,0.5660005211830139,0.6035513877868652,0.5972460508346558,0.609051525592804,0.5524126291275024,0.6413209438323975,0.5598739981651306,0.6395592093467712,0.5738919377326965,0.6286246180534363,thumbsup,05070,C:/Users/Javier/PIDS_HandPose/work/HAR_mediapipe/data/gestos_pids/train//thumbsup/thumbsup_05070.jpg
